15000 68995
0 1
0 2
0 3
0 4
1 0
1 2
1 3
1 4
2 0
2 1
2 3
2 4
3 0
3 1
3 2
3 4
4 0
4 1
4 2
4 3
5 0
5 1
5 2
5 3
5 4
6 1
6 2
6 3
6 4
6 5
7 0
7 1
7 2
7 3
7 4
8 0
8 1
8 2
8 3
8 5
9 1
9 2
9 3
9 4
9 6
10 0
10 2
10 3
10 4
10 6
11 0
11 1
11 3
11 6
11 8
12 0
12 1
12 3
12 4
12 6
13 0
13 2
13 4
13 5
13 12
15 1
15 2
15 4
15 5
15 6
16 0
16 2
16 3
16 5
16 12
17 0
17 1
17 5
17 6
17 8
18 0
18 2
18 4
18 6
18 9
19 0
19 1
19 2
19 8
19 12
20 3
20 4
20 5
20 8
20 13
21 1
21 4
21 6
21 9
21 10
22 0
22 1
22 3
22 6
22 8
23 0
23 1
23 2
23 5
23 7
24 0
24 2
24 3
24 5
24 23
25 2
25 3
25 4
25 6
25 14
26 0
26 1
26 18
26 2
26 5
27 1
27 3
27 4
27 10
27 14
28 0
28 1
28 2
28 3
28 4
29 0
29 1
29 2
29 4
29 5
30 2
30 3
30 5
30 7
30 9
31 0
31 1
31 2
31 3
31 6
32 0
32 1
32 2
32 5
32 8
33 32
33 1
33 4
33 21
33 25
34 1
34 2
34 4
34 5
34 27
35 0
35 4
35 5
35 24
35 31
36 32
36 0
36 1
36 5
36 24
37 0
37 1
37 3
37 4
37 5
38 0
38 2
38 5
38 21
38 10
40 0
40 34
40 3
40 4
40 21
41 1
41 4
41 22
41 24
41 12
42 0
42 2
42 34
42 3
42 6
43 1
43 2
43 4
43 5
43 31
44 0
44 1
44 4
44 8
44 9
45 0
45 1
45 4
45 5
45 6
46 0
46 1
46 4
46 5
46 6
47 0
47 1
47 5
47 6
47 10
48 1
48 3
48 5
48 8
48 10
50 0
50 2
50 3
50 4
50 10
51 2
51 3
51 41
51 43
51 12
52 0
52 1
52 3
52 21
52 43
53 4
53 5
53 43
53 12
53 31
54 0
54 1
54 2
54 3
54 4
55 0
55 1
55 2
55 5
55 14
56 1
56 3
56 5
56 6
56 22
57 0
57 2
57 5
57 8
57 14
58 0
58 1
58 18
58 5
58 9
59 1
59 2
59 37
59 6
59 31
60 32
60 16
60 2
60 3
60 4
61 0
61 3
61 6
61 59
61 12
62 0
62 1
62 3
62 4
62 6
63 0
63 3
63 4
63 55
63 9
64 0
64 2
64 24
64 9
64 12
65 0
65 3
65 4
65 8
65 29
66 0
66 4
66 22
66 7
66 41
67 0
67 1
67 5
67 12
67 30
68 0
68 2
68 3
68 4
68 31
69 0
69 1
69 2
69 6
69 12
70 16
70 2
70 34
70 4
70 5
71 0
71 3
71 4
71 37
71 9
72 0
72 3
72 5
72 8
72 59
73 16
73 1
73 2
73 4
73 12
74 2
74 3
74 6
74 22
74 10
75 0
75 1
75 2
75 3
75 31
76 32
76 1
76 3
76 5
76 59
78 1
78 3
78 4
78 40
78 31
79 1
79 3
79 7
79 40
79 12
80 0
80 2
80 3
80 5
80 31
81 1
81 3
81 8
81 25
81 27
82 64
82 1
82 37
82 5
82 31
83 3
83 21
83 6
83 8
83 14
84 0
84 2
84 4
84 5
84 14
85 0
85 1
85 21
85 6
85 8
86 16
86 4
86 85
86 8
86 31
87 16
87 0
87 1
87 3
87 59
88 16
88 2
88 5
88 9
88 31
89 3
89 21
89 6
89 22
89 41
90 64
90 3
90 5
90 8
90 10
91 2
91 4
91 36
91 8
91 14
92 0
92 68
92 4
92 6
92 8
93 2
93 38
93 6
93 9
93 62
94 1
94 2
94 3
94 4
94 6
95 1
95 6
95 88
95 73
95 29
96 34
96 8
96 10
96 12
96 31
97 4
97 26
97 12
97 30
97 95
98 1
98 2
98 3
98 4
98 14
99 0
99 1
99 6
99 10
99 12
100 1
100 5
100 8
100 88
100 10
102 2
102 6
102 8
102 9
102 12
103 16
103 5
103 6
103 24
103 14
104 0
104 16
104 32
104 8
104 12
105 0
105 1
105 2
105 4
105 31
107 36
107 53
107 21
107 6
107 24
108 2
108 21
108 10
108 62
108 14
109 3
109 4
109 22
109 23
109 8
110 0
110 1
110 2
110 99
110 43
111 1
111 3
111 21
111 88
111 94
112 64
112 3
112 4
112 10
112 12
113 4
113 10
113 12
113 109
113 46
114 1
114 3
114 4
114 38
114 10
115 2
115 38
115 10
115 59
115 31
116 2
116 3
116 10
116 31
116 95
117 80
117 1
117 6
117 8
117 25
118 32
118 0
118 22
118 10
118 31
119 1
119 5
119 54
119 24
119 9
122 0
122 2
122 5
122 27
122 31
123 1
123 2
123 4
123 5
123 74
124 0
124 2
124 21
124 8
124 59
125 100
125 36
125 105
125 27
125 31
126 1
126 2
126 3
126 6
126 9
127 80
127 3
127 4
127 24
127 11
128 0
128 80
128 21
128 10
128 11
129 3
129 36
129 8
129 10
129 31
130 0
130 1
130 65
130 3
130 5
131 64
131 1
131 2
131 3
131 5
133 1
133 3
133 4
133 25
133 10
134 0
134 3
134 4
134 21
134 103
135 2
135 4
135 5
135 89
135 14
136 2
136 3
136 4
136 5
136 105
137 2
137 8
137 10
137 43
137 12
138 3
138 68
138 5
138 74
138 12
139 0
139 1
139 3
139 4
139 6
140 1
140 2
140 6
140 27
140 14
141 3
141 4
141 5
141 10
141 13
143 116
143 4
143 5
143 6
143 124
144 0
144 8
144 41
144 14
144 31
145 1
145 3
145 5
145 86
145 119
146 2
146 22
146 9
146 42
146 12
147 0
147 3
147 68
147 6
147 9
148 0
148 2
148 34
148 3
148 88
149 0
149 2
149 6
149 11
149 31
150 0
150 3
150 5
150 6
150 74
151 64
151 0
151 53
151 6
151 14
152 0
152 3
152 54
152 6
152 24
153 96
153 2
153 36
153 11
153 14
154 16
154 3
154 4
154 6
154 13
155 0
155 1
155 53
155 7
155 31
156 1
156 2
156 4
156 6
156 105
157 0
157 32
157 1
157 8
157 14
158 4
158 5
158 38
158 8
158 31
159 0
159 1
159 66
159 4
159 5
160 128
160 6
160 23
160 8
160 31
161 0
161 99
161 21
161 25
161 10
162 0
162 4
162 5
162 6
162 88
163 0
163 1
163 3
163 4
163 5
164 2
164 4
164 6
164 40
164 14
166 1
166 4
166 25
166 10
166 31
167 3
167 4
167 6
167 22
167 14
168 1
168 3
168 70
168 103
168 108
169 6
169 151
169 8
169 29
169 31
170 1
170 36
170 5
170 8
170 41
171 1
171 51
171 21
171 5
171 6
172 16
172 1
172 5
172 12
172 31
173 1
173 2
173 4
173 59
173 13
176 131
176 4
176 5
176 40
176 43
177 16
177 0
177 5
177 24
177 107
178 16
178 129
178 131
178 8
178 59
179 16
179 0
179 34
179 5
179 153
180 34
180 3
180 4
180 91
180 14
181 2
181 131
181 3
181 5
181 24
182 1
182 2
182 3
182 172
182 13
183 0
183 1
183 3
183 4
183 6
184 0
184 3
184 115
184 150
184 6
185 0
185 1
185 177
185 21
185 11
186 0
186 3
186 5
186 103
186 9
187 54
187 10
187 12
187 13
187 29
188 1
188 3
188 86
188 103
188 158
189 183
189 103
189 8
189 10
189 29
190 0
190 65
190 89
190 107
190 14
191 19
191 3
191 148
191 107
191 12
192 32
192 2
192 3
192 5
192 6
193 2
193 3
193 148
193 37
193 11
194 0
194 1
194 103
194 24
194 13
195 1
195 3
195 8
195 14
195 111
196 4
196 5
196 37
196 8
196 12
197 0
197 1
197 2
197 29
197 46
199 0
199 2
199 3
199 182
199 31
200 112
200 3
200 37
200 89
200 170
201 3
201 4
201 36
201 37
201 104
202 2
202 3
202 152
202 13
202 31
203 32
203 3
203 6
203 136
203 58
204 80
204 98
204 117
204 8
204 24
205 0
205 50
205 4
205 103
205 88
206 0
206 1
206 3
206 5
206 45
207 0
207 1
207 115
207 5
207 201
208 1
208 2
208 4
208 8
208 9
209 208
209 2
209 83
209 107
209 75
210 1
210 21
210 54
210 22
210 11
211 0
211 7
211 24
211 41
211 62
212 2
212 37
212 75
212 140
212 143
213 32
213 1
213 2
213 179
213 119
214 1
214 177
214 4
214 104
214 187
215 2
215 5
215 6
215 24
215 9
216 0
216 52
216 40
216 205
216 14
217 1
217 2
217 35
217 3
217 91
218 80
218 34
218 4
218 24
218 59
219 64
219 1
219 2
219 3
219 40
220 129
220 21
220 183
220 9
220 124
221 1
221 21
221 166
221 23
221 9
222 131
222 213
222 23
222 8
222 12
223 2
223 70
223 10
223 62
223 31
224 80
224 1
224 37
224 6
224 29
225 2
225 180
225 4
225 5
225 22
226 21
226 8
226 40
226 10
226 175
227 1
227 2
227 19
227 54
227 8
228 3
228 53
228 6
228 11
228 31
229 64
229 3
229 5
229 8
229 62
230 1
230 4
230 8
230 12
230 142
231 0
231 129
231 2
231 3
231 217
233 1
233 4
233 6
233 89
233 140
234 1
234 2
234 6
234 11
234 31
235 2
235 194
235 4
235 21
235 203
236 16
236 20
236 5
236 8
236 29
237 1
237 34
237 3
237 5
237 13
238 96
238 80
238 2
238 40
238 8
239 1
239 17
239 2
239 5
239 127
240 0
240 1
240 6
240 13
240 14
241 32
241 3
241 40
241 153
241 31
242 3
242 21
242 24
242 93
242 127
243 2
243 21
243 182
243 6
243 140
244 1
244 4
244 5
244 22
244 6
246 64
246 16
246 1
246 103
246 8
247 0
247 16
247 1
247 3
247 4
248 176
248 1
248 2
248 200
248 43
249 16
249 17
249 2
249 166
249 88
250 16
250 97
250 3
250 101
250 39
251 5
251 6
251 9
251 10
251 14
252 0
252 115
252 3
252 6
252 140
253 178
253 3
253 6
253 86
253 31
255 0
255 1
255 5
255 8
255 60
256 213
256 6
256 8
256 153
256 75
257 0
257 1
257 3
257 4
257 103
258 192
258 178
258 2
258 5
258 29
260 1
260 86
260 24
260 12
260 31
261 84
261 103
261 9
261 29
261 78
262 259
262 6
262 10
262 45
262 29
263 0
263 1
263 114
263 22
263 90
264 65
264 2
264 3
264 5
264 40
265 1
265 66
265 259
265 6
265 9
266 1
266 2
266 210
266 3
266 8
267 0
267 4
267 183
267 12
267 29
269 0
269 4
269 6
269 12
269 47
270 2
270 6
270 199
270 236
270 29
271 81
271 2
271 3
271 4
271 8
272 5
272 6
272 119
272 10
272 12
273 32
273 5
273 6
273 140
273 111
274 0
274 1
274 99
274 88
274 13
275 2
275 50
275 69
275 6
275 86
276 6
276 8
276 9
276 12
276 141
277 3
277 4
277 8
277 91
277 31
278 129
278 114
278 2
278 6
278 8
279 2
279 10
279 138
279 27
279 12
280 1
280 2
280 56
280 25
280 43
281 4
281 22
281 6
281 73
281 31
282 1
282 34
282 5
282 6
282 24
283 114
283 3
283 37
283 24
283 12
284 1
284 2
284 5
284 230
284 31
285 64
285 1
285 2
285 3
285 6
286 2
286 103
286 154
286 250
286 12
289 176
289 272
289 6
289 22
289 103
290 0
290 1
290 2
290 180
290 12
291 179
291 3
291 55
291 11
291 285
292 80
292 3
292 259
292 5
292 151
293 0
293 80
293 104
293 138
293 186
294 1
294 4
294 5
294 6
294 29
295 3
295 6
295 8
295 10
295 11
296 32
296 0
296 1
296 3
296 4
297 2
297 34
297 133
297 230
297 11
298 32
298 209
298 1
298 2
298 19
299 1
299 36
299 5
299 6
299 55
300 0
300 1
300 34
300 5
300 24
301 2
301 21
301 5
301 23
301 31
302 176
302 3
302 6
302 11
302 12
304 0
304 1
304 2
304 3
304 5
305 0
305 37
305 5
305 86
305 31
306 97
306 275
306 4
306 5
306 88
307 32
307 2
307 4
307 175
307 31
308 0
308 64
308 1
308 51
308 57
309 0
309 3
309 4
309 75
309 12
310 2
310 34
310 3
310 21
310 5
312 225
312 1
312 4
312 68
312 90
313 3
313 4
313 5
313 21
313 105
314 64
314 0
314 1
314 177
314 4
315 2
315 24
315 10
315 203
315 95
316 2
316 3
316 6
316 297
316 9
317 2
317 3
317 198
317 231
317 200
318 1
318 3
318 115
318 54
318 122
319 0
319 33
319 2
319 3
319 5
320 0
320 129
320 1
320 2
320 180
321 19
321 6
321 88
321 9
321 287
322 0
322 2
322 53
322 10
322 31
324 1
324 37
324 6
324 87
324 31
325 0
325 1
325 2
325 6
325 230
326 80
326 2
326 3
326 4
326 202
327 32
327 1
327 5
327 21
327 237
328 180
328 6
328 25
328 74
328 155
330 179
330 51
330 3
330 103
330 56
331 36
331 6
331 7
331 9
331 14
332 2
332 67
332 4
332 21
332 8
333 82
333 200
333 9
333 12
333 158
334 0
334 3
334 200
334 173
334 62
335 272
335 192
335 1
335 209
335 6
337 4
337 5
337 53
337 6
337 43
338 209
338 2
338 34
338 3
338 5
339 2
339 22
339 25
339 59
339 95
341 1
341 18
341 6
341 104
341 31
342 128
342 1
342 82
342 339
342 45
343 0
343 22
343 24
343 158
343 95
344 3
344 4
344 180
344 150
344 24
345 0
345 3
345 4
345 5
345 6
346 16
346 2
346 35
346 9
346 31
347 1
347 2
347 66
347 4
347 21
348 36
348 230
348 38
348 88
348 31
349 3
349 151
349 74
349 140
349 205
350 290
350 4
350 5
350 27
350 12
351 2
351 34
351 5
351 22
351 95
352 16
352 146
352 131
352 6
352 9
354 81
354 17
354 3
354 4
354 223
355 2
355 4
355 219
355 158
355 31
357 16
357 1
357 2
357 5
357 287
358 0
358 2
358 3
358 152
358 281
359 1
359 3
359 51
359 340
359 62
360 0
360 5
360 6
360 105
360 90
361 32
361 1
361 4
361 8
361 13
362 21
362 55
362 103
362 40
362 13
363 3
363 21
363 25
363 158
363 95
364 0
364 51
364 36
364 4
364 5
365 2
365 86
365 23
365 8
365 237
366 1
366 34
366 228
366 181
366 140
367 195
367 340
367 5
367 10
367 31
368 176
368 80
368 4
368 310
368 6
369 1
369 21
369 53
369 25
369 62
370 32
370 193
370 86
370 8
370 43
371 0
371 2
371 21
371 358
371 43
372 3
372 4
372 22
372 186
372 62
373 1
373 3
373 5
373 6
373 8
374 0
374 132
374 86
374 9
374 11
375 80
375 208
375 1
375 36
375 5
376 1
376 22
376 278
376 11
376 287
377 2
377 3
377 116
377 6
377 10
378 132
378 8
378 59
378 13
378 158
380 0
380 4
380 5
380 24
380 31
381 0
381 1
381 114
381 183
381 27
382 96
382 66
382 3
382 6
382 43
383 2
383 338
383 3
383 267
383 31
384 1
384 5
384 183
384 8
384 27
385 34
385 3
385 267
385 12
385 14
386 32
386 258
386 3
386 21
386 5
387 51
387 6
387 56
387 122
387 29
388 2
388 115
388 5
388 24
388 9
389 128
389 1
389 21
389 22
389 136
390 0
390 32
390 1
390 3
390 138
391 2
391 37
391 103
391 317
391 14
392 4
392 133
392 6
392 295
392 141
393 16
393 115
393 6
393 55
393 168
394 0
394 165
394 6
394 158
394 159
395 1
395 115
395 5
395 217
395 12
396 0
396 160
396 1
396 4
396 31
398 128
398 259
398 23
398 10
398 107
399 6
399 12
399 140
399 13
399 29
400 1
400 3
400 5
400 155
400 14
401 3
401 35
401 36
401 4
401 214
402 1
402 2
402 6
402 24
402 31
403 3
403 51
403 5
403 197
403 47
404 144
404 177
404 1
404 21
404 344
405 114
405 6
405 9
405 12
405 255
406 0
406 2
406 3
406 5
406 6
407 2
407 388
407 6
407 86
407 140
408 0
408 32
408 1
408 19
408 5
409 0
409 2
409 4
409 5
409 295
410 32
410 1
410 2
410 5
410 73
411 0
411 177
411 21
411 326
411 24
412 116
412 5
412 344
412 396
412 31
413 0
413 1
413 275
413 4
413 10
414 4
414 53
414 5
414 9
414 10
415 2
415 341
415 24
415 92
415 47
416 5
416 167
416 153
416 238
416 30
417 0
417 6
417 7
417 10
417 14
418 0
418 3
418 59
418 12
418 13
419 0
419 5
419 182
419 23
419 14
420 0
420 2
420 5
420 351
420 159
421 0
421 3
421 21
421 6
421 24
422 0
422 21
422 8
422 11
422 300
423 193
423 1
423 3
423 6
423 10
424 0
424 2
424 85
424 10
424 59
425 0
425 1
425 5
425 267
425 13
426 1
426 275
426 6
426 393
426 10
427 192
427 34
427 131
427 6
427 23
429 3
429 4
429 55
429 40
429 9
430 0
430 4
430 6
430 231
430 9
431 0
431 1
431 6
431 9
431 79
432 32
432 4
432 55
432 40
432 153
433 3
433 213
433 13
433 382
433 31
434 1
434 194
434 356
434 6
434 138
435 16
435 4
435 375
435 88
435 31
436 32
436 2
436 3
436 4
436 5
437 272
437 4
437 6
437 8
437 174
439 3
439 8
439 73
439 10
439 107
440 112
440 51
440 4
440 187
440 12
441 0
441 21
441 24
441 57
441 12
442 34
442 194
442 86
442 250
442 254
443 0
443 16
443 3
443 8
443 174
444 4
444 245
444 136
444 13
444 31
445 0
445 2
445 3
445 5
445 109
446 0
446 177
446 180
446 185
446 92
447 1
447 21
447 167
447 170
447 349
448 128
448 3
448 4
448 9
448 10
449 0
449 1
449 6
449 40
449 186
451 16
451 5
451 59
451 347
451 62
452 0
452 168
452 282
452 269
452 31
453 19
453 3
453 107
453 12
453 143
454 1
454 3
454 23
454 10
454 412
455 0
455 1
455 3
455 360
455 158
456 3
456 6
456 7
456 8
456 9
457 4
457 231
457 73
457 14
457 238
458 433
458 5
458 6
458 43
458 382
459 2
459 115
459 4
459 7
459 395
460 177
460 3
460 6
460 88
460 74
461 0
461 1
461 2
461 212
461 10
462 0
462 3
462 6
462 153
462 265
464 145
464 2
464 146
464 6
464 267
465 33
465 2
465 115
465 187
465 158
466 64
466 86
466 6
466 103
466 424
467 32
467 0
467 33
467 146
467 59
468 97
468 2
468 5
468 166
468 222
469 402
469 3
469 184
469 29
469 31
470 146
470 3
470 214
470 376
470 9
471 0
471 209
471 3
471 4
471 24
472 64
472 3
472 6
472 8
472 155
473 68
473 5
473 6
473 73
473 31
474 64
474 40
474 13
474 31
474 287
475 32
475 209
475 51
475 5
475 12
476 0
476 3
476 5
476 6
476 59
477 0
477 2
477 4
477 5
477 56
478 1
478 34
478 5
478 9
478 12
479 1
479 2
479 4
479 9
479 62
480 115
480 3
480 51
480 36
480 463
481 128
481 16
481 2
481 248
481 59
482 16
482 2
482 435
482 24
482 29
483 0
483 80
483 34
483 2
483 37
484 4
484 5
484 9
484 75
484 107
485 0
485 36
485 230
485 59
485 124
486 0
486 80
486 2
486 3
486 10
487 4
487 5
487 24
487 29
487 14
488 1
488 2
488 51
488 6
488 8
489 3
489 389
489 24
489 217
489 442
490 2
490 36
490 4
490 6
490 88
491 2
491 3
491 340
491 6
491 31
492 0
492 321
492 2
492 138
492 143
493 3
493 4
493 89
493 141
493 238
494 16
494 0
494 1
494 4
494 23
495 0
495 2
495 180
495 4
495 10
496 1
496 3
496 4
496 5
496 12
497 1
497 3
497 9
497 111
497 47
498 64
498 1
498 337
498 2
498 119
499 32
499 0
499 1
499 2
499 55
500 336
500 1
500 99
500 139
500 13
501 1
501 99
501 5
501 109
501 173
504 0
504 2
504 231
504 59
504 107
505 3
505 452
505 4
505 24
505 12
506 0
506 1
506 258
506 21
506 13
507 2
507 450
507 4
507 150
507 9
508 0
508 4
508 6
508 10
508 287
509 115
509 4
509 185
509 395
509 11
510 0
510 4
510 22
510 10
510 140
511 19
511 452
511 297
511 10
511 11
512 179
512 3
512 21
512 90
512 107
513 0
513 2
513 3
513 8
513 159
514 3
514 36
514 4
514 167
514 138
515 0
515 65
515 1
515 333
515 158
516 1
516 3
516 5
516 40
516 155
517 0
517 2
517 4
517 134
517 217
518 0
518 66
518 182
518 8
518 442
519 0
519 1
519 6
519 24
519 8
520 133
520 71
520 23
520 12
520 349
521 1
521 53
521 86
521 22
521 158
522 148
522 5
522 43
522 62
522 238
523 3
523 6
523 455
523 11
523 268
524 211
524 132
524 180
524 313
524 287
525 293
525 6
525 214
525 231
525 189
526 1
526 40
526 25
526 394
526 12
528 2
528 438
528 359
528 41
528 10
529 0
529 2
529 3
529 23
529 170
530 128
530 2
530 3
530 21
530 254
531 144
531 5
531 373
531 23
531 315
532 80
532 32
532 433
532 5
532 14
533 2
533 3
533 84
533 8
533 24
534 352
534 1
534 242
534 4
534 47
535 177
535 97
535 2
535 4
535 21
536 80
536 81
536 4
536 21
536 219
537 275
537 84
537 5
537 475
537 12
538 370
538 2
538 116
538 86
538 172
539 2
539 3
539 6
539 198
539 360
540 80
540 36
540 471
540 8
540 12
541 3
541 297
541 59
541 12
541 29
542 80
542 0
542 1
542 258
542 23
543 66
543 36
543 170
543 158
543 31
544 0
544 1
544 259
544 4
544 92
545 0
545 3
545 179
545 532
545 93
546 112
546 0
546 433
546 461
546 447
547 1
547 2
547 5
547 41
547 10
548 1
548 17
548 3
548 183
548 59
549 176
549 1
549 4
549 21
549 6
550 2
550 3
550 8
550 379
550 12
551 0
551 1
551 433
551 23
551 103
552 0
552 2
552 4
552 6
552 8
553 242
553 3
553 212
553 6
553 9
554 230
554 6
554 103
554 9
554 335
555 2
555 131
555 4
555 6
555 394
556 4
556 56
556 9
556 105
556 14
557 64
557 66
557 4
557 6
557 360
558 0
558 3
558 8
558 105
558 9
559 32
559 1
559 71
559 10
559 29
560 0
560 3
560 38
560 25
560 459
561 3
561 8
561 281
561 58
561 139
562 2
562 4
562 24
562 12
562 78
563 100
563 4
563 86
563 103
563 141
566 1
566 6
566 9
566 41
566 31
567 176
567 5
567 136
567 59
567 364
568 2
568 3
568 53
568 282
568 219
569 1
569 4
569 393
569 9
569 27
570 32
570 3
570 147
570 8
570 31
571 112
571 5
571 8
571 265
571 383
572 1
572 136
572 57
572 10
572 59
573 80
573 50
573 3
573 12
573 287
574 0
574 1
574 3
574 4
574 431
575 3
575 19
575 373
575 8
575 155
576 2
576 23
576 376
576 24
576 43
577 20
577 4
577 261
577 6
577 40
578 259
578 4
578 198
578 73
578 31
579 192
579 320
579 1
579 9
579 187
580 32
580 212
580 4
580 472
580 395
581 0
581 183
581 455
581 264
581 88
582 232
582 104
582 12
582 31
582 15
583 257
583 5
583 183
583 8
583 12
584 0
584 2
584 5
584 202
584 158
585 0
585 17
585 135
585 8
585 59
586 160
586 0
586 1
586 469
586 6
587 3
587 198
587 24
587 9
587 11
588 16
588 0
588 64
588 1
588 271
589 0
589 3
589 53
589 9
589 109
590 0
590 80
590 4
590 73
590 31
591 3
591 21
591 5
591 442
591 527
592 1
592 2
592 3
592 23
592 87
593 1
593 4
593 25
593 29
593 383
594 53
594 103
594 25
594 250
594 14
597 2
597 99
597 147
597 456
597 31
598 17
598 3
598 4
598 91
598 95
599 1
599 3
599 5
599 21
599 11
600 3
600 8
600 285
600 510
600 222
601 2
601 4
601 6
601 9
601 11
602 3
602 21
602 469
602 294
602 11
603 3
603 5
603 359
603 8
603 62
604 16
604 2
604 9
604 10
604 31
605 3
605 52
605 327
605 280
605 238
606 1
606 2
606 21
606 378
606 59
607 0
607 320
607 178
607 4
607 359
608 97
608 2
608 23
608 8
608 237
609 68
609 6
609 314
609 12
609 93
610 66
610 37
610 86
610 88
610 11
612 1
612 2
612 86
612 74
612 11
613 32
613 161
613 242
613 3
613 86
614 3
614 4
614 22
614 199
614 75
615 0
615 2
615 374
615 13
615 31
616 180
616 53
616 6
616 22
616 40
617 0
617 2
617 147
617 131
617 31
618 80
618 22
618 43
618 510
618 31
619 0
619 64
619 1
619 161
619 73
620 32
620 4
620 6
620 441
620 158
622 64
622 3
622 88
622 40
622 59
623 6
623 230
623 393
623 27
623 12
624 2
624 100
624 5
624 102
624 92
625 1
625 3
625 90
625 298
625 462
626 36
626 133
626 55
626 9
626 77
627 116
627 152
627 40
627 89
627 43
628 385
628 373
628 8
628 217
628 31
629 320
629 2
629 19
629 455
629 218
630 209
630 258
630 230
630 27
630 31
632 1
632 2
632 3
632 133
632 89
633 2
633 20
633 6
633 39
633 41
634 1
634 2
634 25
634 9
634 14
635 0
635 1
635 4
635 119
635 523
636 144
636 17
636 209
636 2
636 131
637 2
637 290
637 232
637 185
637 10
638 1
638 291
638 297
638 11
638 333
639 1
639 180
639 5
639 24
639 31
640 2
640 41
640 11
640 43
640 333
641 1
641 8
641 90
641 10
641 13
642 0
642 498
642 2
642 231
642 31
643 192
643 53
643 38
643 59
643 12
644 64
644 581
644 23
644 25
644 59
645 1
645 2
645 3
645 53
645 6
646 8
646 89
646 10
646 170
646 253
647 1
647 34
647 3
647 21
647 43
648 0
648 2
648 4
648 56
648 43
649 177
649 3
649 339
649 22
649 40
650 64
650 581
650 21
650 71
650 139
651 1
651 2
651 146
651 4
651 5
652 82
652 90
652 219
652 187
652 158
653 1
653 18
653 4
653 6
653 175
654 1
654 4
654 8
654 217
654 140
655 177
655 1
655 37
655 21
655 23
656 0
656 19
656 7
656 40
656 10
657 3
657 4
657 197
657 41
657 29
659 0
659 564
659 10
659 395
659 31
660 1
660 3
660 4
660 500
660 299
661 388
661 54
661 6
661 8
661 107
662 2
662 5
662 230
662 12
662 31
664 1
664 18
664 3
664 4
664 31
665 0
665 433
665 23
665 74
665 62
666 5
666 506
666 412
666 349
666 511
667 0
667 1
667 627
667 6
667 31
669 1
669 2
669 6
669 23
669 91
671 385
671 4
671 84
671 5
671 441
672 401
672 321
672 2
672 37
672 88
673 2
673 390
673 12
673 47
673 31
674 0
674 67
674 6
674 9
674 589
675 5
675 21
675 7
675 536
675 31
676 288
676 12
676 478
676 158
676 31
677 132
677 597
677 133
677 394
677 10
679 197
679 22
679 8
679 10
679 12
680 0
680 5
680 9
680 105
680 11
681 17
681 3
681 230
681 8
681 463
682 0
682 6
682 9
682 90
682 395
683 4
683 580
683 9
683 41
683 12
684 659
684 6
684 8
684 331
684 13
685 3
685 10
685 459
685 12
685 494
686 2
686 4
686 55
686 349
686 174
687 0
687 5
687 6
687 681
687 31
688 19
688 3
688 388
688 412
688 13
689 80
689 1
689 2
689 21
689 8
690 64
690 1
690 3
690 4
690 59
691 2
691 53
691 11
691 29
691 31
693 0
693 358
693 199
693 12
693 63
694 2
694 5
694 154
694 13
694 47
695 1
695 217
695 90
695 124
695 31
696 16
696 3
696 21
696 9
696 218
697 3
697 390
697 24
697 139
697 31
698 1
698 3
698 4
698 6
698 40
699 564
699 500
699 405
699 5
699 175
700 2
700 197
700 518
700 521
700 59
701 432
701 4
701 9
701 11
701 12
702 0
702 2
702 388
702 37
702 511
703 80
703 1
703 3
703 521
703 158
704 2
704 436
704 6
704 10
704 43
705 1
705 3
705 6
705 393
705 298
706 0
706 80
706 2
706 66
706 173
707 0
707 258
707 34
707 3
707 38
708 32
708 1
708 5
708 293
708 492
709 228
709 5
709 21
709 349
709 47
710 17
710 4
710 21
710 9
710 10
711 112
711 128
711 1
711 177
711 40
712 400
712 4
712 6
712 140
712 365
713 80
713 1
713 82
713 67
713 5
714 0
714 19
714 20
714 502
714 287
715 21
715 53
715 73
715 90
715 12
716 2
716 357
716 6
716 152
716 31
718 16
718 3
718 4
718 187
718 623
719 677
719 342
719 182
719 8
719 143
720 145
720 241
720 1
720 4
720 220
721 432
721 16
721 3
721 53
721 12
722 64
722 404
722 249
722 155
722 12
723 16
723 1
723 6
723 184
723 43
724 2
724 340
724 228
724 41
724 29
725 0
725 5
725 199
725 11
725 12
726 0
726 3
726 23
726 12
726 173
727 0
727 307
727 393
727 317
727 141
728 1
728 5
728 21
728 358
728 12
729 0
729 129
729 8
729 14
729 47
730 118
730 199
730 8
730 14
730 30
731 0
731 2
731 21
731 265
731 427
732 3
732 21
732 6
732 102
732 300
733 3
733 4
733 116
733 298
733 59
734 0
734 3
734 131
734 21
734 24
735 0
735 64
735 1
735 52
735 138
736 129
736 1
736 3
736 436
736 21
737 128
737 2
737 36
737 9
737 10
738 80
738 4
738 53
738 394
738 140
739 32
739 1
739 2
739 24
739 506
740 1
740 2
740 322
740 4
740 6
741 2
741 179
741 5
741 53
741 47
742 0
742 1
742 23
742 27
742 12
743 609
743 2
743 5
743 343
743 444
744 0
744 183
744 88
744 11
744 495
745 3
745 53
745 378
745 10
745 31
746 1
746 193
746 4
746 41
746 12
747 64
747 1
747 2
747 23
747 459
748 0
748 3
748 6
748 70
748 491
751 3
751 35
751 5
751 8
751 670
752 1
752 2
752 3
752 4
752 12
753 0
753 1
753 2
753 167
753 25
754 2
754 258
754 451
754 6
754 13
755 290
755 53
755 90
755 698
755 138
756 1
756 5
756 742
756 413
756 14
757 5
757 8
757 43
757 557
757 62
758 0
758 371
758 5
758 8
758 31
759 1
759 2
759 290
759 491
759 237
760 1
760 177
760 21
760 8
760 318
761 1
761 722
761 22
761 471
761 14
762 434
762 5
762 6
762 55
762 89
763 2
763 403
763 295
763 8
763 9
764 1
764 2
764 212
764 4
764 53
765 3
765 275
765 469
765 24
765 748
766 2
766 8
766 88
766 217
766 43
767 0
767 34
767 23
767 59
767 62
768 80
768 290
768 82
768 7
768 311
769 576
769 2
769 6
769 185
769 143
770 5
770 165
770 8
770 41
770 349
771 21
771 5
771 133
771 9
771 14
772 0
772 2
772 597
772 197
772 107
773 3
773 8
773 10
773 12
773 31
774 2
774 5
774 103
774 679
774 75
775 1
775 4
775 197
775 313
775 59
776 402
776 3
776 4
776 677
776 10
777 66
777 3
777 8
777 9
777 281
778 179
778 53
778 168
778 10
778 31
779 32
779 0
779 144
779 3
779 5
780 320
780 0
780 625
780 3
780 24
781 545
781 4
781 7
781 137
781 47
782 1
782 34
782 4
782 21
782 25
783 0
783 341
783 151
783 10
783 12
784 0
784 4
784 21
784 6
784 31
785 0
785 1
785 4
785 43
785 155
786 32
786 1
786 275
786 8
786 31
787 675
787 6
787 40
787 424
787 393
788 4
788 6
788 88
788 441
788 542
789 5
789 213
789 645
789 53
789 492
790 1
790 546
790 43
790 12
790 191
791 64
791 1
791 259
791 3
791 6
792 0
792 2
792 226
792 24
792 27
793 532
793 8
793 232
793 57
793 158
794 2
794 3
794 580
794 6
794 11
795 0
795 2
795 3
795 183
795 8
796 64
796 2
796 5
796 6
796 250
797 2
797 4
797 5
797 694
797 87
798 1
798 2
798 4
798 248
798 170
799 0
799 1
799 3
799 88
799 31
800 3
800 228
800 261
800 264
800 31
801 3
801 10
801 43
801 461
801 47
803 0
803 66
803 22
803 219
803 46
804 1
804 2
804 3
804 478
804 159
805 176
805 2
805 290
805 5
805 47
806 0
806 197
806 11
806 141
806 14
807 241
807 5
807 792
807 650
807 29
808 133
808 21
808 5
808 597
808 9
809 753
809 2
809 21
809 5
809 231
810 160
810 2
810 451
810 228
810 695
811 320
811 3
811 506
811 90
811 495
812 498
812 3
812 89
812 187
812 11
813 2
813 116
813 5
813 505
813 31
815 114
815 3
815 677
815 12
815 142
816 177
816 4
816 22
816 24
816 233
817 16
817 625
817 3
817 275
817 239
818 16
818 2
818 6
818 390
818 172
819 176
819 128
819 3
819 695
819 8
820 64
820 1
820 4
820 103
820 446
821 1
821 22
821 103
821 10
821 31
822 259
822 4
822 5
822 24
822 91
823 0
823 50
823 4
823 5
823 383
824 66
824 2
824 4
824 22
824 31
825 3
825 21
825 8
825 13
825 254
826 0
826 80
826 241
826 1
826 6
827 4
827 8
827 137
827 12
827 13
828 0
828 213
828 54
828 13
828 399
829 2
829 21
829 357
829 438
829 59
830 0
830 3
830 118
830 43
830 29
831 672
831 180
831 10
831 124
831 12
832 213
832 421
832 233
832 330
832 12
833 16
833 6
833 665
833 121
833 334
834 4
834 437
834 6
834 9
834 250
835 64
835 3
835 5
835 598
835 29
836 0
836 4
836 6
836 9
836 447
837 160
837 3
837 5
837 313
837 107
838 0
838 3
838 5
838 235
838 110
839 51
839 131
839 5
839 9
839 204
840 0
840 404
840 731
840 140
840 13
841 16
841 8
841 25
841 13
841 31
842 656
842 0
842 4
842 9
842 63
843 64
843 1
843 4
843 9
843 12
844 99
844 5
844 8
844 12
844 237
845 4
845 21
845 6
845 199
845 10
846 336
846 338
846 264
846 170
846 91
847 2
847 51
847 6
847 23
847 136
848 3
848 5
848 315
848 12
848 14
849 1
849 3
849 549
849 150
849 124
850 2
850 66
850 836
850 697
850 141
851 1
851 2
851 426
851 491
851 139
852 471
852 55
852 9
852 12
852 367
853 115
853 6
853 119
853 10
853 381
854 3
854 5
854 6
854 57
854 383
855 3
855 4
855 68
855 6
855 12
856 132
856 724
856 37
856 24
856 155
858 81
858 132
858 24
858 91
858 59
860 1
860 467
860 86
860 13
860 31
861 128
861 1
861 3
861 4
861 5
862 32
862 2
862 3
862 6
862 715
863 0
863 2
863 5
863 294
863 125
864 5
864 24
864 265
864 219
864 638
865 131
865 3
865 87
865 727
865 172
866 3
866 580
866 772
866 6
866 63
867 80
867 0
867 170
867 43
867 14
868 3
868 579
868 373
868 22
868 862
870 2
870 10
870 380
870 158
870 31
871 2
871 4
871 5
871 24
871 297
873 0
873 2
873 340
873 6
873 103
875 2
875 116
875 215
875 24
875 202
876 6
876 361
876 523
876 14
876 31
877 608
877 64
877 1
877 390
877 8
878 3
878 644
878 4
878 8
878 585
879 1
879 340
879 6
879 218
879 746
880 144
880 321
880 115
880 10
880 268
881 320
881 0
881 2
881 180
881 186
882 84
882 53
882 373
882 8
882 522
883 324
883 133
883 5
883 9
883 31
884 304
884 8
884 217
884 267
884 140
885 64
885 34
885 51
885 204
885 140
886 2
886 21
886 230
886 185
886 12
887 2
887 41
887 681
887 12
887 798
888 3
888 4
888 103
888 90
888 10
889 80
889 576
889 561
889 36
889 687
890 0
890 33
890 3
890 650
890 462
892 64
892 4
892 245
892 680
892 120
893 2
893 6
893 182
893 24
893 10
894 0
894 2
894 3
894 6
894 8
895 0
895 80
895 36
895 43
895 27
897 1
897 24
897 651
897 12
897 541
898 1
898 297
898 9
898 859
898 11
899 16
899 0
899 6
899 9
899 570
900 561
900 3
900 5
900 6
900 554
901 2
901 4
901 628
901 5
901 70
902 0
902 183
902 103
902 185
902 14
903 741
903 55
903 89
903 233
903 14
905 53
905 21
905 6
905 8
905 40
906 160
906 2
906 5
906 6
906 89
907 451
907 5
907 491
907 395
907 47
908 2
908 290
908 6
908 105
908 59
909 3
909 707
909 5
909 6
909 14
911 0
911 678
911 298
911 12
911 31
912 279
912 183
912 8
912 523
912 799
913 384
913 899
913 6
913 8
913 10
914 53
914 12
914 333
914 13
914 287
915 320
915 2
915 4
915 757
915 315
917 5
917 6
917 170
917 12
917 31
918 0
918 66
918 37
918 573
918 31
919 64
919 3
919 85
919 12
919 383
920 82
920 4
920 548
920 21
920 296
921 0
921 258
921 3
921 132
921 4
922 881
922 2
922 53
922 267
922 45
923 128
923 0
923 5
923 183
923 88
924 4
924 100
924 21
924 103
924 105
925 0
925 1
925 2
925 23
925 635
926 0
926 1
926 644
926 279
926 45
927 0
927 16
927 3
927 53
927 10
928 0
928 3
928 39
928 139
928 923
929 662
929 247
929 119
929 120
929 8
930 3
930 84
930 742
930 86
930 104
932 64
932 16
932 5
932 28
932 31
933 0
933 64
933 21
933 12
933 31
934 722
934 6
934 105
934 29
934 31
935 1
935 609
935 21
935 459
935 351
936 370
936 4
936 5
936 829
936 63
937 3
937 6
937 248
937 441
937 394
938 1
938 8
938 314
938 138
938 395
940 2
940 82
940 644
940 538
940 31
941 4
941 6
941 38
941 59
941 31
942 1
942 91
942 238
942 31
942 463
943 80
943 3
943 6
943 11
943 12
944 23
944 183
944 122
944 141
944 158
945 0
945 3
945 86
945 6
945 90
946 0
946 352
946 38
946 6
946 185
947 0
947 1
947 6
947 776
947 10
948 50
948 659
948 6
948 7
948 10
949 2
949 132
949 5
949 837
949 333
950 0
950 450
950 242
950 4
950 13
951 6
951 88
951 361
951 59
951 333
952 37
952 6
952 904
952 333
952 622
953 2
953 4
953 88
953 138
953 158
955 2
955 275
955 4
955 8
955 344
956 80
956 34
956 5
956 41
956 31
957 16
957 0
957 2
957 6
957 23
958 105
958 11
958 59
958 12
958 109
959 112
959 1
959 581
959 104
959 191
960 753
960 107
960 509
960 798
960 287
961 0
961 22
961 38
961 24
961 12
962 4
962 21
962 57
962 59
962 13
963 2
963 3
963 138
963 11
963 780
964 16
964 6
964 59
964 47
964 303
965 32
965 0
965 2
965 5
965 620
966 2
966 131
966 6
966 40
966 62
967 1
967 2
967 8
967 206
967 47
968 210
968 5
968 6
968 939
968 702
970 241
970 4
970 5
970 43
970 287
971 2
971 21
971 6
971 424
971 8
972 80
972 170
972 11
972 492
972 206
973 176
973 1
973 290
973 291
973 159
974 3
974 839
974 59
974 11
974 894
975 0
975 515
975 131
975 10
975 31
976 3
976 37
976 6
976 23
976 183
977 32
977 53
977 198
977 174
977 798
978 449
978 881
978 36
978 677
978 41
979 34
979 515
979 4
979 263
979 351
980 144
980 4
980 197
980 6
980 413
981 384
981 3
981 692
981 21
981 61
982 2
982 536
982 456
982 9
982 379
983 0
983 53
983 22
983 24
983 10
984 177
984 115
984 6
984 557
984 381
986 1
986 916
986 136
986 14
986 31
987 2
987 805
987 153
987 47
987 127
988 836
988 5
988 103
988 9
988 31
989 80
989 450
989 132
989 500
989 758
990 2
990 338
990 4
990 6
990 12
991 32
991 193
991 2
991 19
991 21
992 2
992 3
992 4
992 6
992 88
993 1
993 66
993 4
993 8
993 95
994 290
994 4
994 8
994 12
994 333
995 32
995 3
995 105
995 346
995 669
996 5
996 823
996 41
996 170
996 95
997 3
997 442
997 138
997 12
997 733
998 146
998 5
998 8
998 41
998 953
1000 54
1000 10
1000 186
1000 31
1000 399
1001 3
1001 4
1001 5
1001 8
1001 223
1002 3
1002 5
1002 9
1002 523
1002 254
1003 21
1003 6
1003 40
1003 330
1003 155
1004 0
1004 1
1004 147
1004 40
1004 9
1006 88
1006 8
1006 9
1006 139
1006 734
1008 881
1008 3
1008 9
1008 90
1008 78
1009 2
1009 867
1009 4
1009 6
1009 24
1011 400
1011 2
1011 103
1011 8
1011 24
1012 496
1012 3
1012 985
1012 90
1012 333
1013 532
1013 8
1013 715
1013 13
1013 813
1014 336
1014 1
1014 6
1014 157
1014 14
1016 0
1016 385
1016 3
1016 36
1016 5
1017 0
1017 1
1017 3
1017 180
1017 506
1018 34
1018 67
1018 390
1018 859
1018 333
1019 131
1019 8
1019 9
1019 140
1019 13
1020 112
1020 177
1020 4
1020 6
1020 8
1021 0
1021 914
1021 227
1021 51
1021 11
1022 2
1022 4
1022 12
1022 141
1022 14
1023 2
1023 4
1023 469
1023 9
1023 698
1025 0
1025 1
1025 2
1025 7
1025 727
1026 32
1026 5
1026 871
1026 14
1026 47
1027 0
1027 417
1027 36
1027 4
1027 138
1028 1
1028 3
1028 5
1028 24
1028 553
1030 32
1030 3
1030 8
1030 24
1030 9
1031 0
1031 2
1031 67
1031 6
1031 103
1032 0
1032 672
1032 1
1032 510
1032 879
1033 0
1033 1
1033 66
1033 12
1033 846
1034 1
1034 3
1034 115
1034 536
1034 140
1035 1
1035 2
1035 5
1035 8
1035 349
1037 5
1037 6
1037 24
1037 12
1037 943
1038 1
1038 183
1038 266
1038 346
1038 62
1039 32
1039 177
1039 197
1039 103
1039 12
1040 0
1040 2
1040 21
1040 6
1040 10
1041 0
1041 753
1041 2
1041 11
1041 62
1044 0
1044 1
1044 275
1044 379
1044 31
1045 0
1045 16
1045 1
1045 37
1045 31
1046 65
1046 758
1046 813
1046 14
1046 47
1047 1
1047 4
1047 248
1047 361
1047 587
1048 1
1048 36
1048 583
1048 905
1048 10
1049 33
1049 115
1049 452
1049 548
1049 5
1050 930
1050 86
1050 793
1050 237
1050 31
1053 3
1053 550
1053 582
1053 151
1053 47
1054 0
1054 17
1054 3
1054 9
1054 75
1055 1
1055 3
1055 180
1055 182
1055 11
1056 1
1056 115
1056 183
1056 366
1056 31
1057 177
1057 754
1057 4
1057 213
1057 379
1059 672
1059 597
1059 183
1059 700
1059 31
1060 320
1060 3
1060 5
1060 86
1060 168
1061 1
1061 4
1061 905
1061 158
1061 31
1062 241
1062 6
1062 730
1062 11
1062 285
1063 4
1063 6
1063 710
1063 9
1063 158
1064 5
1064 679
1064 745
1064 446
1064 31
1065 1
1065 2
1065 4
1065 5
1065 59
1066 54
1066 55
1066 8
1066 11
1066 75
1067 3
1067 5
1067 21
1067 390
1067 9
1068 1
1068 3
1068 1013
1068 86
1068 31
1069 4
1069 201
1069 89
1069 682
1069 12
1071 65
1071 3
1071 469
1071 1047
1071 8
1072 64
1072 1
1072 21
1072 6
1072 284
1073 1
1073 2
1073 68
1073 8
1073 349
1074 80
1074 1
1074 677
1074 8
1074 255
1075 0
1075 3
1075 105
1075 29
1075 14
1077 0
1077 1
1077 201
1077 366
1077 31
1078 834
1078 6
1078 151
1078 57
1078 158
1079 160
1079 597
1079 5
1079 262
1079 239
1080 16
1080 86
1080 183
1080 105
1080 10
1081 1
1081 55
1081 475
1081 1035
1081 31
1082 2
1082 3
1082 4
1082 21
1082 8
1083 0
1083 1
1083 500
1083 472
1083 46
1084 352
1084 145
1084 5
1084 840
1084 29
1085 0
1085 6
1085 88
1085 9
1085 59
1086 0
1086 34
1086 6
1086 55
1086 346
1087 625
1087 4
1087 869
1087 5
1087 31
1089 275
1089 3
1089 742
1089 107
1089 59
1090 0
1090 209
1090 404
1090 86
1090 59
1091 4
1091 40
1091 395
1091 141
1091 47
1092 1
1092 20
1092 39
1092 9
1092 687
1093 21
1093 54
1093 56
1093 24
1093 31
1094 51
1094 131
1094 755
1094 6
1094 540
1095 3
1095 4
1095 6
1095 1018
1095 12
1097 0
1097 385
1097 518
1097 8
1097 287
1098 2
1098 50
1098 23
1098 187
1098 463
1099 1
1099 36
1099 57
1099 412
1099 47
1100 51
1100 21
1100 5
1100 390
1100 31
1101 16
1101 100
1101 103
1101 10
1101 62
1102 2
1102 8
1102 43
1102 140
1102 29
1103 0
1103 320
1103 257
1103 523
1103 140
1104 0
1104 1
1104 5
1104 197
1104 6
1105 2
1105 3
1105 6
1105 9
1105 14
1106 3
1106 180
1106 5
1106 38
1106 170
1107 3
1107 516
1107 5
1107 121
1107 44
1108 736
1108 593
1108 532
1108 24
1108 107
1109 32
1109 2
1109 402
1109 3
1109 6
1110 388
1110 212
1110 105
1110 59
1110 140
1111 64
1111 2
1111 3
1111 8
1111 59
1112 2
1112 6
1112 23
1112 333
1112 669
1113 1
1113 3
1113 19
1113 4
1113 168
1115 3
1115 6
1115 173
1115 14
1115 238
1116 4
1116 21
1116 727
1116 776
1116 702
1117 1
1117 55
1117 24
1117 8
1117 10
1118 1
1118 962
1118 4
1118 14
1118 351
1119 1
1119 339
1119 471
1119 41
1119 109
1120 64
1120 3
1120 899
1120 4
1120 452
1121 0
1121 164
1121 87
1121 459
1121 79
1122 0
1122 36
1122 248
1122 43
1122 1007
1123 1
1123 258
1123 68
1123 5
1123 14
1124 3
1124 6
1124 1064
1124 40
1124 10
1125 1
1125 2
1125 343
1125 232
1125 315
1126 0
1126 1
1126 322
1126 2
1126 103
1127 0
1127 899
1127 1092
1127 6
1127 31
1128 0
1128 2
1128 12
1128 237
1128 287
1129 0
1129 1
1129 2
1129 5
1129 6
1130 4
1130 198
1130 7
1130 153
1130 9
1131 34
1131 290
1131 3
1131 165
1131 107
1133 1
1133 177
1133 115
1133 508
1133 158
1134 129
1134 148
1134 24
1134 105
1134 410
1135 2
1135 180
1135 4
1135 5
1135 361
1136 1
1136 275
1136 100
1136 24
1136 894
1137 491
1137 1131
1137 12
1137 125
1137 30
1138 16
1138 1
1138 2
1138 3
1138 12
1140 1
1140 6
1140 23
1140 187
1140 14
1141 64
1141 1
1141 5
1141 14
1141 31
1142 1
1142 6
1142 103
1142 9
1142 138
1143 0
1143 241
1143 2
1143 8
1143 27
1144 3
1144 86
1144 6
1144 59
1144 702
1145 32
1145 2
1145 59
1145 12
1145 638
1146 0
1146 1
1146 34
1146 1046
1146 491
1147 0
1147 3
1147 195
1147 53
1147 14
1148 80
1148 241
1148 4
1148 344
1148 31
1149 10
1149 107
1149 92
1149 140
1149 237
1150 5
1150 23
1150 119
1150 43
1150 12
1151 8
1151 682
1151 347
1151 382
1151 14
1152 1
1152 177
1152 2
1152 180
1152 104
1154 0
1154 180
1154 628
1154 4
1154 14
1155 64
1155 197
1155 6
1155 9
1155 14
1156 3
1156 981
1156 10
1156 59
1156 12
1157 912
1157 721
1157 498
1157 5
1157 10
1158 0
1158 1
1158 5
1158 680
1158 670
1159 16
1159 0
1159 6
1159 187
1159 12
1161 576
1161 0
1161 2
1161 21
1161 263
1162 16
1162 1
1162 53
1162 902
1162 12
1163 3
1163 182
1163 9
1163 59
1163 379
1164 1
1164 321
1164 212
1164 5
1164 6
1165 2
1165 4
1165 5
1165 554
1165 11
1166 2
1166 3
1166 228
1166 12
1166 287
1167 1
1167 3
1167 9
1167 906
1167 10
1168 80
1168 356
1168 29
1168 14
1168 31
1169 0
1169 3
1169 5
1169 22
1169 170
1170 3
1170 228
1170 150
1170 31
1170 415
1171 0
1171 64
1171 310
1171 985
1171 670
1172 1
1172 2
1172 51
1172 8
1172 380
1173 1
1173 3
1173 59
1173 397
1173 126
1174 336
1174 1
1174 129
1174 193
1174 24
1175 4
1175 180
1175 197
1175 9
1175 10
1176 2
1176 516
1176 25
1176 1067
1176 124
1177 0
1177 198
1177 10
1177 525
1177 14
1178 1
1178 261
1178 949
1178 300
1178 173
1179 0
1179 2
1179 852
1179 21
1179 79
1180 1
1180 23
1180 41
1180 172
1180 1053
1181 80
1181 37
1181 953
1181 233
1181 427
1182 1121
1182 4
1182 103
1182 9
1182 59
1183 176
1183 1
1183 3
1183 982
1183 158
1184 257
1184 36
1184 25
1184 394
1184 14
1185 80
1185 785
1185 2
1185 4
1185 1018
1186 0
1186 3
1186 6
1186 73
1186 766
1187 0
1187 50
1187 659
1187 9
1187 747
1188 0
1188 2
1188 37
1188 359
1188 25
1189 2
1189 21
1189 6
1189 8
1189 31
1190 128
1190 3
1190 8
1190 88
1190 12
1191 3
1191 6
1191 230
1191 183
1191 47
1192 0
1192 82
1192 148
1192 4
1192 359
1193 0
1193 180
1193 21
1193 5
1193 8
1194 0
1194 2
1194 516
1194 670
1194 31
1195 0
1195 3
1195 6
1195 24
1195 125
1196 0
1196 209
1196 115
1196 116
1196 36
1197 3
1197 69
1197 840
1197 925
1197 446
1198 0
1198 3
1198 598
1198 187
1198 31
1199 3
1199 197
1199 837
1199 8
1199 31
1200 1184
1200 1
1200 145
1200 885
1200 910
1201 32
1201 2
1201 13
1201 29
1201 31
1202 1
1202 469
1202 198
1202 185
1202 140
1203 577
1203 339
1203 4
1203 6
1203 8
1204 23
1204 24
1204 8
1204 78
1204 14
1205 1
1205 2
1205 19
1205 3
1205 12
1206 321
1206 258
1206 5
1206 12
1206 415
1207 3
1207 118
1207 74
1207 187
1207 367
1208 2
1208 3
1208 5
1208 346
1208 11
1209 0
1209 1
1209 644
1209 6
1209 9
1210 194
1210 5
1210 6
1210 8
1210 24
1211 161
1211 337
1211 450
1211 11
1211 638
1212 273
1212 501
1212 118
1212 199
1212 10
1213 371
1213 4
1213 5
1213 151
1213 11
1214 1
1214 689
1214 3
1214 260
1214 10
1215 672
1215 929
1215 161
1215 5
1215 6
1216 0
1216 647
1216 24
1216 8
1216 13
1217 1
1217 34
1217 3
1217 392
1217 43
1218 1
1218 4
1218 5
1218 519
1218 10
1219 16
1219 73
1219 155
1219 12
1219 142
1220 451
1220 1204
1220 21
1220 121
1220 172
1221 1
1221 226
1221 4
1221 8
1221 12
1222 64
1222 1
1222 183
1222 24
1222 523
1223 516
1223 21
1223 6
1223 247
1223 8
1224 34
1224 6
1224 90
1224 538
1224 173
1225 17
1225 8
1225 506
1225 858
1225 12
1226 131
1226 4
1226 205
1226 174
1226 31
1227 976
1227 4
1227 232
1227 24
1227 638
1228 305
1228 3
1228 37
1228 6
1228 871
1229 3
1229 5
1229 678
1229 697
1229 446
1231 1
1231 2
1231 374
1231 6
1231 506
1232 1
1232 147
1232 4
1232 86
1232 89
1233 931
1233 179
1233 53
1233 24
1233 79
1234 247
1234 1209
1234 491
1234 763
1234 827
1235 273
1235 3
1235 197
1235 6
1235 378
1236 0
1236 1
1236 5
1236 12
1236 14
1237 960
1237 1013
1237 152
1237 91
1237 12
1238 1
1238 179
1238 10
1238 158
1238 31
1239 0
1239 5
1239 10
1239 14
1239 399
1240 5
1240 22
1240 9
1240 11
1240 31
1241 481
1241 3
1241 180
1241 6
1241 508
1242 0
1242 546
1242 20
1242 8
1242 172
1243 80
1243 1
1243 753
1243 3
1243 261
1244 32
1244 4
1244 25
1244 923
1244 14
1247 160
1247 1
1247 2
1247 258
1247 73
1248 352
1248 16
1248 913
1248 21
1248 24
1249 1
1249 2
1249 264
1249 1049
1249 14
1250 3
1250 43
1250 155
1250 139
1250 29
1251 1168
1251 179
1251 164
1251 6
1251 8
1252 1
1252 34
1252 2
1252 829
1252 31
1253 1
1253 150
1253 248
1253 8
1253 877
1254 0
1254 2
1254 740
1254 5
1254 334
1255 16
1255 516
1255 262
1255 12
1255 13
1256 290
1256 2
1256 197
1256 59
1256 31
1257 80
1257 1
1257 226
1257 4
1257 14
1258 82
1258 482
1258 5
1258 53
1258 14
1259 0
1259 86
1259 8
1259 457
1259 444
1260 944
1260 4
1260 200
1260 10
1260 74
1261 1
1261 193
1261 2
1261 19
1261 21
1262 1041
1262 739
1262 4
1262 55
1262 9
1263 2
1263 5
1263 235
1263 78
1263 31
1264 2
1264 931
1264 36
1264 213
1264 8
1265 608
1265 5
1265 11
1265 621
1265 237
1266 0
1266 1
1266 437
1266 10
1266 859
1267 2
1267 5
1267 104
1267 8
1267 9
1268 1220
1268 6
1268 760
1268 12
1268 13
1269 2
1269 1188
1269 165
1269 24
1269 9
1271 1
1271 2
1271 86
1271 23
1271 413
1272 960
1272 148
1272 310
1272 969
1272 682
1273 0
1273 1
1273 203
1273 733
1273 333
1274 32
1274 116
1274 390
1274 24
1274 623
1275 320
1275 36
1275 5
1275 333
1275 13
1276 1072
1276 3
1276 8
1276 30
1276 702
1277 23
1277 359
1277 10
1277 31
1277 1055
1278 208
1278 25
1278 218
1278 430
1278 31
1279 0
1279 659
1279 581
1279 38
1279 859
1280 5
1280 86
1280 506
1280 10
1280 59
1282 32
1282 3
1282 5
1282 598
1282 424
1283 320
1283 2
1283 243
1283 25
1283 186
1284 976
1284 1
1284 450
1284 3
1284 180
1285 976
1285 241
1285 114
1285 536
1285 10
1286 1
1286 2
1286 6
1286 88
1286 12
1287 0
1287 2
1287 3
1287 6
1287 1149
1288 433
1288 1
1288 390
1288 459
1288 43
1289 288
1289 436
1289 885
1289 5
1289 106
1291 0
1291 3
1291 371
1291 869
1291 414
1292 0
1292 5
1292 6
1292 39
1292 27
1293 3
1293 486
1293 22
1293 6
1293 647
1294 1
1294 3
1294 11
1294 158
1294 302
1295 3
1295 245
1295 23
1295 105
1295 523
1296 0
1296 1
1296 3
1296 57
1296 395
1297 0
1297 1
1297 2
1297 115
1297 349
1298 9
1298 1082
1298 478
1298 383
1298 31
1299 21
1299 5
1299 8
1299 508
1299 31
1300 1
1300 5
1300 107
1300 651
1300 31
1301 34
1301 3
1301 404
1301 53
1301 219
1302 144
1302 1121
1302 21
1302 1126
1302 249
1303 1
1303 419
1303 725
1303 38
1303 349
1304 3
1304 36
1304 7
1304 124
1304 12
1305 3
1305 264
1305 24
1305 1260
1305 174
1306 36
1306 53
1306 8
1306 59
1306 238
1308 1153
1308 532
1308 5
1308 8
1308 63
1309 1
1309 3
1309 6
1309 31
1309 687
1310 36
1310 4
1310 24
1310 14
1310 31
1311 0
1311 1154
1311 73
1311 761
1311 187
1312 65
1312 4
1312 8
1312 330
1312 31
1313 128
1313 0
1313 2
1313 3
1313 6
1314 608
1314 102
1314 6
1314 9
1314 62
1315 3
1315 53
1315 12
1315 220
1315 1293
1316 64
1316 2
1316 4
1316 29
1316 461
1317 0
1317 914
1317 4
1317 8
1317 745
1318 1
1318 3
1318 5
1318 349
1318 31
1320 976
1320 723
1320 21
1320 999
1320 526
1321 3
1321 532
1321 8
1321 24
1321 874
1322 5
1322 6
1322 1046
1322 459
1322 733
1323 242
1323 2
1323 550
1323 9
1323 61
1324 34
1324 275
1324 8
1324 40
1324 59
1326 16
1326 898
1326 21
1326 119
1326 78
1327 0
1327 2
1327 390
1327 269
1327 174
1328 80
1328 177
1328 420
1328 9
1328 11
1330 16
1330 0
1330 33
1330 2
1330 620
1331 0
1331 1
1331 36
1331 998
1331 1162
1332 64
1332 4
1332 8
1332 41
1332 12
1333 160
1333 2
1333 55
1333 10
1333 381
1334 0
1334 1
1334 630
1334 43
1334 44
1335 1
1335 24
1335 217
1335 153
1335 141
1336 180
1336 86
1336 6
1336 25
1336 605
1337 0
1337 2
1337 6
1337 910
1337 31
1338 1
1338 86
1338 392
1338 138
1338 14
1339 0
1339 3
1339 10
1339 158
1339 31
1340 1
1340 3
1340 103
1340 29
1340 31
1341 50
1341 36
1341 21
1341 6
1341 142
1342 0
1342 6
1342 390
1342 441
1342 1116
1343 55
1343 121
1343 986
1343 10
1343 62
1344 2
1344 242
1344 179
1344 3
1344 24
1345 480
1345 2
1345 21
1345 6
1345 91
1347 1
1347 4
1347 5
1347 24
1347 925
1348 80
1348 81
1348 50
1348 21
1348 27
1349 2
1349 116
1349 37
1349 21
1349 254
1350 51
1350 4
1350 5
1350 230
1350 24
1351 144
1351 1
1351 723
1351 24
1351 747
1352 80
1352 1
1352 401
1352 1049
1352 14
1353 3
1353 131
1353 23
1353 138
1353 266
1355 2
1355 4
1355 132
1355 111
1355 927
1356 0
1356 1
1356 3
1356 5
1356 62
1357 51
1357 451
1357 40
1357 9
1357 990
1358 1
1358 257
1358 1138
1358 182
1358 12
1359 4
1359 5
1359 87
1359 13
1359 974
1360 194
1360 677
1360 150
1360 590
1360 367
1361 0
1361 807
1361 185
1361 139
1361 12
1362 0
1362 96
1362 1
1362 458
1362 1167
1363 2
1363 21
1363 390
1363 350
1363 31
1364 146
1364 4
1364 167
1364 1146
1364 395
1366 2
1366 5
1366 118
1366 330
1366 301
1367 1
1367 3
1367 36
1367 5
1367 140
1368 16
1368 3
1368 131
1368 708
1368 9
1369 352
1369 1
1369 2
1369 819
1369 228
1370 132
1370 103
1370 24
1370 9
1370 378
1371 536
1371 587
1371 395
1371 140
1371 478
1372 0
1372 2
1372 1222
1372 11
1372 349
1374 1
1374 5
1374 88
1374 394
1374 1183
1375 0
1375 4
1375 6
1375 13
1375 31
1376 560
1376 5
1376 86
1376 958
1376 143
1377 1171
1377 180
1377 86
1377 683
1377 687
1378 2
1378 290
1378 3
1378 395
1378 1053
1379 0
1379 193
1379 3
1379 4
1379 140
1380 1120
1380 1
1380 963
1380 92
1380 991
1381 32
1381 4
1381 1047
1381 10
1381 730
1382 1
1382 3
1382 24
1382 217
1382 172
1383 274
1383 850
1383 1300
1383 888
1383 9
1384 404
1384 388
1384 262
1384 73
1384 143
1385 2
1385 3
1385 115
1385 180
1385 8
1386 32
1386 1
1386 2
1386 131
1386 6
1387 1168
1387 0
1387 5
1387 86
1387 40
1388 16
1388 752
1388 25
1388 14
1388 31
1389 9
1389 10
1389 12
1389 141
1389 910
1390 2
1390 3
1390 68
1390 5
1390 678
1391 177
1391 148
1391 6
1391 119
1391 10
1392 16
1392 0
1392 3
1392 6
1392 151
1393 0
1393 181
1393 487
1393 441
1393 110
1394 0
1394 4
1394 213
1394 6
1394 585
1395 147
1395 38
1395 279
1395 840
1395 47
1397 194
1397 131
1397 3
1397 70
1397 185
1398 772
1398 21
1398 214
1398 39
1398 138
1399 0
1399 2
1399 260
1399 139
1399 623
1400 198
1400 807
1400 7
1400 8
1400 174
1401 0
1401 3
1401 5
1401 37
1401 793
1402 0
1402 1
1402 469
1402 54
1402 31
1403 4
1403 69
1403 282
1403 174
1403 31
1404 5
1404 6
1404 59
1404 78
1404 1199
1405 0
1405 6
1405 40
1405 13
1405 78
1407 1
1407 947
1407 4
1407 6
1407 23
1408 0
1408 3
1408 4
1408 6
1408 29
1409 0
1409 7
1409 12
1409 30
1409 31
1410 16
1410 4
1410 5
1410 24
1410 31
1411 39
1411 107
1411 203
1411 589
1411 14
1412 257
1412 3
1412 40
1412 14
1412 30
1413 305
1413 741
1413 230
1413 13
1413 14
1415 128
1415 1
1415 4
1415 24
1415 31
1416 0
1416 662
1416 10
1416 315
1416 12
1417 3
1417 4
1417 21
1417 135
1417 794
1418 5
1418 103
1418 488
1418 41
1418 638
1419 1
1419 135
1419 89
1419 10
1419 223
1420 275
1420 69
1420 5
1420 1049
1420 766
1421 0
1421 183
1421 59
1421 29
1421 1390
1422 0
1422 131
1422 3
1422 6
1422 24
1423 1
1423 24
1423 105
1423 9
1423 315
1425 114
1425 3
1425 4
1425 24
1425 63
1426 32
1426 0
1426 21
1426 41
1426 505
1427 2
1427 19
1427 1076
1427 842
1427 10
1428 1
1428 2
1428 3
1428 10
1428 315
1429 80
1429 1
1429 2
1429 261
1429 8
1430 64
1430 2
1430 3
1430 24
1430 9
1431 1
1431 4
1431 5
1431 300
1431 526
1432 32
1432 5
1432 6
1432 953
1432 747
1433 16
1433 356
1433 678
1433 9
1433 43
1434 0
1434 176
1434 603
1434 139
1434 510
1436 4
1436 9
1436 59
1436 254
1436 175
1437 0
1437 81
1437 180
1437 68
1437 4
1438 1
1438 180
1438 742
1438 10
1438 414
1439 4
1439 697
1439 187
1439 172
1439 845
1440 1
1440 337
1440 6
1440 281
1440 31
1442 1411
1442 597
1442 8
1442 10
1442 59
1443 3
1443 4
1443 5
1443 8
1443 200
1444 16
1444 0
1444 404
1444 53
1444 831
1445 160
1445 3
1445 199
1445 25
1445 10
1447 0
1447 176
1447 371
1447 821
1447 13
1448 930
1448 3
1448 1028
1448 5
1448 6
1449 593
1449 2
1449 165
1449 10
1449 1435
1450 177
1450 2
1450 3
1450 315
1450 364
1451 1
1451 2
1451 3
1451 6
1451 1228
1452 0
1452 561
1452 3
1452 826
1452 31
1453 1
1453 8
1453 1050
1453 59
1453 60
1454 33
1454 86
1454 250
1454 715
1454 12
1455 32
1455 3
1455 436
1455 9
1455 284
1456 16
1456 275
1456 8
1456 12
1456 143
1457 115
1457 4
1457 53
1457 725
1457 1050
1458 80
1458 2
1458 133
1458 424
1458 953
1459 129
1459 4
1459 5
1459 1110
1459 395
1460 1089
1460 5
1460 232
1460 13
1460 638
1461 144
1461 1008
1461 2
1461 1276
1461 31
1462 0
1462 512
1462 32
1462 4
1462 24
1463 32
1463 116
1463 8
1463 281
1463 651
1464 117
1464 6
1464 40
1464 840
1464 62
1466 1
1466 1153
1466 6
1466 141
1466 14
1467 0
1467 1
1467 184
1467 25
1467 826
1468 145
1468 4
1468 5
1468 88
1468 1439
1469 0
1469 4
1469 245
1469 8
1469 12
1470 132
1470 708
1470 6
1470 22
1470 1214
1471 1
1471 81
1471 581
1471 823
1471 333
1472 1
1472 2
1472 21
1472 9
1472 173
1473 2
1473 899
1473 59
1473 78
1473 143
1474 1
1474 23
1474 153
1474 12
1474 142
1475 1
1475 131
1475 5
1475 86
1475 478
1478 2
1478 3
1478 1334
1478 6
1478 182
1479 64
1479 1
1479 481
1479 179
1479 782
1480 32
1480 545
1480 3
1480 8
1480 603
1481 0
1481 2
1481 6
1481 217
1481 12
1483 1
1483 5
1483 21
1483 6
1483 30
1484 87
1484 57
1484 122
1484 222
1484 638
1485 16
1485 0
1485 32
1485 96
1485 7
1486 770
1486 3
1486 21
1486 6
1486 12
1487 1392
1487 4
1487 6
1487 1192
1487 31
1488 160
1488 677
1488 6
1488 840
1488 139
1489 129
1489 2
1489 885
1489 183
1489 88
1490 177
1490 36
1490 6
1490 9
1490 158
1491 1120
1491 132
1491 342
1491 1159
1491 31
1492 3
1492 115
1492 424
1492 107
1492 31
1493 16
1493 2
1493 84
1493 662
1493 9
1494 5
1494 249
1494 107
1494 526
1494 14
1496 753
1496 2
1496 3
1496 5
1496 22
1497 1076
1497 54
1497 1127
1497 8
1497 158
1498 128
1498 1
1498 59
1498 670
1498 31
1499 2
1499 59
1499 172
1499 687
1499 31
1501 1
1501 242
1501 2
1501 9
1501 1230
1502 0
1502 321
1502 753
1502 1042
1502 2
1504 1396
1504 21
1504 54
1504 905
1504 238
1505 320
1505 1
1505 5
1505 1193
1505 27
1506 192
1506 21
1506 158
1506 143
1506 47
1508 1216
1508 1
1508 6
1508 9
1508 430
1509 115
1509 388
1509 23
1509 9
1509 12
1511 97
1511 5
1511 6
1511 940
1511 29
1512 1
1512 2
1512 3
1512 136
1512 31
1513 80
1513 1
1513 4
1513 27
1513 191
1514 1
1514 146
1514 118
1514 1342
1514 31
1515 0
1515 1
1515 3
1515 4
1515 61
1516 1
1516 1297
1516 708
1516 264
1516 8
1517 128
1517 1
1517 3
1517 359
1517 1144
1518 720
1518 32
1518 2
1518 30
1518 47
1519 1
1519 2
1519 3
1519 21
1519 5
1520 1
1520 3
1520 5
1520 6
1520 88
1521 0
1521 32
1521 436
1521 23
1521 239
1523 34
1523 115
1523 580
1523 6
1523 523
1524 2
1524 4
1524 6
1524 998
1524 222
1525 400
1525 3
1525 5
1525 1112
1525 9
1526 0
1526 259
1526 37
1526 21
1526 6
1527 32
1527 1
1527 2
1527 34
1527 8
1528 32
1528 320
1528 325
1528 230
1528 399
1529 0
1529 147
1529 1092
1529 23
1529 14
1530 0
1530 1144
1530 682
1530 107
1530 318
1531 1520
1531 1
1531 5
1531 839
1531 151
1532 0
1532 1185
1532 643
1532 10
1532 107
1533 68
1533 597
1533 133
1533 59
1533 541
1534 16
1534 0
1534 3
1534 6
1534 14
1535 36
1535 6
1535 121
1535 10
1535 331
1536 0
1536 162
1536 298
1536 12
1536 333
1537 672
1537 2
1537 645
1537 9
1537 687
1538 81
1538 2
1538 132
1538 987
1538 143
1539 5
1539 936
1539 88
1539 987
1539 623
1540 0
1540 144
1540 3
1540 4
1540 8
1541 1
1541 124
1541 92
1541 748
1541 1167
1542 3
1542 5
1542 1048
1542 8
1542 10
1543 24
1543 666
1543 427
1543 379
1543 687
1544 1
1544 5
1544 7
1544 10
1544 223
1545 529
1545 1442
1545 2
1545 6
1545 669
1546 2
1546 67
1546 115
1546 4
1546 6
1547 1
1547 2
1547 50
1547 57
1547 59
1548 0
1548 2
1548 3
1548 660
1548 21
1549 80
1549 1
1549 1049
1549 13
1549 31
1550 64
1550 5
1550 6
1550 27
1550 412
1552 64
1552 1026
1552 4
1552 10
1552 30
1553 0
1553 694
1553 8
1553 218
1553 1132
1555 66
1555 24
1555 459
1555 894
1555 31
1556 544
1556 1
1556 2
1556 6
1556 22
1558 21
1558 6
1558 310
1558 183
1558 14
1561 36
1561 6
1561 1401
1561 395
1561 31
1563 82
1563 115
1563 228
1563 138
1563 12
1565 0
1565 208
1565 2
1565 3
1565 126
1566 0
1566 1078
1566 344
1566 153
1566 31
1567 128
1567 5
1567 293
1567 10
1567 236
1569 1
1569 643
1569 5
1569 8
1569 90
1570 0
1570 25
1570 650
1570 1518
1570 31
1571 1280
1571 241
1571 4
1571 313
1571 462
1572 2
1572 23
1572 170
1572 59
1572 846
1573 2
1573 997
1573 501
1573 278
1573 478
1574 0
1574 594
1574 450
1574 953
1574 9
1575 64
1575 388
1575 36
1575 606
1575 799
1576 0
1576 3
1576 40
1576 73
1576 14
1577 112
1577 4
1577 5
1577 341
1577 8
1578 3
1578 67
1578 375
1578 1103
1578 287
1579 1
1579 257
1579 226
1579 3
1579 259
1580 1
1580 3
1580 1126
1580 6
1580 538
1581 0
1581 209
1581 2
1581 3
1581 136
1582 359
1582 231
1582 9
1582 45
1582 158
1584 82
1584 424
1584 24
1584 9
1584 59
1585 4
1585 6
1585 455
1585 700
1585 31
1586 0
1586 8
1586 29
1586 1213
1586 863
1587 1
1587 2
1587 19
1587 95
1587 31
1588 66
1588 1506
1588 88
1588 158
1588 31
1589 0
1589 1
1589 24
1589 8
1589 29
1590 16
1590 1
1590 914
1590 86
1590 606
1591 176
1591 385
1591 628
1591 21
1591 702
1592 19
1592 632
1592 8
1592 526
1592 31
1593 355
1593 5
1593 662
1593 618
1593 27
1594 115
1594 3
1594 965
1594 73
1594 155
1595 160
1595 0
1595 1
1595 791
1595 124
1596 1
1596 4
1596 21
1596 302
1596 14
1597 243
1597 9
1597 58
1597 62
1597 31
1598 2
1598 6
1598 874
1598 27
1598 829
1599 160
1599 4
1599 24
1599 29
1599 143
1600 16
1600 64
1600 51
1600 4
1600 569
1601 177
1601 212
1601 134
1601 568
1601 906
1602 65
1602 417
1602 209
1602 23
1602 9
1603 112
1603 672
1603 1057
1603 3
1603 86
1605 1
1605 1219
1605 5
1605 39
1605 12
1606 257
1606 500
1606 182
1606 24
1606 14
1607 3
1607 199
1607 41
1607 395
1607 27
1608 176
1608 0
1608 180
1608 21
1608 1303
1610 2
1610 86
1610 24
1610 153
1610 27
1611 5
1611 198
1611 390
1611 6
1611 25
1612 2
1612 3
1612 6
1612 13
1612 31
1613 786
1613 339
1613 6
1613 183
1613 510
1614 65
1614 21
1614 6
1614 986
1614 1151
1615 1
1615 597
1615 1112
1615 29
1615 1151
1616 3
1616 21
1616 5
1616 159
1616 1343
1617 2
1617 5
1617 6
1617 8
1617 31
1618 32
1618 177
1618 849
1618 12
1618 31
1619 2
1619 3
1619 4
1619 6
1619 1495
1620 1
1620 3
1620 5
1620 22
1620 11
1621 3
1621 21
1621 86
1621 6
1621 13
1622 16
1622 0
1622 4
1622 6
1622 12
1623 0
1623 32
1623 261
1623 604
1623 62
1624 0
1624 177
1624 4
1624 21
1624 53
1625 64
1625 6
1625 12
1625 782
1625 158
1626 1
1626 1044
1626 632
1626 92
1626 1230
1627 2
1627 390
1627 1321
1627 506
1627 591
1628 2
1628 5
1628 150
1628 12
1628 140
1629 4
1629 118
1629 1449
1629 1453
1629 447
1630 0
1630 2
1630 3
1630 679
1630 204
1631 1232
1631 66
1631 2
1631 436
1631 8
1632 0
1632 116
1632 185
1632 940
1632 29
1633 834
1633 359
1633 57
1633 11
1633 47
1634 1
1634 6
1634 41
1634 671
1634 463
1635 754
1635 307
1635 4
1635 1070
1635 31
1636 16
1636 6
1636 103
1636 12
1636 351
1637 16
1637 67
1637 438
1637 94
1637 30
1638 2
1638 373
1638 700
1638 1439
1638 31
1639 0
1639 530
1639 695
1639 89
1639 59
1640 1538
1640 180
1640 6
1640 10
1640 203
1641 80
1641 1
1641 3
1641 22
1641 8
1642 1
1642 3
1642 675
1642 180
1642 8
1644 1553
1644 23
1644 8
1644 158
1644 31
1645 0
1645 4
1645 5
1645 598
1645 11
1646 3
1646 1495
1646 1303
1646 41
1646 9
1647 454
1647 279
1647 9
1647 380
1647 29
1648 897
1648 22
1648 86
1648 57
1648 9
1649 1504
1649 144
1649 339
1649 133
1649 570
1650 5
1650 10
1650 11
1650 92
1650 525
1651 384
1651 626
1651 614
1651 103
1651 27
1652 112
1652 257
1652 994
1652 6
1652 42
1653 897
1653 243
1653 180
1653 233
1653 444
1654 2
1654 6
1654 470
1654 60
1654 445
1655 1
1655 8
1655 9
1655 1066
1655 12
1656 562
1656 227
1656 152
1656 1401
1656 141
1657 115
1657 6
1657 8
1657 104
1657 170
1658 0
1658 402
1658 692
1658 133
1658 438
1659 0
1659 2
1659 82
1659 5
1659 92
1660 0
1660 3
1660 21
1660 170
1660 749
1661 176
1661 2
1661 194
1661 53
1661 9
1662 563
1662 180
1662 70
1662 41
1662 1658
1663 2
1663 3
1663 5
1663 330
1663 1167
1664 176
1664 516
1664 5
1664 9
1664 239
1665 0
1665 3
1665 24
1665 187
1665 700
1666 1
1666 1545
1666 1434
1666 29
1666 830
1667 241
1667 1
1667 4
1667 38
1667 95
1668 0
1668 1
1668 2
1668 3
1668 302
1669 3
1669 1237
1669 157
1669 541
1669 831
1670 1187
1670 22
1670 6
1670 43
1670 12
1671 625
1671 1
1671 2
1671 1126
1671 121
1672 1
1672 850
1672 22
1672 344
1672 495
1673 1
1673 4
1673 6
1673 27
1673 301
1674 3
1674 4
1674 24
1674 1068
1674 13
1675 433
1675 88
1675 233
1675 938
1675 367
1676 2
1676 242
1676 3
1676 6
1676 31
1677 38
1677 10
1677 155
1677 14
1677 575
1678 0
1678 2
1678 53
1678 278
1678 173
1679 1
1679 3
1679 4
1679 5
1679 124
1680 0
1680 21
1680 5
1680 645
1680 10
1681 424
1681 9
1681 30
1681 671
1681 1007
1682 1473
1682 3
1682 6
1682 653
1682 125
1683 2
1683 41
1683 59
1683 12
1683 367
1684 3
1684 4
1684 5
1684 1449
1684 780
1685 0
1685 786
1685 3
1685 21
1685 103
1686 2
1686 3
1686 21
1686 38
1686 88
1687 480
1687 1
1687 166
1687 107
1687 12
1688 185
1688 283
1688 107
1688 540
1688 509
1689 1506
1689 103
1689 24
1689 378
1689 31
1690 1
1690 17
1690 835
1690 6
1690 202
1691 1392
1691 564
1691 23
1691 1608
1691 31
1692 3
1692 181
1692 1574
1692 139
1692 366
1693 0
1693 2
1693 343
1693 12
1693 14
1694 2
1694 163
1694 148
1694 8
1694 783
1695 1
1695 6
1695 200
1695 59
1695 12
1696 3
1696 4
1696 667
1696 12
1696 31
1697 1
1697 36
1697 133
1697 285
1697 557
1698 1
1698 241
1698 2
1698 6
1698 29
1699 1
1699 1682
1699 2
1699 347
1699 62
1700 0
1700 16
1700 21
1700 1367
1700 10
1701 869
1701 1205
1701 202
1701 1308
1701 510
1702 1
1702 18
1702 10
1702 27
1702 525
1703 98
1703 1398
1703 987
1703 14
1703 15
1704 24
1704 249
1704 538
1704 523
1704 12
1705 3
1705 760
1705 361
1705 809
1705 13
1706 16
1706 3
1706 948
1706 4
1706 31
1707 787
1707 3
1707 213
1707 6
1707 41
1708 0
1708 21
1708 261
1708 121
1708 153
1709 0
1709 1282
1709 5
1709 597
1709 43
1710 1
1710 1206
1710 280
1710 1147
1710 140
1711 0
1711 321
1711 6
1711 8
1711 12
1712 1504
1712 0
1712 133
1712 6
1712 25
1713 5
1713 1448
1713 698
1713 316
1713 1423
1714 2
1714 3
1714 180
1714 395
1714 1516
1715 2
1715 5
1715 6
1715 199
1715 31
1716 32
1716 179
1716 393
1716 25
1716 10
1717 0
1717 4
1717 57
1717 140
1717 92
1718 992
1718 2
1718 24
1718 1400
1718 506
1719 593
1719 3
1719 8
1719 41
1719 1371
1720 2
1720 4
1720 8
1720 333
1720 31
1721 480
1721 1
1721 179
1721 3
1721 9
1722 128
1722 336
1722 3
1722 24
1722 1290
1724 1
1724 5
1724 6
1724 9
1724 906
1725 0
1725 115
1725 6
1725 119
1725 90
1726 1
1726 1076
1726 8
1726 89
1726 25
1727 147
1727 150
1727 23
1727 1546
1727 11
1728 0
1728 1457
1728 6
1728 471
1728 250
1729 0
1729 1219
1729 4
1729 6
1729 203
1730 80
1730 34
1730 5
1730 570
1730 267
1731 66
1731 259
1731 5
1731 6
1731 444
1732 834
1732 536
1732 90
1732 59
1732 1693
1733 176
1733 146
1733 438
1733 6
1733 249
1734 34
1734 2
1734 233
1734 1177
1734 45
1735 275
1735 6
1735 1367
1735 218
1735 31
1736 0
1736 465
1736 1
1736 116
1736 31
1737 3
1737 340
1737 965
1737 1511
1737 31
1738 1
1738 100
1738 4
1738 598
1738 1544
1739 148
1739 40
1739 25
1739 10
1739 669
1740 0
1740 305
1740 197
1740 12
1740 30
1741 16
1741 881
1741 2
1741 4
1741 791
1742 0
1742 3
1742 1255
1742 1112
1742 31
1743 209
1743 3
1743 1477
1743 902
1743 1639
1744 3
1744 980
1744 22
1744 361
1744 13
1745 0
1745 1
1745 390
1745 27
1745 31
1746 0
1746 177
1746 3
1746 708
1746 982
1747 67
1747 1252
1747 4
1747 742
1747 121
1748 128
1748 3
1748 22
1748 891
1748 382
1749 0
1749 3
1749 708
1749 525
1749 14
1750 1
1750 3
1750 4
1750 230
1750 778
1751 290
1751 3
1751 438
1751 6
1751 344
1752 1
1752 2
1752 53
1752 59
1752 463
1753 3
1753 179
1753 1254
1753 12
1753 829
1754 1379
1754 4
1754 148
1754 197
1754 1518
1755 66
1755 21
1755 1719
1755 346
1755 158
1756 3
1756 5
1756 9
1756 12
1756 14
1757 0
1757 2
1757 3
1757 6
1757 24
1758 224
1758 193
1758 1144
1758 158
1758 14
1759 2
1759 4
1759 228
1759 1109
1759 604
1760 3
1760 744
1760 361
1760 349
1760 1677
1761 0
1761 1584
1761 625
1761 1172
1761 5
1762 5
1762 231
1762 8
1762 1609
1762 89
1763 32
1763 1
1763 25
1763 11
1763 107
1764 608
1764 770
1764 1508
1764 4
1764 230
1765 2
1765 9
1765 12
1765 1373
1765 175
1766 1
1766 37
1766 1158
1766 12
1766 1293
1767 2
1767 4
1767 8
1767 57
1767 31
1768 338
1768 2
1768 25
1768 1545
1768 10
1769 322
1769 180
1769 4
1769 454
1769 92
1770 374
1770 22
1770 75
1770 1390
1770 287
1771 930
1771 451
1771 4
1771 53
1771 55
1772 144
1772 3
1772 4
1772 170
1772 59
1773 1
1773 103
1773 8
1773 552
1773 14
1774 1536
1774 4
1774 5
1774 538
1774 14
1775 82
1775 8
1775 9
1775 351
1775 175
1776 3
1776 179
1776 5
1776 54
1776 12
1777 336
1777 1557
1777 182
1777 1257
1777 570
1778 2
1778 4
1778 104
1778 472
1778 8
1779 4
1779 8
1779 985
1779 233
1779 13
1780 6
1780 999
1780 920
1780 174
1780 478
1781 3
1781 88
1781 1208
1781 59
1781 93
1782 32
1782 16
1782 0
1782 1249
1782 4
1783 0
1783 129
1783 179
1783 853
1783 40
1784 640
1784 1473
1784 2
1784 339
1784 5
1785 1
1785 193
1785 21
1785 665
1785 79
1786 2
1786 179
1786 103
1786 700
1786 349
1787 148
1787 40
1787 233
1787 10
1787 139
1788 0
1788 4
1788 6
1788 1655
1788 43
1789 288
1789 0
1789 1
1789 3
1789 164
1790 3
1790 4
1790 26
1790 845
1790 31
1792 16
1792 32
1792 5
1792 6
1792 359
1793 2
1793 6
1793 760
1793 349
1793 62
1794 180
1794 230
1794 296
1794 11
1794 78
1795 0
1795 66
1795 4
1795 198
1795 223
1796 0
1796 4
1796 468
1796 1300
1796 1159
1797 1
1797 3
1797 4
1797 21
1797 393
1798 0
1798 1617
1798 3
1798 506
1798 491
1800 64
1800 1
1800 6
1800 344
1800 59
1801 2
1801 1508
1801 6
1801 121
1801 10
1802 964
1802 21
1802 12
1802 412
1802 29
1803 32
1803 1
1803 388
1803 9
1803 11
1804 1
1804 404
1804 390
1804 393
1804 31
1805 0
1805 1168
1805 3
1805 840
1805 12
1807 259
1807 6
1807 1339
1807 526
1807 174
1808 2
1808 3
1808 5
1808 151
1808 107
1809 0
1809 1281
1809 6
1809 172
1809 430
1811 0
1811 243
1811 3
1811 10
1811 95
1812 6
1812 170
1812 11
1812 62
1812 31
1813 3
1813 22
1813 217
1813 410
1813 13
1814 1184
1814 0
1814 9
1814 107
1814 14
1815 0
1815 884
1815 4
1815 86
1815 78
1816 0
1816 5
1816 37
1816 22
1816 278
1817 480
1817 36
1817 5
1817 6
1817 1000
1818 17
1818 148
1818 564
1818 474
1818 606
1819 480
1819 1234
1819 10
1819 76
1819 31
1820 80
1820 2
1820 772
1820 6
1820 102
1821 0
1821 753
1821 231
1821 568
1821 313
1822 0
1822 1297
1822 4
1822 5
1822 22
1823 16
1823 2
1823 3
1823 105
1823 937
1824 0
1824 66
1824 131
1824 3
1824 980
1825 1747
1825 3
1825 5
1825 25
1825 187
1826 1
1826 531
1826 1478
1826 873
1826 31
1827 51
1827 4
1827 153
1827 748
1827 334
1828 80
1828 2
1828 3
1828 21
1828 53
1829 210
1829 3
1829 21
1829 53
1829 24
1830 2
1830 54
1830 40
1830 236
1830 142
1831 97
1831 531
1831 4
1831 969
1831 14
1832 753
1832 1681
1832 1331
1832 180
1832 6
1833 1
1833 116
1833 167
1833 8
1833 11
1834 340
1834 21
1834 88
1834 89
1834 684
1835 2
1835 3
1835 4
1835 10
1835 29
1836 1632
1836 0
1836 2
1836 53
1836 9
1838 36
1838 969
1838 474
1838 475
1838 1647
1840 2
1840 57
1840 761
1840 330
1840 79
1841 34
1841 2
1841 5
1841 807
1841 303
1842 2
1842 195
1842 53
1842 1051
1842 31
1844 64
1844 3
1844 1780
1844 54
1844 441
1845 1088
1845 1
1845 65
1845 180
1845 236
1846 0
1846 480
1846 64
1846 516
1846 1615
1847 16
1847 1
1847 3
1847 606
1847 463
1848 2
1848 27
1848 11
1848 270
1848 991
1849 3
1849 4
1849 11
1849 75
1849 1118
1850 450
1850 36
1850 212
1850 197
1850 623
1851 929
1851 532
1851 6
1851 22
1851 973
1852 561
1852 66
1852 165
1852 40
1852 57
1854 2
1854 24
1854 58
1854 666
1854 1148
1856 0
1856 32
1856 1
1856 89
1856 31
1857 500
1857 199
1857 1802
1857 158
1857 175
1858 32
1858 1
1858 290
1858 4
1858 141
1859 1
1859 3
1859 901
1859 6
1859 9
1861 819
1861 9
1861 665
1861 1835
1861 29
1863 1
1863 3
1863 647
1863 141
1863 1375
1864 434
1864 18
1864 5
1864 1608
1864 447
1865 16
1865 2
1865 515
1865 1339
1865 444
1866 1
1866 2
1866 4
1866 21
1866 298
1867 23
1867 135
1867 185
1867 62
1867 31
1868 80
1868 352
1868 371
1868 133
1868 31
1869 1
1869 21
1869 6
1869 374
1869 7
1870 1
1870 4
1870 8
1870 41
1870 249
1871 0
1871 128
1871 9
1871 1178
1871 1053
1872 3
1872 1092
1872 125
1872 14
1872 239
1873 2
1873 1076
1873 8
1873 10
1873 59
1874 32
1874 2
1874 3
1874 1245
1874 1823
1875 0
1875 850
1875 1092
1875 38
1875 47
1876 946
1876 786
1876 3
1876 4
1876 89
1877 2
1877 1028
1877 6
1877 14
1877 31
1878 4
1878 24
1878 8
1878 285
1878 79
1879 1
1879 2
1879 5
1879 53
1879 43
1880 5
1880 567
1880 138
1880 12
1880 796
1881 1072
1881 66
1881 6
1881 1879
1881 8
1882 640
1882 4
1882 70
1882 300
1882 31
1883 1
1883 3
1883 4
1883 5
1883 1768
1884 528
1884 7
1884 8
1884 297
1884 1673
1885 3
1885 469
1885 167
1885 138
1885 107
1886 128
1886 1
1886 19
1886 105
1886 74
1887 2
1887 35
1887 3
1887 633
1887 25
1888 0
1888 2
1888 4
1888 986
1888 1343
1889 51
1889 1219
1889 1443
1889 938
1889 622
1890 1697
1890 23
1890 75
1890 43
1890 31
1891 2
1891 3
1891 22
1891 6
1891 285
1892 32
1892 369
1892 290
1892 3
1892 6
1893 384
1893 561
1893 99
1893 987
1893 31
1894 34
1894 2
1894 10
1894 12
1894 1406
1895 930
1895 709
1895 6
1895 569
1895 267
1896 512
1896 1
1896 322
1896 3
1896 606
1897 466
1897 3
1897 6
1897 728
1897 173
1898 753
1898 10
1898 91
1898 527
1898 31
1899 16
1899 3
1899 452
1899 4
1899 6
1900 1
1900 481
1900 3
1900 22
1900 79
1901 976
1901 451
1901 1671
1901 906
1901 59
1902 0
1902 994
1902 4
1902 6
1902 8
1903 64
1903 0
1903 4
1903 21
1903 8
1904 3
1904 10
1904 1467
1904 12
1904 462
1905 1
1905 740
1905 5
1905 918
1905 8
1906 80
1906 976
1906 243
1906 23
1906 10
1907 3
1907 52
1907 5
1907 570
1907 12
1908 0
1908 177
1908 5
1908 294
1908 1382
1909 1712
1909 576
1909 2
1909 1138
1909 5
1910 80
1910 3
1910 6
1910 538
1910 10
1911 3
1911 180
1911 121
1911 170
1911 14
1912 0
1912 34
1912 166
1912 12
1912 31
1913 18
1913 357
1913 90
1913 1467
1913 333
1915 3
1915 4
1915 200
1915 12
1915 46
1916 1473
1916 132
1916 620
1916 31
1916 399
1918 306
1918 3
1918 115
1918 22
1918 1849
1919 16
1919 132
1919 6
1919 9
1919 43
1920 946
1920 598
1920 173
1920 830
1920 31
1921 0
1921 82
1921 34
1921 390
1921 1598
1922 114
1922 115
1922 5
1922 9
1922 702
1923 0
1923 17
1923 66
1923 356
1923 6
1924 449
1924 660
1924 470
1924 939
1924 749
1925 0
1925 305
1925 4
1925 1493
1925 46
1926 850
1926 73
1926 10
1926 43
1926 1052
1928 1040
1928 19
1928 4
1928 21
1928 1340
1929 3
1929 436
1929 1604
1929 359
1929 23
1930 0
1930 321
1930 5
1930 1494
1930 86
1931 0
1931 5
1931 88
1931 59
1931 399
1932 16
1932 659
1932 36
1932 837
1932 14
1933 2
1933 275
1933 5
1933 185
1933 287
1934 32
1934 434
1934 451
1934 136
1934 89
1935 962
1935 3
1935 53
1935 1369
1935 172
1936 167
1936 9
1936 11
1936 43
1936 1611
1938 882
1938 243
1938 51
1938 21
1938 14
1939 2
1939 3
1939 5
1939 22
1939 744
1940 307
1940 5
1940 633
1940 10
1940 142
1941 290
1941 179
1941 3
1941 180
1941 23
1943 192
1943 132
1943 710
1943 379
1943 223
1944 1
1944 129
1944 51
1944 1144
1944 95
1945 3
1945 5
1945 24
1945 1003
1945 172
1946 321
1946 1591
1946 7
1946 12
1946 255
1947 24
1947 8
1947 891
1947 187
1947 158
1948 257
1948 179
1948 3
1948 1510
1948 7
1949 2
1949 487
1949 170
1949 1356
1949 303
1950 1
1950 162
1950 36
1950 4
1950 1903
1951 0
1951 770
1951 4
1951 53
1951 24
1952 1
1952 546
1952 506
1952 138
1952 431
1953 3
1953 982
1953 152
1953 382
1953 223
1954 2
1954 3
1954 36
1954 137
1954 1146
1955 0
1955 336
1955 1035
1955 943
1955 31
1956 320
1956 480
1956 1
1956 3
1956 156
1957 561
1957 2
1957 9
1957 13
1957 31
1958 195
1958 3
1958 21
1958 458
1958 314
1959 290
1959 151
1959 8
1959 185
1959 13
1960 674
1960 3
1960 532
1960 6
1960 57
1961 2
1961 50
1961 119
1961 1705
1961 623
1962 1152
1962 1297
1962 119
1962 830
1962 63
1963 64
1963 36
1963 6
1963 986
1963 14
1964 2
1964 51
1964 516
1964 40
1964 763
1965 0
1965 1508
1965 5
1965 151
1965 349
1966 34
1966 36
1966 9
1966 170
1966 221
1967 1
1967 4
1967 6
1967 22
1967 59
1968 3
1968 676
1968 4
1968 455
1968 217
1969 1207
1969 407
1969 40
1969 25
1969 1038
1970 4
1970 501
1970 261
1970 38
1970 1802
1971 224
1971 2
1971 1924
1971 393
1971 13
1972 433
1972 725
1972 829
1972 943
1972 31
1973 1297
1973 1
1973 1494
1973 88
1973 217
1975 0
1975 2
1975 5
1975 86
1975 10
1976 4
1976 6
1976 7
1976 40
1976 302
1977 5
1977 6
1977 22
1977 471
1977 237
1980 1
1980 226
1980 6
1980 330
1980 124
1981 128
1981 1186
1981 1369
1981 187
1981 12
1982 1232
1982 0
1982 213
1982 393
1982 315
1983 0
1983 1057
1983 4
1983 91
1983 1340
1985 1
1985 73
1985 12
1985 30
1985 943
1986 402
1986 67
1986 1324
1986 175
1986 591
1987 0
1987 53
1987 230
1987 585
1987 187
1988 1218
1988 4
1988 971
1988 623
1988 31
1990 1
1990 3
1990 952
1990 14
1990 366
1991 176
1991 1
1991 3
1991 1750
1991 124
1992 1380
1992 197
1992 1046
1992 119
1992 911
1993 261
1993 1927
1993 1432
1993 140
1993 31
1994 209
1994 275
1994 36
1994 1605
1994 1750
1995 18
1995 21
1995 9
1995 138
1995 31
1996 1
1996 21
1996 10
1996 1118
1996 31
1997 208
1997 33
1997 2
1997 6
1997 1068
1998 1
1998 2
1998 259
1998 5
1998 158
1999 128
1999 5
1999 40
1999 587
1999 1629
2000 64
2000 34
2000 281
2000 9
2000 13
2001 532
2001 6
2001 40
2001 92
2001 1806
2002 17
2002 1
2002 2
2002 85
2002 395
2003 1
2003 6
2003 343
2003 751
2003 287
2004 3
2004 423
2004 217
2004 1835
2004 62
2005 1472
2005 36
2005 5
2005 23
2005 159
2006 131
2006 1411
2006 870
2006 6
2006 395
2007 144
2007 32
2007 209
2007 1867
2007 142
2008 1472
2008 2
2008 4
2008 9
2008 13
2010 80
2010 1
2010 10
2010 442
2010 300
2011 241
2011 2
2011 1220
2011 541
2011 63
2013 177
2013 5
2013 1911
2013 59
2013 158
2014 34
2014 4
2014 644
2014 52
2014 6
2015 321
2015 1345
2015 2
2015 1669
2015 6
2016 192
2016 241
2016 2
2016 598
2016 24
2017 2
2017 515
2017 1188
2017 4
2017 155
2018 1088
2018 227
2018 1733
2018 89
2018 175
2019 1
2019 1924
2019 8
2019 31
2019 943
2020 400
2020 336
2020 4
2020 6
2020 344
2021 3
2021 516
2021 214
2021 12
2021 31
2022 1
2022 1667
2022 261
2022 10
2022 79
2023 34
2023 21
2023 23
2023 300
2023 31
2024 1
2024 21
2024 6
2024 8
2024 1501
2025 0
2025 305
2025 3
2025 12
2025 269
2026 16
2026 948
2026 1237
2026 21
2026 159
2027 450
2027 485
2027 186
2027 109
2027 31
2028 0
2028 1376
2028 5
2028 38
2028 79
2030 64
2030 1
2030 5
2030 21
2030 31
2031 625
2031 3
2031 4
2031 53
2031 31
2032 3
2032 282
2032 11
2032 174
2032 47
2033 1
2033 2
2033 297
2033 27
2033 975
2034 17
2034 5
2034 11
2034 1869
2034 110
2035 2
2035 115
2035 170
2035 395
2035 92
2036 66
2036 2
2036 90
2036 12
2036 31
2037 305
2037 3
2037 5
2037 24
2037 217
2038 1720
2038 267
2038 219
2038 12
2038 958
2039 3
2039 213
2039 823
2039 1591
2039 14
2040 3
2040 4
2040 791
2040 364
2040 447
2041 1
2041 1841
2041 2
2041 133
2041 1580
2042 65
2042 394
2042 172
2042 333
2042 1214
2043 3
2043 8
2043 1995
2043 13
2043 1213
2044 5
2044 183
2044 136
2044 8
2044 10
2045 1
2045 2
2045 115
2045 4
2045 503
2046 50
2046 99
2046 3
2046 715
2046 1551
2047 131
2047 4
2047 12
2047 669
2047 62
2048 64
2048 2
2048 1636
2048 1532
2048 908
2049 2
2049 4
2049 21
2049 23
2049 24
2050 66
2050 99
2050 5
2050 1352
2050 603
2051 0
2051 1
2051 1332
2051 5
2051 41
2052 1
2052 867
2052 662
2052 1051
2052 27
2053 4
2053 5
2053 776
2053 29
2053 13
2054 3
2054 37
2054 9
2054 347
2054 1759
2055 241
2055 99
2055 460
2055 13
2055 46
2056 1
2056 211
2056 4
2056 140
2056 14
2057 2
2057 1687
2057 491
2057 1597
2057 206
2058 135
2058 8
2058 1693
2058 333
2058 47
2059 34
2059 1651
2059 532
2059 75
2059 30
2060 32
2060 320
2060 5
2060 121
2060 10
2061 3
2061 53
2061 170
2061 31
2061 1039
2062 16
2062 2
2062 5
2062 1160
2062 138
2063 368
2063 1
2063 968
2063 1499
2063 683
2064 3
2064 501
2064 6
2064 198
2064 14
2065 290
2065 325
2065 1255
2065 8
2065 31
2066 0
2066 3
2066 5
2066 12
2066 95
2067 3
2067 4
2067 167
2067 8
2067 74
2068 0
2068 1041
2068 103
2068 124
2068 143
2069 211
2069 532
2069 43
2069 142
2069 31
2071 34
2071 21
2071 55
2071 23
2071 31
2072 292
2072 125
2072 14
2072 158
2072 255
2073 4
2073 6
2073 375
2073 1500
2073 31
2074 0
2074 258
2074 451
2074 5
2074 22
2075 0
2075 3
2075 2053
2075 5
2075 86
2076 97
2076 2
2076 6
2076 1208
2076 13
2077 64
2077 1347
2077 4
2077 203
2077 1676
2079 320
2079 5
2079 105
2079 364
2079 174
2080 53
2080 5
2080 6
2080 763
2080 333
2081 0
2081 197
2081 54
2081 600
2081 12
2082 0
2082 65
2082 2
2082 51
2082 3
2083 0
2083 8
2083 185
2083 105
2083 335
2084 16
2084 179
2084 1493
2084 70
2084 10
2085 80
2085 24
2085 8
2085 31
2085 415
2086 1393
2086 1873
2086 8
2086 24
2086 141
2087 182
2087 199
2087 743
2087 1352
2087 248
2088 224
2088 0
2088 1504
2088 24
2088 525
2089 352
2089 0
2089 21
2089 9
2089 31
2090 144
2090 1
2090 3
2090 393
2090 31
2091 2
2091 6
2091 887
2091 557
2091 45
2092 2
2092 3
2092 8
2092 809
2092 14
2093 2
2093 3
2093 119
2093 12
2093 29
2094 321
2094 199
2094 379
2094 187
2094 11
2095 2
2095 67
2095 3
2095 53
2095 5
2096 0
2096 4
2096 6
2096 12
2096 47
2097 162
2097 742
2097 8
2097 24
2097 127
2098 1
2098 3
2098 4
2098 138
2098 506
2099 64
2099 0
2099 113
2099 5
2099 29
2100 2
2100 1779
2100 1927
2100 9
2100 1759
2101 209
2101 5
2101 87
2101 89
2101 79
2102 3
2102 132
2102 21
2102 8
2102 2057
2103 176
2103 305
2103 1797
2103 5
2103 444
2104 144
2104 2
2104 3
2104 86
2104 8
2105 1188
2105 662
2105 8
2105 505
2105 27
2106 1
2106 436
2106 39
2106 8
2106 29
2107 976
2107 22
2107 9
2107 122
2107 444
2108 96
2108 1729
2108 34
2108 5
2108 159
2109 2
2109 279
2109 359
2109 107
2109 927
2110 52
2110 775
2110 8
2110 12
2110 31
2111 1634
2111 180
2111 5
2111 9
2111 1166
2112 0
2112 3
2112 1093
2112 86
2112 201
2113 464
2113 388
2113 679
2113 1767
2113 25
2114 1218
2114 3
2114 4
2114 5
2114 606
2115 0
2115 36
2115 213
2115 54
2115 175
2117 0
2117 545
2117 281
2117 10
2117 399
2118 1446
2118 504
2118 13
2118 31
2118 223
2119 1827
2119 3
2119 437
2119 235
2119 14
2120 34
2120 1267
2120 195
2120 918
2120 298
2121 18
2121 1827
2121 5
2121 262
2121 664
2122 144
2122 0
2122 1
2122 132
2122 6
2123 65
2123 532
2123 153
2123 12
2123 14
2124 290
2124 597
2124 5
2124 9
2124 891
2125 32
2125 131
2125 997
2125 662
2125 1608
2126 0
2126 5
2126 12
2126 1725
2126 31
2127 451
2127 53
2127 1879
2127 153
2127 396
2128 51
2128 217
2128 665
2128 9
2128 1546
2129 22
2129 9
2129 1772
2129 446
2129 127
2130 0
2130 1177
2130 140
2130 62
2130 143
2131 160
2131 450
2131 867
2131 279
2131 31
2132 241
2132 532
2132 21
2132 11
2132 140
2133 208
2133 274
2133 4
2133 181
2133 8
2134 1
2134 21
2134 6
2134 568
2134 41
2135 3
2135 5
2135 6
2135 8
2135 12
2137 676
2137 4
2137 485
2137 88
2137 459
2138 2
2138 6
2138 8
2138 43
2138 31
2139 528
2139 436
2139 22
2139 9
2139 923
2140 73
2140 233
2140 314
2140 1836
2140 31
2141 0
2141 817
2141 1476
2141 1160
2141 1260
2142 3
2142 24
2142 475
2142 2062
2142 47
2143 2
2143 4
2143 6
2143 584
2143 31
2144 0
2144 2
2144 3
2144 647
2144 1247
2145 2
2145 1523
2145 4
2145 40
2145 264
2146 0
2146 5
2146 103
2146 78
2146 14
2147 80
2147 3
2147 6
2147 10
2147 175
2148 3
2148 580
2148 21
2148 5
2148 823
2149 213
2149 8
2149 40
2149 906
2149 12
2150 64
2150 0
2150 1344
2150 390
2150 183
2151 0
2151 53
2151 7
2151 168
2151 395
2152 64
2152 241
2152 2
2152 3
2152 923
2153 16
2153 2096
2153 1282
2153 618
2153 14
2154 5
2154 6
2154 9
2154 731
2154 333
2155 194
2155 2
2155 5
2155 24
2155 1711
2156 1
2156 82
2156 105
2156 57
2156 31
2157 0
2157 274
2157 3
2157 14
2157 31
2158 2
2158 1874
2158 4
2158 5
2158 395
2159 64
2159 583
2159 7
2159 573
2159 110
2160 0
2160 1201
2160 3
2160 108
2160 446
2161 2
2161 37
2161 151
2161 248
2161 12
2165 1888
2165 3
2165 980
2165 278
2165 109
2167 160
2167 224
2167 1
2167 929
2167 395
2168 1860
2168 647
2168 1066
2168 333
2168 606
2169 0
2169 1
2169 3
2169 212
2169 2108
2170 0
2170 6
2170 86
2170 10
2170 43
2171 1
2171 434
2171 274
2171 165
2171 9
2172 451
2172 3
2172 553
2172 10
2172 174
2173 0
2173 741
2173 2151
2173 12
2173 1245
2174 740
2174 54
2174 12
2174 141
2174 381
2175 0
2175 832
2175 2
2175 180
2175 25
2176 1
2176 6
2176 29
2176 1278
2176 31
2177 321
2177 6
2177 412
2177 1660
2177 158
2178 3
2178 1491
2178 5
2178 8
2178 574
2179 1984
2179 1
2179 113
2179 5
2179 906
2180 177
2180 3
2180 1923
2180 805
2180 12
2181 321
2181 21
2181 534
2181 59
2181 1439
2182 128
2182 4
2182 8
2182 88
2182 107
2183 609
2183 548
2183 1446
2183 970
2183 31
2184 0
2184 16
2184 849
2184 2
2184 2059
2185 946
2185 5
2185 21
2185 29
2185 382
2186 1091
2186 54
2186 759
2186 282
2186 506
2187 2
2187 3
2187 6
2187 988
2187 94
2188 0
2188 2
2188 6
2188 233
2188 153
2190 69
2190 21
2190 86
2190 231
2190 11
2191 1377
2191 177
2191 2
2191 21
2191 22
2192 3
2192 212
2192 69
2192 197
2192 10
2193 1473
2193 321
2193 3
2193 237
2193 383
2194 84
2194 1462
2194 10
2194 124
2194 140
2196 80
2196 100
2196 245
2196 378
2196 205
2197 258
2197 115
2197 6
2197 109
2197 702
2198 2096
2198 0
2198 1
2198 5
2198 140
2199 0
2199 80
2199 185
2199 1167
2199 1823
2200 0
2200 36
2200 6
2200 1181
2200 349
2203 2081
2203 19
2203 261
2203 133
2203 809
2204 64
2204 3
2204 580
2204 10
2204 443
2205 976
2205 3
2205 4
2205 1126
2205 1786
2207 194
2207 6
2207 23
2207 937
2207 1563
2208 2
2208 69
2208 678
2208 9
2208 459
2209 1
2209 103
2209 647
2209 680
2209 185
2210 1
2210 1138
2210 3
2210 9
2210 287
2212 34
2212 4
2212 215
2212 9
2212 237
2213 2
2213 4
2213 25
2213 12
2213 141
2214 131
2214 3
2214 826
2214 10
2214 383
2215 64
2215 3
2215 1284
2215 36
2215 623
2216 0
2216 24
2216 90
2216 715
2216 29
2218 34
2218 12
2218 29
2218 687
2218 31
2219 1
2219 2117
2219 90
2219 12
2219 31
2220 3
2220 55
2220 40
2220 1465
2220 1629
2221 114
2221 5
2221 1574
2221 31
2221 879
2222 835
2222 41
2222 2186
2222 45
2222 798
2223 1440
2223 1488
2223 3
2223 6
2223 925
2224 0
2224 2
2224 4
2224 21
2224 186
2225 3
2225 4
2225 6
2225 315
2225 687
2226 1
2226 170
2226 1051
2226 284
2226 31
2227 3
2227 4
2227 6
2227 155
2227 333
2228 2
2228 3
2228 5
2228 6
2228 105
2230 1
2230 4
2230 2021
2230 1563
2230 205
2233 4
2233 6
2233 10
2233 159
2233 31
2234 385
2234 625
2234 1
2234 6
2234 11
2235 161
2235 5
2235 21
2235 7
2235 103
2236 5
2236 8
2236 89
2236 249
2236 669
2237 1
2237 116
2237 23
2237 1016
2237 10
2238 1
2238 241
2238 50
2238 86
2238 728
2239 128
2239 753
2239 5
2239 56
2239 2092
2240 1985
2240 674
2240 180
2240 230
2240 541
2241 2
2241 4
2241 5
2241 1673
2241 9
2243 1586
2243 275
2243 4
2243 1510
2243 12
2244 1904
2244 1138
2244 4
2244 5
2244 235
2245 1
2245 241
2245 1282
2245 8
2245 1000
2246 64
2246 16
2246 6
2246 25
2246 12
2247 288
2247 4
2247 185
2247 1726
2247 14
2248 2
2248 5
2248 38
2248 57
2248 428
2249 0
2249 393
2249 122
2249 12
2249 735
2250 257
2250 21
2250 10
2250 76
2250 14
2251 176
2251 160
2251 1
2251 19
2251 8
2252 371
2252 852
2252 21
2252 1206
2252 92
2253 0
2253 1
2253 386
2253 133
2253 412
2254 0
2254 2
2254 21
2254 310
2254 494
2255 16
2255 0
2255 582
2255 8
2255 73
2257 0
2257 115
2257 3
2257 6
2257 1436
2258 561
2258 2
2258 21
2258 620
2258 31
2259 6
2259 166
2259 74
2259 59
2259 1118
2260 32
2260 1
2260 2
2260 24
2260 187
2261 320
2261 0
2261 3
2261 116
2261 12
2262 66
2262 4
2262 199
2262 2253
2262 1246
2263 53
2263 5
2263 423
2263 379
2263 47
2264 1
2264 3
2264 22
2264 1002
2264 687
2265 0
2265 4
2265 1881
2265 811
2265 333
2266 5
2266 6
2266 1450
2266 394
2266 31
2267 1
2267 182
2267 103
2267 55
2267 906
2268 3
2268 1446
2268 6
2268 88
2268 1352
2269 16
2269 2
2269 1516
2269 141
2269 222
2270 64
2270 2
2270 5
2270 472
2270 1855
2271 21
2271 8
2271 233
2271 95
2271 79
2272 1
2272 4
2272 247
2272 382
2272 2190
2273 1
2273 36
2273 5
2273 24
2273 31
2274 0
2274 146
2274 5
2274 6
2274 679
2275 128
2275 1
2275 6
2275 1304
2275 414
2276 3
2276 132
2276 965
2276 118
2276 2214
2277 16
2277 6
2277 1304
2277 47
2277 911
2278 0
2278 1600
2278 536
2278 700
2278 14
2279 0
2279 3
2279 5
2279 1446
2279 445
2280 32
2280 2
2280 728
2280 1005
2280 718
2281 3
2281 6
2281 439
2281 11
2281 2155
2282 257
2282 133
2282 217
2282 1818
2282 12
2284 0
2284 435
2284 165
2284 1529
2284 31
2285 0
2285 2
2285 182
2285 41
2285 29
2286 320
2286 53
2286 41
2286 12
2286 526
2287 5
2287 1879
2287 103
2287 636
2287 31
2288 4
2288 37
2288 86
2288 2104
2288 680
2289 0
2289 1601
2289 536
2289 43
2289 557
2290 2
2290 66
2290 438
2290 1278
2290 31
2291 32
2291 753
2291 1
2291 2
2291 12
2292 1792
2292 3
2292 6
2292 75
2292 31
2293 1
2293 86
2293 9
2293 1500
2293 126
2295 2
2295 525
2295 447
2295 591
2295 31
2296 3
2296 183
2296 922
2296 202
2296 1340
2297 625
2297 17
2297 691
2297 9
2297 303
2298 16
2298 1
2298 1618
2298 3
2298 5
2299 0
2299 139
2299 123
2299 525
2299 495
2300 2
2300 275
2300 1110
2300 472
2300 1467
2301 17
2301 24
2301 2138
2301 31
2301 95
2302 3
2302 1925
2302 88
2302 650
2302 331
2304 1
2304 2
2304 3
2304 5
2304 455
2305 2
2305 678
2305 87
2305 39
2305 31
2306 531
2306 68
2306 69
2306 5
2306 9
2307 1944
2307 40
2307 28
2307 236
2307 1390
2308 0
2308 113
2308 630
2308 9
2308 29
2309 1140
2309 6
2309 55
2309 12
2309 1854
2310 1092
2310 4
2310 1465
2310 2123
2310 29
2312 0
2312 832
2312 1
2312 2
2312 157
2314 0
2314 400
2314 1765
2314 151
2314 31
2315 51
2315 580
2315 1640
2315 40
2315 9
2316 2
2316 36
2316 6
2316 746
2316 91
2317 0
2317 1442
2317 103
2317 523
2317 363
2318 1542
2318 1321
2318 633
2318 139
2318 62
2319 416
2319 436
2319 8
2319 90
2319 14
2320 176
2320 2
2320 186
2320 1258
2320 669
2321 144
2321 1442
2321 6
2321 279
2321 31
2322 0
2322 68
2322 375
2322 57
2322 43
2323 0
2323 320
2323 4
2323 24
2323 248
2324 4
2324 68
2324 119
2324 506
2324 60
2325 100
2325 4
2325 344
2325 1677
2325 95
2326 1
2326 6
2326 88
2326 458
2326 29
2327 1062
2327 8
2327 25
2327 393
2327 14
2328 2
2328 5
2328 1833
2328 10
2328 31
2329 80
2329 3
2329 359
2329 24
2329 296
2330 288
2330 4
2330 1574
2330 858
2330 29
2331 0
2331 1
2331 290
2331 14
2331 31
2332 466
2332 21
2332 1610
2332 107
2332 1709
2333 481
2333 321
2333 21
2333 5
2333 8
2334 0
2334 532
2334 1957
2334 22
2334 57
2335 981
2335 536
2335 73
2335 1867
2335 75
2336 1637
2336 25
2336 10
2336 314
2336 749
2337 0
2337 21
2337 5
2337 2264
2337 237
2338 4
2338 21
2338 198
2338 10
2338 1212
2339 0
2339 64
2339 1120
2339 2
2339 86
2340 96
2340 4
2340 103
2340 88
2340 12
2341 0
2341 993
2341 4
2341 21
2341 8
2342 80
2342 1
2342 2
2342 548
2342 982
2343 24
2343 107
2343 11
2343 2332
2343 158
2344 2
2344 180
2344 21
2344 1334
2344 441
2346 0
2346 3
2346 4
2346 105
2346 12
2347 80
2347 5
2347 379
2347 2203
2347 79
2348 0
2348 1059
2348 3
2348 500
2348 829
2350 897
2350 21
2350 73
2350 380
2350 142
2351 450
2351 180
2351 8
2351 40
2351 2283
2352 0
2352 1
2352 2
2352 914
2352 859
2353 1
2353 2
2353 4
2353 1610
2353 523
2354 2
2354 258
2354 19
2354 6
2354 124
2355 0
2355 1204
2355 4
2355 73
2355 31
2356 0
2356 1
2356 115
2356 108
2356 383
2357 1
2357 6
2357 8
2357 200
2357 1245
2358 80
2358 721
2358 532
2358 4
2358 839
2360 208
2360 32
2360 226
2360 131
2360 1543
2361 1377
2361 2
2361 4
2361 6
2361 239
2362 179
2362 677
2362 741
2362 21
2362 2074
2363 5
2363 1030
2363 7
2363 8
2363 14
2364 97
2364 179
2364 6
2364 40
2364 8
2365 0
2365 131
2365 213
2365 59
2365 588
2366 1
2366 5
2366 935
2366 103
2366 8
2367 64
2367 2289
2367 662
2367 40
2367 333
2368 0
2368 625
2368 1
2368 3
2368 628
2369 1
2369 675
2369 197
2369 651
2369 238
2370 1
2370 21
2370 6
2370 38
2370 56
2371 2
2371 34
2371 275
2371 36
2371 21
2372 89
2372 635
2372 12
2372 92
2372 13
2373 1
2373 230
2373 1687
2373 1308
2373 12
2374 0
2374 3
2374 579
2374 13
2374 670
2375 3
2375 1317
2375 6
2375 600
2375 1209
2376 1744
2376 4
2376 905
2376 185
2376 203
2378 1
2378 981
2378 198
2378 173
2378 383
2379 64
2379 5
2379 6
2379 103
2379 119
2380 0
2380 480
2380 1
2380 964
2380 40
2381 16
2381 241
2381 337
2381 1502
2381 143
2382 32
2382 753
2382 2
2382 1759
2382 31
2383 3
2383 4
2383 53
2383 12
2383 254
2384 0
2384 1
2384 451
2384 5
2384 1545
2385 2294
2385 10
2385 122
2385 59
2385 14
2386 0
2386 1173
2386 6
2386 8
2386 90
2387 36
2387 53
2387 150
2387 390
2387 8
2388 1
2388 1810
2388 103
2388 59
2388 31
2390 0
2390 22
2390 75
2390 155
2390 63
2391 0
2391 8
2391 9
2391 283
2391 1567
2392 112
2392 84
2392 53
2392 21
2392 222
2393 69
2393 103
2393 8
2393 59
2393 173
2394 1
2394 727
2394 824
2394 94
2394 95
2395 82
2395 532
2395 298
2395 399
2395 47
2396 353
2396 6
2396 23
2396 2266
2396 12
2397 36
2397 6
2397 440
2397 27
2397 1775
2398 1
2398 115
2398 38
2398 200
2398 361
2399 0
2399 132
2399 374
2399 55
2399 59
2400 179
2400 823
2400 41
2400 1465
2400 170
2401 0
2401 3
2401 935
2401 10
2401 1261
2402 0
2402 533
2402 1110
2402 8
2402 11
2403 2
2403 3
2403 217
2403 43
2403 11
2404 994
2404 195
2404 4
2404 53
2404 554
2405 54
2405 230
2405 2042
2405 1788
2405 415
2407 16
2407 1126
2407 488
2407 1162
2407 622
2408 5
2408 469
2408 6
2408 105
2408 25
2409 177
2409 930
2409 36
2409 24
2409 344
2410 0
2410 64
2410 2
2410 6
2410 7
2411 193
2411 2
2411 532
2411 24
2411 349
2412 1090
2412 5
2412 8
2412 187
2412 461
2413 0
2413 2019
2413 156
2413 14
2413 1375
2414 51
2414 933
2414 1879
2414 24
2414 13
2415 4
2415 532
2415 36
2415 8
2415 953
2416 1
2416 529
2416 4
2416 761
2416 90
2417 96
2417 881
2417 38
2417 379
2417 31
2418 2
2418 5
2418 471
2418 8
2418 1087
2419 2
2419 1206
2419 361
2419 10
2419 29
2420 2
2420 4
2420 1655
2420 9
2420 219
2422 2
2422 21
2422 1685
2422 6
2422 183
2423 32
2423 66
2423 1124
2423 8
2423 14
2424 753
2424 564
2424 5
2424 394
2424 523
2425 4
2425 1348
2425 6
2425 186
2425 74
2426 131
2426 580
2426 5
2426 6
2426 2175
2427 388
2427 36
2427 5
2427 39
2427 139
2428 1940
2428 677
2428 7
2428 2364
2428 334
2429 64
2429 1443
2429 6
2429 40
2429 29
2430 66
2430 6
2430 11
2430 875
2430 1198
2431 32
2431 65
2431 3
2431 36
2431 4
2432 32
2432 1
2432 68
2432 170
2432 14
2433 1
2433 2
2433 5
2433 8
2433 333
2434 1232
2434 1
2434 51
2434 12
2434 31
2435 337
2435 1
2435 3
2435 548
2435 75
2436 115
2436 3
2436 4
2436 6
2436 638
2438 0
2438 103
2438 2233
2438 27
2438 12
2439 292
2439 133
2439 73
2439 442
2439 955
2440 1
2440 21
2440 855
2440 445
2440 13
2441 0
2441 2
2441 21
2441 9
2441 761
2442 177
2442 1
2442 2
2442 56
2442 13
2443 2
2443 55
2443 1352
2443 233
2443 253
2444 2128
2444 2
2444 3
2444 217
2444 874
2445 2
2445 931
2445 40
2445 716
2445 1151
2446 401
2446 194
2446 36
2446 37
2446 124
2447 0
2447 67
2447 407
2447 103
2447 31
2448 2
2448 21
2448 5
2448 89
2448 1454
2449 259
2449 3
2449 1145
2449 10
2449 27
2450 0
2450 1
2450 34
2450 2195
2450 1199
2451 0
2451 179
2451 5
2451 38
2451 8
2452 0
2452 32
2452 433
2452 185
2452 495
2453 1
2453 66
2453 51
2453 12
2453 2125
2454 3
2454 4
2454 694
2454 1660
2454 126
2455 197
2455 73
2455 10
2455 142
2455 351
2456 370
2456 2
2456 68
2456 1495
2456 105
2459 944
2459 88
2459 185
2459 925
2459 751
2460 1
2460 3
2460 9
2460 75
2460 444
2461 1
2461 371
2461 580
2461 345
2461 1563
2462 1923
2462 6
2462 103
2462 1212
2462 47
2463 21
2463 23
2463 776
2463 138
2463 859
2464 2
2464 3
2464 8
2464 395
2464 670
2465 2
2465 4
2465 21
2465 6
2465 120
2466 128
2466 3
2466 4
2466 6
2466 253
2467 0
2467 4
2467 568
2467 953
2467 506
2468 16
2468 0
2468 17
2468 8
2468 492
2469 320
2469 1057
2469 24
2469 249
2469 14
2470 1
2470 3
2470 1623
2470 9
2470 2025
2471 0
2471 1
2471 2
2471 6
2471 27
2472 32
2472 2
2472 3
2472 195
2472 1260
2473 2
2473 2338
2473 646
2473 2439
2473 12
2474 0
2474 1
2474 2
2474 3
2474 647
2475 464
2475 55
2475 24
2475 12
2475 733
2476 2
2476 5
2476 22
2476 6
2476 702
2477 160
2477 2
2477 6
2477 287
2477 31
2478 0
2478 401
2478 259
2478 1030
2478 45
2479 64
2479 0
2479 177
2479 6
2479 922
2480 197
2480 2118
2480 424
2480 25
2480 74
2481 320
2481 2
2481 450
2481 357
2481 1103
2482 209
2482 66
2482 9
2482 14
2482 31
2483 0
2483 1
2483 3
2483 4
2483 103
2484 5
2484 236
2484 2477
2484 2270
2484 47
2485 0
2485 3
2485 1193
2485 638
2485 831
2486 97
2486 3
2486 8
2486 25
2486 1502
2487 2
2487 147
2487 4
2487 412
2487 716
2488 1650
2488 2
2488 552
2488 1033
2488 12
2489 0
2489 320
2489 177
2489 6
2489 478
2490 3
2490 2135
2490 427
2490 1387
2490 175
2492 882
2492 116
2492 6
2492 59
2492 187
2493 80
2493 0
2493 531
2493 103
2493 9
2494 1
2494 2404
2494 25
2494 282
2494 31
2495 0
2495 1
2495 683
2495 13
2495 383
2497 673
2497 4
2497 21
2497 43
2497 31
2498 1
2498 6
2498 124
2498 334
2498 31
2499 115
2499 4
2499 11
2499 172
2499 12
2500 146
2500 2
2500 1042
2500 53
2500 1343
2501 64
2501 80
2501 3
2501 868
2501 14
2502 881
2502 3
2502 180
2502 8
2502 13
2503 320
2503 290
2503 6
2503 494
2503 62
2504 1
2504 2
2504 4
2504 21
2504 910
2505 290
2505 1442
2505 152
2505 175
2505 831
2506 34
2506 3
2506 5
2506 554
2506 140
2507 288
2507 1862
2507 40
2507 89
2507 121
2508 6
2508 103
2508 121
2508 170
2508 47
2509 1840
2509 370
2509 36
2509 73
2509 43
2510 17
2510 275
2510 8
2510 523
2510 463
2511 32
2511 1
2511 2081
2511 54
2511 2461
2512 2
2512 548
2512 5
2512 327
2512 1823
2513 544
2513 5
2513 1030
2513 8
2513 29
2514 0
2514 210
2514 3
2514 21
2514 9
2515 0
2515 385
2515 4
2515 21
2515 53
2516 0
2516 1
2516 2
2516 5
2516 1822
2517 259
2517 4
2517 54
2517 715
2517 1885
2518 0
2518 1056
2518 1
2518 3
2518 5
2519 50
2519 180
2519 5
2519 8
2519 140
2520 1
2520 4
2520 6
2520 10
2520 158
2521 33
2521 2
2521 7
2521 344
2521 14
2522 0
2522 592
2522 2
2522 3
2522 542
2523 1
2523 34
2523 710
2523 9
2523 1210
2524 3
2524 358
2524 395
2524 379
2524 700
2525 0
2525 68
2525 1689
2525 1500
2525 95
2526 419
2526 133
2526 103
2526 12
2526 1294
2527 226
2527 275
2527 1827
2527 3
2527 623
2528 80
2528 1218
2528 340
2528 6
2528 86
2529 0
2529 1
2529 50
2529 21
2529 2138
2530 19
2530 131
2530 51
2530 1209
2530 2476
2531 80
2531 3
2531 58
2531 155
2531 1374
2532 512
2532 3
2532 24
2532 43
2532 541
2533 3
2533 6
2533 568
2533 2187
2533 31
2534 337
2534 81
2534 370
2534 197
2534 807
2536 64
2536 3
2536 200
2536 1004
2536 285
2537 2
2537 5
2537 1687
2537 136
2537 1439
2538 1
2538 3
2538 21
2538 12
2538 285
2539 241
2539 436
2539 23
2539 779
2539 187
2540 2
2540 259
2540 21
2540 8
2540 12
2541 8
2541 472
2541 859
2541 45
2541 14
2542 4
2542 20
2542 2244
2542 118
2542 1407
2543 5
2543 1209
2543 330
2543 1660
2543 31
2544 454
2544 1241
2544 27
2544 2268
2544 143
2545 64
2545 992
2545 1
2545 4
2545 6
2546 1622
2546 441
2546 89
2546 9
2546 1340
2547 2
2547 6
2547 124
2547 989
2547 29
2548 640
2548 113
2548 3
2548 4
2548 632
2549 144
2549 23
2549 12
2549 14
2549 158
2550 1217
2550 2
2550 3
2550 4
2550 5
2551 593
2551 1687
2551 1752
2551 185
2551 143
2553 32
2553 2307
2553 804
2553 5
2553 74
2554 1
2554 8
2554 104
2554 701
2554 14
2555 19
2555 1124
2555 6
2555 103
2555 1672
2556 245
2556 11
2556 1739
2556 1628
2556 1518
2557 1
2557 3
2557 1076
2557 44
2557 12
2558 0
2558 2
2558 24
2558 2090
2558 59
2559 1472
2559 450
2559 114
2559 1047
2559 89
2560 17
2560 3
2560 836
2560 5
2560 382
2561 480
2561 3
2561 51
2561 5
2561 197
2562 144
2562 275
2562 4
2562 22
2562 30
2563 50
2563 4
2563 1046
2563 1262
2563 1343
2565 576
2565 1
2565 438
2565 59
2565 317
2566 1
2566 2
2566 3
2566 212
2566 542
2567 3
2567 115
2567 5
2567 2138
2567 749
2568 0
2568 3
2568 23
2568 9
2568 12
2569 80
2569 672
2569 25
2569 12
2569 444
2570 0
2570 68
2570 5
2570 26
2570 287
2571 64
2571 1889
2571 34
2571 1449
2571 14
2572 752
2572 1
2572 321
2572 121
2572 153
2573 64
2573 320
2573 4
2573 6
2573 8
2574 241
2574 371
2574 3
2574 5
2574 109
2575 2
2575 3
2575 1335
2575 25
2575 733
2576 33
2576 2
2576 9
2576 122
2576 1419
2577 580
2577 1978
2577 906
2577 13
2577 14
2579 1376
2579 2
2579 4
2579 27
2579 1836
2580 21
2580 8
2580 138
2580 444
2580 2159
2581 2
2581 709
2581 1525
2581 55
2581 23
2582 132
2582 294
2582 298
2582 667
2582 12
2583 5
2583 1398
2583 27
2583 43
2583 2155
2584 32
2584 3
2584 21
2584 10
2584 59
2585 0
2585 1187
2585 515
2585 915
2585 393
2586 0
2586 1
2586 1890
2586 1811
2586 239
2587 3
2587 99
2587 103
2587 107
2587 12
2588 1
2588 1092
2588 1460
2588 5
2588 102
2589 1681
2589 2
2589 388
2589 4
2589 734
2590 128
2590 1
2590 197
2590 6
2590 14
2591 1875
2591 179
2591 373
2591 21
2591 8
2592 36
2592 5
2592 6
2592 13
2592 142
2593 2
2593 4
2593 726
2593 9
2593 412
2594 83
2594 694
2594 1430
2594 2519
2594 11
2595 2
2595 43
2595 140
2595 13
2595 46
2596 0
2596 2
2596 259
2596 8
2596 2270
2597 742
2597 298
2597 75
2597 1439
2597 1407
2599 64
2599 3
2599 371
2599 10
2599 31
2600 81
2600 6
2600 103
2600 2154
2600 59
2601 740
2601 4
2601 2567
2601 953
2601 11
2602 1924
2602 393
2602 10
2602 2255
2602 31
2603 290
2603 38
2603 522
2603 1692
2603 284
2604 2016
2604 64
2604 241
2604 93
2604 62
2605 1680
2605 1
2605 2
2605 727
2605 2350
2606 57
2606 459
2606 2220
2606 142
2606 31
2607 98
2607 146
2607 21
2607 90
2607 124
2609 80
2609 16
2609 1441
2609 21
2609 2139
2610 16
2610 3
2610 36
2610 5
2610 107
2611 16
2611 3
2611 21
2611 8
2611 575
2612 1
2612 3
2612 4
2612 5
2612 75
2613 4
2613 5
2613 217
2613 619
2613 14
2614 0
2614 1
2614 183
2614 8
2614 2394
2615 2
2615 6
2615 471
2615 1768
2615 31
2616 2
2616 1203
2616 204
2616 29
2616 2015
2618 1504
2618 1
2618 2377
2618 43
2618 12
2619 274
2619 3
2619 53
2619 359
2619 12
2620 241
2620 2
2620 21
2620 142
2620 31
2621 672
2621 2
2621 4
2621 23
2621 14
2622 979
2622 167
2622 24
2622 412
2622 1085
2623 16
2623 1
2623 753
2623 3
2623 367
2624 1521
2624 321
2624 4
2624 1836
2624 124
2625 16
2625 0
2625 50
2625 218
2625 2028
2626 1456
2626 6
2626 1083
2626 139
2626 30
2627 3
2627 4
2627 138
2627 1244
2627 31
2628 5
2628 119
2628 40
2628 361
2628 159
2629 1
2629 129
2629 388
2629 859
2629 2412
2630 1168
2630 4
2630 86
2630 24
2630 88
2631 0
2631 720
2631 36
2631 24
2631 2408
2632 0
2632 930
2632 916
2632 58
2632 2268
2633 32
2633 1
2633 85
2633 198
2633 758
2634 0
2634 849
2634 1126
2634 6
2634 492
2635 0
2635 2
2635 19
2635 8
2635 121
2636 0
2636 36
2636 9
2636 11
2636 59
2637 259
2637 136
2637 250
2637 12
2637 62
2639 2
2639 850
2639 3
2639 2085
2639 55
2640 379
2640 27
2640 235
2640 14
2640 1871
2641 976
2641 3
2641 1144
2641 10
2641 31
2642 1601
2642 36
2642 87
2642 791
2642 2479
2643 1
2643 2
2643 803
2643 12
2643 44
2644 5
2644 1144
2644 27
2644 173
2644 47
2645 1
2645 99
2645 5
2645 393
2645 31
2646 3
2646 21
2646 9
2646 1610
2646 31
2647 1232
2647 4
2647 1173
2647 1751
2647 12
2648 0
2648 241
2648 1015
2648 8
2648 60
2649 961
2649 243
2649 53
2649 10
2649 12
2650 5
2650 86
2650 2632
2650 393
2650 233
2651 1842
2651 2
2651 1209
2651 250
2651 1631
2652 16
2652 1
2652 6
2652 233
2652 187
2653 177
2653 227
2653 3
2653 38
2653 1818
2654 179
2654 55
2654 23
2654 43
2654 1326
2655 113
2655 4
2655 10
2655 1500
2655 31
2656 99
2656 1203
2656 136
2656 1018
2656 12
2657 2
2657 68
2657 1591
2657 105
2657 2057
2658 227
2658 5
2658 6
2658 23
2658 9
2659 0
2659 1
2659 1927
2659 252
2659 13
2660 16
2660 17
2660 1
2660 5
2660 152
2661 67
2661 4
2661 133
2661 90
2661 45
2662 530
2662 3
2662 89
2662 1737
2662 31
2663 17
2663 114
2663 2
2663 70
2663 840
2664 2
2664 2275
2664 1494
2664 201
2664 1391
2665 3
2665 37
2665 6
2665 24
2665 29
2666 370
2666 34
2666 297
2666 653
2666 158
2667 1668
2667 54
2667 953
2667 203
2667 831
2668 1
2668 625
2668 1890
2668 1166
2668 31
2670 16
2670 916
2670 1159
2670 200
2670 395
2671 2641
2671 82
2671 6
2671 873
2671 2541
2672 656
2672 336
2672 4
2672 8
2672 2121
2673 50
2673 275
2673 6
2673 24
2673 31
2674 128
2674 4
2674 5
2674 73
2674 1709
2675 0
2675 9
2675 906
2675 10
2675 47
2676 2
2676 899
2676 4
2676 69
2676 282
2677 4
2677 1719
2677 475
2677 2284
2677 1390
2678 1
2678 3
2678 630
2678 1418
2678 1262
2679 1
2679 2
2679 4
2679 6
2679 936
2680 241
2680 625
2680 198
2680 343
2680 12
2681 1041
2681 1922
2681 4
2681 103
2681 88
2682 1
2682 34
2682 5
2682 40
2682 26
2683 32
2683 2674
2683 6
2683 1498
2683 31
2684 2208
2684 2
2684 1110
2684 875
2684 509
2685 16
2685 195
2685 3
2685 37
2685 104
2686 1
2686 258
2686 8
2686 170
2686 411
2687 2
2687 6
2687 24
2687 345
2687 235
2688 16
2688 1
2688 506
2688 2364
2688 111
2689 64
2689 2
2689 8
2689 1676
2689 111
2690 0
2690 1154
2690 37
2690 758
2690 124
2691 16
2691 982
2691 1303
2691 2601
2691 142
2692 2307
2692 3
2692 5
2692 951
2692 41
2693 1
2693 67
2693 59
2693 1324
2693 1166
2694 2
2694 4
2694 186
2694 749
2694 175
2695 2
2695 1899
2695 1260
2695 12
2695 2271
2696 32
2696 3
2696 21
2696 262
2696 31
2697 2
2697 51
2697 5
2697 12
2697 111
2698 34
2698 4
2698 2632
2698 1896
2698 9
2699 179
2699 232
2699 217
2699 58
2699 14
2701 2
2701 3
2701 2036
2701 1044
2701 910
2702 2036
2702 43
2702 317
2702 94
2702 31
2703 432
2703 1
2703 8
2703 9
2703 937
2704 0
2704 1
2704 5
2704 1262
2704 47
2707 834
2707 3
2707 708
2707 5
2707 57
2708 1
2708 2
2708 867
2708 872
2708 1880
2709 0
2709 2258
2709 2548
2709 11
2709 523
2710 305
2710 17
2710 2
2710 1338
2710 14
2711 0
2711 5
2711 6
2711 8
2711 248
2712 32
2712 1
2712 21
2712 6
2712 1690
2713 672
2713 4
2713 5
2713 395
2713 478
2714 106
2714 874
2714 298
2714 379
2714 1679
2715 800
2715 16
2715 0
2715 200
2715 395
2716 0
2716 16
2716 1
2716 2
2716 3
2717 1712
2717 2343
2717 8
2717 1258
2717 1709
2718 64
2718 16
2718 131
2718 5
2718 6
2719 1
2719 1473
2719 402
2719 29
2719 575
2720 2498
2720 2
2720 180
2720 1493
2720 61
2721 0
2721 211
2721 53
2721 700
2721 31
2722 16
2722 403
2722 115
2722 1781
2722 175
2723 1411
2723 115
2723 1924
2723 2476
2723 158
2724 516
2724 389
2724 37
2724 1976
2724 10
2725 0
2725 51
2725 21
2725 471
2725 12
2726 0
2726 199
2726 506
2726 2331
2726 45
2727 1
2727 17
2727 194
2727 5
2727 633
2728 1760
2728 2
2728 742
2728 183
2728 1367
2729 3
2729 772
2729 13
2729 653
2729 1359
2730 0
2730 4
2730 116
2730 1258
2730 31
2731 16
2731 0
2731 2
2731 279
2731 103
2732 0
2732 177
2732 9
2732 59
2732 989
2733 321
2733 5
2733 2233
2733 90
2733 2154
2734 256
2734 1
2734 1027
2734 165
2734 540
2735 16
2735 0
2735 5
2735 6
2735 734
2736 2
2736 345
2736 349
2736 1854
2736 399
2737 144
2737 324
2737 1125
2737 24
2737 41
2738 144
2738 0
2738 1216
2738 875
2738 29
2739 2
2739 6
2739 1689
2739 140
2739 701
2740 192
2740 193
2740 3
2740 523
2740 140
2741 1
2741 25
2741 2105
2741 11
2741 478
2742 0
2742 1219
2742 4
2742 726
2742 6
2743 0
2743 1162
2743 237
2743 494
2743 31
2744 51
2744 9
2744 205
2744 638
2744 31
2745 515
2745 1428
2745 469
2745 1610
2745 29
2746 160
2746 1
2746 19
2746 89
2746 11
2748 1376
2748 3
2748 5
2748 6
2748 831
2749 2
2749 3
2749 68
2749 1605
2749 105
2750 80
2750 176
2750 34
2750 6
2750 23
2751 0
2751 5
2751 231
2751 2364
2751 2573
2752 371
2752 4
2752 410
2752 59
2752 12
2754 1
2754 3
2754 150
2754 10
2754 47
2756 338
2756 3
2756 1255
2756 8
2756 1726
2757 34
2757 19
2757 5
2757 12
2757 47
2759 2752
2759 1
2759 67
2759 62
2759 1679
2760 3
2760 1094
2760 6
2760 136
2760 124
2761 5
2761 6
2761 505
2761 1053
2761 13
2762 2016
2762 4
2762 103
2762 9
2762 13
2763 67
2763 9
2763 346
2763 43
2763 27
2764 1
2764 980
2764 213
2764 10
2764 191
2765 4
2765 21
2765 103
2765 24
2765 458
2766 5
2766 23
2766 40
2766 8
2766 124
2767 16
2767 3
2767 2403
2767 132
2767 8
2768 4
2768 2597
2768 8
2768 219
2768 174
2769 404
2769 6
2769 295
2769 30
2769 31
2770 0
2770 530
2770 3
2770 8
2770 170
2771 1680
2771 2578
2771 4
2771 331
2771 1340
2772 0
2772 1
2772 6
2772 298
2772 478
2773 16
2773 0
2773 2
2773 536
2773 158
2774 930
2774 23
2774 266
2774 12
2774 31
2775 1057
2775 21
2775 53
2775 105
2775 43
2776 32
2776 2
2776 5
2776 279
2776 87
2777 2
2777 580
2777 136
2777 248
2777 1884
2778 772
2778 119
2778 10
2778 92
2778 14
2779 0
2779 116
2779 5
2779 6
2779 10
2780 2594
2780 34
2780 439
2780 217
2780 798
2781 2
2781 4
2781 12
2781 893
2781 158
2782 0
2782 1491
2782 115
2782 4
2782 11
2783 1680
2783 1396
2783 167
2783 217
2783 59
2784 419
2784 6
2784 232
2784 43
2784 47
2785 2048
2785 33
2785 1284
2785 4
2785 599
2786 2
2786 3
2786 852
2786 6
2786 103
2787 1508
2787 153
2787 59
2787 1947
2787 2108
2788 1906
2788 532
2788 4
2788 102
2788 8
2789 1904
2789 1
2789 99
2789 972
2789 2012
2790 32
2790 2
2790 24
2790 91
2790 62
2791 193
2791 532
2791 24
2791 11
2791 1132
2792 0
2792 1092
2792 5
2792 12
2792 1199
2793 337
2793 2594
2793 8
2793 987
2793 654
2794 1
2794 3
2794 8
2794 24
2794 1758
2796 2
2796 3
2796 1479
2796 2248
2796 2687
2797 53
2797 103
2797 55
2797 138
2797 2541
2798 16
2798 1
2798 1316
2798 5
2798 766
2799 195
2799 5
2799 8
2799 187
2799 798
2800 0
2800 1636
2800 2038
2800 183
2800 10
2801 3
2801 36
2801 4
2801 8
2801 1742
2802 209
2802 2
2802 3
2802 425
2802 1835
2803 182
2803 38
2803 6
2803 845
2803 1199
2804 3
2804 1796
2804 23
2804 9
2804 414
2805 53
2805 1399
2805 92
2805 367
2805 31
2806 5
2806 86
2806 121
2806 91
2806 2015
2807 80
2807 985
2807 13
2807 1198
2807 239
2808 103
2808 8
2808 139
2808 59
2808 12
2809 112
2809 4
2809 373
2809 6
2809 12
2810 128
2810 834
2810 1810
2810 2
2810 6
2811 384
2811 20
2811 24
2811 205
2811 31
2812 4
2812 261
2812 5
2812 21
2812 89
2813 741
2813 6
2813 8
2813 698
2813 12
2814 3
2814 1333
2814 6
2814 24
2814 31
2816 5
2816 2133
2816 40
2816 170
2816 1179
2817 0
2817 727
2817 968
2817 1420
2817 334
2818 658
2818 1812
2818 2618
2818 283
2818 174
2819 258
2819 2693
2819 6
2819 27
2819 383
2820 96
2820 3
2820 5
2820 8
2820 14
2821 1232
2821 1304
2821 1640
2821 568
2821 1228
2822 2
2822 1685
2822 53
2822 12
2822 31
2823 51
2823 8
2823 27
2823 1404
2823 13
2824 1712
2824 1
2824 1779
2824 37
2824 397
2825 33
2825 21
2825 1750
2825 74
2825 331
2826 68
2826 1687
2826 1516
2826 2413
2826 975
2827 1779
2827 2116
2827 4
2827 166
2827 9
2828 2
2828 5
2828 621
2828 605
2828 31
2829 0
2829 80
2829 4
2829 1591
2829 1503
2830 0
2830 708
2830 36
2830 5
2830 47
2831 561
2831 3
2831 4
2831 925
2831 29
2832 128
2832 1985
2832 1460
2832 5
2832 133
2833 1920
2833 6
2833 840
2833 1292
2833 77
2834 0
2834 1893
2834 109
2834 1167
2834 31
2835 945
2835 2
2835 115
2835 2490
2835 1167
2836 21
2836 8
2836 921
2836 75
2836 14
2837 1201
2837 450
2837 532
2837 685
2837 1166
2838 2423
2838 536
2838 170
2838 2028
2838 223
2839 1
2839 2
2839 8
2839 185
2839 1502
2840 24
2840 25
2840 59
2840 13
2840 14
2841 32
2841 53
2841 887
2841 955
2841 1615
2842 320
2842 19
2842 280
2842 220
2842 14
2845 0
2845 1
2845 710
2845 186
2845 141
2846 756
2846 823
2846 939
2846 1005
2846 2542
2847 64
2847 2
2847 1803
2847 1163
2847 927
2848 274
2848 2
2848 82
2848 1893
2848 1589
2849 2752
2849 0
2849 2177
2849 6
2849 167
2851 593
2851 2786
2851 21
2851 1134
2851 1199
2852 177
2852 1219
2852 101
2852 6
2852 232
2853 0
2853 1411
2853 756
2853 5
2853 12
2854 320
2854 2168
2854 9
2854 267
2854 14
2855 4
2855 84
2855 197
2855 5
2855 8
2856 580
2856 2086
2856 39
2856 2344
2856 8
2857 131
2857 1976
2857 8
2857 733
2857 29
2858 722
2858 5
2858 29
2858 14
2858 31
2859 36
2859 184
2859 187
2859 333
2859 31
2860 1
2860 166
2860 462
2860 31
2860 735
2861 114
2861 2
2861 1827
2861 38
2861 12
2862 885
2862 1321
2862 233
2862 12
2862 30
2863 273
2863 4
2863 22
2863 475
2863 1212
2864 96
2864 0
2864 53
2864 199
2864 9
2866 64
2866 1
2866 1827
2866 197
2866 158
2867 2
2867 6
2867 199
2867 9
2867 975
2868 1252
2868 119
2868 29
2868 829
2868 142
2869 3
2869 86
2869 183
2869 297
2869 109
2870 3
2870 4
2870 1541
2870 2759
2870 1241
2871 84
2871 2852
2871 6
2871 23
2871 764
2872 80
2872 3
2872 259
2872 836
2872 695
2873 3
2873 1412
2873 6
2873 264
2873 72
2874 0
2874 112
2874 4
2874 217
2874 475
2875 0
2875 3
2875 22
2875 89
2875 587
2876 192
2876 1
2876 193
2876 4
2876 12
2877 1
2877 2
2877 36
2877 43
2877 863
2878 1
2878 697
2878 91
2878 93
2878 975
2879 452
2879 103
2879 903
2879 11
2879 2478
2880 183
2880 8
2880 56
2880 349
2880 31
2881 1920
2881 33
2881 370
2881 647
2881 59
2883 242
2883 66
2883 5
2883 2023
2883 47
2884 0
2884 1
2884 2
2884 147
2884 39
2885 0
2885 1
2885 475
2885 31
2885 351
2886 80
2886 1
2886 75
2886 158
2886 2318
2887 112
2887 4
2887 197
2887 1464
2887 14
2888 404
2888 8
2888 344
2888 43
2888 239
2889 2
2889 3
2889 740
2889 41
2889 11
2890 36
2890 647
2890 680
2890 62
2890 286
2891 1
2891 34
2891 5
2891 105
2891 12
2892 1
2892 1188
2892 4
2892 9
2892 12
2893 209
2893 1
2893 6
2893 103
2893 2281
2894 1504
2894 2
2894 2338
2894 1234
2894 135
2895 3
2895 823
2895 1048
2895 8
2895 463
2896 1552
2896 3
2896 427
2896 12
2896 143
2897 0
2897 1543
2897 1132
2897 30
2897 2478
2898 0
2898 321
2898 133
2898 6
2898 87
2899 0
2899 16
2899 1
2899 3
2899 4
2900 1520
2900 1
2900 658
2900 119
2900 361
2901 1621
2901 5
2901 8
2901 11
2901 1359
2902 64
2902 1
2902 267
2902 1708
2902 2015
2903 1220
2903 5
2903 53
2903 285
2903 14
2904 80
2904 3
2904 774
2904 2153
2904 12
2905 3
2905 279
2905 55
2905 568
2905 1759
2906 3
2906 532
2906 136
2906 8
2906 1660
2907 1
2907 598
2907 1639
2907 1113
2907 1119
2908 3
2908 132
2908 6
2908 1574
2908 2358
2910 257
2910 1569
2910 5
2910 9
2910 571
2911 340
2911 661
2911 5
2911 8
2911 14
2912 80
2912 0
2912 1
2912 36
2912 1144
2913 2
2913 984
2913 9
2913 1690
2913 10
2914 102
2914 471
2914 23
2914 42
2914 526
2915 3
2915 548
2915 933
2915 103
2915 8
2916 34
2916 4
2916 555
2916 140
2916 910
2917 0
2917 2
2917 371
2917 186
2917 1885
2919 532
2919 22
2919 6
2919 91
2919 2350
2920 5
2920 568
2920 427
2920 174
2920 367
2921 65
2921 1
2921 5
2921 23
2921 2090
2922 1424
2922 1410
2922 1493
2922 41
2922 187
2923 2
2923 67
2923 694
2923 6
2923 1626
2924 0
2924 241
2924 4
2924 8
2924 349
2925 16
2925 0
2925 275
2925 6
2925 13
2926 0
2926 2
2926 4
2926 218
2926 1676
2927 1
2927 66
2927 567
2927 8
2927 2140
2928 3
2928 19
2928 740
2928 24
2928 237
2929 81
2929 5
2929 1382
2929 24
2929 31
2930 3
2930 6
2930 823
2930 344
2930 1737
2931 2
2931 22
2931 103
2931 551
2931 1626
2933 0
2933 21
2933 10
2933 1132
2933 557
2934 1057
2934 6
2934 1258
2934 796
2934 61
2936 1
2936 450
2936 4
2936 407
2936 47
2937 0
2937 1
2937 2
2937 21
2937 1338
2938 120
2938 122
2938 253
2938 2413
2938 143
2939 960
2939 342
2939 568
2939 1723
2939 478
2941 0
2941 563
2941 6
2941 8
2941 873
2942 2258
2942 21
2942 121
2942 43
2942 2828
2943 0
2943 390
2943 23
2943 43
2943 12
2944 32
2944 769
2944 193
2944 1717
2944 1208
2945 340
2945 181
2945 599
2945 24
2945 175
2946 4
2946 21
2946 8
2946 168
2946 137
2947 51
2947 5
2947 9
2947 11
2947 605
2948 0
2948 1
2948 242
2948 1272
2948 60
2949 340
2949 197
2949 86
2949 2474
2949 14
2950 307
2950 6
2950 230
2950 506
2950 1292
2952 32
2952 2
2952 1508
2952 24
2952 554
2953 2
2953 19
2953 102
2953 247
2953 105
2954 5
2954 2231
2954 105
2954 12
2954 142
2955 0
2955 22
2955 39
2955 11
2955 1887
2956 0
2956 677
2956 315
2956 413
2956 687
2957 4
2957 548
2957 887
2957 1178
2957 31
2958 161
2958 1123
2958 57
2958 1082
2958 90
2959 0
2959 17
2959 21
2959 9
2959 1660
2960 720
2960 51
2960 889
2960 12
2960 349
2961 998
2961 8
2961 75
2961 1101
2961 14
2963 3
2963 4
2963 1609
2963 669
2963 29
2964 352
2964 871
2964 1738
2964 14
2964 142
2965 960
2965 2
2965 6
2965 140
2965 141
2966 1
2966 1511
2966 313
2966 557
2966 31
2967 2
2967 852
2967 2596
2967 805
2967 10
2968 64
2968 1057
2968 408
2968 10
2968 1677
2969 0
2969 2578
2969 19
2969 212
2969 831
2970 390
2970 1802
2970 122
2970 29
2970 623
2971 0
2971 1
2971 3
2971 339
2971 155
2972 3
2972 2821
2972 70
2972 172
2972 29
2973 0
2973 2
2973 516
2973 8
2973 1902
2974 960
2974 1121
2974 5
2974 21
2974 6
2975 2
2975 210
2975 5
2975 1768
2975 29
2976 0
2976 21
2976 186
2976 1340
2976 1454
2977 65
2977 3
2977 180
2977 21
2977 5
2978 881
2978 3
2978 9
2978 253
2978 1470
2979 3
2979 90
2979 267
2979 108
2979 12
2980 21
2980 1574
2980 9
2980 2797
2980 222
2981 80
2981 274
2981 197
2981 233
2981 9
2982 0
2982 17
2982 21
2982 107
2982 62
2983 65
2983 2
2983 501
2983 536
2983 9
2984 1
2984 150
2984 6
2984 23
2984 43
2985 3
2985 5
2985 6
2985 9
2985 158
2986 2
2986 195
2986 23
2986 1726
2986 399
2987 672
2987 3
2987 1731
2987 1704
2987 12
2989 80
2989 5
2989 1734
2989 1975
2989 10
2990 2
2990 787
2990 580
2990 21
2990 2105
2991 0
2991 5
2991 709
2991 22
2991 10
2992 115
2992 25
2992 41
2992 10
2992 31
2993 2
2993 837
2993 22
2993 104
2993 219
2994 1
2994 4
2994 2645
2994 5
2994 351
2995 32
2995 81
2995 3
2995 2675
2995 31
2996 54
2996 265
2996 233
2996 1949
2996 782
2997 1924
2997 8
2997 24
2997 845
2997 158
2998 2
2998 10
2998 13
2998 222
2998 63
2999 1
2999 393
2999 89
2999 331
2999 14
3000 1
3000 3
3000 2023
3000 412
3000 12
3001 128
3001 179
3001 307
3001 6
3001 139
3002 2
3002 3
3002 36
3002 1351
3002 1085
3004 3
3004 2246
3004 2140
3004 14
3004 831
3005 1635
3005 4
3005 598
3005 9
3005 59
3006 17
3006 209
3006 4
3006 10
3006 186
3007 1
3007 6
3007 1271
3007 9
3007 31
3008 720
3008 21
3008 86
3008 327
3008 8
3009 64
3009 200
3009 105
3009 12
3009 1005
3011 480
3011 0
3011 38
3011 109
3011 30
3012 1360
3012 1
3012 274
3012 2389
3012 71
3013 3
3013 53
3013 5
3013 103
3013 27
3014 1
3014 2
3014 82
3014 2661
3014 2261
3015 0
3015 913
3015 2424
3015 88
3015 12
3016 2497
3016 4
3016 8
3016 906
3016 158
3017 2
3017 8
3017 491
3017 623
3017 63
3018 33
3018 1348
3018 53
3018 2344
3018 10
3019 53
3019 119
3019 9
3019 1260
3019 14
3020 3
3020 6
3020 953
3020 281
3020 59
3021 1
3021 2
3021 2565
3021 280
3021 59
3022 0
3022 2
3022 4
3022 12
3022 31
3023 705
3023 6
3023 151
3023 1498
3023 383
3024 385
3024 501
3024 805
3024 1077
3024 789
3025 753
3025 66
3025 1284
3025 1749
3025 156
3026 4
3026 21
3026 59
3026 542
3026 575
3027 32
3027 6
3027 12
3027 140
3027 2703
3028 2
3028 3
3028 4
3028 10
3028 75
3029 1140
3029 4
3029 148
3029 88
3029 1068
3030 179
3030 3
3030 21
3030 6
3030 8
3031 113
3031 401
3031 2
3031 250
3031 29
3032 2
3032 51
3032 2246
3032 7
3032 1802
3033 232
3033 8
3033 9
3033 174
3033 31
3034 243
3034 6
3034 393
3034 12
3034 1823
3036 1779
3036 1446
3036 41
3036 187
3036 2015
3037 0
3037 51
3037 3
3037 325
3037 570
3039 561
3039 21
3039 2341
3039 285
3039 238
3040 2195
3040 775
3040 2154
3040 682
3040 1404
3041 1825
3041 84
3041 197
3041 1085
3041 1534
3042 131
3042 38
3042 40
3042 2059
3042 383
3043 1
3043 84
3043 12
3043 29
3043 382
3044 1219
3044 51
3044 340
3044 501
3044 219
3045 177
3045 199
3045 759
3045 24
3045 537
3046 1986
3046 2
3046 772
3046 1284
3046 742
3047 1
3047 2550
3047 103
3047 343
3047 10
3049 112
3049 53
3049 102
3049 763
3049 332
3051 32
3051 2
3051 3
3051 116
3051 140
3052 1
3052 129
3052 1369
3052 91
3052 2318
3053 1538
3053 3
3053 4
3053 89
3053 523
3054 3
3054 90
3054 235
3054 44
3054 14
3055 337
3055 66
3055 1686
3055 919
3055 8
3056 2
3056 181
3056 41
3056 475
3056 1454
3057 0
3057 1
3057 196
3057 185
3057 2539
3058 417
3058 2
3058 133
3058 793
3058 233
3059 80
3059 2720
3059 0
3059 4
3059 124
3060 2
3060 194
3060 840
3060 155
3060 222
3061 128
3061 2
3061 4
3061 6
3061 31
3062 576
3062 2
3062 27
3062 109
3062 158
3063 1504
3063 2
3063 1171
3063 563
3063 6
3064 32
3064 0
3064 4
3064 734
3064 447
3065 2
3065 1430
3065 2297
3065 203
3065 12
3066 2016
3066 2
3066 275
3066 43
3066 14
3067 179
3067 88
3067 217
3067 107
3067 31
3068 17
3068 4
3068 103
3068 906
3068 75
3069 34
3069 3
3069 132
3069 6
3069 1144
3070 1457
3070 212
3070 2743
3070 9
3070 14
3071 208
3071 1728
3071 200
3071 105
3071 2427
3072 4
3072 20
3072 5
3072 1273
3072 393
3073 704
3073 3
3073 740
3073 6
3073 12
3075 2966
3075 8
3075 24
3075 829
3075 174
3076 1522
3076 730
3076 1691
3076 29
3076 31
3077 1008
3077 1
3077 2
3077 3
3077 2175
3078 1
3078 2166
3078 40
3078 8
3078 2377
3079 1
3079 1042
3079 212
3079 4
3079 1480
3080 6
3080 8
3080 9
3080 10
3080 31
3081 1
3081 183
3081 24
3081 953
3081 2749
3083 5
3083 214
3083 231
3083 9
3083 362
3084 16
3084 6
3084 74
3084 12
3084 158
3085 32
3085 132
3085 40
3085 302
3085 31
3087 115
3087 4
3087 2901
3087 86
3087 702
3088 1681
3088 65
3088 4
3088 8
3088 29
3089 832
3089 2150
3089 88
3089 393
3089 491
3090 2
3090 1864
3090 8
3090 90
3090 911
3091 0
3091 2
3091 3
3091 740
3091 792
3092 0
3092 180
3092 981
3092 22
3092 478
3093 36
3093 21
3093 70
3093 55
3093 284
3094 1732
3094 104
3094 107
3094 699
3094 237
3095 16
3095 2
3095 114
3095 3
3095 798
3096 881
3096 51
3096 5
3096 1689
3096 1275
3097 1
3097 2
3097 5
3097 697
3097 2878
3098 1
3098 594
3098 2
3098 68
3098 21
3099 0
3099 33
3099 1
3099 5
3099 758
3100 3009
3100 2931
3100 180
3100 6
3100 367
3101 160
3101 193
3101 53
3101 59
3101 219
3102 2
3102 5
3102 118
3102 1144
3102 9
3103 0
3103 1066
3103 91
3103 605
3103 2303
3104 1
3104 1937
3104 404
3104 346
3104 14
3105 4
3105 36
3105 3063
3105 2028
3105 383
3106 128
3106 3073
3106 1779
3106 6
3106 264
3107 162
3107 34
3107 619
3107 12
3107 31
3108 1376
3108 4
3108 11
3108 60
3108 12
3109 1
3109 1537
3109 3
3109 10
3109 715
3110 2
3110 21
3110 1560
3110 57
3110 43
3111 1
3111 644
3111 471
3111 59
3111 60
3112 33
3112 625
3112 53
3112 265
3112 170
3113 4
3113 341
3113 570
3113 412
3113 79
3114 864
3114 3
3114 2003
3114 1387
3114 478
3115 1
3115 772
3115 21
3115 24
3115 173
3116 16
3116 213
3116 6
3116 9
3116 1068
3117 16
3117 305
3117 4
3117 132
3117 13
3118 0
3118 3
3118 21
3118 3112
3118 333
3120 2817
3120 2
3120 185
3120 170
3120 2431
3121 4
3121 726
3121 2409
3121 510
3121 14
3122 0
3122 2
3122 4
3122 231
3122 14
3123 2578
3123 6
3123 55
3123 2458
3123 239
3124 209
3124 2
3124 741
3124 22
3124 187
3125 1747
3125 388
3125 21
3125 395
3125 12
3126 80
3126 2
3126 21
3126 598
3126 10
3127 1
3127 769
3127 913
3127 1030
3127 8
3128 1
3128 1461
3128 985
3128 2555
3128 1742
3129 4
3129 140
3129 77
3129 1615
3129 31
3130 2400
3130 1062
3130 6
3130 440
3130 24
3131 384
3131 709
3131 8
3131 185
3131 218
3132 0
3132 17
3132 94
3132 222
3132 14
3133 5
3133 2570
3133 92
3133 349
3133 143
3134 2352
3134 1
3134 659
3134 1291
3134 31
3135 2400
3135 4
3135 180
3135 6
3135 119
3136 4
3136 6
3136 185
3136 74
3136 1293
3137 2
3137 242
3137 435
3137 131
3137 393
3138 0
3138 2
3138 4
3138 180
3138 1159
3139 706
3139 98
3139 645
3139 24
3139 264
3140 80
3140 1
3140 2850
3140 217
3140 495
3141 1
3141 10
3141 570
3141 92
3141 12
3142 513
3142 2
3142 3
3142 4
3142 362
3145 3
3145 339
3145 1574
3145 918
3145 233
3146 35
3146 8
3146 504
3146 29
3146 334
3148 32
3148 449
3148 22
3148 9
3148 1018
3149 3
3149 1334
3149 6
3149 698
3149 140
3150 482
3150 3
3150 6
3150 25
3150 12
3151 1
3151 307
3151 1860
3151 554
3151 170
3152 8
3152 2876
3152 1916
3152 12
3152 2141
3153 2
3153 146
3153 5
3153 39
3153 10
3154 1
3154 2689
3154 2
3154 2717
3154 95
3155 482
3155 211
3155 53
3155 109
3155 237
3156 0
3156 388
3156 4
3156 1574
3156 31
3157 0
3157 3
3157 36
3157 59
3157 31
3158 881
3158 50
3158 180
3158 4
3158 1855
3159 1
3159 2
3159 131
3159 988
3159 2015
3160 64
3160 0
3160 1
3160 21
3160 6
3161 1504
3161 296
3161 153
3161 250
3161 174
3162 2
3162 230
3162 1270
3162 776
3162 1834
3163 1601
3163 37
3163 87
3163 24
3163 746
3164 0
3164 1
3164 51
3164 5
3164 23
3165 3
3165 4
3165 6
3165 12
3165 1293
3166 852
3166 21
3166 57
3166 45
3166 1358
3167 1905
3167 164
3167 5
3167 118
3167 223
3168 0
3168 2
3168 3108
3168 390
3168 12
3170 1
3170 8
3170 1261
3170 142
3170 2671
3171 3
3171 1731
3171 1924
3171 1285
3171 8
3172 4
3172 5
3172 6
3172 7
3172 31
3173 16
3173 83
3173 23
3173 59
3173 13
3174 128
3174 0
3174 2
3174 9
3174 10
3175 177
3175 1622
3175 407
3175 185
3175 3132
3178 1618
3178 121
3178 2154
3178 972
3178 205
3179 51
3179 1827
3179 804
3179 25
3179 9
3180 2
3180 2772
3180 69
3180 21
3180 925
3181 2
3181 3
3181 9
3181 10
3181 1069
3182 2
3182 1138
3182 115
3182 1199
3182 31
3183 21
3183 5
3183 1289
3183 10
3183 2028
3184 2592
3184 6
3184 999
3184 24
3184 9
3185 2
3185 4
3185 8
3185 1321
3185 985
3186 1
3186 248
3186 1689
3186 2378
3186 237
3187 1
3187 1826
3187 227
3187 9
3187 10
3188 64
3188 5
3188 8
3188 9
3188 138
3189 16
3189 867
3189 2022
3189 6
3189 158
3190 16
3190 322
3190 340
3190 298
3190 59
3191 80
3191 929
3191 65
3191 161
3191 1375
3192 530
3192 4
3192 3048
3192 59
3192 29
3193 16
3193 1893
3193 344
3193 57
3193 31
3194 0
3194 1
3194 597
3194 6
3194 59
3195 1168
3195 16
3195 36
3195 5
3195 59
3196 1778
3196 274
3196 1413
3196 75
3196 13
3197 1536
3197 177
3197 2050
3197 839
3197 285
3198 0
3198 4
3198 70
3198 1623
3198 10
3199 4
3199 1499
3199 1787
3199 59
3199 332
3200 1
3200 36
3200 122
3200 59
3200 12
3201 2961
3201 21
3201 124
3201 285
3201 158
3202 160
3202 1
3202 193
3202 65
3202 1494
3203 1
3203 162
3203 3078
3203 263
3203 921
3204 1
3204 2
3204 38
3204 2364
3204 253
3205 0
3205 388
3205 805
3205 12
3205 1053
3206 337
3206 963
3206 4
3206 152
3206 9
3207 16
3207 1860
3207 982
3207 12
3207 31
3208 561
3208 305
3208 39
3208 1976
3208 491
3209 4
3209 455
3209 187
3209 59
3209 79
3210 0
3210 242
3210 3
3210 677
3210 204
3211 64
3211 1889
3211 597
3211 25
3211 12
3212 21
3212 662
3212 8
3212 217
3212 906
3213 1
3213 51
3213 10
3213 2507
3213 12
3214 1990
3214 342
3214 2007
3214 103
3214 124
3216 1
3216 3
3216 437
3216 6
3216 218
3217 3
3217 4
3217 2389
3217 59
3217 733
3218 160
3218 2
3218 263
3218 9
3218 702
3219 2369
3219 34
3219 8
3219 1836
3219 1021
3220 0
3220 2
3220 3
3220 1236
3220 8
3221 1219
3221 901
3221 284
3221 12
3221 159
3222 2096
3222 129
3222 103
3222 1900
3222 45
3223 0
3223 197
3223 135
3223 344
3223 382
3224 1460
3224 788
3224 58
3224 11
3224 1567
3225 2
3225 5
3225 6
3225 1082
3225 3165
3226 0
3226 834
3226 906
3226 447
3226 399
3227 1
3227 214
3227 1737
3227 25
3227 43
3228 3184
3228 51
3228 1990
3228 1372
3228 143
3229 1
3229 3
3229 283
3229 12
3229 2718
3231 34
3231 21
3231 1243
3231 45
3231 47
3232 1232
3232 3
3232 632
3232 237
3232 333
3233 36
3233 698
3233 331
3233 429
3233 623
3235 817
3235 4
3235 5
3235 654
3235 63
3236 3184
3236 400
3236 3
3236 38
3236 922
3237 400
3237 0
3237 8
3237 1177
3237 153
3238 1
3238 258
3238 900
3238 1451
3238 1149
3239 805
3239 1002
3239 94
3239 495
3239 31
3240 4
3240 24
3240 43
3240 11
3240 13
3241 1
3241 6
3241 55
3241 379
3241 1374
3242 17
3242 5
3242 21
3242 10
3242 939
3243 850
3243 5
3243 6
3243 407
3243 78
3244 6
3244 248
3244 8
3244 57
3244 13
3245 1232
3245 2177
3245 163
3245 6
3245 59
3246 0
3246 88
3246 1563
3246 13
3246 14
3247 0
3247 3075
3247 197
3247 269
3247 237
3248 3
3248 68
3248 5
3248 40
3248 105
3249 1
3249 5
3249 6
3249 742
3249 2909
3250 0
3250 2884
3250 74
3250 12
3250 142
3251 4
3251 56
3251 9
3251 13
3251 383
3252 384
3252 0
3252 1
3252 59
3252 31
3253 3111
3253 200
3253 1003
3253 827
3253 222
3254 1
3254 177
3254 4
3254 217
3254 14
3255 1232
3255 2641
3255 161
3255 523
3255 606
3257 5
3257 742
3257 217
3257 268
3257 1199
3258 544
3258 1
3258 21
3258 9
3258 57
3259 2865
3259 54
3259 2039
3259 253
3259 31
3260 16
3260 2562
3260 59
3260 491
3260 526
3261 450
3261 3
3261 21
3261 1773
3261 31
3262 16
3262 2
3262 370
3262 6
3262 12
3263 1
3263 834
3263 20
3263 122
3263 253
3264 1
3264 225
3264 4
3264 9
3264 2254
3265 0
3265 131
3265 53
3265 55
3265 25
3266 64
3266 2
3266 296
3266 139
3266 2429
3267 0
3267 946
3267 82
3267 5
3267 1836
3268 180
3268 2470
3268 3063
3268 824
3268 2265
3269 259
3269 99
3269 2550
3269 86
3269 10
3270 576
3270 672
3270 3
3270 394
3270 14
3271 640
3271 788
3271 8
3271 269
3271 79
3272 0
3272 1
3272 491
3272 287
3272 431
3273 1168
3273 1
3273 21
3273 5
3273 8
3274 1347
3274 148
3274 53
3274 573
3274 14
3275 0
3275 80
3275 2
3275 1411
3275 172
3276 2
3276 21
3276 5
3276 1591
3276 281
3277 2144
3277 1
3277 1076
3277 2614
3277 186
3278 7
3278 40
3278 506
3278 2540
3278 31
3279 0
3279 1
3279 337
3279 227
3279 1178
3280 0
3280 1
3280 1121
3280 402
3280 2487
3281 149
3281 1144
3281 9
3281 73
3281 156
3282 115
3282 136
3282 89
3282 25
3282 31
3283 0
3283 177
3283 2
3283 183
3283 2524
3284 1
3284 881
3284 739
3284 21
3284 43
3285 672
3285 99
3285 5
3285 70
3285 541
3286 64
3286 2208
3286 37
3286 21
3286 333
3288 131
3288 1203
3288 115
3288 6
3288 41
3289 3
3289 57
3289 91
3289 14
3289 223
3291 34
3291 2
3291 1859
3291 678
3291 38
3292 0
3292 1457
3292 2
3292 472
3292 3149
3293 1811
3293 4
3293 342
3293 441
3293 508
3294 0
3294 34
3294 2
3294 1570
3294 5
3296 1
3296 2
3296 839
3296 9
3296 2186
3297 0
3297 2036
3297 9
3297 1885
3297 14
3298 51
3298 53
3298 568
3298 109
3298 30
3299 1232
3299 3
3299 6
3299 9
3299 45
3301 218
3301 11
3301 124
3301 333
3301 2510
3302 144
3302 0
3302 2
3302 3
3302 4
3303 0
3303 4
3303 8
3303 1962
3303 766
3304 66
3304 2723
3304 2231
3304 2396
3304 333
3305 241
3305 567
3305 379
3305 1371
3305 3039
3306 1
3306 1010
3306 198
3306 1528
3306 57
3307 0
3307 3
3307 6
3307 91
3307 43
3308 144
3308 1
3308 230
3308 156
3308 463
3309 2
3309 2006
3309 9
3309 2202
3309 2396
3310 112
3310 55
3310 90
3310 3148
3310 78
3311 3
3311 5
3311 6
3311 40
3311 31
3312 0
3312 1
3312 3
3312 675
3312 1478
3313 183
3313 378
3313 346
3313 394
3313 3246
3314 2498
3314 742
3314 24
3314 173
3314 29
3315 0
3315 1
3315 2
3315 5
3315 1081
3316 0
3316 1
3316 5
3316 138
3316 30
3317 2256
3317 1
3317 5
3317 54
3317 233
3318 1329
3318 1076
3318 598
3318 55
3318 88
3319 2
3319 180
3319 4
3319 198
3319 215
3320 1
3320 3
3320 182
3320 41
3320 735
3321 32
3321 593
3321 70
3321 8
3321 333
3322 129
3322 293
3322 8
3322 57
3322 27
3323 1
3323 53
3323 6
3323 264
3323 2206
3324 3
3324 36
3324 345
3324 25
3324 301
3325 282
3325 1499
3325 1356
3325 2270
3325 95
3326 1856
3326 17
3326 8
3326 89
3326 478
3327 0
3327 1
3327 471
3327 9
3327 95
3328 755
3328 324
3328 86
3328 232
3328 605
3329 3184
3329 1088
3329 4
3329 2570
3329 378
3330 32
3330 835
3330 21
3330 2389
3330 1708
3331 129
3331 6
3331 40
3331 59
3331 12
3332 1
3332 5
3332 6
3332 1031
3332 29
3333 1140
3333 679
3333 8
3333 1369
3333 174
3334 0
3334 3
3334 4
3334 1708
3334 31
3335 1
3335 2
3335 5
3335 519
3335 8
3336 2096
3336 2355
3336 5
3336 1208
3336 203
3337 5
3337 887
3337 8
3337 2632
3337 14
3338 272
3338 160
3338 834
3338 146
3338 6
3339 464
3339 1
3339 5
3339 38
3339 711
3340 0
3340 552
3340 138
3340 14
3340 31
3341 1088
3341 1
3341 5
3341 24
3341 2959
3342 80
3342 6
3342 136
3342 782
3342 1551
3343 352
3343 3
3343 808
3343 121
3343 939
3344 2962
3344 2036
3344 5
3344 12
3344 62
3345 1
3345 3
3345 36
3345 662
3345 2558
3346 1
3346 2
3346 6
3346 9
3346 140
3347 146
3347 388
3347 5
3347 8
3347 158
3349 1
3349 4
3349 404
3349 459
3349 2783
3350 0
3350 3
3350 21
3350 1253
3350 10
3351 4
3351 2900
3351 8
3351 2060
3351 159
3352 1
3352 2290
3352 9
3352 27
3352 1612
3353 2162
3353 2
3353 358
3353 8
3353 27
3354 1873
3354 2
3354 3
3354 2022
3354 333
3355 2
3355 3
3355 232
3355 1742
3355 14
3356 64
3356 4
3356 105
3356 10
3356 14
3357 1586
3357 119
3357 1978
3357 652
3357 911
3358 21
3358 1525
3358 8
3358 24
3358 235
3359 177
3359 2658
3359 86
3359 1479
3359 95
3360 0
3360 2
3360 21
3360 342
3360 382
3361 1
3361 36
3361 89
3361 1646
3361 31
3362 0
3362 1537
3362 34
3362 90
3362 155
3363 3
3363 1637
3363 25
3363 140
3363 1023
3364 64
3364 1
3364 340
3364 344
3364 602
3365 2
3365 419
3365 1203
3365 6
3365 1272
3366 88
3366 1976
3366 74
3366 1263
3366 63
3367 1
3367 2403
3367 152
3367 59
3367 12
3368 1
3368 4
3368 1560
3368 217
3368 137
3369 640
3369 2
3369 8
3369 687
3369 31
3370 1
3370 129
3370 2
3370 4
3370 5
3371 19
3371 435
3371 4
3371 715
3371 478
3372 2400
3372 1
3372 1009
3372 21
3372 31
3373 21
3373 182
3373 103
3373 11
3373 1836
3374 65
3374 4
3374 374
3374 1659
3374 61
3375 0
3375 3
3375 24
3375 8
3375 121
3376 336
3376 1
3376 546
3376 5
3376 238
3377 1
3377 2
3377 36
3377 5
3377 1375
3378 337
3378 1810
3378 4
3378 6
3378 12
3379 2403
3379 6
3379 153
3379 670
3379 30
3380 21
3380 1574
3380 9
3380 1822
3380 382
3381 146
3381 307
3381 5
3381 120
3381 187
3382 64
3382 2917
3382 359
3382 24
3382 43
3383 0
3383 401
3383 883
3383 410
3383 395
3384 1
3384 6
3384 1945
3384 379
3384 14
3385 17
3385 129
3385 5
3385 409
3385 2012
3386 1
3386 2
3386 3
3386 92
3386 14
3387 0
3387 99
3387 4
3387 1623
3387 12
3388 976
3388 656
3388 3
3388 197
3388 5
3389 177
3389 881
3389 2
3389 115
3389 21
3390 32
3390 0
3390 1574
3390 87
3390 3290
3391 816
3391 3
3391 4
3391 43
3391 1805
3392 197
3392 6
3392 12
3392 2476
3392 31
3393 2
3393 230
3393 184
3393 158
3393 95
3394 34
3394 6
3394 8
3394 74
3394 463
3395 0
3395 34
3395 450
3395 523
3395 31
3396 3
3396 8
3396 826
3396 14
3396 2559
3397 64
3397 1
3397 662
3397 1133
3397 1567
3399 1
3399 565
3399 342
3399 475
3399 31
3400 2
3400 4
3400 9
3400 11
3400 510
3403 0
3403 114
3403 1267
3403 116
3403 37
3404 5
3404 6
3404 1340
3404 29
3404 1581
3405 2497
3405 290
3405 2
3405 8
3405 9
3406 6
3406 86
3406 1895
3406 43
3406 47
3407 0
3407 327
3407 24
3407 170
3407 59
3408 1120
3408 996
3408 598
3408 25
3408 14
3410 1316
3410 4
3410 5
3410 22
3410 31
3411 2483
3411 4
3411 325
3411 423
3411 121
3413 1
3413 2565
3413 21
3413 24
3413 1418
3414 784
3414 33
3414 6
3414 248
3414 12
3415 675
3415 981
3415 5
3415 21
3415 315
3416 1
3416 516
3416 4
3416 6
3416 86
3417 2
3417 3410
3417 53
3417 2055
3417 1711
3418 2
3418 5
3418 3302
3418 1816
3418 105
3419 259
3419 36
3419 2597
3419 985
3419 13
3420 1508
3420 5
3420 8
3420 1342
3420 2175
3422 0
3422 5
3422 6
3422 12
3422 159
3423 0
3423 4
3423 21
3423 5
3423 8
3424 36
3424 6
3424 359
3424 492
3424 12
3425 8
3425 233
3425 29
3425 14
3425 399
3426 1985
3426 82
3426 1923
3426 195
3426 4
3427 1
3427 2
3427 1273
3427 874
3427 90
3428 273
3428 2
3428 179
3428 166
3428 1884
3429 1
3429 2
3429 227
3429 3
3429 59
3430 708
3430 68
3430 5
3430 21
3430 31
3431 32
3431 128
3431 16
3431 6
3431 103
3432 16
3432 162
3432 3207
3432 424
3432 88
3433 50
3433 2
3433 1127
3433 1997
3433 2014
3434 1
3434 38
3434 264
3434 2843
3434 1852
3435 452
3435 1621
3435 55
3435 8
3435 2540
3436 736
3436 131
3436 3
3436 8
3436 2283
3437 0
3437 16
3437 3
3437 10
3437 413
3438 3
3438 55
3438 8
3438 1612
3438 204
3439 32
3439 531
3439 676
3439 5
3439 766
3440 1
3440 1476
3440 73
3440 1598
3440 31
3441 5
3441 6
3441 23
3441 10
3441 12
3442 576
3442 5
3442 197
3442 6
3442 105
3443 1
3443 3
3443 14
3443 95
3443 31
3444 2594
3444 1203
3444 8
3444 3150
3444 687
3446 0
3446 2673
3446 1318
3446 86
3446 1592
3447 1
3447 2
3447 6
3447 104
3447 14
3448 675
3448 100
3448 4
3448 7
3448 10
3449 0
3449 1634
3449 5
3449 6
3449 10
3450 224
3450 5
3450 822
3450 22
3450 687
3451 480
3451 1
3451 2
3451 34
3451 186
3452 1
3452 180
3452 24
3452 9
3452 494
3454 597
3454 1125
3454 5
3454 1047
3454 2477
3455 1088
3455 469
3455 344
3455 330
3455 1292
3458 3
3458 4
3458 6
3458 2218
3458 2574
3459 437
3459 6
3459 9
3459 233
3459 10
3460 176
3460 2
3460 132
3460 580
3460 10
3461 2769
3461 4
3461 5
3461 2396
3461 29
3463 32
3463 1924
3463 21
3463 6
3463 937
3464 320
3464 516
3464 36
3464 534
3464 9
3465 195
3465 278
3465 8
3465 185
3465 239
3466 1
3466 3
3466 212
3466 21
3466 23
3467 1665
3467 33
3467 3061
3467 12
3467 29
3468 3
3468 4
3468 982
3468 166
3468 9
3469 179
3469 548
3469 245
3469 349
3469 14
3470 164
3470 1832
3470 89
3470 170
3470 1163
3471 209
3471 466
3471 133
3471 105
3471 1051
3472 2761
3472 75
3472 2092
3472 124
3472 141
3473 8
3473 859
3473 509
3473 1293
3473 31
3474 0
3474 2
3474 86
3474 3099
3474 14
3475 288
3475 0
3475 1
3475 88
3475 217
3476 64
3476 2531
3476 1059
3476 21
3476 423
3477 2162
3477 1443
3477 4
3477 8
3477 200
3478 1027
3478 5
3478 2696
3478 153
3478 141
3480 577
3480 4
3480 86
3480 6
3480 216
3481 1
3481 2
3481 211
3481 21
3481 159
3482 2131
3482 3
3482 227
3482 21
3482 2655
3483 2055
3483 103
3483 24
3483 127
3483 31
3484 0
3484 464
3484 867
3484 1316
3484 859
3486 2288
3486 193
3486 3475
3486 9
3486 284
3487 800
3487 2465
3487 826
3487 203
3487 172
3489 544
3489 1
3489 3
3489 4
3489 1878
3490 64
3490 1
3490 151
3490 232
3490 383
3491 625
3491 4
3491 2052
3491 1126
3491 170
3492 64
3492 51
3492 116
3492 5
3492 2776
3494 102
3494 40
3494 1945
3494 25
3494 602
3495 3
3495 2420
3495 10
3495 1836
3495 1311
3496 0
3496 1
3496 40
3496 12
3496 14
3497 64
3497 4
3497 964
3497 2757
3497 1132
3498 1
3498 3
3498 131
3498 21
3498 3077
3499 32
3499 3
3499 22
3499 471
3499 91
3500 64
3500 3361
3500 3432
3500 43
3500 1181
3501 64
3501 1639
3501 8
3501 873
3501 89
3502 3
3502 516
3502 23
3502 103
3502 333
3503 257
3503 5
3503 8
3503 43
3503 31
3504 16
3504 82
3504 2678
3504 22
3504 1677
3505 115
3505 228
3505 3400
3505 14
3505 47
3507 3
3507 313
3507 10
3507 27
3507 31
3508 64
3508 177
3508 3
3508 1957
3508 3148
3509 960
3509 66
3509 53
3509 859
3509 11
3510 374
3510 8
3510 57
3510 10
3510 170
3511 1
3511 2
3511 6
3511 8
3511 9
3512 672
3512 1
3512 170
3512 395
3512 1470
3513 4
3513 5
3513 6
3513 775
3513 8
3514 0
3514 275
3514 116
3514 107
3514 492
3515 325
3515 471
3515 2266
3515 12
3515 173
3516 34
3516 4
3516 12
3516 526
3516 14
3518 1717
3518 905
3518 59
3518 1438
3518 1103
3519 51
3519 53
3519 374
3519 12
3519 47
3520 18
3520 2375
3520 1401
3520 266
3520 62
3521 4
3521 167
3521 89
3521 2797
3521 111
3522 80
3522 1
3522 2404
3522 247
3522 315
3523 0
3523 4
3523 1734
3523 29
3523 831
3524 2177
3524 3
3524 36
3524 21
3524 75
3526 53
3526 597
3526 105
3526 1182
3526 31
3527 3
3527 24
3527 2603
3527 2990
3527 719
3528 80
3528 2
3528 6
3528 9
3528 2410
3529 1041
3529 3
3529 5
3529 6
3529 554
3530 80
3530 6
3530 91
3530 59
3530 12
3531 3
3531 228
3531 4
3531 21
3531 6
3532 115
3532 4
3532 873
3532 58
3532 1082
3533 3
3533 4
3533 5
3533 104
3533 269
3534 2064
3534 50
3534 2
3534 248
3534 2474
3535 1
3535 2594
3535 5
3535 6
3535 952
3536 128
3536 1
3536 225
3536 2515
3536 40
3537 50
3537 53
3537 5
3537 3415
3537 14
3538 1072
3538 64
3538 177
3538 515
3538 21
3539 32
3539 23
3539 986
3539 1612
3539 222
3540 307
3540 5
3540 38
3540 14
3540 3135
3541 161
3541 65
3541 2
3541 3
3541 38
3542 1744
3542 0
3542 1
3542 6
3542 29
3543 1472
3543 1
3543 65
3543 1334
3543 185
3544 1057
3544 40
3544 90
3544 333
3544 31
3546 402
3546 1332
3546 644
3546 41
3546 206
3547 2498
3547 2
3547 34
3547 3
3547 10
3548 1232
3548 16
3548 145
3548 21
3548 14
3549 0
3549 4
3549 12
3549 1629
3549 1150
3550 660
3550 24
3550 10
3550 636
3550 13
3551 2
3551 982
3551 38
3551 1196
3551 591
3553 32
3553 482
3553 5
3553 2103
3553 2828
3554 4
3554 103
3554 920
3554 142
3554 14
3556 131
3556 2967
3556 809
3556 665
3556 623
3557 5
3557 6
3557 86
3557 503
3557 730
3558 1
3558 3
3558 356
3558 3204
3558 4
3559 417
3559 3078
3559 1560
3559 938
3559 298
3560 848
3560 0
3560 3297
3560 6
3560 2120
3561 177
3561 3462
3561 23
3561 217
3561 2012
3562 176
3562 1
3562 2650
3562 683
3562 14
3563 0
3563 3
3563 36
3563 118
3563 10
3564 16
3564 2369
3564 3
3564 982
3564 351
3565 226
3565 180
3565 964
3565 5
3565 24
3566 2
3566 5
3566 198
3566 57
3566 14
3567 0
3567 3
3567 307
3567 1464
3567 575
3568 0
3568 976
3568 2
3568 24
3568 29
3569 4
3569 5
3569 2214
3569 1853
3569 2222
3570 1411
3570 4
3570 906
3570 1677
3570 813
3571 64
3571 51
3571 53
3571 6
3571 14
3572 275
3572 21
3572 342
3572 1719
3572 41
3573 2
3573 21
3573 425
3573 1339
3573 2510
3574 1
3574 2
3574 2389
3574 393
3574 1498
3575 1168
3575 1
3575 2578
3575 131
3575 650
3576 0
3576 1168
3576 1073
3576 1
3576 5
3577 3440
3577 80
3577 1
3577 197
3577 6
3578 0
3578 3155
3578 3
3578 805
3578 2058
3579 80
3579 3
3579 2868
3579 5
3579 431
3580 0
3580 3
3580 53
3580 9
3580 89
3581 180
3581 5
3581 1990
3581 263
3581 24
3582 0
3582 1
3582 11
3582 523
3582 2270
3583 16
3583 66
3583 2295
3583 3191
3583 8
3584 1
3584 1011
3584 6
3584 379
3584 158
3585 1
3585 177
3585 24
3585 31
3585 351
3586 1
3586 323
3586 3
3586 1129
3586 1855
3589 1
3589 5
3589 9
3589 2297
3589 845
3590 0
3590 2
3590 5
3590 2793
3590 172
3591 0
3591 515
3591 2885
3591 891
3591 14
3592 64
3592 1703
3592 345
3592 1658
3592 29
3593 80
3593 1
3593 2
3593 41
3593 284
3594 355
3594 6
3594 10
3594 12
3594 62
3595 1378
3595 3
3595 5
3595 1047
3595 40
3596 32
3596 2
3596 2147
3596 6
3596 59
3597 8
3597 2749
3597 285
3597 1661
3597 14
3598 2
3598 1479
3598 103
3598 3255
3598 491
3599 6
3599 300
3599 653
3599 3038
3599 463
3600 64
3600 1442
3600 3
3600 2089
3600 59
3601 2
3601 3
3601 1412
3601 85
3601 37
3602 994
3602 4
3602 6
3602 359
3602 1610
3603 885
3603 678
3603 55
3603 475
3603 12
3604 2
3604 164
3604 436
3604 22
3604 346
3605 2
3605 4
3605 21
3605 2008
3605 1116
3606 946
3606 662
3606 118
3606 22
3606 541
3607 16
3607 997
3607 6
3607 23
3607 9
3608 1472
3608 341
3608 1356
3608 12
3608 124
3610 1827
3610 183
3610 906
3610 602
3610 2378
3611 3
3611 388
3611 5
3611 1785
3611 3228
3612 2658
3612 3
3612 53
3612 22
3612 3128
3613 753
3613 2
3613 131
3613 14
3613 31
3616 1
3616 1538
3616 38
3616 2540
3616 31
3617 0
3617 2
3617 408
3617 79
3617 1695
3618 16
3618 6
3618 25
3618 10
3618 3054
3619 1057
3619 450
3619 40
3619 715
3619 43
3620 2758
3620 1591
3620 863
3620 463
3620 31
3622 53
3622 6
3622 249
3622 1451
3622 31
3623 32
3623 5
3623 297
3623 940
3623 12
3624 1
3624 6
3624 2476
3624 47
3624 31
3625 0
3625 1712
3625 84
3625 5
3625 2012
3627 2163
3627 37
3627 597
3627 2550
3627 70
3628 2981
3628 21
3628 6
3628 983
3628 2984
3630 241
3630 2
3630 5
3630 29
3630 158
3631 8
3631 139
3631 1852
3631 157
3631 158
3632 817
3632 4
3632 75
3632 702
3632 31
3633 16
3633 433
3633 2
3633 3557
3633 14
3634 1187
3634 3044
3634 1460
3634 22
3634 12
3635 3392
3635 177
3635 134
3635 2134
3635 121
3636 1
3636 3
3636 86
3636 10
3636 12
3638 672
3638 2
3638 3
3638 132
3638 742
3640 1
3640 129
3640 180
3640 1003
3640 12
3641 2
3641 4
3641 24
3641 186
3641 3133
3642 1
3642 226
3642 2
3642 22
3642 13
3643 160
3643 5
3643 53
3643 1343
3643 911
3644 1
3644 5
3644 21
3644 2919
3644 92
3645 438
3645 108
3645 205
3645 29
3645 1598
3646 1296
3646 19
3646 180
3646 21
3646 24
3647 32
3647 65
3647 1
3647 6
3647 12
3648 1
3648 53
3648 1558
3648 6
3648 874
3649 2
3649 4
3649 404
3649 2478
3649 31
3650 3626
3650 74
3650 187
3650 222
3650 15
3651 129
3651 1
3651 3
3651 51
3651 10
3652 0
3652 1990
3652 127
3652 31
3652 1983
3654 0
3654 658
3654 3
3654 965
3654 698
3655 1
3655 6
3655 185
3655 173
3655 349
3656 321
3656 930
3656 5
3656 1000
3656 495
3657 2689
3657 452
3657 805
3657 2090
3657 11
3658 1601
3658 2
3658 3396
3658 2537
3658 10
3659 1
3659 34
3659 53
3659 198
3659 1132
3660 2
3660 6
3660 3543
3660 552
3660 10
3661 160
3661 1
3661 8
3661 12
3661 2861
3662 3010
3662 53
3662 37
3662 1080
3662 14
3664 1
3664 2
3664 252
3664 1212
3664 45
3665 64
3665 36
3665 6
3665 1260
3665 1742
3666 160
3666 1
3666 103
3666 59
3666 399
3668 2068
3668 6
3668 9
3668 1738
3668 108
3669 546
3669 454
3669 118
3669 12
3669 463
3670 3
3670 7
3670 1657
3670 138
3670 2986
3671 1
3671 2291
3671 4
3671 1209
3671 172
3672 336
3672 1
3672 2
3672 747
3672 31
3673 4
3673 661
3673 55
3673 3290
3673 60
3674 1314
3674 131
3674 435
3674 471
3674 382
3675 177
3675 3
3675 340
3675 698
3675 206
3676 34
3676 4
3676 280
3676 140
3676 2396
3678 4
3678 1243
3678 13
3678 2461
3678 222
3679 53
3679 344
3679 10
3679 91
3679 893
3681 0
3681 1
3681 310
3681 10
3681 14
3682 17
3682 21
3682 536
3682 1321
3682 14
3683 3
3683 4
3683 37
3683 213
3683 8
3684 0
3684 258
3684 180
3684 1110
3684 920
3685 320
3685 2
3685 691
3685 121
3685 411
3686 80
3686 2
3686 197
3686 587
3686 31
3687 2
3687 132
3687 5
3687 536
3687 57
3688 530
3688 53
3688 441
3688 2154
3688 1022
3689 2
3689 179
3689 3684
3689 1765
3689 650
3691 2721
3691 2
3691 531
3691 10
3691 635
3692 179
3692 804
3692 6
3692 150
3692 237
3693 259
3693 1684
3693 20
3693 2103
3693 267
3694 1008
3694 183
3694 41
3694 953
3694 29
3695 1
3695 3
3695 6
3695 525
3695 287
3696 230
3696 344
3696 10
3696 1084
3696 222
3697 401
3697 946
3697 1460
3697 230
3697 3047
3698 144
3698 1489
3698 36
3698 14
3698 31
3699 0
3699 2
3699 676
3699 36
3699 75
3700 4
3700 6
3700 1081
3700 10
3700 188
3701 177
3701 2
3701 11
3701 1292
3701 749
3702 80
3702 3217
3702 2
3702 180
3702 5
3703 0
3703 2
3703 548
3703 36
3703 103
3704 32
3704 21
3704 635
3704 11
3704 62
3705 1
3705 3
3705 3099
3705 1516
3705 1085
3706 320
3706 1873
3706 2
3706 36
3706 14
3708 2
3708 290
3708 902
3708 27
3708 95
3709 8
3709 10
3709 3659
3709 12
3709 45
3710 241
3710 1273
3710 2797
3710 526
3710 1518
3711 3
3711 1283
3711 139
3711 2652
3711 734
3712 1
3712 104
3712 985
3712 395
3712 923
3713 1
3713 2
3713 470
3713 8
3713 1773
3714 112
3714 128
3714 115
3714 6
3714 678
3715 2645
3715 37
3715 646
3715 59
3715 31
3716 6
3716 10
3716 59
3716 43
3716 157
3718 176
3718 50
3718 290
3718 707
3718 343
3719 0
3719 1
3719 38
3719 119
3719 12
3720 80
3720 183
3720 138
3720 12
3720 397
3721 21
3721 8
3721 2393
3721 12
3721 2303
3722 1
3722 486
3722 599
3722 1223
3722 10
3723 4
3723 21
3723 584
3723 89
3723 1899
3724 5
3724 135
3724 73
3724 667
3724 395
3726 131
3726 56
3726 313
3726 620
3726 399
3727 32
3727 37
3727 25
3727 1017
3727 31
3728 1202
3728 4
3728 230
3728 670
3728 2991
3729 2
3729 549
3729 133
3729 1047
3729 11
3730 131
3730 4
3730 6
3730 361
3730 2377
3731 21
3731 200
3731 1835
3731 3148
3731 14
3732 2832
3732 4
3732 3591
3732 282
3732 1551
3733 133
3733 2296
3733 1945
3733 253
3733 175
3734 274
3734 4
3734 138
3734 174
3734 31
3735 1
3735 1057
3735 2
3735 21
3735 6
3736 3377
3736 5
3736 2284
3736 14
3736 2655
3737 114
3737 2
3737 868
3737 21
3737 9
3738 1
3738 2
3738 3670
3738 185
3738 2009
3739 1
3739 3
3739 2388
3739 21
3739 1367
3740 16
3740 22
3740 1739
3740 29
3740 2973
3741 177
3741 5
3741 6
3741 9
3741 47
3742 1
3742 131
3742 4
3742 6
3742 47
3743 0
3743 2356
3743 459
3743 1035
3743 3100
3744 627
3744 21
3744 343
3744 40
3744 10
3745 0
3745 2
3745 6
3745 23
3745 8
3746 1
3746 10
3746 798
3746 1678
3746 143
3748 2
3748 115
3748 51
3748 5
3748 89
3749 5
3749 726
3749 2248
3749 570
3749 383
3750 0
3750 2453
3750 734
3750 142
3750 2895
3752 64
3752 2
3752 180
3752 40
3752 90
3753 1
3753 2
3753 1842
3753 8
3753 14
3754 0
3754 50
3754 307
3754 8
3754 59
3755 0
3755 1041
3755 3
3755 53
3755 21
3756 53
3756 6
3756 38
3756 408
3756 427
3758 0
3758 1472
3758 32
3758 478
3758 3278
3759 2
3759 535
3759 8
3759 1662
3759 3199
3760 3712
3760 3059
3760 3485
3760 591
3760 1807
3761 435
3761 40
3761 250
3761 12
3761 3647
3762 2
3762 2483
3762 197
3762 6
3762 1207
3763 242
3763 3511
3763 650
3763 124
3763 188
3764 2
3764 2515
3764 5
3764 22
3764 14
3766 32
3766 3458
3766 1047
3766 12
3766 3246
3767 4
3767 1766
3767 1350
3767 24
3767 491
3768 2881
3768 2
3768 23
3768 2474
3768 491
3771 2913
3771 1
3771 50
3771 23
3771 103
3773 0
3773 114
3773 132
3773 6
3773 62
3774 16
3774 4
3774 7
3774 10
3774 525
3776 579
3776 280
3776 8
3776 361
3776 267
3777 529
3777 6
3777 74
3777 506
3777 10
3778 1698
3778 2948
3778 549
3778 6
3778 3581
3779 262
3779 2822
3779 3478
3779 985
3779 43
3780 3
3780 982
3780 1066
3780 330
3780 31
3781 34
3781 3155
3781 4
3781 10
3781 399
3782 1
3782 4
3782 3285
3782 2474
3782 13
3783 2019
3783 261
3783 662
3783 9
3783 2445
3784 1392
3784 1457
3784 19
3784 22
3784 360
3785 1792
3785 64
3785 2
3785 582
3785 10
3786 19
3786 567
3786 10
3786 2059
3786 3135
3787 1
3787 2
3787 402
3787 3063
3787 170
3788 163
3788 1219
3788 36
3788 133
3788 1615
3789 2
3789 53
3789 395
3789 27
3789 31
3790 0
3790 2
3790 21
3790 709
3790 73
3791 4
3791 3334
3791 1688
3791 24
3791 107
3792 4
3792 10
3792 124
3792 1677
3792 687
3793 4
3793 5
3793 709
3793 59
3793 31
3794 0
3794 4
3794 2168
3794 1018
3794 143
3795 131
3795 36
3795 4
3795 21
3795 53
3796 1601
3796 2
3796 119
3796 23
3796 30
3797 1426
3797 51
3797 41
3797 333
3797 31
3799 0
3799 53
3799 170
3799 10
3799 27
3800 0
3800 177
3800 226
3800 4
3800 21
3801 2673
3801 2
3801 179
3801 53
3801 1479
3802 2
3802 3
3802 12
3802 413
3802 62
3803 2738
3803 5
3803 22
3803 10
3803 12
3804 1
3804 177
3804 98
3804 4
3804 2318
3805 1
3805 179
3805 22
3805 551
3805 1679
3806 1890
3806 2
3806 40
3806 105
3806 2826
3807 288
3807 2
3807 1923
3807 4
3807 5
3808 1696
3808 16
3808 131
3808 116
3808 31
3809 2
3809 850
3809 34
3809 23
3809 1212
3810 0
3810 420
3810 135
3810 8
3810 31
3811 0
3811 2
3811 51
3811 3225
3811 107
3812 1042
3812 180
3812 6
3812 182
3812 22
3813 1
3813 871
3813 8
3813 62
3813 463
3814 32
3814 4
3814 5
3814 37
3814 491
3815 0
3815 1008
3815 1
3815 177
3815 2151
3816 0
3816 1
3816 371
3816 1512
3816 140
3817 21
3817 5
3817 1125
3817 1672
3817 3455
3818 23
3818 361
3818 10
3818 11
3818 107
3819 3
3819 37
3819 6
3819 3128
3819 111
3820 3
3820 5
3820 107
3820 334
3820 62
3821 1463
3821 8
3821 9
3821 25
3821 12
3822 2
3822 66
3822 36
3822 11
3822 59
3823 16
3823 2785
3823 4
3823 27
3823 2622
3825 16
3825 804
3825 136
3825 59
3825 158
3826 2
3826 898
3826 3
3826 5
3826 2006
3827 320
3827 34
3827 1267
3827 1125
3827 95
3828 1
3828 772
3828 103
3828 59
3828 463
3829 1
3829 6
3829 183
3829 471
3829 441
3830 0
3830 290
3830 2562
3830 2964
3830 5
3831 1
3831 433
3831 1284
3831 5
3831 136
3832 0
3832 4
3832 1163
3832 3581
3832 238
3833 2
3833 4
3833 5
3833 118
3833 8
3834 2118
3834 6
3834 41
3834 1049
3834 2382
3835 1971
3835 4
3835 37
3835 492
3835 31
3836 2
3836 66
3836 5
3836 24
3836 2282
3837 197
3837 3064
3837 9
3837 172
3837 1199
3838 0
3838 576
3838 179
3838 2053
3838 2085
3840 4
3840 53
3840 6
3840 10
3840 29
3841 290
3841 21
3841 183
3841 104
3841 2029
3842 1
3842 337
3842 2
3842 1163
3842 459
3844 33
3844 180
3844 5
3844 758
3844 2154
3845 0
3845 1
3845 4
3845 5
3845 2281
3846 38
3846 343
3846 10
3846 43
3846 12
3847 146
3847 390
3847 6
3847 24
3847 30
3849 1696
3849 16
3849 21
3849 1367
3849 140
3851 1264
3851 441
3851 91
3851 12
3851 574
3852 0
3852 2
3852 4
3852 68
3852 9
3853 80
3853 4
3853 5
3853 12
3853 270
3854 2
3854 73
3854 2476
3854 3373
3854 1454
3855 160
3855 177
3855 1782
3855 11
3855 14
3856 1
3856 402
3856 34
3856 21
3856 12
3857 2
3857 4
3857 40
3857 2793
3857 59
3858 480
3858 0
3858 3456
3858 9
3858 31
3860 0
3860 2369
3860 5
3860 158
3860 3839
3861 4
3861 3253
3861 184
3861 699
3861 3309
3862 52
3862 133
3862 1541
3862 138
3862 3675
3863 1504
3863 64
3863 34
3863 355
3863 3190
3864 3
3864 153
3864 267
3864 2236
3864 29
3865 2
3865 3
3865 21
3865 10
3865 60
3866 3040
3866 33
3866 41
3866 939
3866 253
3867 5
3867 3349
3867 119
3867 491
3867 13
3868 4
3868 2118
3868 1990
3868 24
3868 3259
3869 3
3869 103
3869 88
3869 155
3869 1132
3870 178
3870 571
3870 139
3870 29
3870 446
3871 17
3871 291
3871 313
3871 29
3871 62
3872 64
3872 2
3872 1812
3872 4
3872 9
3873 1873
3873 2
3873 3672
3873 681
3873 187
3874 32
3874 67
3874 933
3874 6
3874 200
3875 0
3875 5
3875 8
3875 10
3875 1341
3876 1
3876 180
3876 5
3876 8
3876 2845
3877 980
3877 6
3877 390
3877 124
3877 3455
3878 0
3878 5
3878 6
3878 1463
3878 653
3879 1
3879 2019
3879 972
3879 31
3879 447
3880 3440
3880 297
3880 3705
3880 42
3880 1613
3881 0
3881 128
3881 2563
3881 278
3881 10
3882 0
3882 1
3882 259
3882 6
3882 282
3883 2
3883 3364
3883 5
3883 390
3883 1151
3884 2889
3884 10
3884 428
3884 349
3884 285
3885 4
3885 5
3885 25
3885 2079
3885 31
3886 0
3886 4
3886 9
3886 10
3886 478
3887 3
3887 24
3887 1112
3887 2618
3887 1055
3888 305
3888 17
3888 3
3888 5
3888 22
3889 38
3889 2966
3889 1159
3889 999
3889 439
3890 1
3890 245
3890 2407
3890 2265
3890 14
3891 34
3891 51
3891 5
3891 217
3891 141
3892 1
3892 2
3892 898
3892 452
3892 14
3893 752
3893 3
3893 531
3893 5
3893 927
3894 208
3894 2
3894 5
3894 30
3894 734
3895 451
3895 6
3895 475
3895 267
3895 1964
3898 97
3898 8
3898 24
3898 25
3898 140
3899 2341
3899 5
3899 982
3899 407
3899 381
3900 193
3900 6
3900 1816
3900 2717
3900 31
3901 3360
3901 1538
3901 6
3901 186
3901 11
3902 3011
3902 3460
3902 9
3902 235
3902 3581
3903 4
3903 5
3903 199
3903 393
3903 636
3904 5
3904 22
3904 298
3904 203
3904 2670
3905 0
3905 80
3905 6
3905 158
3905 47
3906 5
3906 230
3906 343
3906 3644
3906 1373
3907 5
3907 118
3907 86
3907 472
3907 29
3908 2
3908 3
3908 2921
3908 203
3908 3340
3909 32
3909 209
3909 179
3909 4
3909 773
3910 450
3910 290
3910 1203
3910 37
3910 9
3911 51
3911 452
3911 453
3911 86
3911 12
3913 4
3913 103
3913 119
3913 12
3913 29
3915 2
3915 6
3915 536
3915 984
3915 56
3917 1
3917 5
3917 1864
3917 47
3917 367
3918 352
3918 0
3918 21
3918 3385
3918 158
3919 723
3919 531
3919 4
3919 5
3919 1499
3921 1714
3921 1460
3921 10
3921 1343
3921 3647
3922 176
3922 1
3922 6
3922 252
3922 733
3923 34
3923 19
3923 1896
3923 2904
3923 12
3925 16
3925 224
3925 3008
3925 899
3925 12
3926 80
3926 3
3926 5
3926 10
3926 412
3927 32
3927 5
3927 88
3927 922
3927 172
3928 1442
3928 2339
3928 905
3928 478
3928 30
3929 1
3929 1285
3929 2854
3929 40
3929 31
3930 659
3930 213
3930 1432
3930 74
3930 79
3931 0
3931 65
3931 131
3931 554
3931 31
3932 112
3932 1047
3932 153
3932 460
3932 2860
3934 1
3934 3
3934 8
3934 11
3934 831
3935 1285
3935 21
3935 2537
3935 30
3935 14
3936 2081
3936 4
3936 536
3936 43
3936 399
3937 450
3937 52
3937 6
3937 10
3937 30
3938 3
3938 1510
3938 102
3938 153
3938 43
3939 4
3939 3063
3939 10
3939 1228
3939 142
3940 2
3940 274
3940 34
3940 89
3940 59
3941 17
3941 3
3941 1335
3941 8
3941 506
3943 67
3943 3
3943 324
3943 456
3943 31
3944 6
3944 103
3944 10
3944 859
3944 204
3945 64
3945 753
3945 4
3945 102
3945 14
3946 0
3946 4
3946 36
3946 1049
3946 47
3947 33
3947 2
3947 531
3947 8
3947 61
3948 0
3948 274
3948 92
3948 2558
3948 2526
3949 1
3949 197
3949 25
3949 1609
3949 299
3950 436
3950 598
3950 1591
3950 583
3950 2281
3951 6
3951 23
3951 2279
3951 12
3951 125
3952 0
3952 753
3952 2689
3952 2
3952 29
3953 464
3953 579
3953 4
3953 93
3953 2334
3954 1
3954 5
3954 43
3954 955
3954 3789
3955 64
3955 561
3955 2321
3955 3
3955 67
3956 16
3956 21
3956 5
3956 1145
3956 14
3957 34
3957 3
3957 563
3957 8
3957 1674
3958 835
3958 4
3958 180
3958 6
3958 472
3959 1472
3959 1728
3959 0
3959 10
3959 174
3960 656
3960 66
3960 53
3960 75
3960 14
3961 176
3961 1
3961 34
3961 36
3961 21
3962 0
3962 3
3962 23
3962 10
3962 3692
3963 2736
3963 1016
3963 986
3963 30
3963 287
3964 753
3964 785
3964 129
3964 131
3964 2198
3965 2
3965 4
3965 582
3965 10
3965 699
3966 0
3966 1
3966 4
3966 1734
3966 141
3968 1
3968 6
3968 3111
3968 104
3968 185
3969 64
3969 36
3969 103
3969 12
3969 687
3970 1
3970 3282
3970 2146
3970 14
3970 143
3971 4
3971 5
3971 2841
3971 2219
3971 237
3972 2
3972 131
3972 21
3972 695
3972 9
3974 179
3974 3401
3974 14
3974 31
3974 383
3975 305
3975 2
3975 4
3975 121
3975 879
3976 32
3976 819
3976 323
3976 233
3976 172
3977 40
3977 8
3977 920
3977 3561
3977 2351
3979 2
3979 35
3979 1255
3979 9
3979 11
3980 8
3980 24
3980 249
3980 91
3980 29
3981 34
3981 906
3981 1738
3981 347
3981 845
3982 1
3982 845
3982 1518
3982 14
3982 2447
3983 2096
3983 80
3983 66
3983 1290
3983 62
3984 1
3984 6
3984 73
3984 138
3984 170
3985 128
3985 0
3985 80
3985 3
3985 185
3986 0
3986 5
3986 2007
3986 1320
3986 31
3987 3906
3987 5
3987 395
3987 1180
3987 478
3988 117
3988 869
3988 231
3988 41
3988 11
3989 1
3989 3233
3989 2
3989 5
3989 24
3990 80
3990 1523
3990 38
3990 998
3990 2588
3991 480
3991 3
3991 21
3991 2119
3991 74
3992 33
3992 3
3992 4
3992 3786
3992 30
3993 530
3993 2
3993 675
3993 3
3993 21
3994 0
3994 3
3994 390
3994 183
3994 1081
3995 3
3995 8
3995 491
3995 3660
3995 31
3996 177
3996 148
3996 5
3996 70
3996 124
3997 0
3997 3
3997 451
3997 1341
3997 191
3998 464
3998 34
3998 2918
3998 3358
3998 31
3999 3520
3999 34
3999 21
3999 102
3999 9
4001 1
4001 2
4001 99
4001 1555
4001 597
4002 816
4002 390
4002 9
4002 297
4002 27
4003 0
4003 6
4003 9
4003 25
4003 158
4004 257
4004 481
4004 4
4004 279
4004 40
4005 451
4005 43
4005 12
4005 1357
4005 687
4007 16
4007 1
4007 53
4007 107
4007 605
4008 194
4008 3794
4008 245
4008 41
4008 395
4009 1
4009 2435
4009 5
4009 662
4009 2168
4010 3
4010 36
4010 1063
4010 29
4010 911
4011 2
4011 2389
4011 5
4011 103
4011 1854
4012 80
4012 6
4012 1896
4012 9
4012 1454
4013 80
4013 0
4013 1816
4013 1740
4013 1198
4014 112
4014 32
4014 3
4014 5
4014 12
4015 0
4015 103
4015 24
4015 1003
4015 973
4016 1
4016 4
4016 6
4016 2828
4016 31
4017 770
4017 2
4017 82
4017 6
4017 2154
4018 740
4018 120
4018 922
4018 11
4018 31
4019 212
4019 3445
4019 122
4019 11
4019 715
4020 0
4020 32
4020 6
4020 504
4020 687
4021 2144
4021 562
4021 6
4021 40
4021 9
4022 3
4022 3108
4022 199
4022 604
4022 1375
4024 32
4024 1153
4024 4
4024 5
4024 57
4025 0
4025 34
4025 114
4025 2
4025 1883
4026 0
4026 1313
4026 5
4026 6
4026 14
4027 1
4027 25
4027 2266
4027 749
4027 14
4028 1
4028 2
4028 180
4028 5
4028 213
4029 3
4029 212
4029 8
4029 3883
4029 140
4030 1
4030 516
4030 5
4030 10
4030 45
4031 8
4031 9
4031 10
4031 31
4031 1983
4032 0
4032 5
4032 10
4032 187
4032 2125
4033 1
4033 4
4033 54
4033 9
4033 3289
4034 64
4034 1761
4034 1
4034 515
4034 1679
4035 0
4035 22
4035 8
4035 24
4035 4015
4036 2128
4036 2
4036 8
4036 953
4036 10
4037 2
4037 6
4037 103
4037 1290
4037 747
4038 2
4038 1092
4038 21
4038 126
4038 62
4039 976
4039 1472
4039 4
4039 1508
4039 6
4040 352
4040 2128
4040 1
4040 4
4040 982
4041 321
4041 1155
4041 51
4041 3592
4041 1162
4042 2
4042 2949
4042 412
4042 2910
4042 3615
4044 96
4044 21
4044 6
4044 199
4044 59
4045 40
4045 985
4045 3789
4045 2381
4045 14
4046 0
4046 3155
4046 5
4046 183
4046 140
4047 3
4047 4
4047 37
4047 3094
4047 11
4048 119
4048 151
4048 41
4048 106
4048 12
4049 272
4049 616
4049 9
4049 4026
4049 1022
4050 1
4050 2179
4050 275
4050 41
4050 59
4052 3
4052 708
4052 136
4052 88
4052 89
4053 977
4053 597
4053 5
4053 3529
4053 462
4054 672
4054 625
4054 2
4054 4
4054 283
4055 16
4055 1
4055 3349
4055 21
4055 2150
4056 21
4056 5
4056 6
4056 8
4056 859
4057 1
4057 2
4057 738
4057 4
4057 9
4058 16
4058 3
4058 3748
4058 6
4058 1324
4059 4
4059 197
4059 5
4059 780
4059 12
4061 544
4061 3816
4061 153
4061 125
4061 3455
4062 0
4062 1376
4062 2388
4062 506
4062 31
4063 997
4063 5
4063 151
4063 75
4063 1003
4065 2042
4065 10
4065 14
4065 815
4065 751
4066 2465
4066 67
4066 36
4066 20
4066 3077
4067 3091
4067 36
4067 6
4067 57
4067 1210
4068 930
4068 259
4068 5
4068 2556
4068 415
4069 97
4069 2
4069 35
4069 21
4069 973
4070 672
4070 70
4070 54
4070 905
4070 523
4071 2
4071 371
4071 1701
4071 217
4071 14
4072 3
4072 678
4072 393
4072 1865
4072 31
4073 2449
4073 1394
4073 41
4073 1690
4073 13
4074 2
4074 275
4074 3
4074 51
4074 6
4075 370
4075 532
4075 22
4075 62
4075 79
4077 64
4077 241
4077 295
4077 231
4077 973
4078 2
4078 3
4078 19
4078 196
4078 1087
4079 2
4079 532
4079 5
4079 331
4079 47
4080 1061
4080 1209
4080 12
4080 349
4080 2159
4081 753
4081 3970
4081 3
4081 3309
4081 382
4082 1282
4082 3
4082 230
4082 536
4082 24
4083 3
4083 4
4083 8
4083 73
4083 300
4084 1
4084 4
4084 741
4084 282
4084 30
4085 1392
4085 503
4085 1048
4085 11
4085 1884
4086 388
4086 532
4086 1461
4086 153
4086 41
4087 34
4087 1173
4087 375
4087 653
4087 943
4088 3
4088 4
4088 8
4088 24
4088 45
4089 257
4089 452
4089 89
4089 59
4089 31
4090 1
4090 2850
4090 4
4090 21
4090 538
4091 16
4091 3
4091 22
4091 568
4091 1117
4092 256
4092 243
4092 3363
4092 5
4092 997
4093 64
4093 6
4093 200
4093 3305
4093 12
4094 897
4094 1
4094 2
4094 574
4094 174
4095 1682
4095 2
4095 644
4095 90
4095 14
4096 128
4096 1
4096 498
4096 6
4096 344
4097 1792
4097 66
4097 2
4097 6
4097 2635
4098 3
4098 4
4098 6
4098 22
4098 2375
4099 1680
4099 467
4099 4
4099 155
4099 637
4100 0
4100 419
4100 3671
4100 59
4100 12
4101 0
4101 2514
4101 131
4101 3
4101 3725
4102 1
4102 3
4102 1497
4102 429
4102 14
4103 976
4103 50
4103 3
4103 56
4103 91
4104 3
4104 7
4104 200
4104 12
4104 142
4105 6
4105 25
4105 1468
4105 269
4105 463
4106 21
4106 1126
4106 10
4106 159
4106 31
4107 0
4107 3
4107 5
4107 40
4107 31
4108 1921
4108 1460
4108 997
4108 6
4108 89
4109 4
4109 22
4109 873
4109 922
4109 107
4110 0
4110 65
4110 8
4110 59
4110 31
4111 16
4111 2
4111 21
4111 59
4111 925
4112 0
4112 4083
4112 1188
4112 187
4112 987
4113 1
4113 2
4113 51
4113 53
4113 1677
4114 2033
4114 548
4114 22
4114 186
4114 3084
4115 4
4115 901
4115 3175
4115 296
4115 1823
4116 131
4116 6
4116 23
4116 89
4116 9
4117 2114
4117 53
4117 134
4117 22
4117 394
4118 64
4118 400
4118 2
4118 1164
4118 14
4119 1
4119 6
4119 183
4119 24
4119 1292
4120 4
4120 5
4120 6
4120 727
4120 14
4121 1857
4121 35
4121 5
4121 172
4121 1071
4122 80
4122 4
4122 1208
4122 698
4122 3228
4123 337
4123 40
4123 760
4123 491
4123 3359
4124 209
4124 2530
4124 1558
4124 10
4124 2542
4125 1120
4125 80
4125 384
4125 266
4125 1580
4126 0
4126 4
4126 119
4126 1256
4126 8
4127 193
4127 1858
4127 5
4127 124
4127 1836
4128 852
4128 5
4128 245
4128 2186
4128 27
4129 32
4129 51
4129 775
4129 955
4129 683
4130 3954
4130 151
4130 8
4130 1836
4130 557
4131 0
4131 1156
4131 2299
4131 845
4131 767
4132 4080
4132 3152
4132 2
4132 4
4132 12
4134 1
4134 2275
4134 180
4134 3224
4134 1496
4135 1424
4135 0
4135 960
4135 91
4135 1293
4136 1
4136 1569
4136 2
4136 10
4136 364
4137 4
4137 54
4137 1049
4137 153
4137 591
4138 1200
4138 0
4138 21
4138 1623
4138 89
4139 2483
4139 2950
4139 6
4139 8
4139 3869
4141 1
4141 24
4141 8
4141 298
4141 2155
4142 2
4142 4
4142 52
4142 2745
4142 27
4143 0
4143 1
4143 3
4143 4
4143 829
4144 400
4144 3
4144 395
4144 2411
4144 63
4145 99
4145 21
4145 40
4145 235
4145 2077
4146 1
4146 131
4146 250
4146 27
4146 2862
4147 0
4147 128
4147 22
4147 41
4147 62
4148 801
4148 3138
4148 194
4148 3300
4148 12
4149 3428
4149 21
4149 8
4149 1064
4149 953
4150 272
4150 212
4150 21
4150 8
4150 205
4151 0
4151 2
4151 5
4151 40
4151 27
4152 0
4152 6
4152 151
4152 1593
4152 62
4153 597
4153 6
4153 503
4153 602
4153 2829
4154 3985
4154 3
4154 6
4154 1658
4154 11
4155 3
4155 228
4155 59
4155 12
4155 239
4156 2419
4156 521
4156 763
4156 3581
4156 31
4158 625
4158 21
4158 59
4158 30
4158 15
4159 384
4159 0
4159 86
4159 14
4159 1166
4160 2
4160 1876
4160 88
4160 8
4160 3355
4161 1
4161 2323
4161 708
4161 1976
4161 187
4162 1
4162 34
4162 2291
4162 195
4162 27
4163 2513
4163 3859
4163 1398
4163 2539
4163 14
4165 2164
4165 5
4165 349
4165 383
4165 31
4166 1120
4166 197
4166 86
4166 89
4166 12
4167 21
4167 6
4167 1144
4167 2906
4167 157
4168 0
4168 393
4168 650
4168 394
4168 186
4169 176
4169 2
4169 394
4169 172
4169 1805
4170 0
4170 407
4170 249
4170 90
4170 1823
4171 64
4171 3289
4171 59
4171 14
4171 1358
4172 64
4172 32
4172 3
4172 6
4172 12
4173 3
4173 5
4173 6
4173 3768
4173 14
4174 64
4174 1252
4174 1318
4174 2489
4174 29
4175 128
4175 401
4175 6
4175 127
4175 3711
4176 2
4176 758
4176 390
4176 407
4176 605
4177 32
4177 1
4177 261
4177 133
4177 6
4178 2
4178 4
4178 5
4178 155
4178 622
4180 2497
4180 2177
4180 217
4180 79
4180 63
4181 2
4181 53
4181 6
4181 809
4181 9
4182 0
4182 21
4182 1047
4182 27
4182 1151
4183 66
4183 3
4183 339
4183 8
4183 30
4184 81
4184 2
4184 179
4184 6
4184 359
4185 258
4185 2020
4185 103
4185 24
4185 222
4186 0
4186 2
4186 70
4186 1645
4186 222
4187 145
4187 216
4187 250
4187 12
4187 351
4188 21
4188 8
4188 1626
4188 43
4188 158
4189 3
4189 4
4189 231
4189 89
4189 10
4190 193
4190 3
4190 21
4190 9
4190 10
4191 3
4191 4020
4191 5
4191 283
4191 412
4192 177
4192 3
4192 37
4192 279
4192 109
4193 112
4193 1
4193 21
4193 230
4193 86
4194 176
4194 1
4194 21
4194 6
4194 41
4195 2
4195 6
4195 27
4195 14
4195 222
4197 320
4197 2208
4197 4041
4197 300
4197 3005
4198 0
4198 3
4198 51
4198 153
4198 334
4199 33
4199 2
4199 4
4199 7
4199 24
4200 51
4200 36
4200 22
4200 31
4200 3711
4201 16
4201 1
4201 2
4201 1096
4201 185
4202 2
4202 68
4202 133
4202 1655
4202 40
4203 1
4203 2
4203 9
4203 10
4203 12
4204 2162
4204 178
4204 4
4204 24
4204 14
4205 178
4205 3461
4205 74
4205 12
4205 222
4207 3
4207 55
4207 4204
4207 12
4207 670
4209 0
4209 1
4209 2668
4209 92
4209 606
4210 770
4210 420
4210 53
4210 5
4210 327
4211 1635
4211 596
4211 24
4211 1212
4211 141
4212 1
4212 562
4212 5
4212 567
4212 412
4213 1
4213 228
4213 1864
4213 2281
4213 31
4214 0
4214 2
4214 2036
4214 183
4214 59
4215 0
4215 294
4215 136
4215 138
4215 267
4216 208
4216 1
4216 2
4216 563
4216 115
4217 32
4217 34
4217 579
4217 2270
4217 910
4218 34
4218 4
4218 6
4218 13
4218 862
4219 0
4219 3
4219 4
4219 3402
4219 14
4220 209
4220 3
4220 23
4220 3289
4220 3916
4221 259
4221 2019
4221 2965
4221 1103
4221 47
4222 64
4222 0
4222 3
4222 116
4222 6
4223 3713
4223 5
4223 22
4223 460
4223 31
4224 0
4224 176
4224 1
4224 337
4224 47
4225 4
4225 228
4225 9
4225 3563
4225 3675
4226 4112
4226 1
4226 3
4226 1591
4226 25
4227 1
4227 5
4227 54
4227 1065
4227 1167
4228 1488
4228 2464
4228 3
4228 218
4228 155
4229 1
4229 3
4229 55
4229 24
4229 11
4230 320
4230 5
4230 8
4230 3929
4230 78
4232 770
4232 339
4232 6
4232 12
4232 1468
4233 320
4233 1923
4233 981
4233 1320
4233 107
4234 6
4234 24
4234 333
4234 1198
4234 2319
4235 2663
4235 2699
4235 973
4235 702
4235 399
4236 115
4236 36
4236 21
4236 725
4236 362
4237 2
4237 181
4237 5
4237 6
4237 1433
4238 1
4238 229
4238 2649
4238 11
4238 29
4240 2
4240 343
4240 653
4240 14
4240 2303
4241 64
4241 3
4241 4
4241 8
4241 1677
4242 66
4242 36
4242 678
4242 9
4242 122
4243 2
4243 3
4243 1271
4243 8
4243 9
4244 0
4244 3
4244 1076
4244 2055
4244 733
4245 4
4245 53
4245 1541
4245 472
4245 11
4246 961
4246 21
4246 5
4246 2344
4246 9
4247 129
4247 6
4247 265
4247 106
4247 1835
4248 37
4248 197
4248 248
4248 12
4248 1870
4249 916
4249 965
4249 581
4249 30
4249 1838
4250 2
4250 34
4250 21
4250 6
4250 103
4251 2
4251 3
4251 5
4251 1274
4251 12
4252 1729
4252 1857
4252 37
4252 630
4252 623
4254 0
4254 209
4254 516
4254 3415
4254 31
4255 0
4255 964
4255 550
4255 23
4255 62
4256 1525
4256 21
4256 6
4256 151
4256 1273
4257 16
4257 2689
4257 21
4257 1208
4257 1871
4258 3461
4258 5
4258 2295
4258 1175
4258 25
4259 1
4259 3620
4259 393
4259 10
4259 11
4260 753
4260 5
4260 2680
4260 9
4260 43
4261 2
4261 4
4261 2858
4261 43
4261 143
4264 1
4264 4
4264 21
4264 666
4264 687
4265 0
4265 24
4265 1321
4265 10
4265 1740
4266 1
4266 3
4266 580
4266 1396
4266 21
4267 194
4267 53
4267 2906
4267 91
4267 12
4268 3
4268 5
4268 6
4268 200
4268 12
4269 1
4269 340
4269 40
4269 24
4269 636
4270 321
4270 3
4270 3412
4270 5
4270 40
4271 0
4271 2
4271 4212
4271 8
4271 187
4272 1412
4272 21
4272 1110
4272 3110
4272 24
4273 2272
4273 1331
4273 6
4273 90
4273 349
4274 0
4274 3
4274 1747
4274 4
4274 444
4275 1
4275 1201
4275 227
4275 2244
4275 41
4276 0
4276 516
4276 216
4276 761
4276 75
4277 1168
4277 707
4277 8
4277 27
4277 45
4278 177
4278 852
4278 2728
4278 40
4278 2431
4279 16
4279 0
4279 1
4279 4
4279 3545
4280 3
4280 22
4280 10
4280 12
4280 31
4282 32
4282 1792
4282 176
4282 323
4282 333
4283 5
4283 647
4283 439
4283 395
4283 383
4284 416
4284 0
4284 1
4284 183
4284 313
4285 112
4285 259
4285 22
4285 6
4285 2556
4286 2084
4286 6
4286 140
4286 79
4286 47
4287 3
4287 6
4287 40
4287 1434
4287 12
4288 5
4288 345
4288 59
4288 254
4288 735
4289 16
4289 646
4289 29
4289 381
4289 14
4290 1
4290 4
4290 1897
4290 602
4290 139
4291 1376
4291 5
4291 249
4291 2123
4291 13
4292 37
4292 1558
4292 8
4292 511
4292 31
4293 208
4293 2840
4293 10
4293 1355
4293 158
4294 36
4294 8
4294 10
4294 2429
4294 63
4295 0
4295 131
4295 5
4295 330
4295 4203
4297 1504
4297 530
4297 116
4297 4
4297 638
4298 2992
4298 2403
4298 5
4298 24
4298 12
4299 112
4299 9
4299 10
4299 270
4299 31
4300 2210
4300 2
4300 3637
4300 2364
4300 29
4301 2
4301 3657
4301 105
4301 187
4301 1468
4302 1731
4302 21
4302 1911
4302 8
4302 399
4303 0
4303 3360
4303 2
4303 677
4303 575
4304 2400
4304 129
4304 3
4304 6
4304 3675
4305 2
4305 148
4305 36
4305 393
4305 14
4306 434
4306 2549
4306 1495
4306 12
4306 3181
4307 2896
4307 3840
4307 1
4307 1219
4307 12
4308 97
4308 2
4308 1330
4308 3
4308 8
4309 434
4309 5
4309 264
4309 3853
4309 62
4312 131
4312 3
4312 6
4312 3833
4312 139
4313 0
4313 2322
4313 322
4313 53
4313 59
4314 3
4314 21
4314 5
4314 3276
4314 31
4315 0
4315 258
4315 709
4315 10
4315 989
4316 128
4316 167
4316 237
4316 143
4316 95
4317 1
4317 2
4317 5
4317 857
4317 2476
4318 145
4318 2
4318 2841
4318 1178
4318 222
4319 2
4319 370
4319 4
4319 1528
4319 239
4320 965
4320 183
4320 8
4320 11
4320 1885
4321 1
4321 3458
4321 2
4321 8
4321 986
4322 1408
4322 3
4322 5
4322 8
4322 75
4323 0
4323 1
4323 4
4323 3355
4323 141
4324 2291
4324 4
4324 180
4324 1943
4324 1708
4326 0
4326 131
4326 90
4326 13
4326 639
4327 1
4327 883
4327 1691
4327 3548
4327 2478
4328 3619
4328 4119
4328 10
4328 1227
4328 31
4329 21
4329 88
4329 8
4329 798
4329 1791
4331 3
4331 148
4331 73
4331 14
4331 4174
4332 2
4332 306
4332 34
4332 197
4332 41
4333 3
4333 21
4333 5
4333 1253
4333 412
4334 2
4334 1891
4334 10
4334 78
4334 158
4335 64
4335 115
4335 133
4335 37
4335 2381
4336 1
4336 4
4336 5
4336 24
4336 1759
4337 2
4337 53
4337 8
4337 605
4337 31
4338 2
4338 5
4338 4216
4338 10
4338 223
4339 881
4339 2354
4339 1570
4339 1252
4339 638
4340 1088
4340 1
4340 3305
4340 153
4340 29
4341 1764
4341 116
4341 6
4341 121
4341 510
4342 0
4342 146
4342 930
4342 3108
4342 230
4343 3
4343 21
4343 5
4343 859
4343 29
4344 400
4344 2
4344 4
4344 390
4344 3225
4345 660
4345 342
4345 55
4345 217
4345 14
4347 2389
4347 1719
4347 393
4347 13
4347 31
4348 1
4348 1303
4348 2424
4348 139
4348 3246
4349 64
4349 2177
4349 5
4349 155
4349 287
4350 2403
4350 2423
4350 2632
4350 2892
4350 13
4351 992
4351 2
4351 1300
4351 53
4351 645
4354 1
4354 1367
4354 104
4354 139
4354 4125
4355 1266
4355 2679
4355 524
4355 188
4355 31
4356 0
4356 2565
4356 3383
4356 25
4356 223
4357 24
4357 2872
4357 27
4357 1356
4357 1133
4358 516
4358 261
4358 91
4358 1293
4358 1038
4359 21
4359 3590
4359 2872
4359 204
4359 29
4360 131
4360 470
4360 59
4360 910
4360 222
4361 3
4361 6
4361 22
4361 2042
4361 1677
4362 499
4362 726
4362 775
4362 12
4362 63
4363 2
4363 21
4363 1655
4363 412
4363 3903
4364 3409
4364 178
4364 2650
4364 2539
4364 973
4365 80
4365 1
4365 115
4365 54
4365 247
4367 1301
4367 53
4367 470
4367 10
4367 2814
4368 64
4368 6
4368 166
4368 187
4368 12
4369 64
4369 80
4369 1476
4369 4
4369 22
4370 4
4370 261
4370 118
4370 31
4370 1759
4371 51
4371 6
4371 264
4371 382
4371 527
4372 0
4372 1
4372 21
4372 87
4372 8
4373 67
4373 4
4373 997
4373 3190
4373 86
4374 1
4374 2195
4374 53
4374 986
4374 13
4375 0
4375 4261
4375 133
4375 105
4375 1499
4376 914
4376 3
4376 1462
4376 103
4376 59
4378 0
4378 626
4378 899
4378 840
4378 269
4379 0
4379 1
4379 787
4379 931
4379 12
4380 0
4380 3529
4380 3947
4380 2396
4380 29
4382 8
4382 25
4382 2874
4382 219
4382 31
4383 0
4383 2660
4383 3559
4383 40
4383 158
4384 2
4384 2355
4384 19
4384 37
4384 775
4386 1396
4386 1079
4386 27
4386 12
4386 31
4387 850
4387 5
4387 332
4387 381
4387 126
4388 2
4388 4
4388 5
4388 40
4388 749
4389 1120
4389 3719
4389 24
4389 460
4389 2591
4390 0
4390 274
4390 12
4390 349
4390 205
4391 32
4391 64
4391 3
4391 6
4391 31
4392 2
4392 98
4392 6
4392 2108
4392 30
4393 1488
4393 2
4393 2358
4393 349
4393 383
4394 0
4394 5
4394 1001
4394 140
4394 62
4395 0
4395 2357
4395 1096
4395 3067
4395 12
4396 1
4396 23
4396 24
4396 168
4396 3065
4398 128
4398 3585
4398 963
4398 10
4398 59
4399 864
4399 197
4399 597
4399 183
4399 12
4400 1552
4400 2
4400 307
4400 4
4400 31
4401 2
4401 3
4401 1293
4401 31
4401 95
4402 1600
4402 3
4402 52
4402 2261
4402 8
4403 3
4403 51
4403 359
4403 2281
4403 586
4404 272
4404 112
4404 2
4404 4059
4404 4140
4405 144
4405 80
4405 70
4405 186
4405 333
4406 1
4406 162
4406 3
4406 10
4406 14
4407 2096
4407 3
4407 5
4407 540
4407 141
4408 64
4408 115
4408 5
4408 6
4408 394
4409 1285
4409 6
4409 8
4409 764
4409 1390
4411 2
4411 2502
4411 41
4411 1241
4411 31
4412 0
4412 1745
4412 86
4412 7
4412 59
4413 1
4413 6
4413 9
4413 1739
4413 29
4414 2353
4414 5
4414 1883
4414 382
4414 31
4415 2
4415 597
4415 1272
4415 2665
4415 395
4416 2
4416 5
4416 342
4416 24
4416 90
4417 2593
4417 4354
4417 23
4417 9
4417 29
4418 1
4418 124
4418 14
4418 31
4418 2527
4419 0
4419 2
4419 6
4419 158
4419 31
4420 4
4420 982
4420 6
4420 12
4420 317
4421 1
4421 4308
4421 88
4421 14
4421 31
4422 368
4422 36
4422 761
4422 14
4422 15
4423 0
4423 16
4423 2
4423 1731
4423 1988
4424 3472
4424 753
4424 2897
4424 70
4424 390
4425 96
4425 745
4425 57
4425 2955
4425 31
4426 144
4426 36
4426 582
4426 1226
4426 27
4427 192
4427 1
4427 1873
4427 1377
4427 1411
4428 274
4428 5
4428 198
4428 9
4428 553
4429 4
4429 245
4429 279
4429 3162
4429 333
4430 1
4430 2
4430 290
4430 3976
4430 59
4432 4
4432 965
4432 6
4432 40
4432 3547
4433 0
4433 324
4433 1957
4433 183
4433 269
4435 3378
4435 2019
4435 1077
4435 11
4435 141
4436 1
4436 50
4436 3957
4436 2056
4436 59
4437 2434
4437 179
4437 119
4437 1623
4437 88
4438 2
4438 1603
4438 408
4438 92
4438 77
4439 34
4439 36
4439 5
4439 103
4439 542
4440 1056
4440 64
4440 1059
4440 862
4440 1615
4441 5
4441 54
4441 1870
4441 142
4441 623
4442 2
4442 275
4442 6
4442 24
4442 845
4443 0
4443 2
4443 1817
4443 27
4443 12
4444 128
4444 3922
4444 4
4444 3190
4444 3183
4445 85
4445 1736
4445 425
4445 185
4445 1500
4446 320
4446 241
4446 131
4446 453
4446 1821
4447 0
4447 1876
4447 6
4447 390
4447 250
4448 0
4448 86
4448 6
4448 264
4448 74
4449 16
4449 1
4449 2
4449 2038
4449 10
4450 64
4450 353
4450 1
4450 2
4450 55
4451 0
4451 1266
4451 965
4451 88
4451 269
4452 1
4452 2233
4452 2665
4452 525
4452 14
4453 3971
4453 9
4453 57
4453 602
4453 715
4454 3
4454 1639
4454 12
4454 2749
4454 126
4455 2529
4455 901
4455 140
4455 541
4455 31
4456 0
4456 1
4456 20
4456 7
4456 158
4457 0
4457 114
4457 274
4457 3
4457 14
4458 3600
4458 2544
4458 9
4458 922
4458 670
4459 148
4459 1253
4459 5
4459 989
4459 63
4460 0
4460 2176
4460 1601
4460 5
4460 1243
4461 3
4461 116
4461 21
4461 1258
4461 463
4462 32
4462 1
4462 2
4462 1763
4462 24
4464 0
4464 310
4464 10
4464 11
4464 62
4465 1712
4465 3
4465 835
4465 132
4465 966
4467 1
4467 3
4467 661
4467 1206
4467 139
4468 144
4468 6
4468 647
4468 103
4468 153
4469 4
4469 53
4469 23
4469 55
4469 3087
4470 1297
4470 4
4470 5
4470 24
4470 10
4471 34
4471 2
4471 50
4471 4
4471 1390
4472 65
4472 51
4472 4
4472 37
4472 523
4473 4
4473 5
4473 91
4473 3358
4473 1055
4474 864
4474 21
4474 519
4474 4285
4474 14
4475 992
4475 5
4475 6
4475 58
4475 2974
4476 17
4476 419
4476 3
4476 1222
4476 2014
4477 516
4477 2021
4477 5
4477 1719
4477 1423
4479 21
4479 4294
4479 361
4479 845
4479 2319
4480 1
4480 1228
4480 12
4480 367
4480 175
4481 51
4481 5
4481 1942
4481 2344
4481 4159
4482 2818
4482 2
4482 264
4482 24
4482 13
4483 982
4483 54
4483 91
4483 1742
4483 719
4484 32
4484 16
4484 5
4484 2991
4484 3519
4485 4
4485 3076
4485 5
4485 742
4485 8
4487 0
4487 1
4487 2548
4487 504
4487 43
4488 16
4488 1
4488 68
4488 6
4488 438
4490 453
4490 1816
4490 8
4490 57
4490 798
4491 1
4491 4418
4491 4
4491 506
4491 1258
4492 1
4492 2
4492 3991
4492 8
4492 174
4493 105
4493 91
4493 107
4493 1615
4493 4159
4494 2
4494 5
4494 217
4494 27
4494 3740
4495 0
4495 50
4495 228
4495 199
4495 9
4496 2
4496 1334
4496 24
4496 298
4496 413
4497 80
4497 274
4497 21
4497 23
4497 138
4498 180
4498 1637
4498 158
4498 463
4498 2303
4499 3539
4499 373
4499 198
4499 2776
4499 24
4500 2689
4500 4340
4500 55
4500 136
4500 2987
4501 1
4501 305
4501 3
4501 21
4501 107
4502 1344
4502 24
4502 568
4502 10
4502 397
4503 305
4503 1346
4503 1203
4503 6
4503 233
4504 3
4504 148
4504 103
4504 3976
4504 10
4505 1
4505 772
4505 5
4505 345
4505 1613
4506 32
4506 2820
4506 6
4506 54
4506 14
4507 0
4507 4
4507 40
4507 43
4507 78
4508 1
4508 644
4508 136
4508 1976
4508 2382
4509 640
4509 580
4509 4
4509 538
4509 479
4510 2
4510 459
4510 91
4510 29
4510 318
4511 2
4511 1128
4511 872
4511 11
4511 475
4512 6
4512 1799
4512 9
4512 10
4512 570
4513 0
4513 36
4513 180
4513 310
4513 11
4514 0
4514 1
4514 3
4514 43
4514 47
4515 720
4515 119
4515 2377
4515 59
4515 605
4517 4
4517 245
4517 8
4517 874
4517 651
4518 81
4518 3
4518 198
4518 456
4518 267
4519 4
4519 86
4519 6
4519 727
4519 3545
4520 3
4520 388
4520 5
4520 8
4520 142
4521 3
4521 5
4521 6
4521 8
4521 3612
4522 3
4522 150
4522 217
4522 526
4522 1502
4523 80
4523 2
4523 88
4523 120
4523 1615
4524 73
4524 11
4524 140
4524 941
4524 1789
4525 588
4525 1677
4525 511
4525 239
4525 95
4526 209
4526 2
4526 4
4526 24
4526 11
4528 34
4528 2
4528 259
4528 1495
4528 14
4529 2
4529 4
4529 53
4529 840
4529 1740
4530 1
4530 290
4530 1658
4530 3820
4530 2142
4531 0
4531 36
4531 278
4531 282
4531 395
4532 3875
4532 4
4532 375
4532 105
4532 2233
4533 51
4533 1797
4533 6
4533 8
4533 366
4534 0
4534 16
4534 2
4534 3128
4534 12
4535 2465
4535 177
4535 209
4535 1260
4535 1742
4536 1
4536 6
4536 202
4536 1579
4536 109
4537 3
4537 115
4537 740
4537 21
4537 27
4538 2320
4538 16
4538 3
4538 2872
4538 40
4539 0
4539 1235
4539 115
4539 54
4539 235
4540 176
4540 4434
4540 1219
4540 439
4540 2203
4541 4
4541 535
4541 8
4541 186
4541 14
4542 64
4542 325
4542 69
4542 10
4542 203
4543 2
4543 356
4543 5
4543 10
4543 239
4544 2594
4544 1779
4544 4
4544 55
4544 95
4545 500
4545 24
4545 2872
4545 11
4545 1132
4546 66
4546 6
4546 731
4546 2814
4546 447
4547 192
4547 1
4547 2
4547 4
4547 1273
4548 180
4548 100
4548 21
4548 5
4548 4460
4549 1
4549 1203
4549 3
4549 201
4549 2651
4550 86
4550 8
4550 27
4550 12
4550 14
4551 3
4551 116
4551 6
4551 2598
4551 12
4552 3
4552 899
4552 1591
4552 14
4552 31
4553 2
4553 8
4553 73
4553 3212
4553 670
4554 128
4554 3
4554 8
4554 59
4554 124
4555 2
4555 6
4555 73
4555 1739
4555 2092
4556 0
4556 3
4556 6
4556 344
4556 25
4558 384
4558 0
4558 86
4558 6
4558 3784
4559 64
4559 145
4559 388
4559 2246
4559 9
4560 64
4560 0
4560 775
4560 12
4560 4254
4561 3302
4561 22
4561 2119
4561 1722
4561 763
4562 82
4562 4132
4562 23
4562 282
4562 1453
4563 2195
4563 2917
4563 150
4563 474
4563 14
4565 0
4565 4
4565 92
4565 29
4565 1150
4566 564
4566 6
4566 104
4566 8
4566 478
4568 224
4568 180
4568 293
4568 390
4568 2494
4569 32
4569 740
4569 629
4569 103
4569 683
4570 753
4570 21
4570 8
4570 4458
4570 2220
4571 3
4571 4
4571 183
4571 317
4571 158
4572 16
4572 1
4572 11
4572 379
4572 444
4573 176
4573 3475
4573 6
4573 2294
4573 1435
4574 2
4574 4
4574 1636
4574 149
4574 29
4575 1376
4575 64
4575 258
4575 11
4575 12
4576 2
4576 3
4576 1443
4576 36
4576 37
4577 0
4577 1650
4577 148
4577 840
4577 463
4579 2
4579 50
4579 532
4579 1862
4579 1737
4580 64
4580 0
4580 3
4580 22
4580 6
4581 183
4581 168
4581 3529
4581 12
4581 31
4582 2
4582 3364
4582 4
4582 264
4582 441
4583 2369
4583 995
4583 356
4583 2566
4583 4575
4584 3314
4584 450
4584 563
4584 2055
4584 1241
4585 1
4585 5
4585 21
4585 773
4585 2237
4586 4
4586 3590
4586 41
4586 2923
4586 12
4587 834
4587 2
4587 3
4587 5
4587 13
4588 1478
4588 4294
4588 1689
4588 41
4588 2367
4589 64
4589 855
4589 40
4589 985
4589 1759
4590 452
4590 5
4590 855
4590 2792
4590 1018
4591 4
4591 5
4591 39
4591 523
4591 461
4593 208
4593 307
4593 4
4593 197
4593 702
4594 1506
4594 371
4594 3460
4594 14
4594 591
4595 1
4595 177
4595 4
4595 340
4595 205
4596 1
4596 5
4596 38
4596 6
4596 2767
4597 75
4597 795
4597 1260
4597 638
4597 143
4598 0
4598 177
4598 86
4598 2887
4598 2303
4599 34
4599 131
4599 5
4599 246
4599 478
4600 274
4600 51
4600 6
4600 1947
4600 1133
4601 51
4601 3
4601 971
4601 91
4601 605
4603 0
4603 2
4603 131
4603 11
4603 959
4604 400
4604 2
4604 3
4604 153
4604 238
4605 272
4605 0
4605 177
4605 1716
4605 501
4606 0
4606 5
4606 40
4606 57
4606 4042
4607 11
4607 91
4607 239
4607 463
4607 1103
4608 5
4608 41
4608 859
4608 13
4608 142
4609 2977
4609 4
4609 1865
4609 14
4609 47
4610 119
4610 8
4610 859
4610 29
4610 1613
4611 610
4611 1990
4611 41
4611 333
4611 269
4612 0
4612 577
4612 67
4612 3719
4612 412
4613 464
4613 1
4613 563
4613 3
4613 31
4614 0
4614 23
4614 60
4614 798
4614 414
4615 3728
4615 241
4615 812
4615 12
4615 733
4616 674
4616 4
4616 37
4616 5
4616 237
4617 0
4617 433
4617 5
4617 89
4617 393
4618 1488
4618 16
4618 1
4618 18
4618 63
4619 80
4619 852
4619 5
4619 12
4619 175
4620 3
4620 2195
4620 998
4620 1222
4620 8
4621 1
4621 197
4621 90
4621 395
4621 4399
4622 16
4622 902
4622 3943
4622 93
4622 2638
4623 4
4623 53
4623 86
4623 730
4623 2879
4624 0
4624 3602
4624 115
4624 5
4624 922
4625 0
4625 549
4625 2661
4625 5
4625 111
4626 96
4626 177
4626 6
4626 333
4626 4381
4627 0
4627 3
4627 4
4627 3865
4627 4617
4628 1
4628 4
4628 36
4628 695
4628 233
4629 129
4629 1
4629 6
4629 41
4629 958
4630 0
4630 177
4630 178
4630 3
4630 8
4631 4353
4631 1
4631 5
4631 107
4631 174
4632 23
4632 8
4632 3979
4632 829
4632 317
4633 194
4633 2
4633 67
4633 1193
4633 4139
4634 112
4634 0
4634 2
4634 36
4634 875
4635 275
4635 197
4635 89
4635 12
4635 31
4636 0
4636 531
4636 57
4636 10
4636 172
4637 64
4637 0
4637 849
4637 9
4637 620
4638 964
4638 5
4638 1815
4638 8
4638 238
4639 437
4639 6
4639 1739
4639 140
4639 12
4640 64
4640 929
4640 3
4640 103
4640 73
4641 160
4641 352
4641 3
4641 59
4641 172
4642 80
4642 0
4642 1
4642 4
4642 5
4643 358
4643 7
4643 232
4643 3289
4643 30
4644 66
4644 51
4644 133
4644 11
4644 29
4645 64
4645 272
4645 16
4645 1
4645 1443
4646 4208
4646 679
4646 89
4646 1132
4646 2669
4649 1
4649 23
4649 3321
4649 1769
4649 12
4650 0
4650 1
4650 3173
4650 8
4650 12
4651 80
4651 1
4651 4
4651 116
4651 12
4652 1586
4652 372
4652 53
4652 3370
4652 3308
4653 0
4653 80
4653 1
4653 6
4653 1615
4654 0
4654 1
4654 3
4654 41
4654 105
4655 2
4655 5
4655 6
4655 41
4655 315
4656 0
4656 3059
4656 23
4656 1593
4656 11
4657 899
4657 3
4657 1284
4657 2120
4657 1051
4658 2
4658 3
4658 4
4658 230
4658 8
4659 0
4659 2741
4659 2919
4659 4010
4659 3326
4661 33
4661 65
4661 4
4661 1257
4661 12
4662 2
4662 6
4662 1560
4662 8
4662 27
4663 182
4663 10
4663 2650
4663 2476
4663 159
4664 2
4664 5
4664 2090
4664 554
4664 158
4665 1
4665 3
4665 10
4665 75
4665 413
4666 128
4666 3186
4666 21
4666 2135
4666 1242
4667 0
4667 434
4667 275
4667 5
4667 31
4669 1360
4669 3
4669 4
4669 2150
4669 14
4670 193
4670 1859
4670 3
4670 570
4670 11
4671 2817
4671 34
4671 275
4671 2264
4671 330
4672 3152
4672 1
4672 929
4672 459
4672 3135
4673 1
4673 3763
4673 581
4673 5
4673 31
4674 209
4674 2
4674 2722
4674 2134
4674 4060
4675 3970
4675 3815
4675 2106
4675 638
4675 31
4676 6
4676 1623
4676 12
4676 1084
4676 29
4677 336
4677 21
4677 1626
4677 27
4677 239
4678 1488
4678 1
4678 99
4678 568
4678 143
4679 291
4679 516
4679 3671
4679 1047
4679 3691
4680 1505
4680 1618
4680 4
4680 2092
4680 109
4681 1
4681 2818
4681 5
4681 2695
4681 12
4682 1
4682 5
4682 1208
4682 1387
4682 12
4683 20
4683 3591
4683 103
4683 8
4683 11
4684 0
4684 2
4684 5
4684 10
4684 14
4685 2
4685 3
4685 2391
4685 12
4685 524
4686 146
4686 5
4686 331
4686 12
4686 47
4687 128
4687 0
4687 999
4687 283
4687 3309
4688 1
4688 3
4688 4
4688 55
4688 14
4689 0
4689 3568
4689 2226
4689 185
4689 363
4690 5
4690 25
4690 9
4690 201
4690 2606
4691 0
4691 2
4691 3112
4691 41
4691 170
4692 3
4692 237
4692 13
4692 142
4692 687
4693 3
4693 4068
4693 22
4693 9
4693 2463
4695 147
4695 3302
4695 2252
4695 460
4695 2063
4696 1184
4696 16
4696 2042
4696 12
4696 397
4697 1
4697 5
4697 647
4697 395
4697 174
4698 0
4698 1041
4698 1
4698 657
4698 198
4699 16
4699 4052
4699 86
4699 1209
4699 41
4700 0
4700 34
4700 5
4700 8
4700 43
4701 1
4701 2594
4701 2
4701 3
4701 714
4702 1
4702 1763
4702 116
4702 41
4702 906
4703 68
4703 1462
4703 6
4703 203
4703 158
4704 0
4704 83
4704 536
4704 761
4704 63
4705 16
4705 32
4705 2693
4705 3050
4705 12
4706 192
4706 180
4706 772
4706 298
4706 92
4707 2403
4707 5
4707 86
4707 298
4707 140
4708 433
4708 2
4708 2900
4708 150
4708 174
4709 242
4709 341
4709 1576
4709 3434
4709 4606
4710 0
4710 450
4710 675
4710 1257
4710 4413
4711 1593
4711 2154
4711 59
4711 140
4711 143
4712 64
4712 19
4712 3
4712 575
4712 159
4713 50
4713 2
4713 68
4713 1480
4713 3882
4714 2
4714 3314
4714 6
4714 333
4714 31
4715 545
4715 37
4715 454
4715 823
4715 380
4716 1602
4716 86
4716 455
4716 587
4716 31
4718 640
4718 4451
4718 5
4718 200
4718 3976
4719 2
4719 3
4719 275
4719 5
4719 3711
4720 18
4720 5
4720 8
4720 108
4720 2830
4721 466
4721 371
4721 697
4721 458
4721 158
4722 0
4722 2
4722 650
4722 92
4722 239
4723 2352
4723 2128
4723 2611
4723 2295
4723 1629
4724 32
4724 131
4724 212
4724 5
4724 6
4726 17
4726 1441
4726 89
4726 2906
4726 970
4727 16
4727 2692
4727 4
4727 8
4727 3935
4728 594
4728 3
4728 228
4728 43
4728 172
4729 1
4729 6
4729 2344
4729 88
4729 8
4730 64
4730 10
4730 3340
4730 12
4730 175
4731 32
4731 1459
4731 6
4731 3591
4731 93
4732 563
4732 679
4732 9
4732 3529
4732 1518
4733 1376
4733 2389
4733 23
4733 1051
4733 238
4734 180
4734 5
4734 8
4734 3322
4734 11
4735 0
4735 3394
4735 371
4735 1027
4735 9
4736 2
4736 147
4736 344
4736 185
4736 187
4737 103
4737 41
4737 10
4737 11
4737 4731
4738 402
4738 1781
4738 5
4738 278
4738 9
4739 0
4739 53
4739 3256
4739 57
4739 603
4741 1
4741 885
4741 5
4741 647
4741 43
4742 2695
4742 2600
4742 57
4742 733
4742 830
4743 4
4743 5
4743 582
4743 1854
4743 127
4744 176
4744 2
4744 3
4744 19
4744 199
4745 3026
4745 21
4745 10
4745 29
4745 687
4746 16
4746 1712
4746 1
4746 66
4746 212
4747 1282
4747 3170
4747 3063
4747 62
4747 31
4748 2768
4748 64
4748 929
4748 24
4748 43
4749 16
4749 464
4749 1
4749 682
4749 2541
4750 0
4750 2162
4750 21
4750 568
4750 687
4751 3474
4751 51
4751 389
4751 1063
4751 121
4752 0
4752 3444
4752 4104
4752 491
4752 14
4753 64
4753 2308
4753 2839
4753 185
4753 172
4754 0
4754 3
4754 36
4754 21
4754 1802
4755 128
4755 1253
4755 2716
4755 1102
4755 4431
4756 5
4756 103
4756 4295
4756 9
4756 1853
4757 0
4757 16
4757 146
4757 390
4757 906
4758 64
4758 4
4758 4377
4758 555
4758 2797
4759 0
4759 4
4759 5
4759 297
4759 1823
4760 2
4760 2770
4760 55
4760 24
4760 875
4761 2
4761 19
4761 5
4761 6
4761 25
4762 145
4762 2
4762 3
4762 1127
4762 267
4763 0
4763 259
4763 179
4763 6
4763 1497
4764 2019
4764 86
4764 10
4764 670
4764 31
4765 129
4765 209
4765 2
4765 3
4765 133
4766 4224
4766 3
4766 180
4766 6
4766 55
4768 305
4768 228
4768 8
4768 172
4768 2735
4769 114
4769 258
4769 6
4769 12
4769 95
4770 881
4770 50
4770 2422
4770 27
4770 3086
4771 400
4771 964
4771 551
4771 40
4771 142
4772 817
4772 1
4772 4
4772 1399
4772 2360
4773 272
4773 64
4773 0
4773 6
4773 12
4774 1
4774 2
4774 2548
4774 12
4774 141
4775 32
4775 0
4775 1041
4775 4
4775 59
4776 769
4776 227
4776 4
4776 10
4776 3326
4777 1041
4777 22
4777 6
4777 1593
4777 12
4778 6
4778 1450
4778 4458
4778 682
4778 2396
4779 66
4779 3
4779 906
4779 1836
4779 31
4781 1
4781 657
4781 5
4781 981
4781 1018
4783 0
4783 976
4783 6
4783 118
4783 351
4784 0
4784 1
4784 694
4784 135
4784 1561
4785 0
4785 1
4785 99
4785 3141
4785 89
4786 2291
4786 83
4786 36
4786 41
4786 2490
4787 1457
4787 1905
4787 4
4787 6
4787 462
4788 4
4788 151
4788 8
4788 459
4788 3420
4789 80
4789 6
4789 10
4789 95
4789 623
4790 2896
4790 4
4790 24
4790 89
4790 31
4791 51
4791 21
4791 568
4791 3867
4791 124
4792 16
4792 1
4792 1624
4792 30
4792 4558
4793 4
4793 8
4793 91
4793 3823
4793 31
4794 3408
4794 339
4794 259
4794 4020
4794 382
4795 112
4795 180
4795 2186
4795 1338
4795 3083
4796 3
4796 24
4796 12
4796 13
4796 333
4797 0
4797 1
4797 2
4797 12
4797 31
4798 2324
4798 5
4798 6
4798 459
4798 237
4799 128
4799 3
4799 1940
4799 21
4799 636
4800 65
4800 452
4800 39
4800 233
4800 158
4801 1
4801 180
4801 9
4801 508
4801 943
4802 1
4802 2
4802 39
4802 11
4802 155
4803 4
4803 3126
4803 1897
4803 12
4803 1854
4804 5
4804 1365
4804 25
4804 346
4804 412
4805 1
4805 114
4805 2
4805 2087
4805 138
4806 16
4806 1
4806 2
4806 8
4806 3215
4807 1
4807 2195
4807 3331
4807 1493
4807 2266
4808 2323
4808 20
4808 53
4808 4103
4808 718
4809 80
4809 930
4809 3
4809 5
4809 413
4810 5
4810 3560
4810 122
4810 27
4810 2381
4811 32
4811 2
4811 118
4811 24
4811 60
4812 3827
4812 115
4812 867
4812 8
4812 24
4813 0
4813 180
4813 683
4813 13
4813 31
4814 21
4814 5
4814 598
4814 25
4814 1599
4816 2119
4816 8
4816 680
4816 43
4816 75
4817 4
4817 21
4817 24
4817 2651
4817 12
4818 1608
4818 889
4818 74
4818 29
4818 31
4819 337
4819 536
4819 138
4819 10
4819 14
4820 66
4820 3
4820 5
4820 823
4820 59
4821 160
4821 4
4821 37
4821 333
4821 237
4822 1
4822 6
4822 23
4822 983
4822 8
4823 3360
4823 320
4823 0
4823 3269
4823 1374
4824 1
4824 930
4824 3047
4824 88
4824 2396
4825 33
4825 2
4825 452
4825 393
4825 14
4827 0
4827 390
4827 3608
4827 3672
4827 9
4828 16
4828 1634
4828 4
4828 1226
4828 906
4829 3
4829 708
4829 2202
4829 2491
4829 413
4830 250
4830 298
4830 4010
4830 10
4830 1308
4831 1
4831 3
4831 5
4831 953
4831 1773
4832 17
4832 4
4832 37
4832 6
4832 10
4833 0
4833 66
4833 338
4833 1260
4833 3021
4835 320
4835 321
4835 2
4835 5
4835 9
4836 3
4836 87
4836 10
4836 11
4836 383
4837 144
4837 3
4837 6
4837 909
4837 3550
4838 2
4838 6
4838 8
4838 3672
4838 9
4839 976
4839 3557
4839 38
4839 262
4839 1351
4841 194
4841 805
4841 38
4841 6
4841 4488
4842 1
4842 2
4842 824
4842 4830
4842 14
4843 400
4843 3
4843 14
4843 47
4843 143
4844 2
4844 12
4844 172
4844 573
4844 1903
4845 337
4845 5
4845 3402
4845 27
4845 59
4846 4
4846 6
4846 23
4846 333
4846 111
4847 3233
4847 514
4847 1689
4847 31
4847 1199
4848 80
4848 1680
4848 23
4848 12
4848 670
4849 1
4849 2
4849 947
4849 6
4849 11
4850 3810
4850 99
4850 3
4850 4
4850 29
4851 1377
4851 6
4851 393
4851 826
4851 59
4852 275
4852 885
4852 37
4852 472
4852 2121
4853 3152
4853 2
4853 1092
4853 151
4853 3183
4855 66
4855 4805
4855 1399
4855 4333
4855 638
4857 161
4857 2922
4857 1677
4857 62
4857 1151
4858 1057
4858 4
4858 180
4858 6
4858 859
4859 3456
4859 0
4859 2
4859 2084
4859 107
4860 4736
4860 179
4860 6
4860 393
4860 446
4861 0
4861 2
4861 4
4861 1367
4861 11
4862 1872
4862 8
4862 153
4862 300
4862 1165
4863 21
4863 2598
4863 135
4863 2535
4863 31
4864 0
4864 177
4864 4
4864 5
4864 927
4865 0
4865 371
4865 103
4865 1243
4865 2923
4866 2
4866 1220
4866 6
4866 807
4866 1464
4867 6
4867 8
4867 3625
4867 43
4867 158
4868 657
4868 103
4868 1672
4868 238
4868 687
4870 3
4870 2052
4870 21
4870 920
4870 3981
4871 6
4871 3048
4871 105
4871 158
4871 687
4872 259
4872 4
4872 5
4872 6
4872 1258
4875 1
4875 3
4875 1574
4875 8
4875 10
4876 3040
4876 1457
4876 115
4876 100
4876 133
4878 0
4878 37
4878 103
4878 1719
4878 185
4879 0
4879 2
4879 5
4879 138
4879 959
4880 1
4880 22
4880 442
4880 826
4880 2206
4881 32
4881 433
4881 34
4881 89
4881 29
4882 3632
4882 178
4882 3
4882 4646
4882 31
4884 0
4884 96
4884 4529
4884 4566
4884 4650
4885 2053
4885 1175
4885 424
4885 249
4885 3149
4886 242
4886 1362
4886 121
4886 2826
4886 59
4887 0
4887 1
4887 68
4887 344
4887 3626
4888 194
4888 2
4888 4773
4888 89
4888 506
4889 1
4889 1747
4889 4244
4889 21
4889 86
4891 1
4891 195
4891 36
4891 5
4891 182
4892 288
4892 4
4892 6
4892 1064
4892 14
4893 0
4893 3510
4893 182
4893 22
4893 12
4894 1
4894 2578
4894 259
4894 19
4894 4
4895 2096
4895 2658
4895 200
4895 25
4895 670
4896 1840
4896 18
4896 3
4896 19
4896 4346
4897 1171
4897 212
4897 151
4897 1544
4897 31
4898 545
4898 1377
4898 4
4898 107
4898 15
4899 0
4899 96
4899 1
4899 2195
4899 3748
4900 2162
4900 515
4900 275
4900 6
4900 10
4901 1
4901 67
4901 3846
4901 3547
4901 59
4902 564
4902 1862
4902 1480
4902 4153
4902 47
4903 1992
4903 105
4903 10
4903 1677
4903 14
4904 4594
4904 20
4904 6
4904 265
4904 10
4905 2
4905 3317
4905 390
4905 1369
4905 687
4906 5
4906 135
4906 8
4906 523
4906 3743
4908 1
4908 2
4908 35
4908 14
4908 3406
4909 0
4909 2611
4909 2263
4909 3671
4909 31
4910 528
4910 2776
4910 346
4910 3994
4910 3647
4912 0
4912 4
4912 775
4912 40
4912 2139
4913 275
4913 3
4913 4
4913 1462
4913 12
4914 193
4914 3
4914 118
4914 2679
4914 1340
4915 4
4915 84
4915 2202
4915 906
4915 1167
4916 1621
4916 3833
4916 13
4916 3118
4916 31
4917 0
4917 1282
4917 86
4917 2086
4917 13
4918 2
4918 1765
4918 6
4918 89
4918 14
4919 64
4919 1520
4919 121
4919 14
4919 31
4920 850
4920 3
4920 170
4920 10
4920 29
4921 0
4921 2
4921 24
4921 59
4921 940
4922 212
4922 37
4922 9
4922 510
4922 463
4923 1043
4923 579
4923 4
4923 6
4923 102
4924 0
4924 1
4924 610
4924 10
4924 14
4925 3
4925 1332
4925 375
4925 4555
4925 4523
4927 67
4927 275
4927 9
4927 158
4927 31
4928 0
4928 82
4928 3
4928 21
4928 5
4929 4
4929 548
4929 21
4929 9
4929 59
4930 275
4930 564
4930 1463
4930 237
4930 1406
4931 3920
4931 17
4931 5
4931 2214
4931 941
4932 144
4932 32
4932 3
4932 6
4932 31
4933 16
4933 2
4933 3207
4933 8
4933 2858
4934 0
4934 21
4934 459
4934 253
4934 31
4935 4848
4935 2578
4935 659
4935 1836
4935 158
4936 721
4936 2131
4936 5
4936 22
4936 47
4937 4
4937 71
4937 119
4937 12
4937 4462
4938 339
4938 5
4938 119
4938 12
4938 1454
4939 4
4939 87
4939 40
4939 1068
4939 2542
4940 3
4940 4679
4940 8
4940 394
4940 124
4941 64
4941 450
4941 21
4941 1464
4941 12
4942 32
4942 1282
4942 4
4942 5
4942 103
4943 480
4943 3748
4943 2597
4943 6
4943 40
4944 68
4944 437
4944 38
4944 108
4944 47
4945 119
4945 4616
4945 392
4945 189
4945 351
4946 0
4946 193
4946 21
4946 12
4946 47
4947 625
4947 2
4947 6
4947 2793
4947 333
4948 64
4948 114
4948 6
4948 139
4948 1342
4949 34
4949 179
4949 261
4949 21
4949 167
4950 675
4950 37
4950 4806
4950 86
4950 537
4951 226
4951 179
4951 5
4951 53
4951 730
4952 580
4952 36
4952 1334
4952 8
4952 2655
4953 193
4953 3877
4953 281
4953 298
4953 986
4954 1209
4954 74
4954 30
4954 3246
4954 287
4955 1
4955 3602
4955 170
4955 90
4955 3675
4956 1
4956 17
4956 37
4956 8
4956 158
4957 97
4957 2950
4957 9
4957 910
4957 174
4958 912
4958 4
4958 6
4958 3965
4958 1823
4959 2978
4959 4105
4959 3835
4959 92
4959 93
4960 1714
4960 1380
4960 548
4960 441
4960 1274
4961 1840
4961 64
4961 1368
4961 893
4961 670
4962 561
4962 3
4962 4
4962 5
4962 383
4963 2176
4963 1
4963 2980
4963 230
4963 2376
4964 112
4964 2
4964 3
4964 4535
4964 158
4965 228
4965 38
4965 2185
4965 107
4965 31
4966 6
4966 248
4966 10
4966 173
4966 31
4967 3
4967 59
4967 1212
4967 765
4967 510
4968 481
4968 4786
4968 3
4968 8
4968 56
4969 3688
4969 25
4969 141
4969 237
4969 446
4970 0
4970 2
4970 5
4970 3866
4970 925
4971 657
4971 550
4971 733
4971 141
4971 3135
4972 128
4972 628
4972 3092
4972 23
4972 158
4973 1120
4973 1412
4973 43
4973 3164
4973 31
4974 290
4974 57
4974 2089
4974 10
4974 27
4975 0
4975 64
4975 23
4975 331
4975 686
4977 2048
4977 1
4977 4550
4977 23
4977 12
4978 160
4978 163
4978 4839
4978 506
4978 383
4979 981
4979 2453
4979 598
4979 1050
4979 14
4980 3456
4980 64
4980 3
4980 900
4980 6
4981 1635
4981 2872
4981 121
4981 11
4981 95
4982 1890
4982 279
4982 73
4982 59
4982 589
4983 34
4983 37
4983 103
4983 40
4983 4554
4984 0
4984 1
4984 8
4984 172
4984 14
4985 0
4985 2
4985 4
4985 5
4985 124
4986 3
4986 197
4986 3701
4986 24
4986 1049
4987 2116
4987 4
4987 5
4987 3627
4987 28
4988 3444
4988 5
4988 90
4988 906
4988 10
4989 3
4989 4
4989 59
4989 12
4989 62
4990 5
4990 2168
4990 8
4990 59
4990 140
4991 1312
4991 722
4991 2
4991 5
4991 2447
4992 2
4992 19
4992 115
4992 3607
4992 109
4993 2453
4993 2007
4993 3592
4993 8
4993 2714
4994 0
4994 259
4994 6
4994 8
4994 31
4995 545
4995 67
4995 5
4995 2218
4995 3069
4996 1616
4996 3921
4996 4
4996 1640
4996 568
4997 2130
4997 226
4997 758
4997 3401
4997 31
4998 2
4998 4212
4998 3269
4998 6
4998 523
4999 80
4999 0
4999 282
4999 155
4999 31
5000 1
5000 3
5000 4196
5000 4
5000 300
5001 336
5001 2
5001 133
5001 59
5001 1199
5002 180
5002 197
5002 37
5002 103
5002 140
5003 0
5003 321
5003 201
5003 138
5003 175
5004 1552
5004 81
5004 3
5004 307
5004 124
5005 2
5005 3
5005 5
5005 3063
5005 716
5006 2
5006 66
5006 8
5006 1260
5006 1375
5007 2226
5007 36
5007 8
5007 1321
5007 31
5008 53
5008 1589
5008 119
5008 888
5008 9
5009 1
5009 4
5009 4121
5009 10
5009 140
5010 432
5010 3
5010 469
5010 758
5010 31
5011 0
5011 4
5011 198
5011 6
5011 55
5012 16
5012 1
5012 4121
5012 763
5012 4334
5013 852
5013 4
5013 118
5013 10
5013 14
5014 1
5014 500
5014 1435
5014 267
5014 702
5015 320
5015 69
5015 245
5015 2712
5015 570
5017 65
5017 2483
5017 4
5017 181
5017 1622
5018 80
5018 753
5018 4841
5018 153
5018 1823
5019 66
5019 551
5019 24
5019 8
5019 94
5020 452
5020 22
5020 9
5020 10
5020 47
5021 274
5021 516
5021 4934
5021 153
5021 2364
5022 962
5022 2
5022 197
5022 12
5022 31
5023 160
5023 259
5023 3
5023 5
5023 887
5024 2
5024 1876
5024 116
5024 54
5024 858
5025 0
5025 16
5025 451
5025 5
5025 55
5027 4033
5027 290
5027 996
5027 1110
5027 172
5028 148
5028 359
5028 23
5028 4010
5028 10
5029 1
5029 1634
5029 132
5029 4
5029 124
5030 19
5030 4391
5030 3625
5030 427
5030 4908
5031 0
5031 1
5031 3
5031 150
5031 57
5032 3600
5032 21
5032 6
5032 103
5032 285
5033 64
5033 3972
5033 298
5033 11
5033 4127
5034 2866
5034 5
5034 1115
5034 92
5034 4975
5035 801
5035 9
5035 172
5035 972
5035 78
5037 0
5037 4531
5037 3
5037 309
5037 14
5038 2
5038 5
5038 22
5038 3671
5038 43
5039 2
5039 67
5039 4243
5039 1725
5039 143
5040 3059
5040 4
5040 5
5040 29
5040 2077
5041 3202
5041 2226
5041 6
5041 250
5041 2123
5042 1
5042 6
5042 183
5042 2231
5042 9
5043 1
5043 644
5043 793
5043 2783
5043 175
5044 2
5044 4
5044 182
5044 1436
5044 4717
5045 0
5045 2
5045 180
5045 5
5045 205
5046 86
5046 3158
5046 905
5046 12
5046 1823
5047 3
5047 340
5047 469
5047 9
5047 59
5048 740
5048 90
5048 12
5048 2781
5048 2559
5049 0
5049 2
5049 265
5049 346
5049 333
5050 192
5050 1
5050 2
5050 4770
5050 171
5051 2962
5051 2019
5051 999
5051 475
5051 31
5052 357
5052 1367
5052 297
5052 59
5052 219
5053 5
5053 2950
5053 1222
5053 295
5053 952
5054 1
5054 82
5054 3
5054 1900
5054 2671
5055 192
5055 0
5055 338
5055 2
5055 589
5056 2
5056 52
5056 582
5056 24
5056 12
5057 501
5057 5
5057 616
5057 927
5057 31
5058 1
5058 2693
5058 40
5058 8
5058 24
5059 4720
5059 0
5059 16
5059 1
5059 677
5060 2016
5060 3360
5060 3
5060 4
5060 4550
5061 0
5061 2065
5061 3
5061 2119
5061 364
5062 338
5062 3
5062 25
5062 313
5062 31
5063 80
5063 3522
5063 36
5063 6
5063 3303
5064 0
5064 80
5064 532
5064 6
5064 25
5065 23
5065 40
5065 1051
5065 637
5065 159
5066 64
5066 1442
5066 2
5066 1732
5066 4
5067 1440
5067 99
5067 21
5067 5
5067 2159
5068 288
5068 2
5068 1877
5068 8
5068 74
5069 24
5069 185
5069 858
5069 29
5069 733
5070 16
5070 5
5070 2423
5070 124
5070 1900
5071 0
5071 3
5071 2341
5071 5
5071 24
5072 4389
5072 5
5072 2263
5072 29
5072 31
5073 2
5073 23
5073 1768
5073 412
5073 367
5074 2
5074 21
5074 8
5074 185
5074 1546
5075 2
5075 746
5075 475
5075 2923
5075 4926
5076 529
5076 146
5076 3
5076 3110
5076 125
5077 1
5077 338
5077 54
5077 395
5077 12
5078 209
5078 1777
5078 882
5078 198
5078 138
5079 1
5079 6
5079 39
5079 2056
5079 89
5080 97
5080 5
5080 1449
5080 90
5080 588
5081 32
5081 1
5081 2713
5081 1468
5081 687
5082 850
5082 516
5082 2548
5082 3784
5082 93
5083 2
5083 4
5083 8
5083 75
5083 748
5084 1
5084 1708
5084 12
5084 3262
5084 1167
5085 274
5085 1378
5085 5
5085 40
5085 205
5086 384
5086 16
5086 241
5086 7
5086 43
5088 3280
5088 176
5088 3
5088 24
5088 29
5089 288
5089 3
5089 21
5089 23
5089 11
5091 3713
5091 118
5091 138
5091 27
5091 12
5092 160
5092 677
5092 23
5092 1210
5092 2670
5093 1
5093 889
5093 10
5093 2636
5093 12
5094 16
5094 1047
5094 3688
5094 88
5094 1708
5095 1217
5095 834
5095 3415
5095 2349
5095 29
5096 643
5096 6
5096 59
5096 107
5096 2655
5098 4674
5098 34
5098 4
5098 21
5098 11
5099 128
5099 1
5099 126
5099 14
5099 1214
5100 3
5100 68
5100 4
5100 199
5100 27
5101 83
5101 86
5101 6
5101 24
5101 10
5102 4
5102 88
5102 3529
5102 43
5102 12
5103 6
5103 230
5103 59
5103 2860
5103 1486
5104 0
5104 5
5104 2986
5104 1018
5104 31
5105 1
5105 3778
5105 8
5105 3801
5105 3710
5106 2263
5106 9
5106 1899
5106 12
5106 13
5107 2768
5107 181
5107 21
5107 233
5107 831
5110 241
5110 1
5110 3
5110 314
5110 1340
5112 1
5112 3538
5112 4
5112 981
5112 204
5113 4
5113 1764
5113 24
5113 541
5113 158
5114 899
5114 73
5114 59
5114 379
5114 12
5115 647
5115 57
5115 10
5115 43
5115 12
5116 32
5116 226
5116 228
5116 6
5116 487
5117 1285
5117 5
5117 3829
5117 12
5117 526
5118 0
5118 36
5118 213
5118 1269
5118 264
5119 4464
5119 0
5119 373
5119 4941
5119 14
5120 2209
5120 2
5120 24
5120 10
5120 5020
5121 2129
5121 3
5121 21
5121 1673
5121 2009
5122 0
5122 3683
5122 91
5122 2349
5122 1454
5123 0
5123 581
5123 41
5123 25
5123 12
5124 163
5124 3
5124 6
5124 3675
5124 14
5125 2720
5125 592
5125 5
5125 1126
5125 231
5126 320
5126 0
5126 832
5126 274
5126 455
5127 416
5127 3
5127 164
5127 9
5127 14
5128 0
5128 3
5128 453
5128 21
5128 29
5129 115
5129 932
5129 228
5129 25
5129 172
5130 1792
5130 1
5130 436
5130 88
5130 41
5131 787
5131 4596
5131 5
5131 1625
5131 2078
5132 0
5132 1
5132 34
5132 51
5132 38
5133 1201
5133 34
5133 3
5133 59
5133 156
5134 1
5134 2
5134 727
5134 200
5134 943
5135 274
5135 21
5135 4550
5135 778
5135 158
5136 16
5136 51
5136 2901
5136 682
5136 2990
5137 5
5137 8
5137 2507
5137 12
5137 4125
5138 180
5138 21
5138 1623
5138 1324
5138 670
5139 0
5139 32
5139 24
5139 1546
5139 12
5140 1216
5140 128
5140 1
5140 4050
5140 1166
5141 128
5141 90
5141 43
5141 12
5141 3231
5142 1600
5142 1
5142 674
5142 340
5142 6
5143 16
5143 160
5143 212
5143 761
5143 75
5144 17
5144 263
5144 9
5144 43
5144 1709
5145 2336
5145 36
5145 4
5145 4727
5145 8
5147 19
5147 9
5147 174
5147 1919
5147 911
5148 3
5148 121
5148 1835
5148 77
5148 1551
5150 0
5150 1
5150 4836
5150 12
5150 29
5151 0
5151 353
5151 8
5151 12
5151 31
5153 1841
5153 258
5153 4
5153 683
5153 3662
5154 0
5154 243
5154 4
5154 2918
5154 31
5155 19
5155 4
5155 872
5155 2025
5155 223
5157 259
5157 2692
5157 6
5157 1581
5157 287
5158 16
5158 1
5158 307
5158 3
5158 88
5160 5
5160 2597
5160 8
5160 155
5160 13
5162 1376
5162 115
5162 948
5162 24
5162 43
5163 2497
5163 3700
5163 53
5163 153
5163 43
5164 32
5164 3
5164 4964
5164 270
5164 4814
5165 3
5165 902
5165 2999
5165 24
5165 59
5166 66
5166 4
5166 725
5166 3190
5166 15
5167 228
5167 3878
5167 4362
5167 3819
5167 14
5168 3675
5168 236
5168 78
5168 31
5168 2303
5169 3616
5169 1344
5169 755
5169 232
5169 8
5170 3584
5170 3
5170 4
5170 4104
5170 5022
5171 3554
5171 3490
5171 2068
5171 10
5171 47
5172 0
5172 51
5172 356
5172 6
5172 10
5173 3088
5173 1
5173 214
5173 59
5173 31
5174 852
5174 36
5174 139
5174 158
5174 462
5175 1
5175 4
5175 6
5175 381
5175 125
5176 80
5176 2
5176 3
5176 217
5176 12
5177 321
5177 2
5177 3
5177 1572
5177 8
5178 1
5178 742
5178 8
5178 1610
5178 269
5180 0
5180 4
5180 197
5180 982
5180 342
5181 242
5181 4
5181 4553
5181 59
5181 12
5182 80
5182 82
5182 4
5182 10
5182 412
5183 80
5183 2
5183 5
5183 1030
5183 9
5184 1377
5184 436
5184 6
5184 8
5184 29
5185 180
5185 69
5185 21
5185 8
5185 158
5186 0
5186 305
5186 472
5186 348
5186 1966
5187 1922
5187 2195
5187 5076
5187 1432
5187 31
5188 16
5188 0
5188 1
5188 3
5188 2655
5189 1
5189 1108
5189 6
5189 2632
5189 4254
5190 1
5190 3
5190 3835
5190 830
5190 623
5191 2
5191 4965
5191 1321
5191 75
5191 11
5192 1
5192 66
5192 6
5192 24
5192 77
5193 64
5193 24
5193 1049
5193 12
5193 47
5194 2352
5194 21
5194 502
5194 24
5194 1836
5195 1
5195 3
5195 38
5195 874
5195 11
5196 243
5196 4
5196 43
5196 140
5196 31
5197 1569
5197 3444
5197 88
5197 1788
5197 444
5198 0
5198 2
5198 180
5198 740
5198 2121
5199 3
5199 21
5199 6
5199 232
5199 826
5200 1
5200 194
5200 437
5200 9
5200 143
5201 2
5201 180
5201 6
5201 2408
5201 2841
5203 50
5203 22
5203 1159
5203 397
5203 2559
5204 2481
5204 9
5204 10
5204 379
5204 43
5205 3
5205 310
5205 88
5205 142
5205 2750
5206 16
5206 3092
5206 889
5206 202
5206 1181
5207 1730
5207 116
5207 6
5207 1367
5207 4302
5208 1333
5208 1258
5208 4331
5208 12
5208 223
5209 2
5209 5
5209 24
5209 12
5209 158
5210 2
5210 131
5210 6
5210 3286
5210 14
5211 3
5211 5
5211 342
5211 54
5211 31
5212 128
5212 97
5212 2375
5212 4552
5212 141
5213 0
5213 5091
5213 259
5213 140
5213 31
5214 2752
5214 1204
5214 5
5214 2665
5214 138
5215 1218
5215 36
5215 1862
5215 390
5215 344
5216 1873
5216 209
5216 424
5216 1167
5216 4463
5217 0
5217 129
5217 2036
5217 536
5217 734
5219 36
5219 5127
5219 9
5219 31
5219 1903
5221 0
5221 2
5221 888
5221 2476
5221 908
5222 0
5222 1488
5222 19
5222 2022
5222 8
5223 32
5223 64
5223 3059
5223 5
5223 10
5224 1
5224 1458
5224 2708
5224 9
5224 202
5226 0
5226 4451
5226 5097
5226 412
5226 382
5227 4401
5227 226
5227 8
5227 953
5227 798
5228 865
5228 3
5228 393
5228 41
5228 382
5231 0
5231 3
5231 4
5231 12
5231 14
5232 115
5232 5
5232 183
5232 1257
5232 444
5233 0
5233 1
5233 3
5233 2935
5233 29
5234 0
5234 2
5234 2168
5234 682
5234 187
5236 1120
5236 3
5236 324
5236 132
5236 388
5237 708
5237 5109
5237 10
5237 2542
5237 31
5238 3
5238 6
5238 665
5238 3081
5238 526
5239 36
5239 21
5239 8
5239 185
5239 986
5240 581
5240 120
5240 459
5240 2365
5240 31
5241 0
5241 2
5241 3
5241 4
5241 8
5242 753
5242 5233
5242 1
5242 5
5242 217
5243 1377
5243 5
5243 28
5243 12
5243 158
5244 4386
5244 275
5244 5
5244 10
5244 31
5245 115
5245 4
5245 2539
5245 988
5245 239
5246 97
5246 625
5246 3
5246 906
5246 12
5247 4817
5247 67
5247 3
5247 4295
5247 4860
5248 1601
5248 5
5248 21
5248 4183
5248 874
5249 1
5249 436
5249 4
5249 9
5249 3305
5250 80
5250 3
5250 597
5250 4062
5250 1118
5251 2
5251 594
5251 1000
5251 41
5251 859
5252 147
5252 1476
5252 427
5252 172
5252 29
5254 1249
5254 1761
5254 450
5254 6
5254 47
5255 5088
5255 708
5255 22
5255 504
5255 14
5256 1864
5256 1018
5256 507
5256 541
5256 31
5257 2
5257 1171
5257 342
5257 2297
5257 31
5258 2371
5258 147
5258 2790
5258 88
5258 682
5259 1028
5259 5
5259 662
5259 1320
5259 9
5260 66
5260 3
5260 150
5260 136
5260 93
5261 4434
5261 4
5261 6
5261 2344
5261 3833
5262 3571
5262 3434
5262 11
5262 27
5262 287
5263 261
5263 56
5263 3625
5263 90
5263 2814
5264 0
5264 1
5264 5
5264 86
5264 973
5265 32
5265 694
5265 1691
5265 285
5265 399
5266 5140
5266 183
5266 1736
5266 3529
5266 700
5267 4052
5267 1957
5267 197
5267 3143
5267 12
5268 2176
5268 100
5268 1002
5268 107
5268 267
5269 83
5269 51
5269 4
5269 6
5269 185
5270 836
5270 5
5270 10
5270 110
5270 175
5272 2
5272 597
5272 6
5272 1304
5272 41
5273 2
5273 6
5273 359
5273 3015
5273 141
5274 4
5274 56
5274 809
5274 9
5274 1324
5275 976
5275 6
5275 7
5275 24
5275 249
5276 673
5276 4
5276 5
5276 6
5276 762
5277 0
5277 1
5277 50
5277 1255
5277 88
5278 1
5278 2
5278 3506
5278 4
5278 510
5279 131
5279 5044
5279 37
5279 6
5279 4043
5280 2048
5280 370
5280 3
5280 6
5280 89
5281 1
5281 307
5281 1848
5281 382
5281 31
5283 3
5283 25
5283 9
5283 333
5283 383
5284 2722
5284 1108
5284 86
5284 3276
5284 4173
5285 1
5285 53
5285 598
5285 12
5285 29
5286 96
5286 2
5286 2548
5286 8
5286 699
5287 2928
5287 1
5287 9
5287 10
5287 4059
5288 32
5288 2176
5288 1556
5288 1673
5288 170
5289 4
5289 3221
5289 1432
5289 14
5289 1614
5290 1042
5290 8
5290 973
5290 4557
5290 3278
5291 2
5291 4531
5291 3
5291 134
5291 953
5292 0
5292 51
5292 5
5292 344
5292 5289
5294 1589
5294 6
5294 510
5294 14
5294 463
5295 1
5295 1698
5295 4451
5295 138
5295 683
5296 1
5296 181
5296 1911
5296 43
5296 2507
5297 16
5297 4
5297 3399
5297 333
5297 1759
5298 0
5298 1
5298 2098
5298 227
5298 500
5299 0
5299 355
5299 51
5299 3546
5299 141
5300 0
5300 2
5300 615
5300 88
5300 14
5301 4768
5301 3
5301 90
5301 31
5301 3999
5302 16
5302 4992
5302 1
5302 4
5302 3782
5304 3
5304 836
5304 55
5304 29
5304 158
5305 34
5305 2435
5305 342
5305 4221
5305 3583
5306 1
5306 3
5306 37
5306 59
5306 1820
5307 2224
5307 3
5307 4548
5307 6
5307 41
5308 0
5308 151
5308 4792
5308 239
5308 63
5309 177
5309 2707
5309 8
5309 748
5309 13
5310 80
5310 5
5310 22
5310 73
5310 333
5312 1234
5312 4020
5312 4
5312 581
5312 3289
5313 272
5313 1
5313 3
5313 406
5313 31
5314 115
5314 85
5314 37
5314 295
5314 5291
5315 0
5315 388
5315 6
5315 4221
5315 14
5316 1472
5316 821
5316 24
5316 297
5316 2860
5317 0
5317 2
5317 3
5317 5235
5317 3915
5318 0
5318 2054
5318 121
5318 3673
5318 158
5319 545
5319 993
5319 627
5319 12
5319 285
5320 976
5320 0
5320 3
5320 1157
5320 2214
5321 400
5321 129
5321 1
5321 1779
5321 8
5322 3488
5322 2497
5322 3078
5322 59
5322 14
5323 114
5323 2883
5323 69
5323 5
5323 282
5325 976
5325 1
5325 2694
5325 1672
5325 1116
5326 96
5326 4
5326 2632
5326 1726
5326 1199
5327 0
5327 245
5327 6
5327 280
5327 62
5328 0
5328 2641
5328 20
5328 187
5328 79
5330 212
5330 8
5330 2009
5330 11
5330 1919
5331 2384
5331 8
5331 698
5331 78
5331 1566
5332 0
5332 305
5332 371
5332 8
5332 233
5333 32
5333 0
5333 2
5333 2820
5333 14
5334 2
5334 1701
5334 742
5334 8
5334 523
5335 705
5335 180
5335 88
5335 92
5335 1631
5336 914
5336 1587
5336 4
5336 8
5336 13
5337 150
5337 792
5337 185
5337 9
5337 31
5338 0
5338 21
5338 5
5338 38
5338 4905
5339 2
5339 4
5339 4660
5339 36
5339 181
5340 3
5340 53
5340 86
5340 442
5340 10
5341 1
5341 5
5341 14
5341 31
5341 687
5342 3
5342 475
5342 1356
5342 14
5342 31
5343 1
5343 516
5343 4584
5343 4266
5343 959
5344 1041
5344 6
5344 3688
5344 27
5344 31
5345 1008
5345 241
5345 2
5345 1922
5345 9
5346 48
5346 21
5346 661
5346 4088
5346 9
5347 80
5347 2
5347 1219
5347 2045
5347 29
5348 2
5348 986
5348 187
5348 1262
5348 31
5349 4178
5349 3
5349 4
5349 59
5349 734
5350 565
5350 71
5350 217
5350 3244
5350 238
5351 867
5351 5
5351 998
5351 158
5351 31
5352 707
5352 40
5352 4155
5352 59
5352 1068
5353 176
5353 53
5353 1771
5353 478
5353 1214
5354 177
5354 24
5354 280
5354 140
5354 12
5355 1936
5355 290
5355 1941
5355 2361
5355 829
5356 1009
5356 4417
5356 1
5356 3265
5356 3
5357 2
5357 4
5357 151
5357 31
5357 159
5358 2
5358 3
5358 105
5358 798
5358 31
5359 1
5359 3
5359 261
5359 8
5359 4460
5360 0
5360 2
5360 1731
5360 4613
5360 2015
5361 160
5361 2368
5361 37
5361 298
5361 45
5362 2
5362 264
5362 8
5362 1199
5362 351
5363 3632
5363 2661
5363 45
5363 269
5363 3519
5364 2
5364 40
5364 120
5364 9
5364 42
5365 2
5365 965
5365 2645
5365 2327
5365 8
5366 32
5366 1442
5366 2
5366 2870
5366 59
5367 32
5367 1
5367 948
5367 2340
5367 8
5368 3314
5368 2436
5368 6
5368 8
5368 1342
5369 4613
5369 2168
5369 57
5369 219
5369 31
5370 0
5370 1204
5370 4102
5370 1500
5370 510
5371 0
5371 1809
5371 197
5371 200
5371 14
5372 2
5372 3
5372 645
5372 2793
5372 12
5373 1
5373 3
5373 1507
5373 6
5373 540
5374 64
5374 4
5374 4086
5374 1195
5374 29
5375 1
5375 2
5375 40
5375 1000
5375 2077
5377 160
5377 1360
5377 146
5377 3
5377 726
5378 659
5378 740
5378 4
5378 172
5378 333
5380 3555
5380 758
5380 6
5380 315
5380 4700
5381 0
5381 6
5381 8
5381 95
5381 31
5382 1412
5382 373
5382 6
5382 2093
5382 5006
5383 22
5383 23
5383 267
5383 175
5383 2351
5384 4912
5384 4
5384 6
5384 3930
5384 4254
5385 1392
5385 1494
5385 8
5385 4699
5385 3470
5386 388
5386 6
5386 2681
5386 10
5386 31
5387 0
5387 2
5387 4
5387 29
5387 239
5388 0
5388 2369
5388 51
5388 1591
5388 12
5389 320
5389 19
5389 1076
5389 103
5389 1487
5390 1
5390 2
5390 4
5390 21
5390 871
5391 561
5391 2
5391 8
5391 472
5391 172
5392 22
5392 151
5392 88
5392 4026
5392 1935
5393 3136
5393 32
5393 3
5393 1131
5393 12
5394 1
5394 3
5394 3223
5394 2072
5394 2841
5395 1841
5395 709
5395 140
5395 31
5395 95
5396 5
5396 8
5396 874
5396 4331
5396 43
5397 4224
5397 80
5397 2
5397 9
5397 10
5398 305
5398 1
5398 116
5398 794
5398 4682
5399 16
5399 337
5399 466
5399 963
5399 564
5401 0
5401 258
5401 3
5401 1228
5401 431
5402 1537
5402 1297
5402 34
5402 4
5402 59
5403 80
5403 1
5403 4930
5403 53
5403 361
5405 2162
5405 532
5405 6
5405 1464
5405 25
5406 0
5406 715
5406 5229
5406 1919
5406 31
5407 16
5407 0
5407 2880
5407 4
5407 53
5408 2400
5408 3424
5408 5
5408 8
5408 1567
5409 753
5409 275
5409 232
5409 12
5409 4159
5410 3332
5410 4
5410 24
5410 2874
5410 1418
5411 259
5411 4
5411 1477
5411 140
5411 2351
5412 1
5412 2020
5412 982
5412 4669
5412 237
5413 32
5413 2
5413 3
5413 5
5413 12
5414 3667
5414 4
5414 103
5414 88
5414 1144
5415 320
5415 214
5415 199
5415 24
5415 1515
5416 1
5416 338
5416 2233
5416 219
5416 14
5417 2
5417 3
5417 359
5417 1036
5417 3965
5418 64
5418 34
5418 2
5418 724
5418 21
5419 228
5419 6
5419 808
5419 59
5419 1375
5420 3600
5420 1
5420 161
5420 3
5420 38
5421 480
5421 3
5421 293
5421 1093
5421 5194
5422 320
5422 2
5422 131
5422 167
5422 205
5423 3
5423 248
5423 219
5423 12
5423 92
5424 3349
5424 56
5424 41
5424 761
5424 12
5425 66
5425 313
5425 59
5425 2108
5425 14
5426 274
5426 340
5426 21
5426 5113
5426 301
5428 1047
5428 8
5428 155
5428 141
5428 158
5429 3
5429 230
5429 888
5429 1033
5429 139
5430 471
5430 231
5430 199
5430 715
5430 45
5431 1154
5431 1802
5431 42
5431 4142
5431 1615
5432 3
5432 1893
5432 4231
5432 152
5432 107
5433 4720
5433 0
5433 753
5433 2
5433 158
5434 4
5434 37
5434 309
5434 8
5434 14
5435 1185
5435 4420
5435 53
5435 9
5435 31
5436 1
5436 3
5436 4
5436 36
5436 5254
5437 0
5437 1767
5437 73
5437 62
5437 31
5438 2
5438 21
5438 2214
5438 1593
5438 235
5440 1393
5440 4386
5440 2
5440 8
5440 237
5441 80
5441 816
5441 3
5441 707
5441 13
5442 224
5442 1
5442 197
5442 10
5442 31
5443 0
5443 39
5443 170
5443 219
5443 4943
5444 0
5444 34
5444 3
5444 1686
5444 136
5445 0
5445 963
5445 23
5445 200
5445 10
5446 390
5446 3528
5446 140
5446 172
5446 415
5447 0
5447 930
5447 455
5447 12
5447 31
5448 1315
5448 4
5448 5046
5448 41
5448 14
5449 609
5449 4516
5449 36
5449 345
5449 107
5450 4465
5450 1
5450 3
5450 5316
5450 459
5451 1
5451 2
5451 8
5451 12
5451 95
5452 1
5452 227
5452 2357
5452 206
5452 31
5453 4259
5453 8
5453 57
5453 59
5453 4252
5454 259
5454 3
5454 53
5454 183
5454 27
5455 3920
5455 1
5455 309
5455 1080
5455 95
5456 320
5456 177
5456 14
5456 31
5456 47
5457 1331
5457 2068
5457 5
5457 1258
5457 3677
5458 4
5458 21
5458 1462
5458 295
5458 478
5459 3281
5459 66
5459 3
5459 59
5459 2638
5460 0
5460 3
5460 24
5460 2956
5460 3789
5462 34
5462 4
5462 57
5462 1485
5462 2478
5463 0
5463 2016
5463 16
5463 355
5463 760
5464 2288
5464 4
5464 3479
5464 1854
5464 271
5465 2
5465 3
5465 1158
5465 23
5465 2233
5466 3892
5466 8
5466 282
5466 2219
5466 5163
5467 160
5467 3
5467 4083
5467 58
5467 986
5468 1827
5468 343
5468 9
5468 10
5468 142
5469 320
5469 3600
5469 198
5469 3642
5469 3614
5470 16
5470 3
5470 67
5470 69
5470 6
5473 2080
5473 2
5473 905
5473 586
5473 5437
5474 352
5474 32
5474 3909
5474 104
5474 30
5475 708
5475 8
5475 3643
5475 11
5475 158
5476 407
5476 8
5476 2794
5476 333
5476 943
5477 0
5477 21
5477 38
5477 265
5477 2778
5478 1
5478 5
5478 359
5478 1255
5478 59
5479 4912
5479 6
5479 1049
5479 43
5479 79
5480 929
5480 2177
5480 5
5480 6
5480 1291
5481 1457
5481 6
5481 823
5481 27
5481 702
5482 2753
5482 68
5482 964
5482 24
5482 41
5483 1729
5483 881
5483 5350
5483 7
5483 200
5484 609
5484 179
5484 4
5484 538
5484 31
5485 5
5485 393
5485 12
5485 1182
5485 46
5486 0
5486 80
5486 1720
5486 969
5486 2460
5487 1120
5487 34
5487 231
5487 91
5487 29
5488 4083
5488 115
5488 5
5488 8
5488 10
5489 3
5489 5
5489 1701
5489 9
5489 175
5490 1
5490 180
5490 7
5490 2184
5490 1354
5491 1121
5491 1009
5491 4
5491 27
5491 5099
5492 515
5492 3
5492 979
5492 1931
5492 4254
5493 0
5493 104
5493 56
5493 1944
5493 11
5494 3
5494 21
5494 1546
5494 3787
5494 573
5495 564
5495 4262
5495 8
5495 42
5495 31
5496 0
5496 17
5496 343
5496 12
5496 1742
5497 3
5497 580
5497 4
5497 2730
5497 31
5498 1681
5498 2
5498 259
5498 12
5498 31
5499 3633
5499 3
5499 5
5499 21
5499 218
5500 4720
5500 50
5500 5314
5500 275
5500 5204
5501 0
5501 3
5501 59
5501 13
5501 639
5502 1840
5502 1699
5502 981
5502 2443
5502 733
5503 64
5503 1
5503 34
5503 3117
5503 2447
5504 0
5504 1
5504 3539
5504 24
5504 1742
5505 2992
5505 3491
5505 10
5505 1404
5505 31
5506 212
5506 23
5506 75
5506 13
5506 3711
5507 3
5507 4
5507 25
5507 12
5507 14
5509 34
5509 4
5509 6
5509 808
5509 73
5510 2
5510 3
5510 549
5510 1022
5510 31
5511 4128
5511 3
5511 5
5511 23
5511 27
5512 914
5512 2312
5512 282
5512 43
5512 799
5513 2128
5513 2019
5513 230
5513 12
5513 1341
5514 64
5514 259
5514 103
5514 2266
5514 31
5515 2
5515 3491
5515 24
5515 1689
5515 62
5516 144
5516 82
5516 2099
5516 1412
5516 11
5517 1
5517 2
5517 4374
5517 394
5517 31
5518 0
5518 3
5518 573
5518 4238
5518 702
5519 5
5519 23
5519 8
5519 2331
5519 142
5520 1
5520 2150
5520 1500
5520 13
5520 285
5521 5
5521 1110
5521 8
5521 894
5521 142
5522 3360
5522 0
5522 4373
5522 12
5522 222
5523 160
5523 401
5523 3155
5523 2244
5523 88
5524 2977
5524 2
5524 1957
5524 23
5524 2667
5525 64
5525 352
5525 2312
5525 29
5525 31
5526 1
5526 2850
5526 1398
5526 23
5526 506
5527 4418
5527 5509
5527 6
5527 2428
5527 13
5528 873
5528 237
5528 14
5528 959
5528 2159
5529 2
5529 1122
5529 115
5529 10
5529 13
5530 2947
5530 59
5530 29
5530 94
5530 158
5531 0
5531 1
5531 5
5531 186
5531 13
5532 0
5532 2722
5532 8
5532 88
5532 217
5533 4689
5533 3
5533 166
5533 4893
5533 31
5534 480
5534 1396
5534 5
5534 4885
5534 79
5535 5
5535 839
5535 599
5535 13
5535 62
5536 1408
5536 1
5536 2
5536 1219
5536 8
5537 0
5537 1203
5537 1093
5537 1081
5537 4143
5538 288
5538 1
5538 53
5538 22
5538 9
5539 1218
5539 53
5539 5
5539 8
5539 62
5540 4
5540 6
5540 3672
5540 12
5540 1199
5541 279
5541 1659
5541 349
5541 31
5541 159
5542 8
5542 3562
5542 1258
5542 12
5542 31
5543 288
5543 451
5543 3
5543 168
5543 10
5544 21
5544 53
5544 5
5544 6
5544 204
5546 352
5546 64
5546 0
5546 5
5546 4457
5547 2951
5547 1976
5547 553
5547 4891
5547 3516
5548 228
5548 6
5548 43
5548 395
5548 493
5549 1792
5549 230
5549 9
5549 3402
5549 843
5550 2
5550 5
5550 6
5550 10
5550 109
5551 6
5551 7
5551 3992
5551 1610
5551 2606
5552 1
5552 6
5552 199
5552 88
5552 239
5553 16
5553 1
5553 8
5553 124
5553 3485
5554 1
5554 2
5554 82
5554 395
5554 12
5555 3520
5555 2
5555 902
5555 1758
5555 318
5556 0
5556 53
5556 662
5556 43
5556 2735
5557 2962
5557 5
5557 53
5557 12
5557 1116
5558 419
5558 499
5558 869
5558 1048
5558 11
5559 723
5559 21
5559 1018
5559 43
5559 3469
5560 64
5560 86
5560 358
5560 1420
5560 3215
5561 16
5561 1478
5561 25
5561 286
5561 31
5562 2292
5562 436
5562 55
5562 8
5562 105
5563 4912
5563 2115
5563 4
5563 5
5563 61
5564 2960
5564 19
5564 6
5564 1117
5564 687
5565 1
5565 3
5565 4
5565 107
5565 31
5568 0
5568 1
5568 5025
5568 151
5568 619
5569 1
5569 532
5569 4229
5569 393
5569 14
5570 209
5570 1267
5570 1655
5570 2474
5570 315
5571 0
5571 114
5571 2850
5571 821
5571 250
5572 66
5572 855
5572 103
5572 1737
5572 1209
5573 2
5573 3
5573 677
5573 9
5573 1836
5574 1504
5574 3
5574 9
5574 10
5574 971
5575 0
5575 2497
5575 4
5575 21
5575 3629
5576 0
5576 5204
5576 340
5576 3639
5576 41
5577 2
5577 197
5577 1016
5577 1675
5577 59
5578 2096
5578 977
5578 1
5578 250
5578 14
5579 1
5579 131
5579 1558
5579 3305
5579 2175
5580 0
5580 3
5580 5
5580 3976
5580 14
5581 0
5581 33
5581 1179
5581 3789
5581 174
5582 2177
5582 1655
5582 8
5582 538
5582 282
5584 625
5584 179
5584 3
5584 889
5584 14
5585 1
5585 787
5585 2134
5585 3160
5585 9
5586 2257
5586 133
5586 1782
5586 62
5586 3759
5587 1408
5587 1
5587 3
5587 53
5587 31
5588 0
5588 164
5588 103
5588 2089
5588 2219
5589 64
5589 450
5589 5
5589 2860
5589 31
5590 0
5590 2
5590 6
5590 11
5590 238
5591 0
5591 2
5591 5034
5591 2397
5591 190
5592 1488
5592 21
5592 469
5592 9
5592 31
5593 0
5593 2775
5593 103
5593 73
5593 906
5594 1008
5594 625
5594 5558
5594 382
5594 174
5595 3
5595 41
5595 651
5595 1563
5595 3915
5596 912
5596 128
5596 2
5596 2195
5596 740
5597 450
5597 3
5597 5
5597 6
5597 2214
5598 1
5598 3
5598 469
5598 538
5598 5279
5599 16
5599 162
5599 3
5599 116
5599 902
5600 0
5600 1442
5600 3
5600 1463
5600 4071
5601 292
5601 4
5601 4712
5601 41
5601 31
5602 1376
5602 2562
5602 1687
5602 11
5602 78
5604 1506
5604 1478
5604 6
5604 9
5604 31
5605 1
5605 395
5605 1468
5605 333
5605 206
5606 1121
5606 21
5606 25
5606 1836
5606 12
5607 19
5607 131
5607 3
5607 4
5607 619
5608 1712
5608 16
5608 2
5608 649
5608 313
5610 3075
5610 3
5610 5
5610 9
5610 139
5611 2289
5611 290
5611 41
5611 155
5611 4301
5612 1313
5612 2
5612 307
5612 1782
5612 23
5613 5139
5613 5
5613 8
5613 910
5613 14
5614 241
5614 103
5614 264
5614 2139
5614 239
5615 3
5615 407
5615 906
5615 3359
5615 175
5616 0
5616 2
5616 8
5616 2559
5616 271
5617 321
5617 289
5617 195
5617 10
5617 43
5618 529
5618 2
5618 317
5618 157
5618 95
5619 0
5619 2402
5619 233
5619 1338
5619 10
5620 3461
5620 4470
5620 1063
5620 3996
5620 318
5621 4
5621 4296
5621 8
5621 25
5621 59
5622 1411
5622 21
5622 2678
5622 1675
5622 29
5623 3953
5623 514
5623 4418
5623 1155
5623 3
5624 0
5624 2150
5624 24
5624 10
5624 287
5625 2
5625 1443
5625 3
5625 5479
5625 412
5626 5
5626 3158
5626 630
5626 3592
5626 1406
5627 21
5627 183
5627 843
5627 12
5627 47
5628 3651
5628 2964
5628 4
5628 2549
5628 2606
5629 228
5629 852
5629 6
5629 3897
5629 158
5630 1569
5630 3122
5630 2210
5630 3256
5630 5326
5631 2291
5631 4
5631 4389
5631 2537
5631 4188
5632 1792
5632 0
5632 436
5632 5
5632 9
5633 576
5633 321
5633 21
5633 423
5633 158
5634 0
5634 4788
5634 3289
5634 1258
5634 2735
5635 0
5635 4752
5635 1211
5635 29
5635 173
5636 128
5636 1
5636 23
5636 3340
5636 1438
5637 3826
5637 3
5637 5000
5637 1739
5637 621
5638 178
5638 67
5638 51
5638 5
5638 23
5640 741
5640 167
5640 8
5640 264
5640 172
5641 4435
5641 564
5641 344
5641 958
5641 2735
5642 27
5642 123
5642 4300
5642 29
5642 31
5643 179
5643 787
5643 264
5643 89
5643 156
5644 0
5644 66
5644 5
5644 103
5644 183
5645 5187
5645 1992
5645 5530
5645 5643
5645 79
5647 5
5647 70
5647 910
5647 5279
5647 4399
5648 3
5648 264
5648 105
5648 158
5648 239
5649 4
5649 4964
5649 5
5649 29
5649 78
5650 320
5650 3
5650 183
5650 4264
5650 1083
5652 16
5652 135
5652 199
5652 650
5652 93
5653 2096
5653 5
5653 22
5653 25
5653 2783
5654 20
5654 21
5654 2795
5654 1820
5654 31
5655 5
5655 6
5655 760
5655 1640
5655 1677
5656 961
5656 2
5656 3
5656 245
5656 1343
5657 115
5657 310
5657 1146
5657 186
5657 14
5658 2885
5658 5
5658 455
5658 2712
5658 12
5659 128
5659 2
5659 3
5659 1158
5659 75
5660 32
5660 33
5660 1538
5660 1591
5660 103
5661 193
5661 2673
5661 2963
5661 36
5661 389
5662 1
5662 4727
5662 24
5662 361
5662 31
5663 2
5663 709
5663 6
5663 1208
5663 826
5664 0
5664 1027
5664 3
5664 54
5664 200
5665 96
5665 0
5665 43
5665 109
5665 2525
5666 0
5666 385
5666 4
5666 8
5666 3400
5668 1712
5668 2
5668 88
5668 12
5668 205
5669 3
5669 39
5669 235
5669 11
5669 5135
5670 976
5670 1618
5670 115
5670 1093
5670 748
5671 384
5671 0
5671 259
5671 3
5671 59
5672 1
5672 86
5672 263
5672 2344
5672 585
5673 4817
5673 3
5673 2649
5673 3674
5673 1167
5674 1377
5674 2
5674 6
5674 5575
5674 1371
5675 1749
5675 5
5675 3981
5675 4557
5675 1903
5677 5136
5677 1457
5677 1
5677 104
5677 10
5678 2
5678 2164
5678 187
5678 605
5678 159
5680 36
5680 21
5680 43
5680 59
5680 1836
5681 1
5681 1170
5681 1737
5681 12
5681 14
5682 3840
5682 290
5682 12
5682 14
5682 495
5683 3
5683 4
5683 138
5683 300
5683 399
5684 16
5684 930
5684 1447
5684 47
5684 4127
5686 21
5686 22
5686 670
5686 702
5686 671
5687 1329
5687 131
5687 53
5687 4300
5687 29
5688 307
5688 708
5688 3016
5688 12
5688 925
5689 128
5689 116
5689 2229
5689 91
5689 158
5690 4
5690 6
5690 379
5690 172
5690 31
5691 17
5691 6
5691 187
5691 1659
5691 31
5692 0
5692 4
5692 6
5692 9
5692 570
5693 976
5693 2981
5693 4822
5693 1257
5693 4074
5694 1504
5694 4
5694 4004
5694 22
5694 4590
5695 86
5695 6
5695 24
5695 2041
5695 5082
5696 2353
5696 1
5696 261
5696 5592
5696 281
5697 3
5697 597
5697 5
5697 1228
5697 766
5698 576
5698 160
5698 194
5698 8
5698 12
5700 3
5700 282
5700 156
5700 3181
5700 14
5701 434
5701 102
5701 2086
5701 8
5701 2990
5702 0
5702 97
5702 2
5702 21
5702 12
5703 4
5703 6
5703 5416
5703 4584
5703 395
5704 209
5704 450
5704 3
5704 1359
5704 1615
5705 3
5705 2840
5705 8
5705 3100
5705 988
5706 0
5706 145
5706 1944
5706 1976
5706 5466
5707 420
5707 2709
5707 266
5707 1293
5707 590
5708 1
5708 50
5708 99
5708 5253
5708 407
5709 66
5709 3
5709 197
5709 5399
5709 231
5710 66
5710 34
5710 1924
5710 3148
5710 1517
5711 1
5711 53
5711 197
5711 1766
5711 2474
5712 0
5712 274
5712 3
5712 1299
5712 8
5713 2
5713 1144
5713 604
5713 124
5713 29
5714 690
5714 4
5714 6
5714 5498
5714 11
5716 2
5716 115
5716 4
5716 3254
5716 782
5717 8
5717 1448
5717 1961
5717 333
5717 2478
5718 64
5718 2
5718 436
5718 2278
5718 506
5719 131
5719 3
5719 36
5719 5
5719 187
5720 2048
5720 1891
5720 54
5720 3564
5720 2271
5721 5248
5721 2435
5721 132
5721 364
5721 700
5722 5
5722 37
5722 151
5722 8
5722 1228
5723 4112
5723 2
5723 3
5723 2806
5723 11
5724 97
5724 2
5724 3
5724 5189
5724 31
5725 864
5725 4657
5725 3665
5725 3064
5725 11
5726 3763
5726 8
5726 568
5726 1612
5726 669
5727 0
5727 3
5727 5
5727 23
5727 2248
5728 1
5728 3
5728 4196
5728 247
5728 158
5730 0
5730 4
5730 21
5730 5644
5730 478
5731 259
5731 182
5731 1591
5731 1258
5731 12
5732 2
5732 165
5732 1292
5732 3135
5732 623
5733 1
5733 5714
5733 1219
5733 59
5733 31
5734 0
5734 1
5734 259
5734 2389
5734 22
5735 144
5735 0
5735 6
5735 1862
5735 9
5736 161
5736 1
5736 5
5736 24
5736 61
5737 3
5737 691
5737 3515
5737 12
5737 2542
5738 4
5738 54
5738 3677
5738 989
5738 205
5739 1506
5739 36
5739 6
5739 12
5739 31
5740 786
5740 1747
5740 3
5740 4760
5740 3869
5741 1
5741 1525
5741 24
5741 1404
5741 206
5742 5076
5742 135
5742 2168
5742 3132
5742 5247
5743 0
5743 1
5743 404
5743 388
5743 333
5744 3
5744 469
5744 6
5744 364
5744 45
5745 1
5745 787
5745 5
5745 4679
5745 29
5746 0
5746 103
5746 25
5746 2029
5746 14
5748 5056
5748 321
5748 657
5748 339
5748 3359
5749 128
5749 4529
5749 34
5749 2323
5749 6
5750 2
5750 4517
5750 1030
5750 43
5750 31
5751 4931
5751 2151
5751 522
5751 394
5751 2540
5752 5429
5752 885
5752 232
5752 90
5752 14
5753 3
5753 21
5753 2266
5753 10
5753 1134
5754 0
5754 5640
5754 220
5754 29
5754 158
5755 1
5755 4
5755 2950
5755 393
5755 4030
5756 273
5756 4
5756 1629
5756 62
5756 31
5757 32
5757 19
5757 3190
5757 615
5757 1464
5758 0
5758 16
5758 5043
5758 55
5758 30
5759 2272
5759 2144
5759 1
5759 5
5759 3111
5760 1297
5760 4
5760 119
5760 43
5760 175
5761 1232
5761 128
5761 1411
5761 5
5761 763
5762 1840
5762 1
5762 3444
5762 6
5762 2950
5763 5
5763 6
5763 183
5763 1676
5763 575
5764 2195
5764 1349
5764 197
5764 5242
5764 31
5765 32
5765 3
5765 53
5765 181
5765 6
5766 64
5766 0
5766 6
5766 2873
5766 250
5767 2
5767 4
5767 3349
5767 6
5767 1853
5768 16
5768 2004
5768 3879
5768 31
5768 239
5769 3
5769 5
5769 982
5769 103
5769 13
5770 66
5770 180
5770 24
5770 1037
5770 206
5771 0
5771 2
5771 1188
5771 359
5771 138
5772 32
5772 1553
5772 2
5772 243
5772 8
5773 3
5773 6
5773 4024
5773 254
5773 14
5775 0
5775 355
5775 3
5775 21
5775 29
5776 2
5776 88
5776 4299
5776 3470
5776 14
5777 1
5777 5
5777 342
5777 27
5777 4285
5778 338
5778 2
5778 3879
5778 361
5778 12
5779 1696
5779 1
5779 103
5779 88
5779 59
5780 0
5780 2400
5780 5728
5780 6
5780 27
5781 193
5781 2148
5781 4
5781 5
5781 102
5782 4720
5782 2
5782 1992
5782 2796
5782 382
5783 242
5783 51
5783 4
5783 6
5783 2154
5784 0
5784 4
5784 438
5784 298
5784 3259
5785 64
5785 4
5785 4613
5785 1884
5785 4510
5786 1520
5786 1
5786 5
5786 2793
5786 1449
5787 4
5787 5
5787 8
5787 90
5787 140
5788 2
5788 3
5788 439
5788 7
5788 1677
5789 176
5789 114
5789 3
5789 4
5789 41
5790 4630
5790 2423
5790 24
5790 1290
5790 2476
5791 1
5791 2150
5791 1976
5791 523
5791 172
5792 180
5792 183
5792 233
5792 9
5792 282
5793 242
5793 10
5793 4234
5793 3598
5793 158
5794 2
5794 259
5794 68
5794 24
5794 75
5795 3
5795 1396
5795 2005
5795 4247
5795 31
5796 2544
5796 259
5796 267
5796 4491
5796 4444
5797 3
5797 21
5797 4362
5797 158
5797 95
5798 197
5798 183
5798 8
5798 9
5798 1948
5799 0
5799 1138
5799 739
5799 3
5799 308
5800 1600
5800 4033
5800 1170
5800 5
5800 6
5801 146
5801 3238
5801 215
5801 24
5801 29
5802 128
5802 65
5802 21
5802 3414
5802 264
5803 64
5803 2
5803 6
5803 346
5803 90
5804 197
5804 21
5804 2025
5804 587
5804 478
5806 64
5806 1523
5806 1320
5806 9
5806 570
5807 193
5807 3
5807 4
5807 3671
5807 2188
5808 80
5808 2
5808 3976
5808 237
5808 14
5809 2
5809 3
5809 805
5809 6
5809 8
5810 1506
5810 3
5810 27
5810 4475
5810 747
5812 0
5812 10
5812 158
5812 191
5812 31
5813 144
5813 5
5813 1878
5813 3767
5813 59
5814 0
5814 7
5814 88
5814 12
5814 31
5815 199
5815 124
5815 301
5815 173
5815 62
5816 385
5816 5669
5816 167
5816 107
5816 31
5817 772
5817 133
5817 1738
5817 59
5817 5326
5818 1346
5818 3
5818 228
5818 116
5818 874
5819 64
5819 2
5819 659
5819 55
5819 10
5820 8
5820 10
5820 155
5820 1885
5820 557
5821 0
5821 625
5821 2
5821 343
5821 11
5822 115
5822 40
5822 122
5822 5755
5822 1053
5824 480
5824 3
5824 2537
5824 812
5824 2973
5825 16
5825 3107
5825 741
5825 840
5825 94
5826 323
5826 3
5826 5
5826 23
5826 12
5828 370
5828 3
5828 229
5828 5319
5828 12
5830 320
5830 0
5830 209
5830 4
5830 255
5831 625
5831 34
5831 1508
5831 1655
5831 105
5832 369
5832 6
5832 187
5832 910
5832 191
5833 132
5833 21
5833 109
5833 14
5833 143
5834 1
5834 1171
5834 3
5834 230
5834 839
5835 1
5835 930
5835 4
5835 1543
5835 10
5836 1121
5836 21
5836 1030
5836 889
5836 239
5837 16
5837 0
5837 32
5837 1
5837 1283
5838 2
5838 4068
5838 454
5838 31
5838 3343
5839 402
5839 37
5839 3847
5839 2665
5839 105
5840 0
5840 3
5840 6
5840 187
5840 12
5841 32
5841 21
5841 278
5841 1335
5841 8
5842 1
5842 2673
5842 1442
5842 24
5842 1068
5843 144
5843 2
5843 598
5843 88
5843 31
5844 2774
5844 4024
5844 8
5844 57
5844 31
5845 5584
5845 3
5845 4
5845 170
5845 5610
5846 340
5846 11
5846 3181
5846 62
5846 2126
5847 1
5847 1057
5847 1457
5847 4
5847 4111
5848 4209
5848 3
5848 22
5848 2841
5848 862
5849 0
5849 2
5849 37
5849 7
5849 10
5851 2785
5851 4
5851 53
5851 8
5851 5742
5852 945
5852 4050
5852 51
5852 5
5852 170
5853 1
5853 742
5853 424
5853 410
5853 1243
5854 16
5854 1
5854 66
5854 837
5854 183
5855 64
5855 2
5855 23
5855 327
5855 5547
5856 0
5856 2
5856 323
5856 25
5856 14
5857 768
5857 16
5857 1346
5857 2
5857 3
5858 2689
5858 8
5858 379
5858 77
5858 1677
5862 598
5862 953
5862 10
5862 139
5862 4381
5863 2208
5863 708
5863 693
5863 330
5863 972
5865 0
5865 1219
5865 54
5865 22
5865 1243
5866 36
5866 1205
5866 4566
5866 10
5866 14
5867 34
5867 69
5867 775
5867 41
5867 2092
5868 469
5868 21
5868 200
5868 11
5868 859
5869 193
5869 451
5869 27
5869 300
5869 2655
5870 66
5870 6
5870 57
5870 25
5870 333
5871 576
5871 3776
5871 290
5871 2916
5871 9
5872 1
5872 51
5872 37
5872 3068
5872 333
5873 4
5873 598
5873 6
5873 823
5873 12
5874 80
5874 1
5874 532
5874 1149
5874 31
5875 36
5875 6
5875 650
5875 12
5875 31
5876 0
5876 1
5876 55
5876 1675
5876 126
5877 1441
5877 338
5877 1764
5877 316
5877 31
5878 1216
5878 516
5878 24
5878 5625
5878 10
5879 3
5879 3000
5879 2104
5879 11
5879 379
5880 3
5880 4
5880 86
5880 1687
5880 1656
5881 0
5881 19
5881 11
5881 12
5881 718
5882 2
5882 99
5882 869
5882 6
5882 12
5883 1248
5883 97
5883 1331
5883 237
5883 383
5884 2997
5884 5
5884 23
5884 59
5884 399
5885 50
5885 748
5885 780
5885 4349
5885 414
5886 2592
5886 2
5886 6
5886 4216
5886 5006
5887 1
5887 916
5887 53
5887 269
5887 3149
5888 3510
5888 86
5888 279
5888 2092
5888 29
5889 176
5889 146
5889 3
5889 4652
5889 13
5890 0
5890 1
5890 407
5890 8
5890 3039
5891 3
5891 3481
5891 2330
5891 699
5891 158
5892 3895
5892 8
5892 4873
5892 605
5892 2814
5893 64
5893 165
5893 6
5893 119
5893 8
5894 208
5894 2
5894 436
5894 90
5894 1018
5895 2
5895 834
5895 8
5895 541
5895 3182
5896 2
5896 3
5896 694
5896 90
5896 1854
5898 5348
5898 5
5898 8
5898 9
5898 2635
5899 2
5899 19
5899 536
5899 315
5899 13
5900 1
5900 1876
5900 260
5900 6
5900 410
5901 0
5901 3300
5901 6
5901 11
5901 2893
5902 0
5902 2770
5902 115
5902 4697
5902 734
5903 592
5903 177
5903 760
5903 24
5903 12
5904 1712
5904 1333
5904 4139
5904 28
5904 4286
5905 5
5905 6
5905 135
5905 88
5905 3133
5906 2402
5906 6
5906 998
5906 199
5906 2025
5907 0
5907 2
5907 2130
5907 51
5907 911
5908 352
5908 3
5908 916
5908 5113
5908 859
5909 897
5909 1047
5909 8
5909 858
5909 95
5910 672
5910 4580
5910 86
5910 1882
5910 12
5911 177
5911 275
5911 5
5911 29
5911 141
5912 4
5912 341
5912 597
5912 88
5912 124
5913 2
5913 213
5913 217
5913 10
5913 4138
5914 1
5914 4
5914 23
5914 12
5914 3629
5915 0
5915 1
5915 1219
5915 4389
5915 11
5916 50
5916 1508
5916 4030
5916 14
5916 4127
5917 5779
5917 165
5917 232
5917 10
5917 59
5918 279
5918 23
5918 170
5918 459
5918 653
5919 2208
5919 6
5919 4215
5919 12
5919 684
5920 231
5920 24
5920 107
5920 413
5920 829
5921 1201
5921 1618
5921 4242
5921 5
5921 10
5922 1
5922 6
5922 344
5922 3224
5922 31
5923 0
5923 3
5923 1097
5923 683
5923 95
5924 1
5924 231
5924 3511
5924 75
5924 12
5925 0
5925 1
5925 1220
5925 23
5925 24
5926 1
5926 50
5926 1411
5926 581
5926 55
5927 384
5927 1
5927 3
5927 5
5927 203
5928 2
5928 835
5928 2744
5928 1949
5928 14
5929 5504
5929 1
5929 1985
5929 2
5929 359
5930 192
5930 3
5930 4
5930 5
5930 633
5931 80
5931 2
5931 180
5931 70
5931 43
5932 4928
5932 21
5932 198
5932 2055
5932 5385
5933 1204
5933 5
5933 871
5933 1241
5933 687
5934 32
5934 258
5934 179
5934 1093
5934 40
5936 17
5936 644
5936 217
5936 282
5936 447
5937 1504
5937 2
5937 5122
5937 6
5937 974
5938 23
5938 408
5938 11
5938 59
5938 62
5939 0
5939 242
5939 19
5939 4
5939 100
5940 1251
5940 198
5940 8
5940 2444
5940 141
5941 1201
5941 2
5941 83
5941 283
5941 31
5942 97
5942 4689
5942 5
5942 1145
5942 31
5943 5
5943 6
5943 715
5943 1470
5943 63
5944 834
5944 4
5944 821
5944 59
5944 733
5945 0
5945 227
5945 5
5945 968
5945 29
5946 0
5946 3
5946 2377
5946 14
5946 1167
5947 1
5947 4
5947 230
5947 2519
5947 8
5948 0
5948 1940
5948 9
5948 12
5948 140
5949 0
5949 1248
5949 3819
5949 12
5949 397
5950 1
5950 275
5950 964
5950 8
5950 140
5951 1
5951 1538
5951 4755
5951 6
5951 3770
5952 0
5952 3
5952 965
5952 2375
5952 187
5953 400
5953 114
5953 3683
5953 4
5953 54
5954 0
5954 5592
5954 2105
5954 202
5954 127
5955 1347
5955 3347
5955 6
5955 2905
5955 265
5956 1408
5956 64
5956 4
5956 37
5956 5303
5957 1761
5957 3
5957 4
5957 53
5957 89
5958 0
5958 3587
5958 725
5958 55
5958 568
5959 1
5959 1059
5959 779
5959 764
5959 172
5960 576
5960 1154
5960 5
5960 2776
5960 4252
5961 320
5961 1200
5961 4
5961 125
5961 383
5962 320
5962 1
5962 4
5962 1260
5962 5502
5963 2
5963 3043
5963 1379
5963 1162
5963 1916
5964 2
5964 3
5964 6
5964 4313
5964 4415
5965 3
5965 5
5965 6
5965 1178
5965 74
5966 1696
5966 1
5966 258
5966 6
5966 826
5967 1120
5967 32
5967 1
5967 3
5967 8
5968 1
5968 274
5968 104
5968 8
5968 47
5969 1
5969 4
5969 24
5969 90
5969 4570
5970 5136
5970 6
5970 9
5970 4697
5970 31
5971 163
5971 4
5971 718
5971 1327
5971 31
5972 1
5972 259
5972 9
5972 204
5972 175
5973 80
5973 4
5973 5
5973 551
5973 333
5974 1
5974 259
5974 21
5974 8
5974 410
5975 4
5975 4932
5975 103
5975 8
5975 5212
5976 4
5976 388
5976 1990
5976 1438
5976 335
5977 1
5977 2865
5977 5526
5977 152
5977 172
5978 5625
5978 2922
5978 4221
5978 30
5978 47
5980 0
5980 23
5980 103
5980 183
5980 41
5982 3
5982 4
5982 5429
5982 136
5982 333
5983 2993
5983 36
5983 53
5983 103
5983 252
5984 0
5984 1
5984 5779
5984 102
5984 4060
5985 0
5985 1747
5985 36
5985 198
5985 8
5986 4608
5986 515
5986 4
5986 6
5986 511
5987 2
5987 2132
5987 821
5987 10
5987 237
5988 131
5988 3155
5988 2263
5988 2923
5988 2878
5989 54
5989 7
5989 8
5989 3212
5989 270
5990 742
5990 87
5990 3882
5990 862
5990 3198
5992 0
5992 64
5992 946
5992 1475
5992 655
5993 194
5993 2
5993 21
5993 2040
5993 5213
5995 80
5995 1138
5995 803
5995 4967
5995 23
5996 336
5996 5639
5996 91
5996 14
5996 31
5998 1
5998 2
5998 1925
5998 5932
5998 735
5999 834
5999 5
5999 6
5999 10
5999 27
6001 257
6001 5
6001 21
6001 158
6001 286
6002 1556
6002 440
6002 715
6002 155
6002 4588
6003 1
6003 3
6003 21
6003 2998
6003 3305
6004 4323
6004 4
6004 8
6004 141
6004 4845
6005 32
6005 21
6005 264
6005 5291
6005 31
6006 0
6006 32
6006 305
6006 88
6006 201
6007 1
6007 5
6007 2872
6007 8
6007 1167
6008 164
6008 1146
6008 987
6008 43
6008 158
6009 742
6009 6
6009 8
6009 1131
6009 5534
6010 242
6010 708
6010 1092
6010 197
6010 6
6011 0
6011 1233
6011 4
6011 500
6011 3959
6012 5921
6012 2
6012 4322
6012 8
6012 1437
6013 0
6013 2
6013 5
6013 158
6013 14
6014 16
6014 0
6014 129
6014 4
6014 988
6015 1
6015 149
6015 262
6015 253
6015 14
6016 1
6016 177
6016 274
6016 454
6016 383
6017 131
6017 2117
6017 2693
6017 1206
6017 2186
6018 2
6018 2294
6018 7
6018 105
6018 3673
6019 1
6019 2841
6019 9
6019 107
6019 59
6020 3
6020 3109
6020 989
6020 158
6020 175
6021 0
6021 1361
6021 4
6021 10
6021 1276
6022 401
6022 2
6022 5
6022 150
6022 6
6023 16
6023 25
6023 1788
6023 109
6023 1150
6024 4786
6024 3607
6024 190
6024 1742
6024 1039
6025 257
6025 1
6025 3
6025 5631
6025 47
6026 5072
6026 0
6026 2
6026 8
6026 95
6027 2
6027 37
6027 2344
6027 2045
6027 29
6028 3
6028 3459
6028 90
6028 829
6028 78
6029 0
6029 2850
6029 2
6029 3
6029 4541
6030 0
6030 16
6030 3
6030 1027
6030 3980
6031 2102
6031 2183
6031 393
6031 43
6031 1199
6032 1985
6032 1719
6032 653
6032 47
6032 431
6033 321
6033 1510
6033 5990
6033 70
6033 2102
6034 1398
6034 441
6034 12
6034 5517
6034 4319
6035 2064
6035 4
6035 6
6035 3999
6035 127
6036 1842
6036 36
6036 10
6036 14
6036 31
6037 115
6037 4
6037 314
6037 2382
6037 1119
6038 0
6038 320
6038 261
6038 250
6038 172
6039 131
6039 5
6039 1223
6039 183
6039 59
6040 32
6040 8
6040 474
6040 27
6040 59
6041 0
6041 1
6041 3720
6041 29
6041 1278
6042 1
6042 4
6042 678
6042 742
6042 205
6043 672
6043 32
6043 0
6043 165
6043 59
6045 384
6045 1
6045 3
6045 5
6045 40
6046 1782
6046 2807
6046 1623
6046 10
6046 3150
6047 1
6047 197
6047 55
6047 2411
6047 382
6048 1
6048 228
6048 6
6048 3816
6048 2744
6049 0
6049 38
6049 278
6049 1212
6049 14
6050 675
6050 388
6050 3786
6050 13
6050 1838
6051 0
6051 3
6051 70
6051 381
6051 383
6052 2
6052 6
6052 5738
6052 12
6052 3597
6053 865
6053 4
6053 230
6053 2023
6053 9
6054 1057
6054 34
6054 55
6054 170
6054 4491
6055 288
6055 3424
6055 36
6055 8
6055 682
6056 80
6056 2210
6056 840
6056 3402
6056 31
6057 4480
6057 2453
6057 279
6057 40
6057 158
6058 2
6058 3
6058 73
6058 1817
6058 124
6059 2450
6059 2036
6059 1717
6059 9
6059 43
6060 787
6060 4
6060 4871
6060 1177
6060 4077
6061 0
6061 370
6061 40
6061 3466
6061 60
6062 0
6062 1
6062 659
6062 1523
6062 140
6063 450
6063 3541
6063 728
6063 394
6063 31
6064 86
6064 55
6064 9
6064 105
6064 10
6065 4912
6065 3987
6065 151
6065 5416
6065 4761
6066 4
6066 37
6066 2281
6066 59
6066 1868
6067 2
6067 6
6067 1367
6067 5307
6067 2175
6068 65
6068 19
6068 179
6068 6
6068 29
6070 1504
6070 51
6070 37
6070 379
6070 5933
6071 32
6071 18
6071 3
6071 4
6071 380
6072 512
6072 5937
6072 182
6072 230
6072 4908
6074 482
6074 294
6074 2758
6074 343
6074 9
6075 1329
6075 258
6075 180
6075 53
6075 10
6076 5312
6076 51
6076 955
6076 2027
6076 2285
6077 1171
6077 8
6077 74
6077 349
6077 494
6078 2289
6078 283
6078 3741
6078 14
6078 3982
6079 67
6079 873
6079 3369
6079 2686
6079 3390
6080 1958
6080 471
6080 185
6080 4026
6080 3356
6081 0
6081 1
6081 2201
6081 11
6081 460
6082 0
6082 80
6082 5
6082 678
6082 127
6083 0
6083 5319
6083 183
6083 73
6083 44
6085 22
6085 121
6085 9
6085 1881
6085 605
6086 193
6086 613
6086 167
6086 9
6086 29
6087 4
6087 389
6087 6
6087 279
6087 29
6088 577
6088 6
6088 3592
6088 12
6088 542
6090 24
6090 440
6090 5657
6090 5789
6090 31
6091 99
6091 325
6091 53
6091 2903
6091 362
6092 0
6092 3104
6092 2
6092 4
6092 6
6093 1
6093 3
6093 243
6093 536
6093 2826
6094 226
6094 100
6094 121
6094 570
6094 31
6095 3
6095 388
6095 5780
6095 21
6095 869
6096 5392
6096 916
6096 85
6096 4266
6096 3710
6097 967
6097 808
6097 10
6097 395
6097 1884
6098 1
6098 5
6098 6
6098 5655
6098 27
6099 800
6099 64
6099 82
6099 21
6099 24
6100 307
6100 41
6100 315
6100 29
6100 1022
6101 1008
6101 25
6101 138
6101 1499
6101 12
6102 36
6102 5269
6102 300
6102 6029
6102 62
6103 1
6103 3
6103 964
6103 12
6103 13
6104 34
6104 9
6104 5788
6104 238
6104 31
6105 6
6105 40
6105 9
6105 141
6105 15
6106 3
6106 4
6106 197
6106 7
6106 4105
6107 1008
6107 388
6107 232
6107 120
6107 29
6108 0
6108 290
6108 279
6108 1623
6108 4719
6109 192
6109 1
6109 27
6109 333
6109 287
6110 0
6110 32
6110 1617
6110 694
6110 31
6112 112
6112 2
6112 4
6112 869
6112 133
6113 641
6113 2
6113 4
6113 155
6113 1260
6114 21
6114 105
6114 4717
6114 558
6114 2910
6115 0
6115 1665
6115 3131
6115 93
6115 31
6116 3
6116 19
6116 772
6116 412
6116 3324
6117 3
6117 36
6117 5
6117 8
6117 10
6118 337
6118 4
6118 21
6118 4254
6118 31
6119 976
6119 5957
6119 22
6119 4953
6119 410
6120 0
6120 274
6120 598
6120 6
6120 2555
6121 145
6121 3
6121 3557
6121 90
6121 348
6122 82
6122 68
6122 5
6122 53
6122 10
6123 3
6123 1494
6123 73
6123 315
6123 31
6124 1
6124 369
6124 1913
6124 170
6124 395
6125 144
6125 1219
6125 451
6125 3332
6125 3179
6126 320
6126 4
6126 5
6126 873
6126 6125
6127 32
6127 321
6127 116
6127 8
6127 840
6128 65
6128 1523
6128 21
6128 619
6128 253
6129 4224
6129 3
6129 37
6129 198
6129 40
6130 1
6130 2
6130 5
6130 985
6130 1260
6131 0
6131 57
6131 11
6131 158
6131 1390
6132 81
6132 5
6132 742
6132 6
6132 59
6133 320
6133 0
6133 3
6133 500
6133 218
6134 0
6134 22
6134 8
6134 745
6134 395
6135 1
6135 1313
6135 73
6135 4633
6135 1691
6136 3601
6136 1
6136 6
6136 8
6136 875
6137 2195
6137 2291
6137 4
6137 1479
6137 669
6138 0
6138 5
6138 151
6138 4959
6138 3791
6139 80
6139 3
6139 245
6139 9
6139 43
6140 3633
6140 2
6140 3099
6140 13
6140 1151
6141 16
6141 1712
6141 6
6141 697
6141 395
6142 1953
6142 1
6142 662
6142 56
6142 1167
6143 179
6143 69
6143 6
6143 88
6143 31
6144 0
6144 211
6144 41
6144 540
6144 206
6145 2419
6145 4
6145 1578
6145 203
6145 2140
6146 182
6146 6
6146 1144
6146 4666
6146 1645
6147 64
6147 5328
6147 2
6147 4
6147 1916
6148 0
6148 33
6148 580
6148 388
6148 31
6149 1
6149 2
6149 3
6149 5959
6149 3052
6150 1
6150 53
6150 12
6150 205
6150 14
6151 0
6151 36
6151 331
6151 11
6151 399
6152 1
6152 772
6152 5
6152 5417
6152 1259
6153 0
6153 146
6153 3881
6153 92
6153 158
6154 80
6154 4
6154 6
6154 4173
6154 31
6155 4963
6155 21
6155 646
6155 153
6155 73
6156 113
6156 19
6156 5
6156 1126
6156 361
6157 0
6157 1297
6157 180
6157 5
6157 6
6158 3185
6158 4
6158 4266
6158 6059
6158 670
6159 1138
6159 1940
6159 197
6159 715
6159 59
6160 2992
6160 1
6160 338
6160 8
6160 334
6161 3744
6161 737
6161 1171
6161 570
6161 1870
6162 1153
6162 3
6162 233
6162 4637
6162 4830
6163 1488
6163 3585
6163 564
6163 8
6163 888
6164 4912
6164 3
6164 4
6164 57
6164 2154
6165 0
6165 132
6165 4
6165 59
6165 684
6166 1
6166 741
6166 442
6166 12
6166 815
6167 337
6167 82
6167 3
6167 5
6167 1518
6168 1
6168 2689
6168 3782
6168 343
6168 2270
6169 3
6169 165
6169 295
6169 985
6169 14
6170 3
6170 21
6170 5
6170 4697
6170 3898
6171 960
6171 3
6171 275
6171 2950
6171 379
6173 128
6173 1445
6173 10
6173 1820
6173 1005
6174 546
6174 2692
6174 4
6174 4725
6174 230
6175 176
6175 4
6175 151
6175 344
6175 187
6177 1
6177 340
6177 2632
6177 40
6177 12
6178 50
6178 6
6178 4214
6178 151
6178 140
6179 2
6179 3
6179 972
6179 1677
6179 14
6180 5424
6180 160
6180 3
6180 726
6180 22
6181 53
6181 1525
6181 8
6181 25
6181 3039
6182 1
6182 1219
6182 3380
6182 68
6182 5
6183 1472
6183 1841
6183 4
6183 7
6183 217
6184 881
6184 1
6184 2965
6184 5659
6184 31
6185 32
6185 1
6185 51
6185 2566
6185 31
6187 146
6187 307
6187 2456
6187 10
6187 782
6188 8
6188 9
6188 234
6188 111
6188 2399
6189 0
6189 3472
6189 1
6189 359
6189 45
6190 5136
6190 213
6190 4741
6190 2284
6190 31
6191 339
6191 53
6191 4294
6191 459
6191 12
6192 5314
6192 3
6192 4980
6192 2999
6192 89
6193 800
6193 0
6193 97
6193 5297
6193 261
6195 2658
6195 37
6195 469
6195 758
6195 1018
6196 2
6196 180
6196 21
6196 570
6196 10
6197 16
6197 2
6197 5077
6197 2891
6197 94
6199 1024
6199 2208
6199 5
6199 197
6199 31
6200 177
6200 2
6200 344
6200 9
6200 478
6201 98
6201 4
6201 1030
6201 494
6201 15
6202 144
6202 1
6202 51
6202 8
6202 107
6204 395
6204 1260
6204 749
6204 47
6204 5199
6205 1953
6205 2
6205 3
6205 4
6205 11
6206 1201
6206 8
6206 1260
6206 12
6206 30
6208 0
6208 946
6208 1332
6208 4713
6208 12
6209 3236
6209 4
6209 999
6209 536
6209 10
6210 148
6210 5
6210 21
6210 647
6210 1897
6211 1
6211 131
6211 408
6211 8
6211 2920
6212 320
6212 68
6212 8
6212 1976
6212 158
6214 337
6214 66
6214 5363
6214 4
6214 5
6215 3474
6215 1203
6215 995
6215 21
6215 12
6216 2
6216 2341
6216 6
6216 3863
6216 23
6217 0
6217 80
6217 123
6217 1771
6217 1132
6218 0
6218 4
6218 4666
6218 170
6218 890
6219 1
6219 3
6219 6
6219 86
6219 2891
6220 805
6220 6
6220 264
6220 2539
6220 1919
6221 450
6221 2947
6221 4196
6221 6
6221 552
6222 0
6222 532
6222 630
6222 536
6222 43
6223 1216
6223 980
6223 4
6223 2490
6223 4541
6225 1
6225 258
6225 454
6225 1288
6225 1278
6226 132
6226 23
6226 5388
6226 158
6226 478
6227 1
6227 275
6227 2781
6227 1071
6227 367
6228 1312
6228 9
6228 2826
6228 1948
6228 6078
6229 1218
6229 3731
6229 4101
6229 6
6229 41
6231 2
6231 772
6231 5
6231 2171
6231 5327
6232 144
6232 53
6232 9
6232 475
6232 1916
6233 288
6233 867
6233 21
6233 1510
6233 1293
6234 66
6234 2
6234 388
6234 4
6234 2775
6235 1
6235 708
6235 10
6235 5002
6235 959
6236 32
6236 997
6236 22
6236 1416
6236 702
6237 1223
6237 24
6237 1433
6237 12
6237 269
6238 1
6238 180
6238 6
6238 2151
6238 298
6239 0
6239 3
6239 233
6239 826
6239 3262
6240 3011
6240 3
6240 6
6240 9
6240 700
6241 1
6241 2
6241 4
6241 253
6241 638
6242 257
6242 548
6242 21
6242 4953
6242 1276
6243 0
6243 1734
6243 710
6243 8
6243 1546
6244 2
6244 3
6244 965
6244 22
6244 2872
6245 209
6245 948
6245 4262
6245 8
6245 491
6246 3683
6246 4
6246 964
6246 1626
6246 254
6248 5588
6248 3941
6248 965
6248 185
6248 798
6249 3
6249 1132
6249 29
6249 991
6249 31
6250 208
6250 2
6250 300
6250 158
6250 14
6251 144
6251 64
6251 450
6251 21
6251 78
6252 128
6252 2
6252 102
6252 2878
6252 191
6253 4
6253 231
6253 695
6253 237
6253 702
6254 176
6254 2931
6254 1380
6254 3608
6254 2265
6255 0
6255 6
6255 8
6255 11
6255 253
6256 3730
6256 2531
6256 1389
6256 29
6256 30
6257 370
6257 4
6257 24
6257 88
6257 5145
6258 68
6258 9
6258 1289
6258 76
6258 2108
6259 193
6259 2420
6259 297
6259 9
6259 4223
6260 0
6260 1
6260 33
6260 9
6260 5663
6261 0
6261 898
6261 1163
6261 4316
6261 2476
6262 0
6262 4177
6262 1892
6262 4344
6262 175
6263 0
6263 3
6263 662
6263 1992
6263 94
6264 1
6264 755
6264 2277
6264 1050
6264 2923
6265 116
6265 8
6265 24
6265 202
6265 1820
6266 52
6266 4151
6266 344
6266 41
6266 1854
6267 3
6267 36
6267 6
6267 2790
6267 14
6268 241
6268 625
6268 997
6268 6
6268 985
6269 5170
6269 3
6269 70
6269 88
6269 3230
6270 2468
6270 5
6270 6
6270 12
6270 140
6271 1808
6271 193
6271 4617
6271 2526
6271 62
6272 2
6272 228
6272 4
6272 650
6272 124
6273 32
6273 4
6273 852
6273 347
6273 158
6274 66
6274 51
6274 69
6274 25
6274 333
6276 3184
6276 272
6276 2
6276 10
6276 3675
6277 1
6277 40
6277 1336
6277 9
6277 812
6278 1632
6278 160
6278 4840
6278 5128
6278 158
6279 2
6279 1284
6279 5
6279 2283
6279 31
6280 132
6280 3111
6280 30
6280 190
6280 31
6281 4
6281 5
6281 6
6281 809
6281 2380
6282 1
6282 3956
6282 9
6282 138
6282 463
6283 2177
6283 66
6283 472
6283 5833
6283 58
6284 660
6284 5
6284 10
6284 13
6284 318
6286 2048
6286 2
6286 3
6286 179
6286 899
6287 3
6287 5
6287 327
6287 4040
6287 399
6288 5729
6288 2
6288 678
6288 424
6288 1340
6289 80
6289 6
6289 3672
6289 4026
6289 45
6290 64
6290 0
6290 2980
6290 10
6290 59
6291 1553
6291 5
6291 6
6291 201
6291 687
6292 1008
6292 1
6292 3
6292 2697
6292 1759
6293 128
6293 64
6293 258
6293 5
6293 310
6294 3
6294 2707
6294 965
6294 103
6294 570
6295 32
6295 1
6295 4660
6295 358
6295 31
6296 64
6296 0
6296 5
6296 6219
6296 238
6297 0
6297 3
6297 1593
6297 175
6297 3919
6298 5
6298 103
6298 8
6298 364
6298 141
6299 2
6299 452
6299 5
6299 53
6299 14
6300 5136
6300 3633
6300 5
6300 2021
6300 30
6301 5537
6301 741
6301 2058
6301 2860
6301 541
6302 2244
6302 5
6302 56
6302 3546
6302 3469
6303 0
6303 1779
6303 5
6303 7
6303 552
6304 272
6304 800
6304 27
6304 59
6304 12
6306 153
6306 859
6306 318
6306 95
6306 31
6307 64
6307 1
6307 338
6307 2
6307 899
6309 4608
6309 64
6309 4
6309 902
6309 43
6310 1
6310 6306
6310 5
6310 8
6310 745
6311 32
6311 2033
6311 55
6311 9
6311 75
6312 33
6312 795
6312 446
6312 14
6312 271
6313 0
6313 1057
6313 180
6313 57
6313 59
6314 3604
6314 708
6314 133
6314 6
6314 1900
6315 2
6315 23
6315 1051
6315 221
6315 366
6316 5753
6316 10
6316 4475
6316 1198
6316 14
6317 976
6317 3
6317 6
6317 553
6317 14
6318 2130
6318 516
6318 3815
6318 826
6318 31
6319 1
6319 22
6319 103
6319 9
6319 46
6320 834
6320 4
6320 6
6320 6312
6320 4317
6321 96
6321 4151
6321 233
6321 1449
6321 2783
6322 9
6322 89
6322 10
6322 59
6322 62
6323 3456
6323 3664
6323 1506
6323 133
6323 826
6324 3
6324 598
6324 73
6324 170
6324 124
6325 1331
6325 6
6325 247
6325 523
6325 4444
6326 0
6326 4
6326 6
6326 119
6326 13
6327 0
6327 5235
6327 1956
6327 88
6327 1369
6328 2691
6328 24
6328 2393
6328 31
6328 687
6329 1360
6329 288
6329 817
6329 1068
6329 958
6330 67
6330 164
6330 133
6330 344
6330 1775
6331 1171
6331 21
6331 197
6331 12
6331 31
6332 0
6332 36
6332 5
6332 6
6332 3515
6333 2403
6333 169
6333 331
6333 702
6333 526
6334 19
6334 3
6334 1203
6334 36
6334 10
6335 4625
6335 758
6335 2327
6335 4697
6335 1004
6336 1
6336 803
6336 1463
6336 45
6336 2463
6337 1552
6337 83
6337 1508
6337 231
6337 1615
6338 34
6338 180
6338 3926
6338 89
6338 3629
6339 177
6339 450
6339 10
6339 124
6339 1615
6340 32
6340 21
6340 4437
6340 410
6340 687
6341 32
6341 4
6341 10
6341 140
6341 1167
6342 561
6342 305
6342 3299
6342 6
6342 199
6343 1
6343 2
6343 2247
6343 40
6343 571
6344 197
6344 6
6344 88
6344 10
6344 12
6345 0
6345 4
6345 37
6345 702
6345 62
6346 144
6346 3
6346 5
6346 4282
6346 3468
6347 4
6347 5430
6347 1448
6347 12
6347 2476
6348 6
6348 103
6348 4760
6348 12
6348 300
6350 0
6350 1924
6350 2986
6350 11
6350 14
6351 400
6351 4128
6351 450
6351 2
6351 8
6352 176
6352 19
6352 3047
6352 4458
6352 699
6354 3
6354 183
6354 199
6354 778
6354 140
6355 128
6355 725
6355 6
6355 54
6355 31
6356 1538
6356 3
6356 13
6356 1854
6356 95
6357 2
6357 294
6357 23
6357 3065
6357 653
6358 561
6358 2
6358 3
6358 8
6358 282
6359 228
6359 5
6359 25
6359 12
6359 172
6360 672
6360 209
6360 3
6360 5674
6360 1199
6361 16
6361 1
6361 2
6361 67
6361 4
6362 66
6362 183
6362 2922
6362 59
6362 1372
6363 0
6363 288
6363 4
6363 4697
6363 74
6364 5344
6364 3
6364 116
6364 536
6364 591
6366 112
6366 288
6366 2
6366 3
6366 394
6367 176
6367 1
6367 6
6367 5111
6367 5608
6368 1889
6368 34
6368 3971
6368 10
6368 12
6369 371
6369 2937
6369 1881
6369 1134
6369 95
6370 115
6370 5
6370 5324
6370 1598
6370 31
6371 320
6371 3
6371 5027
6371 21
6371 47
6372 64
6372 19
6372 4
6372 43
6372 3741
6373 16
6373 1538
6373 2
6373 11
6373 93
6374 0
6374 2
6374 564
6374 23
6374 2478
6376 64
6376 1
6376 3208
6376 12
6376 31
6377 1920
6377 0
6377 3872
6377 6307
6377 142
6378 469
6378 613
6378 6
6378 2159
6378 31
6379 3
6379 2099
6379 8
6379 12
6379 4094
6380 1
6380 5890
6380 6
6380 1836
6380 31
6381 193
6381 754
6381 133
6381 8
6381 570
6382 273
6382 1443
6382 4
6382 1765
6382 29
6383 545
6383 1
6383 247
6383 4136
6383 1373
6384 3
6384 68
6384 10
6384 1612
6384 877
6385 80
6385 976
6385 12
6385 172
6385 238
6386 2176
6386 1513
6386 140
6386 6060
6386 943
6387 6176
6387 198
6387 138
6387 29
6387 333
6388 64
6388 21
6388 3013
6388 12
6388 14
6389 1
6389 21
6389 22
6389 78
6389 31
6390 1
6390 290
6390 2021
6390 6
6390 5228
6391 3059
6391 21
6391 10
6391 747
6391 5661
6392 2176
6392 179
6392 4195
6392 24
6392 3450
6393 1408
6393 290
6393 245
6393 2014
6393 1822
6394 161
6394 401
6394 2275
6394 3607
6394 281
6395 259
6395 275
6395 2068
6395 6071
6395 13
6396 177
6396 385
6396 4818
6396 4
6396 6
6397 0
6397 181
6397 5
6397 59
6397 1515
6398 577
6398 3165
6398 6142
6398 1118
6398 4015
6399 2
6399 4
6399 664
6399 5817
6399 495
6400 0
6400 5
6400 9
6400 12
6400 3646
6401 178
6401 6
6401 8
6401 236
6401 3871
6402 261
6402 693
6402 662
6402 5230
6402 367
6403 1473
6403 19
6403 1352
6403 57
6403 606
6404 4
6404 6
6404 390
6404 59
6404 14
6405 3
6405 181
6405 22
6405 6
6405 9
6406 1
6406 274
6406 19
6406 742
6406 9
6407 37
6407 1574
6407 491
6407 299
6407 29
6408 979
6408 6
6408 8
6408 1116
6408 1247
6409 3
6409 4
6409 21
6409 1719
6409 874
6411 2
6411 261
6411 3064
6411 12
6411 510
6412 228
6412 4
6412 55
6412 1623
6412 121
6413 226
6413 133
6413 43
6413 6110
6413 31
6414 1026
6414 4805
6414 440
6414 2410
6414 3836
6415 114
6415 6
6415 5399
6415 142
6415 14
6416 0
6416 3745
6416 2
6416 5176
6416 637
6417 16
6417 113
6417 3
6417 6201
6417 29
6418 3043
6418 3
6418 3256
6418 89
6418 1644
6419 64
6419 2
6419 327
6419 3672
6419 14
6420 22
6420 823
6420 825
6420 346
6420 1899
6421 2865
6421 50
6421 1027
6421 51
6421 1559
6422 531
6422 2548
6422 5
6422 747
6422 271
6423 11
6423 109
6423 14
6423 31
6423 1567
6424 5
6424 57
6424 570
6424 91
6424 1181
6425 65
6425 3266
6425 5
6425 748
6425 29
6426 532
6426 7
6426 3976
6426 5515
6426 31
6427 2258
6427 23
6427 183
6427 2776
6427 2895
6428 2
6428 133
6428 4534
6428 5513
6428 10
6429 177
6429 2
6429 183
6429 4975
6429 31
6432 1329
6432 2
6432 3
6432 5
6432 8
6433 371
6433 20
6433 5
6433 24
6433 5368
6434 1
6434 5
6434 8
6434 905
6434 5199
6435 564
6435 183
6435 25
6435 2555
6435 2670
6436 2
6436 5
6436 40
6436 776
6436 1053
6437 2
6437 37
6437 6
6437 187
6437 1708
6438 742
6438 136
6438 845
6438 14
6438 110
6439 3
6439 4
6439 5
6439 3223
6439 92
6440 64
6440 24
6440 3064
6440 6090
6440 347
6441 0
6441 1601
6441 279
6441 760
6441 1436
6442 0
6442 2
6442 5
6442 2570
6442 333
6443 417
6443 404
6443 936
6443 651
6443 31
6444 1219
6444 5239
6444 232
6444 187
6444 1051
6445 52
6445 1413
6445 152
6445 8
6445 953
6446 0
6446 180
6446 2214
6446 1866
6446 1741
6447 209
6447 3
6447 6
6447 23
6447 1996
6448 32
6448 82
6448 133
6448 23
6448 667
6449 6338
6449 2102
6449 4006
6449 8
6449 394
6450 0
6450 2
6450 19
6450 4
6450 1881
6451 0
6451 1601
6451 195
6451 150
6451 1049
6452 64
6452 0
6452 804
6452 25
6452 1292
6453 2177
6453 68
6453 3207
6453 280
6453 3866
6454 3111
6454 8
6454 1000
6454 1500
6454 47
6455 50
6455 2
6455 3
6455 4389
6455 31
6456 1
6456 4
6456 662
6456 775
6456 4959
6459 625
6459 867
6459 6
6459 25
6459 234
6460 2
6460 67
6460 491
6460 252
6460 2206
6462 3
6462 8
6462 393
6462 89
6462 11
6463 4353
6463 2626
6463 3
6463 809
6463 12
6464 0
6464 177
6464 133
6464 8
6464 31
6465 3424
6465 816
6465 2549
6465 395
6465 14
6466 2400
6466 1
6466 536
6466 59
6466 2765
6467 128
6467 37
6467 86
6467 59
6467 2109
6468 800
6468 5
6468 3797
6468 8
6468 109
6469 4
6469 6293
6469 2006
6469 158
6469 2783
6470 82
6470 6
6470 8
6470 344
6470 475
6471 80
6471 770
6471 82
6471 2965
6471 31
6472 6241
6472 2
6472 3
6472 183
6472 2687
6473 32
6473 2
6473 2036
6473 232
6473 14
6474 0
6474 3282
6474 5
6474 393
6474 349
6475 193
6475 2
6475 51
6475 3
6475 59
6476 4834
6476 263
6476 8
6476 6266
6476 1660
6477 5554
6477 676
6477 3047
6477 24
6477 1247
6478 17
6478 3
6478 39
6478 55
6478 4699
6480 1297
6480 1140
6480 88
6480 300
6480 29
6481 3
6481 4
6481 4535
6481 2295
6481 925
6483 512
6483 3987
6483 3523
6483 57
6483 4430
6484 0
6484 742
6484 41
6484 1882
6484 412
6485 3922
6485 6
6485 5753
6485 4297
6485 5099
6486 0
6486 2
6486 3
6486 2357
6486 55
6487 3
6487 164
6487 24
6487 223
6487 3247
6488 0
6488 6035
6488 22
6488 1785
6488 4701
6489 32
6489 241
6489 307
6489 598
6489 9
6490 657
6490 227
6490 3
6490 3656
6490 25
6491 0
6491 4311
6491 423
6491 1212
6491 14
6492 32
6492 1
6492 65
6492 150
6492 10
6493 257
6493 3
6493 675
6493 6107
6493 893
6496 19
6496 1255
6496 2539
6496 142
6496 31
6497 320
6497 0
6497 3
6497 4565
6497 6299
6498 5
6498 102
6498 38
6498 343
6498 1112
6499 1249
6499 70
6499 393
6499 10
6499 1786
6500 5
6500 87
6500 12
6500 14
6500 31
6501 161
6501 569
6501 107
6501 4749
6501 46
6502 0
6502 3
6502 6293
6502 5991
6502 8
6503 80
6503 3600
6503 3
6503 5544
6503 14
6504 2
6504 307
6504 839
6504 41
6504 59
6505 3265
6505 66
6505 532
6505 807
6505 4617
6506 6288
6506 530
6506 327
6506 1352
6506 2671
6507 1
6507 3
6507 5
6507 4088
6507 31
6509 16
6509 5889
6509 3956
6509 698
6509 2828
6510 993
6510 5
6510 23
6510 103
6510 31
6511 209
6511 40
6511 793
6511 1499
6511 3388
6512 16
6512 51
6512 8
6512 12
6512 29
6513 352
6513 4960
6513 5
6513 103
6513 3304
6514 0
6514 275
6514 5220
6514 1805
6514 3358
6515 0
6515 5091
6515 550
6515 3790
6515 687
6516 3
6516 84
6516 23
6516 347
6516 108
6517 212
6517 1847
6517 25
6517 395
6517 78
6518 181
6518 3639
6518 12
6518 1244
6518 4142
6519 3
6519 5
6519 21
6519 121
6519 766
6520 881
6520 82
6520 1209
6520 57
6520 667
6521 4
6521 1449
6521 10
6521 651
6521 47
6522 5957
6522 3144
6522 10
6522 1853
6522 4222
6523 0
6523 2308
6523 23
6523 526
6523 79
6524 3
6524 5
6524 730
6524 4282
6524 541
6525 513
6525 977
6525 6
6525 5144
6525 153
6526 193
6526 5
6526 231
6526 5431
6526 10
6527 0
6527 2562
6527 20
6527 5
6527 31
6528 2
6528 2858
6528 2635
6528 12
6528 3359
6529 241
6529 3
6529 103
6529 2396
6529 748
6532 4
6532 1209
6532 986
6532 107
6532 94
6533 1200
6533 145
6533 2117
6533 3144
6533 4186
6534 753
6534 50
6534 404
6534 5495
6534 523
6535 2
6535 37
6535 119
6535 536
6535 94
6536 0
6536 4563
6536 392
6536 1146
6536 141
6538 0
6538 1
6538 2407
6538 1738
6538 14
6539 0
6539 640
6539 1153
6539 536
6539 11
6541 1
6541 259
6541 8
6541 12
6541 2493
6542 516
6542 12
6542 333
6542 2958
6542 47
6543 320
6543 5508
6543 726
6543 25
6543 12
6544 452
6544 86
6544 587
6544 749
6544 63
6545 80
6545 3
6545 4
6545 57
6545 11
6546 2
6546 3267
6546 21
6546 5
6546 2214
6547 0
6547 4
6547 41
6547 1676
6547 158
6548 1
6548 4
6548 1077
6548 6
6548 298
6550 2
6550 501
6550 155
6550 172
6550 333
6553 4433
6553 5
6553 23
6553 424
6553 31
6554 1
6554 4769
6554 532
6554 296
6554 105
6555 16
6555 901
6555 6
6555 142
6555 335
6556 100
6556 5
6556 10
6556 11
6556 1132
6557 97
6557 2
6557 21
6557 3207
6557 10
6558 4592
6558 258
6558 6
6558 795
6558 75
6559 64
6559 3
6559 2389
6559 3401
6559 4362
6560 0
6560 2
6560 6
6560 46
6560 287
6561 6273
6561 3604
6561 180
6561 6
6561 3047
6562 3
6562 4
6562 1862
6562 393
6562 845
6563 1
6563 355
6563 5363
6563 5
6563 383
6564 753
6564 3
6564 2201
6564 4617
6564 268
6565 1
6565 2
6565 2630
6565 9
6565 1292
6566 193
6566 104
6566 10
6566 394
6566 13
6567 4
6567 37
6567 295
6567 40
6567 2478
6568 320
6568 193
6568 4
6568 22
6568 317
6569 36
6569 21
6569 999
6569 7
6569 1655
6572 2
6572 4
6572 86
6572 454
6572 458
6573 32
6573 6
6573 9
6573 1931
6573 3741
6574 1377
6574 933
6574 54
6574 121
6574 940
6576 4096
6576 450
6576 3321
6576 59
6576 510
6577 50
6577 2020
6577 53
6577 965
6577 791
6578 384
6578 195
6578 25
6578 202
6578 1035
6579 0
6579 22
6579 6
6579 12
6579 3983
6581 131
6581 708
6581 2682
6581 1116
6581 223
6582 0
6582 3
6582 8
6582 4888
6582 250
6583 1
6583 4
6583 5
6583 198
6583 3799
6584 160
6584 1
6584 54
6584 59
6584 1614
6585 51
6585 3332
6585 5
6585 183
6585 2263
6586 1
6586 2594
6586 52
6586 10
6586 298
6587 2483
6587 55
6587 235
6587 2959
6587 3359
6588 832
6588 65
6588 1138
6588 5
6588 10
6589 4161
6589 259
6589 887
6589 10
6589 31
6590 6176
6590 4
6590 598
6590 383
6590 1055
6591 4720
6591 16
6591 21
6591 6
6591 1591
6592 4146
6592 340
6592 647
6592 14
6592 4127
6593 131
6593 3
6593 4
6593 1833
6593 236
6594 1
6594 3
6594 1047
6594 43
6594 4094
6595 2
6595 21
6595 278
6595 24
6595 2797
6596 0
6596 4
6596 232
6596 104
6596 3660
6597 1
6597 5475
6597 5319
6597 936
6597 233
6598 1396
6598 53
6598 40
6598 4616
6598 9
6599 11
6599 172
6599 4716
6599 6413
6599 175
6600 4
6600 5
6600 90
6600 779
6600 1007
6601 208
6601 146
6601 2121
6601 380
6601 12
6602 2435
6602 53
6602 88
6602 174
6602 158
6603 1
6603 4802
6603 3
6603 4
6603 9
6604 2
6604 179
6604 3
6604 86
6604 151
6607 6
6607 471
6607 3915
6607 12
6607 205
6610 80
6610 51
6610 10
6610 1853
6610 1838
6611 4594
6611 708
6611 3831
6611 24
6611 11
6612 2
6612 242
6612 1251
6612 275
6612 6
6613 1041
6613 1636
6613 69
6613 1356
6613 4926
6614 64
6614 720
6614 275
6614 515
6614 10
6615 3
6615 4227
6615 2423
6615 24
6615 747
6616 1
6616 4931
6616 21
6616 2888
6616 12
6617 193
6617 3731
6617 150
6617 408
6617 107
6618 2
6618 3
6618 4
6618 183
6618 8
6619 1
6619 3474
6619 212
6619 236
6619 653
6620 97
6620 21
6620 55
6620 6295
6620 56
6621 2323
6621 3
6621 2134
6621 217
6621 143
6623 64
6623 2855
6623 343
6623 394
6623 510
6624 1
6624 594
6624 726
6624 3114
6624 30
6625 68
6625 4
6625 698
6625 4717
6625 6206
6626 3810
6626 51
6626 4
6626 31
6626 1071
6627 1696
6627 1315
6627 275
6627 9
6627 141
6628 80
6628 1731
6628 1908
6628 4
6628 102
6629 51
6629 115
6629 5
6629 182
6629 364
6630 64
6630 1
6630 2
6630 3987
6630 315
6631 0
6631 674
6631 6
6631 1208
6631 1051
6632 1
6632 964
6632 2580
6632 10
6632 4203
6633 916
6633 5
6633 2154
6633 636
6633 4190
6634 131
6634 3720
6634 25
6634 2938
6634 12
6635 2690
6635 4
6635 68
6635 2507
6635 958
6636 1297
6636 1494
6636 1657
6636 10
6636 12
6637 2
6637 3
6637 4
6637 3897
6637 682
6638 224
6638 2657
6638 1
6638 50
6638 791
6639 96
6639 82
6639 258
6639 2170
6639 140
6640 4
6640 21
6640 1621
6640 4661
6640 6359
6641 3
6641 2869
6641 6
6641 25
6641 43
6642 16
6642 17
6642 54
6642 103
6642 2860
6643 3618
6643 2323
6643 5
6643 506
6643 5357
6644 57
6644 521
6644 1563
6644 1613
6644 1581
6645 2208
6645 3185
6645 902
6645 2206
6645 47
6646 1424
6646 1365
6646 3831
6646 570
6646 3180
6647 1712
6647 69
6647 3893
6647 6
6647 231
6648 21
6648 1479
6648 24
6648 3869
6648 3743
6649 128
6649 148
6649 378
6649 170
6649 1579
6650 82
6650 53
6650 58
6650 4574
6650 143
6651 2
6651 5
6651 794
6651 237
6651 62
6652 449
6652 82
6652 694
6652 47
6652 63
6654 0
6654 160
6654 386
6654 187
6654 3102
6655 2
6655 275
6655 5
6655 8
6655 31
6656 0
6656 1636
6656 580
6656 40
6656 90
6657 1
6657 3
6657 6
6657 684
6657 4847
6658 5760
6658 594
6658 3
6658 52
6658 39
6659 80
6659 32
6659 2992
6659 644
6659 29
6661 976
6661 5
6661 37
6661 152
6661 3276
6662 21
6662 198
6662 6
6662 119
6662 183
6663 0
6663 4
6663 1304
6663 24
6663 89
6664 0
6664 2146
6664 4
6664 25
6664 2175
6665 3
6665 180
6665 24
6665 12
6665 13
6666 5
6666 650
6666 12
6666 1132
6666 14
6667 16
6667 1076
6667 25
6667 1388
6667 335
6668 0
6668 52
6668 442
6668 10
6668 31
6669 177
6669 708
6669 9
6669 10
6669 12
6670 3
6670 5
6670 8
6670 1629
6670 159
6671 2
6671 499
6671 4
6671 2055
6671 12
6672 3
6672 4
6672 23
6672 62
6672 5246
6673 177
6673 5
6673 217
6673 158
6673 31
6674 1152
6674 1698
6674 980
6674 484
6674 439
6676 64
6676 929
6676 1
6676 59
6676 478
6677 32
6677 1
6677 1219
6677 22
6677 14
6678 3632
6678 4
6678 4567
6678 6457
6678 6604
6679 0
6679 2722
6679 2
6679 172
6679 6286
6680 64
6680 2
6680 2644
6680 5
6680 21
6681 544
6681 37
6681 6
6681 8
6681 158
6682 1392
6682 4
6682 6
6682 73
6682 890
6683 721
6683 1827
6683 6
6683 11
6683 3679
6684 4641
6684 197
6684 631
6684 55
6684 43
6685 865
6685 3
6685 980
6685 36
6685 3100
6687 37
6687 725
6687 440
6687 57
6687 203
6688 0
6688 816
6688 5
6688 9
6688 5722
6689 1792
6689 3
6689 6
6689 269
6689 1693
6690 64
6690 5
6690 6
6690 5431
6690 6574
6691 6593
6691 4
6691 1428
6691 310
6691 1339
6692 16
6692 1627
6692 1563
6692 478
6692 142
6693 2064
6693 2
6693 3
6693 2020
6693 11
6694 720
6694 183
6694 953
6694 2635
6694 2447
6695 962
6695 4
6695 133
6695 103
6695 681
6696 976
6696 1
6696 3
6696 197
6696 1178
6697 144
6697 1
6697 2275
6697 5
6697 6
6698 0
6698 34
6698 340
6698 55
6698 10
6699 3712
6699 21
6699 1435
6699 13
6699 222
6700 817
6700 241
6700 67
6700 21
6700 43
6701 80
6701 4068
6701 5
6701 715
6701 5453
6702 3985
6702 1
6702 86
6702 888
6702 29
6703 672
6703 6496
6703 178
6703 4
6703 68
6704 4112
6704 1
6704 150
6704 2712
6704 14
6705 215
6705 5287
6705 423
6705 8
6705 3230
6706 21
6706 4342
6706 24
6706 13
6706 62
6707 2896
6707 3
6707 6053
6707 235
6707 4509
6708 2176
6708 1696
6708 3941
6708 2710
6708 1591
6709 384
6709 340
6709 1013
6709 8
6709 5658
6710 0
6710 3
6710 2291
6710 5851
6710 172
6711 2403
6711 36
6711 8
6711 2573
6711 6478
6712 1
6712 3207
6712 393
6712 4828
6712 205
6713 3
6713 5749
6713 200
6713 12
6713 239
6714 320
6714 192
6714 3367
6714 40
6714 441
6715 1520
6715 2152
6715 11
6715 31
6715 687
6716 3440
6716 3047
6716 23
6716 361
6716 10
6717 2
6717 21
6717 3693
6717 413
6717 798
6718 129
6718 5153
6718 4026
6718 1899
6718 3133
6719 16
6719 0
6719 1
6719 89
6719 43
6720 16
6720 34
6720 68
6720 4
6720 1209
6721 2
6721 6356
6721 8
6721 31
6721 383
6722 6448
6722 433
6722 6
6722 846
6722 1294
6723 274
6723 133
6723 1126
6723 8
6723 40
6724 6241
6724 3
6724 740
6724 5
6724 6
6725 1
6725 5
6725 6
6725 23
6725 31
6726 3585
6726 51
6726 3779
6726 2056
6726 31
6727 1
6727 2275
6727 3993
6727 59
6727 1900
6728 787
6728 53
6728 6
6728 1446
6728 3190
6729 3776
6729 3650
6729 344
6729 536
6729 460
6730 3541
6730 119
6730 200
6730 1373
6730 79
6731 2
6731 4
6731 102
6731 248
6731 89
6732 16
6732 2
6732 6
6732 727
6732 75
6733 80
6733 3
6733 9
6733 5385
6733 6426
6734 19
6734 3
6734 180
6734 2550
6734 920
6737 1
6737 2003
6737 3
6737 4
6737 41
6738 450
6738 2036
6738 156
6738 12
6738 702
6739 2673
6739 1955
6739 4551
6739 1543
6739 24
6740 561
6740 5862
6740 11
6740 2381
6740 1997
6741 1
6741 290
6741 5
6741 8
6741 105
6742 1
6742 65
6742 1203
6742 4201
6742 510
6743 3
6743 4
6743 6
6743 758
6743 5002
6744 5
6744 119
6744 6283
6744 14
6744 575
6745 160
6745 84
6745 1158
6745 3529
6745 573
6746 228
6746 4
6746 869
6746 6
6746 524
6747 64
6747 248
6747 6396
6747 413
6747 62
6748 0
6748 4
6748 1412
6748 953
6748 286
6749 1
6749 561
6749 5
6749 4809
6749 3054
6752 177
6752 3
6752 471
6752 4697
6752 2477
6753 1861
6753 6
6753 2998
6753 9
6753 141
6754 0
6754 1
6754 3619
6754 3
6754 40
6755 34
6755 82
6755 293
6755 22
6755 333
6756 0
6756 657
6756 3289
6756 59
6756 157
6757 0
6757 16
6757 307
6757 21
6757 662
6758 1
6758 708
6758 455
6758 840
6758 59
6759 4848
6759 161
6759 436
6759 37
6759 459
6760 193
6760 994
6760 3
6760 518
6760 3005
6761 178
6761 3491
6761 5
6761 6086
6761 6
6762 1092
6762 86
6762 1543
6762 1208
6762 2106
6763 880
6763 1
6763 4
6763 12
6763 4540
6764 1504
6764 976
6764 6
6764 9
6764 4700
6765 178
6765 3
6765 964
6765 12
6765 412
6766 1937
6766 805
6766 6
6766 647
6766 8
6767 0
6767 2
6767 1508
6767 24
6767 2376
6768 4560
6768 81
6768 6211
6768 141
6768 62
6769 3184
6769 3
6769 1476
6769 710
6769 381
6770 103
6770 9
6770 185
6770 506
6770 4285
6771 1360
6771 4185
6771 829
6771 14
6771 1871
6772 2
6772 4
6772 2261
6772 103
6772 14
6773 832
6773 3731
6773 2341
6773 2246
6773 2399
6774 132
6774 5
6774 6
6774 9
6774 2943
6775 51
6775 5
6775 231
6775 10
6775 859
6776 21
6776 742
6776 103
6776 1560
6776 3343
6777 3269
6777 24
6777 1833
6777 9
6777 605
6778 0
6778 2
6778 238
6778 3054
6778 5006
6779 4720
6779 3
6779 40
6779 14
6779 190
6780 1
6780 3138
6780 9
6780 11
6780 1612
6781 0
6781 480
6781 2
6781 135
6781 6332
6782 2768
6782 226
6782 147
6782 340
6782 697
6783 1
6783 2
6783 261
6783 43
6783 3470
6784 2
6784 3
6784 4186
6784 158
6784 623
6785 1
6785 3
6785 6731
6785 237
6785 4494
6786 4080
6786 753
6786 1329
6786 25
6786 3710
6788 5650
6788 131
6788 21
6788 140
6788 14
6789 4224
6789 2885
6789 22
6789 2296
6789 5161
6790 0
6790 1
6790 5
6790 6
6790 2092
6791 144
6791 5233
6791 5346
6791 3
6791 31
6792 3027
6792 4
6792 21
6792 6
6792 87
6793 2
6793 581
6793 21
6793 726
6793 1500
6794 6
6794 1558
6794 23
6794 14
6794 62
6795 0
6795 66
6795 5127
6795 6109
6795 1823
6796 515
6796 4
6796 197
6796 776
6796 4047
6797 2
6797 4
6797 6
6797 8
6797 204
6798 5088
6798 0
6798 5
6798 120
6798 2412
6799 374
6799 567
6799 6139
6799 5116
6799 606
6800 1
6800 3635
6800 8
6800 10
6800 14
6801 0
6801 2321
6801 2
6801 115
6801 4452
6802 0
6802 451
6802 22
6802 4026
6802 2638
6803 4682
6803 1434
6803 1485
6803 158
6803 222
6804 272
6804 2
6804 4
6804 5
6804 174
6805 0
6805 677
6805 3768
6805 235
6805 5212
6807 6288
6807 1
6807 5091
6807 4760
6807 217
6808 64
6808 1
6808 3782
6808 10
6808 4717
6809 1219
6809 45
6809 798
6809 31
6809 2063
6810 3472
6810 2
6810 4339
6810 53
6810 1509
6811 4375
6811 10
6811 491
6811 59
6811 1629
6812 177
6812 3
6812 59
6812 12
6812 2270
6814 32
6814 177
6814 2
6814 21
6814 53
6815 5650
6815 4
6815 23
6815 683
6815 3132
6817 2275
6817 4660
6817 5
6817 300
6817 653
6818 1
6818 1906
6818 4
6818 2901
6818 6124
6819 609
6819 193
6819 10
6819 317
6819 14
6820 195
6820 4
6820 1941
6820 6153
6820 3022
6821 2752
6821 0
6821 1478
6821 41
6821 1502
6822 0
6822 3
6822 22
6822 6
6822 62
6823 385
6823 2344
6823 200
6823 1449
6823 2892
6824 133
6824 38
6824 87
6824 55
6824 782
6825 3906
6825 2
6825 549
6825 103
6825 347
6826 21
6826 5
6826 1176
6826 9
6826 14
6828 0
6828 1168
6828 177
6828 180
6828 388
6829 3907
6829 867
6829 564
6829 5
6829 31
6830 3
6830 388
6830 121
6830 5788
6830 14
6831 0
6831 34
6831 4
6831 3172
6831 29
6832 36
6832 2485
6832 2795
6832 2652
6832 6813
6833 0
6833 564
6833 133
6833 840
6833 1113
6834 0
6834 4288
6834 82
6834 104
6834 1403
6835 34
6835 2
6835 5
6835 6
6835 12
6836 320
6836 307
6836 230
6836 1742
6836 2478
6837 2
6837 227
6837 1144
6837 2233
6837 4111
6838 1
6838 1333
6838 471
6838 9
6838 141
6839 257
6839 3
6839 4
6839 159
6839 2559
6840 64
6840 678
6840 23
6840 1593
6840 380
6841 722
6841 3
6841 196
6841 6
6841 45
6842 161
6842 86
6842 57
6842 10
6842 138
6843 0
6843 1
6843 82
6843 4
6843 88
6844 4096
6844 8
6844 40
6844 10
6844 11
6845 2
6845 3382
6845 183
6845 876
6845 31
6846 1907
6846 4
6846 1893
6846 6
6846 7
6847 4514
6847 6578
6847 475
6847 5068
6847 159
6848 2323
6848 660
6848 40
6848 73
6848 238
6849 112
6849 6480
6849 6
6849 536
6849 4271
6851 177
6851 1076
6851 4
6851 6645
6851 92
6852 67
6852 4
6852 53
6852 6
6852 4717
6853 563
6853 40
6853 3214
6853 1166
6853 270
6854 80
6854 450
6854 1858
6854 4
6854 75
6855 2560
6855 385
6855 3666
6855 2103
6855 1390
6856 0
6856 2
6856 2357
6856 4184
6856 2876
6857 3
6857 6
6857 23
6857 59
6857 412
6858 6306
6858 580
6858 374
6858 1272
6858 10
6859 1056
6859 24
6859 27
6859 12
6859 1452
6860 0
6860 16
6860 4215
6860 620
6860 383
6862 2481
6862 3748
6862 85
6862 150
6862 1883
6863 80
6863 4
6863 217
6863 27
6863 1836
6864 265
6864 90
6864 6524
6864 62
6864 5918
6865 2176
6865 3
6865 38
6865 683
6865 13
6866 352
6866 753
6866 52
6866 1230
6866 31
6867 1
6867 6503
6867 11
6867 139
6867 12
6868 80
6868 1
6868 4881
6868 8
6868 333
6869 4116
6869 3398
6869 24
6869 249
6869 31
6870 1
6870 179
6870 3989
6870 6
6870 2102
6871 1
6871 1634
6871 1127
6871 680
6871 6543
6872 0
6872 2
6872 22
6872 250
6872 2558
6873 3792
6873 3
6873 36
6873 105
6873 153
6874 1696
6874 209
6874 4643
6874 89
6874 2652
6875 226
6875 6
6875 25
6875 2797
6875 3869
6876 705
6876 150
6876 775
6876 471
6876 829
6877 976
6877 1
6877 86
6877 90
6877 59
6878 3
6878 371
6878 10
6878 4475
6878 31
6880 6176
6880 34
6880 6
6880 2889
6880 4959
6881 64
6881 0
6881 9
6881 59
6881 219
6883 480
6883 180
6883 53
6883 749
6883 4927
6884 515
6884 21
6884 6
6884 23
6884 43
6885 321
6885 6279
6885 88
6885 1289
6885 973
6887 0
6887 132
6887 535
6887 2903
6887 1742
6888 2
6888 5
6888 3047
6888 9
6888 393
6889 80
6889 2
6889 4
6889 23
6889 2014
6890 67
6890 1847
6890 40
6890 845
6890 14
6891 0
6891 1041
6891 5
6891 21
6891 2629
6892 1890
6892 3
6892 4
6892 5994
6892 1388
6893 464
6893 1
6893 1705
6893 59
6893 11
6894 1
6894 5122
6894 1731
6894 9
6894 733
6895 1
6895 2
6895 279
6895 12
6895 637
6896 0
6896 80
6896 1
6896 2
6896 3466
6897 3893
6897 24
6897 41
6897 12
6897 6302
6898 1
6898 69
6898 662
6898 10
6898 47
6899 258
6899 5
6899 71
6899 873
6899 31
6900 672
6900 0
6900 581
6900 424
6900 40
6902 1
6902 2
6902 454
6902 9
6902 6831
6904 177
6904 3394
6904 138
6904 6619
6904 3549
6905 1377
6905 390
6905 3431
6905 6395
6905 187
6906 4928
6906 131
6906 4
6906 3101
6906 542
6907 1
6907 6
6907 103
6907 5806
6907 239
6908 1792
6908 0
6908 1
6908 6
6908 1447
6909 0
6909 3251
6909 6806
6909 233
6909 12
6910 36
6910 4
6910 5147
6910 412
6910 1773
6911 3985
6911 6
6911 3272
6911 59
6911 2188
6912 339
6912 997
6912 1945
6912 985
6912 894
6913 384
6913 5668
6913 4389
6913 5176
6913 25
6914 16
6914 0
6914 2548
6914 5
6914 575
6915 179
6915 5
6915 6
6915 8
6915 91
6916 0
6916 6786
6916 98
6916 523
6916 2703
6918 721
6918 5537
6918 66
6918 522
6918 92
6919 0
6919 450
6919 1219
6919 21
6919 94
6920 80
6920 1
6920 53
6920 565
6920 22
6922 16
6922 5
6922 295
6922 2474
6922 4429
6923 1
6923 307
6923 54
6923 1341
6923 1791
6925 1
6925 532
6925 5
6925 741
6925 12
6926 114
6926 197
6926 1445
6926 24
6926 91
6927 544
6927 4596
6927 4470
6927 27
6927 31
6928 1
6928 881
6928 2
6928 5639
6928 650
6929 1
6929 3826
6929 5827
6929 2021
6929 5749
6930 2528
6930 1922
6930 3
6930 6
6930 1468
6931 3507
6931 918
6931 8
6931 59
6931 29
6932 0
6932 691
6932 21
6932 6250
6932 6429
6933 0
6933 4657
6933 6210
6933 887
6933 79
6934 321
6934 4
6934 437
6934 12
6934 62
6935 32
6935 737
6935 3
6935 5557
6935 121
6936 562
6936 115
6936 4727
6936 1145
6936 31
6938 2820
6938 4
6938 6
6938 347
6938 798
6939 1
6939 290
6939 3
6939 867
6939 662
6941 1
6941 2
6941 4293
6941 5640
6941 11
6942 0
6942 2
6942 3784
6942 361
6942 1759
6943 2722
6943 1315
6943 197
6943 5
6943 11
6944 2818
6944 2578
6944 36
6944 310
6944 4922
6945 0
6945 115
6945 4342
6945 6
6945 2090
6946 1
6946 4
6946 6905
6946 4491
6946 383
6948 2099
6948 9
6948 11
6948 542
6948 1167
6949 321
6949 516
6949 6439
6949 567
6949 5279
6950 16
6950 1
6950 164
6950 5
6950 8
6951 32
6951 16
6951 198
6951 3544
6951 334
6952 1892
6952 349
6952 2413
6952 2910
6952 142
6953 913
6953 2
6953 6
6953 569
6953 2206
6954 2
6954 6141
6954 4429
6954 5726
6954 5167
6955 5681
6955 2
6955 3
6955 100
6955 5
6956 6818
6956 5
6956 684
6956 1822
6956 79
6957 0
6957 593
6957 1261
6957 910
6957 239
6958 980
6958 388
6958 453
6958 2829
6958 2687
6959 32
6959 36
6959 6
6959 331
6959 11
6960 115
6960 4
6960 1062
6960 7
6960 23
6961 18
6961 723
6961 4
6961 1878
6961 10
6962 6
6962 8
6962 9
6962 6138
6962 6941
6963 5
6963 1270
6963 6
6963 57
6963 2586
6964 1216
6964 6945
6964 3
6964 6
6964 103
6965 2578
6965 6227
6965 2373
6965 8
6965 95
6966 0
6966 3
6966 628
6966 13
6966 110
6967 3746
6967 388
6967 90
6967 667
6967 29
6968 321
6968 1
6968 21
6968 902
6968 8
6969 0
6969 4689
6969 340
6969 9
6969 366
6970 1330
6970 5
6970 118
6970 8
6970 824
6971 1
6971 3782
6971 393
6971 1055
6971 447
6973 6339
6973 4
6973 157
6973 1246
6973 31
6974 3
6974 183
6974 314
6974 2347
6974 45
6975 0
6975 37
6975 662
6975 4047
6975 879
6976 5858
6976 2
6976 1030
6976 968
6976 495
6977 1
6977 2
6977 6
6977 55
6977 88
6978 128
6978 21
6978 3466
6978 300
6978 31
6979 400
6979 0
6979 5
6979 12
6979 31
6980 3
6980 6
6980 2086
6980 282
6980 58
6981 146
6981 2
6981 23
6981 1051
6981 174
6982 1457
6982 1
6982 226
6982 1842
6982 19
6983 0
6983 4
6983 980
6983 22
6983 4232
6984 4
6984 6
6984 24
6984 27
6984 158
6986 4418
6986 3
6986 231
6986 10
6986 1515
6987 0
6987 6033
6987 2
6987 3
6987 2552
6988 3955
6988 150
6988 22
6988 6
6988 41
6989 1
6989 4215
6989 55
6989 8
6989 41
6991 2961
6991 19
6991 6595
6991 10
6991 59
6992 2
6992 148
6992 4
6992 2311
6992 5047
6993 2
6993 4
6993 183
6993 1352
6993 172
6994 192
6994 9
6994 282
6994 285
6994 47
6995 512
6995 2964
6995 937
6995 90
6995 670
6996 0
6996 4
6996 6
6996 12
6996 157
6997 80
6997 2227
6997 4
6997 24
6997 1900
6998 816
6998 193
6998 3475
6998 6
6998 186
6999 976
6999 115
6999 6
6999 4071
6999 6842
7000 0
7000 659
7000 88
7000 1513
7000 970
7001 0
7001 3480
7001 6059
7001 300
7001 29
7002 6056
7002 315
7002 155
7002 158
7002 1887
7003 64
7003 1
7003 4770
7003 343
7003 282
7004 64
7004 128
7004 6
7004 726
7004 187
7005 16
7005 1
7005 1537
7005 8
7005 12
7006 64
7006 3
7006 22
7006 182
7006 647
7007 208
7007 3
7007 6
7007 2202
7007 412
7008 3
7008 8
7008 2121
7008 91
7008 492
7009 419
7009 325
7009 6
7009 4566
7009 9
7010 231
7010 2826
7010 78
7010 510
7010 31
7011 0
7011 3
7011 839
7011 287
7011 175
7012 0
7012 160
7012 955
7012 12
7012 767
7013 0
7013 147
7013 5576
7013 1246
7013 351
7014 3632
7014 176
7014 2817
7014 2
7014 331
7015 16
7015 1
7015 145
7015 1380
7015 12
7016 2
7016 5
7016 6489
7016 41
7016 4510
7018 32
7018 1
7018 177
7018 51
7018 12
7019 1
7019 5
7019 2389
7019 21
7019 8
7020 1
7020 3
7020 341
7020 2090
7020 731
7021 1
7021 6008
7021 2923
7021 637
7021 1454
7022 3
7022 5
7022 6
7022 86
7022 1117
7023 3
7023 677
7023 5
7023 6
7023 317
7024 3
7024 36
7024 39
7024 40
7024 2553
7025 0
7025 753
7025 6
7025 6522
7025 62
7026 6944
7026 2
7026 4186
7026 6843
7026 5725
7027 2
7027 5
7027 53
7027 357
7027 59
7028 0
7028 3
7028 21
7028 217
7028 974
7029 2
7029 727
7029 1145
7029 3993
7029 1578
7030 21
7030 887
7030 7
7030 6375
7030 3519
7031 80
7031 2
7031 21
7031 187
7031 175
7032 0
7032 1
7032 627
7032 6107
7032 1260
7034 36
7034 4
7034 5
7034 6
7034 121
7035 0
7035 1
7035 6181
7035 107
7035 2427
7036 21
7036 5
7036 725
7036 6359
7036 8
7037 6
7037 24
7037 840
7037 25
7037 234
7038 22
7038 9
7038 57
7038 11
7038 1375
7039 1
7039 708
7039 4
7039 523
7039 2203
7040 5
7040 70
7040 6
7040 103
7040 8
7041 1586
7041 3
7041 24
7041 6075
7041 667
7042 1
7042 34
7042 677
7042 2041
7042 10
7043 6049
7043 4914
7043 1698
7043 338
7043 1421
7044 753
7044 5779
7044 3
7044 21
7044 3228
7045 3
7045 37
7045 5416
7045 410
7045 1438
7046 3
7046 36
7046 2709
7046 8
7046 589
7047 549
7047 5
7047 663
7047 11
7047 3630
7048 208
7048 2
7048 5
7048 6
7048 922
7049 32
7049 672
7049 103
7049 2477
7049 31
7050 0
7050 2
7050 4
7050 471
7050 75
7051 1
7051 24
7051 1689
7051 25
7051 10
7052 3
7052 389
7052 902
7052 12
7052 175
7053 22
7053 1611
7053 557
7053 6221
7053 5070
7054 64
7054 0
7054 450
7054 53
7054 606
7056 3538
7056 149
7056 8
7056 1883
7056 459
7057 1984
7057 80
7057 178
7057 2
7057 515
7058 0
7058 3
7058 1067
7058 958
7058 702
7059 480
7059 2149
7059 102
7059 6025
7059 2206
7060 16
7060 5489
7060 2226
7060 2
7060 1739
7061 4
7061 1685
7061 40
7061 1836
7061 29
7062 1
7062 6
7062 217
7062 3085
7062 4399
7063 82
7063 51
7063 2614
7063 158
7063 623
7064 580
7064 5
7064 1494
7064 185
7064 89
7065 50
7065 132
7065 197
7065 1718
7065 4266
7067 80
7067 2
7067 197
7067 21
7067 5823
7068 0
7068 112
7068 899
7068 4026
7068 10
7069 2
7069 11
7069 12
7069 2334
7069 1855
7070 2611
7070 5
7070 893
7070 2397
7070 14
7071 0
7071 209
7071 1524
7071 8
7071 31
7072 1824
7072 1297
7072 4261
7072 2891
7072 4254
7074 224
7074 6545
7074 4786
7074 242
7074 86
7075 6338
7075 451
7075 3
7075 823
7075 89
7076 64
7076 2483
7076 24
7076 9
7076 29
7077 0
7077 3
7077 5
7077 237
7077 29
7078 6
7078 55
7078 3289
7078 107
7078 2527
7079 2
7079 4
7079 54
7079 3350
7079 3271
7080 1121
7080 70
7080 43
7080 2700
7080 12
7081 5232
7081 2323
7081 2295
7081 6953
7081 10
7082 1
7082 4
7082 4183
7082 10
7082 13
7083 960
7083 1
7083 2
7083 3174
7083 14
7084 3
7084 471
7084 103
7084 2921
7084 43
7085 1121
7085 21
7085 7
7085 58
7085 158
7086 1334
7086 8
7086 25
7086 4347
7086 1292
7087 1
7087 2
7087 4613
7087 3751
7087 201
7088 0
7088 8
7088 89
7088 10
7088 31
7089 1
7089 21
7089 6
7089 158
7089 4943
7090 450
7090 2
7090 2470
7090 4767
7090 687
7091 0
7091 1
7091 9
7091 5948
7091 31
7092 37
7092 7
7092 24
7092 2412
7092 141
7093 64
7093 128
7093 82
7093 3
7093 107
7094 1171
7094 4
7094 3061
7094 9
7094 31
7095 930
7095 2
7095 4
7095 21
7095 8
7096 2
7096 5266
7096 772
7096 4
7096 442
7097 160
7097 1
7097 8
7097 2601
7097 393
7099 243
7099 6
7099 24
7099 5321
7099 12
7100 500
7100 2629
7100 3590
7100 187
7100 2606
7101 4
7101 133
7101 39
7101 10
7101 1050
7102 1076
7102 53
7102 29
7102 14
7102 31
7103 2176
7103 1
7103 6
7103 8
7103 3672
7104 1
7104 4
7104 22
7104 537
7104 5229
7105 3556
7105 21
7105 2966
7105 6
7105 1705
7106 2
7106 3956
7106 4761
7106 5466
7106 4781
7107 2
7107 4
7107 826
7107 13
7107 2559
7108 34
7108 2
7108 5
7108 230
7108 1643
7109 1
7109 241
7109 3858
7109 3
7109 25
7110 305
7110 2
7110 1047
7110 203
7110 31
7111 3
7111 40
7111 10
7111 1835
7111 364
7112 1
7112 40
7112 8
7112 12
7112 175
7113 1
7113 6
7113 2921
7113 156
7113 63
7114 0
7114 598
7114 9
7114 1854
7114 14
7115 6053
7115 6
7115 5367
7115 746
7115 747
7116 2
7116 964
7116 6
7116 5176
7116 285
7117 1
7117 132
7117 249
7117 6827
7117 412
7118 784
7118 1
7118 3
7118 4524
7118 4798
7119 180
7119 4
7119 166
7119 8
7119 14
7120 2
7120 3
7120 9
7120 3436
7120 31
7121 272
7121 3
7121 4
7121 69
7121 59
7122 2
7122 6
7122 1016
7122 12
7122 845
7123 852
7123 21
7123 662
7123 199
7123 23
7124 53
7124 587
7124 859
7124 187
7124 495
7125 80
7125 3
7125 2900
7125 14
7125 2095
7126 4
7126 1976
7126 40
7126 9
7126 10
7127 2
7127 5
7127 395
7127 4732
7127 2223
7128 6805
7128 6
7128 40
7128 12
7128 557
7129 0
7129 1477
7129 6
7129 1257
7129 31
7130 464
7130 5363
7130 4
7130 117
7130 59
7131 160
7131 272
7131 0
7131 66
7131 5
7132 66
7132 307
7132 19
7132 3
7132 664
7133 97
7133 1731
7133 1203
7133 5770
7133 604
7134 1
7134 5
7134 3832
7134 795
7134 3983
7135 0
7135 1168
7135 53
7135 1018
7135 27
7136 2
7136 4002
7136 3
7136 1159
7136 730
7137 2
7137 883
7137 388
7137 3548
7137 31
7138 0
7138 243
7138 597
7138 239
7138 31
7139 816
7139 64
7139 4068
7139 6
7139 59
7140 32
7140 3424
7140 6
7140 22
7140 1276
7141 6
7141 8
7141 10
7141 314
7141 139
7142 64
7142 66
7142 178
7142 3
7142 12
7143 516
7143 1477
7143 70
7143 4743
7143 2264
7144 0
7144 290
7144 37
7144 6
7144 199
7146 1
7146 146
7146 36
7146 964
7146 1352
7147 3608
7147 3849
7147 11
7147 2876
7147 5548
7148 2
7148 6211
7148 199
7148 24
7148 2351
7149 36
7149 1637
7149 140
7149 974
7149 719
7150 6000
7150 1
7150 4
7150 327
7150 12
7151 6882
7151 6
7151 55
7151 5438
7151 31
7152 16
7152 2
7152 104
7152 313
7152 333
7153 5906
7153 3
7153 3059
7153 4068
7153 568
7154 2673
7154 209
7154 1953
7154 102
7154 583
7155 2
7155 227
7155 23
7155 217
7155 31
7156 71
7156 3819
7156 5326
7156 2447
7156 5167
7158 10
7158 12
7158 4380
7158 399
7158 31
7159 784
7159 417
7159 4
7159 478
7159 1087
7160 3
7160 179
7160 5
7160 151
7160 7055
7161 16
7161 6
7161 540
7161 1500
7161 591
7162 1
7162 2
7162 131
7162 4
7162 1479
7163 871
7163 1272
7163 523
7163 923
7163 12
7164 1282
7164 3650
7164 2
7164 293
7164 10
7165 337
7165 3
7165 4
7165 6447
7165 31
7166 2
7166 4178
7166 258
7166 6
7166 1500
7167 2
7167 6419
7167 840
7167 12
7167 349
7168 275
7168 1717
7168 568
7168 3613
7168 30
7169 16
7169 1457
7169 532
7169 3748
7169 5765
7170 80
7170 2
7170 3
7170 5
7170 31
7171 2
7171 6742
7171 55
7171 6823
7171 6747
7173 0
7173 480
7173 401
7173 4
7173 8
7174 1697
7174 2
7174 758
7174 1320
7174 187
7175 64
7175 34
7175 2
7175 5
7175 1580
7176 1712
7176 115
7176 3
7176 2214
7176 845
7177 707
7177 6
7177 4206
7177 254
7177 367
7178 1
7178 3
7178 995
7178 53
7178 183
7180 1232
7180 209
7180 2
7180 5
7180 2891
7181 64
7181 1953
7181 5
7181 985
7181 6457
7182 307
7182 5494
7182 7
7182 25
7182 233
7183 5906
7183 2530
7183 40
7183 14
7183 30
7184 96
7184 4311
7184 2168
7184 41
7184 140
7185 1
7185 6
7185 986
7185 730
7185 972
7186 6246
7186 1687
7186 139
7186 187
7186 6349
7187 6128
7187 21
7187 1047
7187 4285
7187 13
7188 176
7188 65
7188 19
7188 8
7188 619
7189 1
7189 2
7189 3
7189 22
7189 3099
7190 3
7190 2149
7190 2870
7190 2474
7190 6111
7191 1059
7191 6
7191 8
7191 218
7191 3631
7192 0
7192 24
7192 8
7192 11
7192 13
7194 0
7194 6452
7194 460
7194 349
7194 670
7195 66
7195 179
7195 2389
7195 199
7195 462
7196 0
7196 1044
7196 88
7196 73
7196 3338
7197 1062
7197 1369
7197 187
7197 6332
7197 47
7199 6
7199 919
7199 45
7199 4094
7199 3230
7200 0
7200 2
7200 8
7200 59
7200 93
7201 6513
7201 290
7201 1046
7201 6329
7201 14
7202 1
7202 2055
7202 88
7202 4971
7202 139
7203 2
7203 3893
7203 23
7203 12
7203 5132
7204 2
7204 275
7204 267
7204 12
7204 126
7205 16
7205 0
7205 177
7205 22
7205 575
7206 16
7206 115
7206 1332
7206 84
7206 200
7207 1849
7207 10
7207 2906
7207 59
7207 108
7208 8
7208 104
7208 105
7208 5883
7208 1243
7209 0
7209 66
7209 4754
7209 198
7209 95
7210 3
7210 5
7210 1737
7210 6092
7210 3581
7211 32
7211 4832
7211 258
7211 2683
7211 172
7212 1
7212 2
7212 402
7212 4
7212 388
7213 834
7213 6
7213 840
7213 1615
7213 399
7214 1062
7214 1447
7214 5672
7214 75
7214 239
7216 1
7216 243
7216 871
7216 2776
7216 234
7217 1
7217 4
7217 150
7217 231
7217 24
7218 51
7218 5
7218 21
7218 8
7218 1018
7219 672
7219 1
7219 2
7219 1906
7219 1462
7220 180
7220 454
7220 40
7220 953
7220 6077
7221 389
7221 122
7221 1292
7221 5422
7221 31
7222 16
7222 2
7222 3511
7222 3529
7222 1771
7224 32
7224 3652
7224 532
7224 555
7224 2014
7225 1282
7225 1574
7225 390
7225 27
7225 702
7226 4209
7226 1
7226 1669
7226 22
7226 6
7227 81
7227 595
7227 2149
7227 199
7227 526
7228 32
7228 9
7228 253
7228 174
7228 31
7229 32
7229 3491
7229 3497
7229 153
7229 6412
7230 5600
7230 355
7230 131
7230 519
7230 1740
7231 3
7231 5960
7231 10
7231 651
7231 2206
7232 6241
7232 5
7232 6
7232 31
7232 383
7233 0
7233 258
7233 4
7233 5
7233 586
7234 17
7234 145
7234 3
7234 36
7234 31
7235 544
7235 128
7235 1890
7235 135
7235 24
7236 1
7236 2
7236 5
7236 587
7236 637
7237 1265
7237 2
7237 2707
7237 1315
7237 441
7238 2640
7238 4
7238 3206
7238 57
7238 58
7239 64
7239 769
7239 3
7239 4
7239 5903
7240 3
7240 115
7240 1828
7240 21
7240 159
7241 2
7241 84
7241 5
7241 8
7241 442
7242 2323
7242 580
7242 22
7242 4987
7242 223
7243 6145
7243 980
7243 85
7243 55
7243 1772
7244 48
7244 1
7244 564
7244 5
7244 1930
7245 16
7245 59
7245 540
7245 13
7245 447
7246 3
7246 2435
7246 153
7246 2474
7246 43
7247 16
7247 1
7247 36
7247 3700
7247 11
7248 3667
7248 6
7248 966
7248 1118
7248 31
7249 3
7249 4
7249 712
7249 1272
7249 492
7250 3618
7250 3845
7250 5
7250 39
7250 158
7251 753
7251 2906
7251 11
7251 4588
7251 12
7252 5814
7252 311
7252 2055
7252 217
7252 444
7253 16
7253 1460
7253 1580
7253 7118
7253 287
7254 1
7254 5
7254 9
7254 5420
7254 893
7255 916
7255 10
7255 3181
7255 1149
7255 478
7256 50
7256 115
7256 373
7256 59
7256 734
7257 32
7257 2986
7257 493
7257 79
7257 63
7258 1267
7258 53
7258 86
7258 74
7258 3099
7259 16
7259 5
7259 4344
7259 10
7259 7195
7260 1
7260 340
7260 1029
7260 331
7260 7135
7261 64
7261 0
7261 4
7261 565
7261 22
7262 309
7262 118
7262 200
7262 1005
7262 287
7263 131
7263 3
7263 2214
7263 1244
7263 287
7264 165
7264 4232
7264 8
7264 315
7264 109
7265 1
7265 561
7265 73
7265 379
7265 189
7266 4657
7266 3
7266 5
7266 7257
7266 3068
7267 2
7267 4
7267 5
7267 3149
7267 31
7268 6227
7268 19
7268 360
7268 1018
7268 10
7270 160
7270 561
7270 659
7270 668
7270 12
7271 610
7271 68
7271 2214
7271 1911
7271 12
7272 3
7272 390
7272 264
7272 24
7272 2028
7273 67
7273 3
7273 5621
7273 13
7273 3358
7274 452
7274 5
7274 118
7274 8
7274 205
7275 1218
7275 694
7275 88
7275 12
7275 31
7276 1
7276 3
7276 10
7276 1563
7276 6843
7277 209
7277 4
7277 1112
7277 1005
7277 317
7278 1377
7278 2
7278 6
7278 9
7278 587
7279 1440
7279 3713
7279 194
7279 2
7279 9
7280 0
7280 4
7280 5608
7280 876
7280 1855
7282 34
7282 99
7282 548
7282 21
7282 397
7283 0
7283 1
7283 248
7283 184
7283 6649
7284 1940
7284 7100
7284 1629
7284 158
7284 31
7285 0
7285 1
7285 2802
7285 2628
7285 6443
7286 96
7286 3509
7286 390
7286 215
7286 170
7287 0
7287 6258
7287 1253
7287 57
7287 140
7288 3632
7288 5027
7288 984
7288 59
7288 12
7289 0
7289 2
7289 73
7289 6009
7289 1866
7290 1
7290 3
7290 180
7290 122
7290 239
7291 2
7291 8
7291 57
7291 174
7291 3135
7292 0
7292 2
7292 5
7292 170
7292 395
7294 0
7294 80
7294 4
7294 21
7294 107
7295 528
7295 3632
7295 2626
7295 259
7295 4
7296 0
7296 561
7296 3
7296 9
7296 47
7297 3
7297 200
7297 5357
7297 478
7297 4094
7298 3779
7298 1924
7298 8
7298 1434
7298 940
7299 2512
7299 992
7299 1
7299 290
7299 4254
7300 1
7300 5
7300 21
7300 2412
7300 31
7301 5088
7301 160
7301 19
7301 5
7301 173
7302 40
7302 89
7302 2108
7302 5405
7302 1518
7303 3971
7303 6
7303 199
7303 12
7303 30
7305 3
7305 4
7305 6806
7305 24
7305 2762
7306 64
7306 81
7306 4
7306 3882
7306 412
7307 32
7307 976
7307 68
7307 3976
7307 1930
7309 1634
7309 4215
7309 2089
7309 13
7309 1967
7310 144
7310 3290
7310 1002
7310 638
7310 31
7311 1827
7311 388
7311 36
7311 7032
7311 4523
7312 1
7312 2562
7312 183
7312 1854
7312 3119
7313 1
7313 179
7313 197
7313 248
7313 798
7314 7143
7314 1497
7314 2811
7314 172
7314 6029
7315 3632
7315 2
7315 34
7315 89
7315 347
7316 3
7316 3461
7316 3404
7316 5084
7316 2236
7317 3
7317 2515
7317 8
7317 6667
7317 715
7318 4052
7318 3076
7318 5
7318 42
7318 1132
7319 0
7319 1
7319 4
7319 43
7319 1071
7320 51
7320 3
7320 53
7320 1404
7320 12
7321 2896
7321 2
7321 3
7321 21
7321 31
7322 241
7322 310
7322 103
7322 41
7322 1260
7323 6096
7323 1
7323 86
7323 8
7323 9
7324 576
7324 753
7324 2695
7324 174
7324 2159
7325 178
7325 4
7325 5
7325 2374
7325 431
7326 4
7326 997
7326 1030
7326 1977
7326 2573
7327 4
7327 24
7327 6969
7327 906
7327 91
7328 7008
7328 7266
7328 1461
7328 6
7328 62
7329 3
7329 36
7329 5
7329 4988
7329 95
7330 0
7330 258
7330 4
7330 442
7330 6029
7331 3
7331 5
7331 393
7331 12
7331 1212
7332 177
7332 962
7332 3
7332 55
7332 333
7333 128
7333 711
7333 2535
7333 46
7333 575
7334 1
7334 2
7334 2246
7334 57
7334 4190
7335 657
7335 195
7335 228
7335 1243
7335 172
7336 97
7336 2474
7336 298
7336 1468
7336 6335
7337 16
7337 0
7337 34
7337 21
7337 2214
7338 50
7338 6
7338 25
7338 7226
7338 158
7339 272
7339 132
7339 5
7339 2581
7339 14
7340 288
7340 6
7340 104
7340 10
7340 1132
7342 193
7342 563
7342 4
7342 845
7342 1950
7343 1
7343 2
7343 1337
7343 6763
7343 333
7344 6113
7344 3110
7344 23
7344 2252
7344 175
7345 66
7345 1763
7345 135
7345 253
7345 462
7346 656
7346 1
7346 948
7346 4
7346 282
7347 16
7347 6
7347 88
7347 10
7347 351
7351 32
7351 2
7351 995
7351 203
7351 92
7353 2592
7353 1
7353 3
7353 170
7353 287
7354 4548
7354 5
7354 6
7354 10
7354 3615
7355 160
7355 0
7355 1
7355 5
7355 6
7356 740
7356 25
7356 9
7356 364
7356 31
7357 3840
7357 388
7357 37
7357 24
7357 3642
7359 51
7359 5093
7359 2460
7359 1276
7359 14
7360 212
7360 5
7360 826
7360 11
7360 4494
7361 32
7361 80
7361 1
7361 2551
7361 859
7362 1696
7362 66
7362 4
7362 5
7362 653
7363 3011
7363 21
7363 1884
7363 2380
7363 6110
7364 32
7364 643
7364 5044
7364 2324
7364 10
7365 3
7365 21
7365 53
7365 264
7365 29
7366 3
7366 1396
7366 6
7366 7
7366 8
7367 5281
7367 24
7367 1833
7367 9
7367 2476
7368 2275
7368 4
7368 6
7368 6380
7368 31
7369 656
7369 80
7369 5921
7369 3082
7369 5739
7370 2
7370 3
7370 24
7370 651
7370 59
7371 1506
7371 5
7371 170
7371 1325
7371 31
7372 6688
7372 1504
7372 19
7372 379
7372 2364
7373 82
7373 4931
7373 5
7373 23
7373 247
7374 723
7374 131
7374 532
7374 2855
7374 911
7375 1
7375 2
7375 179
7375 6200
7375 29
7376 1
7376 1954
7376 178
7376 37
7376 79
7377 1
7377 4
7377 88
7377 1048
7377 10
7378 4480
7378 16
7378 65
7378 2246
7378 1047
7379 1
7379 2
7379 6468
7379 103
7379 24
7380 4240
7380 4
7380 54
7380 518
7380 27
7381 64
7381 2
7381 5
7381 54
7381 1372
7382 0
7382 3587
7382 421
7382 54
7382 29
7383 0
7383 2
7383 6675
7383 3
7383 14
7384 2850
7384 4
7384 6133
7384 351
7384 31
7385 34
7385 3
7385 136
7385 9
7385 2925
7386 3
7386 8
7386 1579
7386 1692
7386 5583
7387 4
7387 6
7387 103
7387 2104
7387 12
7388 88
7388 424
7388 8
7388 2362
7388 31
7389 576
7389 0
7389 3
7389 22
7389 1631
7391 5344
7391 21
7391 5254
7391 43
7391 29
7392 1
7392 131
7392 4
7392 412
7392 159
7393 6
7393 23
7393 1340
7393 13
7393 159
7394 0
7394 2722
7394 2883
7394 115
7394 133
7395 80
7395 2
7395 3042
7395 133
7395 38
7396 64
7396 4
7396 8
7396 2201
7396 27
7397 1
7397 1201
7397 21
7397 1258
7397 10
7398 4115
7398 4323
7398 1428
7398 73
7398 12
7399 3
7399 170
7399 427
7399 395
7399 527
7400 2150
7400 6
7400 23
7400 8
7400 250
7401 3
7401 140
7401 237
7401 78
7401 2671
7402 0
7402 4595
7402 598
7402 4904
7402 31
7403 0
7403 1841
7403 6
7403 120
7403 733
7404 0
7404 4739
7404 118
7404 105
7404 5438
7405 1
7405 4
7405 5
7405 118
7405 382
7406 16
7406 224
7406 4641
7406 4051
7406 5348
7407 753
7407 1
7407 2
7407 2439
7407 665
7408 0
7408 40
7408 185
7408 10
7408 1438
7409 976
7409 5
7409 4248
7409 59
7409 31
7410 0
7410 1057
7410 1986
7410 131
7410 1293
7411 2
7411 5
7411 1000
7411 5725
7411 110
7412 1473
7412 6489
7412 1501
7412 478
7412 718
7413 3392
7413 1
7413 2
7413 187
7413 1228
7414 0
7414 3
7414 5
7414 3529
7414 331
7415 2594
7415 66
7415 370
7415 2233
7415 638
7416 3
7416 4
7416 22
7416 3960
7416 3675
7417 1
7417 185
7417 620
7417 125
7417 382
7419 1
7419 3826
7419 5
7419 1338
7419 5147
7420 1297
7420 6
7420 8
7420 3613
7420 623
7421 2369
7421 3
7421 7043
7421 59
7421 1836
7422 2
7422 4
7422 53
7422 59
7422 557
7423 2
7423 51
7423 69
7423 1658
7423 6603
7424 2
7424 4
7424 200
7424 8
7424 9
7425 16
7425 1712
7425 1
7425 21
7425 137
7426 1782
7426 24
7426 13
7426 222
7426 3198
7427 965
7427 24
7427 537
7427 13
7427 5903
7428 0
7428 2180
7428 966
7428 24
7428 238
7429 0
7429 6706
7429 179
7429 6
7429 492
7430 16
7430 4257
7430 1478
7430 200
7430 510
7431 400
7431 3875
7431 5
7431 75
7431 523
7432 80
7432 0
7432 4440
7432 185
7432 1626
7433 2689
7433 39
7433 105
7433 11
7433 687
7434 0
7434 2
7434 3
7434 22
7434 4335
7435 80
7435 6293
7435 373
7435 185
7435 59
7436 0
7436 5
7436 298
7436 6013
7436 733
7437 3184
7437 4
7437 9
7437 91
7437 333
7438 2
7438 754
7438 34
7438 8
7438 10
7439 1027
7439 36
7439 53
7439 182
7439 6874
7440 0
7440 3
7440 516
7440 5
7440 182
7441 4
7441 37
7441 5
7441 647
7441 41
7442 720
7442 1
7442 6051
7442 4
7442 1446
7443 897
7443 6
7443 73
7443 138
7443 31
7444 5424
7444 580
7444 5607
7444 394
7444 972
7445 0
7445 16
7445 2
7445 115
7445 102
7446 1
7446 6
7446 4726
7446 140
7446 238
7447 1
7447 5059
7447 8
7447 10
7447 5773
7448 4848
7448 1
7448 1042
7448 182
7448 4201
7450 3
7450 840
7450 6072
7450 90
7450 4362
7451 192
7451 32
7451 51
7451 10
7451 955
7453 64
7453 128
7453 708
7453 197
7453 156
7454 21
7454 471
7454 23
7454 8
7454 6681
7455 0
7455 17
7455 211
7455 5
7455 25
7456 6
7456 70
7456 167
7456 8
7456 25
7457 1329
7457 2
7457 24
7457 2236
7457 5229
7458 7445
7458 5622
7458 24
7458 13
7458 2525
7459 10
7459 2042
7459 333
7459 5886
7459 4174
7460 389
7460 3462
7460 135
7460 30
7460 31
7461 129
7461 3219
7461 580
7461 997
7461 1051
7462 1
7462 4
7462 53
7462 2182
7462 1199
7463 454
7463 23
7463 8
7463 654
7463 462
7464 0
7464 976
7464 2
7464 5
7464 1278
7465 466
7465 915
7465 212
7465 2682
7465 1739
7466 2
7466 3
7466 7285
7466 197
7466 597
7467 2689
7467 146
7467 2
7467 2535
7467 43
7468 64
7468 1
7468 21
7468 4342
7468 105
7469 6356
7469 4
7469 5
7469 8
7469 456
7470 5
7470 758
7470 7
7470 25
7470 300
7471 2
7471 677
7471 40
7471 204
7471 29
7474 131
7474 21
7474 949
7474 1500
7474 1519
7476 1908
7476 2757
7476 6139
7476 94
7476 4767
7477 2289
7477 1
7477 549
7477 10
7477 13
7478 16
7478 0
7478 2
7478 36
7478 12
7479 1
7479 4
7479 4010
7479 3309
7479 2990
7480 5541
7480 41
7480 5674
7480 2668
7480 6077
7481 131
7481 6
7481 344
7481 840
7481 12
7482 2176
7482 369
7482 50
7482 4
7482 390
7483 597
7483 5
7483 3301
7483 1320
7483 1291
7485 0
7485 1251
7485 501
7485 425
7485 3979
7486 116
7486 2455
7486 89
7486 906
7486 2687
7487 5
7487 21
7487 694
7487 7448
7487 9
7488 2
7488 83
7488 2531
7488 678
7488 27
7489 34
7489 7203
7489 5
7489 6524
7489 7294
7490 5364
7490 5
7490 261
7490 3083
7490 637
7491 289
7491 5
7491 4616
7491 12
7491 13
7492 1601
7492 2167
7492 6570
7492 2733
7492 5150
7493 0
7493 91
7493 315
7493 1132
7493 158
7495 5104
7495 3
7495 23
7495 216
7495 2377
7496 4
7496 22
7496 6
7496 88
7496 43
7497 4
7497 68
7497 1766
7497 1207
7497 953
7498 2
7498 5
7498 40
7498 153
7498 27
7499 32
7499 0
7499 4
7499 3673
7499 13
7500 16
7500 193
7500 4
7500 918
7500 2233
7501 32
7501 419
7501 51
7501 3623
7501 153
7502 435
7502 3
7502 8
7502 1293
7502 31
7503 1126
7503 4471
7503 4152
7503 3466
7503 283
7504 480
7504 6113
7504 3
7504 6
7504 124
7505 2
7505 132
7505 86
7505 24
7505 11
7506 0
7506 32
7506 2
7506 5189
7506 1883
7509 144
7509 2
7509 5
7509 2824
7509 12
7510 881
7510 1368
7510 140
7510 76
7510 79
7511 64
7511 3747
7511 197
7511 1627
7511 14
7512 4
7512 23
7512 170
7512 3455
7512 31
7513 177
7513 1
7513 5
7513 12
7513 141
7515 433
7515 34
7515 122
7515 986
7515 462
7516 128
7516 1367
7516 647
7516 472
7516 59
7517 0
7517 2
7517 36
7517 139
7517 269
7518 3632
7518 4
7518 182
7518 390
7518 184
7519 2578
7519 2
7519 8
7519 24
7519 90
7520 1
7520 2758
7520 2103
7520 3099
7520 13
7521 2400
7521 2
7521 3
7521 12
7521 238
7523 0
7523 1059
7523 2483
7523 469
7523 6
7524 561
7524 1457
7524 5
7524 9
7524 31
7525 0
7525 5571
7525 21
7525 2265
7525 1097
7526 1
7526 3730
7526 388
7526 9
7526 1786
7527 2723
7527 4
7527 458
7527 43
7527 6491
7528 0
7528 8
7528 4236
7528 12
7528 109
7529 0
7529 307
7529 3195
7529 62
7529 2863
7531 2
7531 259
7531 2245
7531 6
7531 217
7532 0
7532 1507
7532 12
7532 333
7532 31
7534 50
7534 4
7534 2389
7534 21
7534 4246
7535 180
7535 3126
7535 985
7535 29
7535 31
7536 2386
7536 1204
7536 5
7536 199
7536 31
7537 0
7537 434
7537 1464
7537 1802
7537 623
7538 2
7538 611
7538 3
7538 3363
7538 933
7539 0
7539 2673
7539 369
7539 327
7539 2350
7540 51
7540 356
7540 8
7540 491
7540 1566
7541 6
7541 791
7541 10
7541 540
7541 989
7542 3
7542 659
7542 4275
7542 390
7542 3195
7543 0
7543 64
7543 3360
7543 21
7543 40
7544 3
7544 103
7544 10
7544 4222
7544 175
7545 4752
7545 4736
7545 1
7545 170
7545 1820
7546 4529
7546 5937
7546 1
7546 3026
7546 13
7547 2
7547 3
7547 5
7547 12
7547 31
7548 0
7548 6392
7548 217
7548 3179
7548 11
7549 2
7549 739
7549 2245
7549 39
7549 6543
7550 1
7550 2
7550 59
7550 798
7550 31
7551 51
7551 3444
7551 4
7551 344
7551 333
7553 3
7553 131
7553 2967
7553 3224
7553 8
7554 2
7554 2117
7554 7368
7554 138
7554 2126
7555 179
7555 404
7555 1563
7555 589
7555 1406
7556 33
7556 2
7556 8
7556 9
7556 237
7557 4
7557 645
7557 107
7557 13
7557 1453
7558 597
7558 5
7558 3895
7558 5099
7558 315
7559 3
7559 1051
7559 4475
7559 383
7559 5199
7560 2
7560 21
7560 2744
7560 8
7560 27
7562 3
7562 40
7562 1177
7562 3211
7562 14
7563 115
7563 6
7563 3369
7563 6316
7563 173
7564 4401
7564 3363
7564 1252
7564 104
7564 6524
7565 3138
7565 4
7565 43
7565 140
7565 300
7566 647
7566 8
7566 10
7566 6253
7566 158
7567 1329
7567 193
7567 5218
7567 4
7567 62
7569 4
7569 180
7569 37
7569 25
7569 62
7570 3
7570 500
7570 165
7570 6
7570 6799
7571 0
7571 3
7571 660
7571 4184
7571 523
7572 36
7572 21
7572 5
7572 2811
7572 911
7573 4
7573 5
7573 439
7573 8
7573 127
7574 0
7574 2
7574 3
7574 43
7574 60
7575 2
7575 34
7575 53
7575 4105
7575 9
7576 2
7576 5442
7576 103
7576 185
7576 671
7577 2832
7577 115
7577 53
7577 6
7577 650
7578 176
7578 1
7578 2291
7578 1206
7578 104
7579 0
7579 272
7579 2
7579 11
7579 31
7580 5136
7580 5
7580 104
7580 1033
7580 12
7581 976
7581 4371
7581 3878
7581 6298
7581 1356
7582 272
7582 5922
7582 2
7582 965
7582 88
7583 6
7583 5239
7583 3945
7583 3293
7583 285
7584 2
7584 4
7584 43
7584 27
7584 2700
7585 2722
7585 3987
7585 5
7585 11
7585 287
7586 32
7586 1
7586 4
7586 6
7586 1502
7587 160
7587 147
7587 3
7587 3831
7587 12
7588 2
7588 178
7588 4
7588 906
7588 13
7591 242
7591 4
7591 53
7591 2213
7591 31
7592 885
7592 2118
7592 1080
7592 153
7592 959
7593 65
7593 1041
7593 3
7593 4
7593 2476
7594 659
7594 436
7594 21
7594 6
7594 31
7595 1
7595 1156
7595 4
7595 919
7595 1022
7596 2704
7596 7476
7596 5
7596 1640
7596 14
7597 4
7597 5
7597 2246
7597 22
7597 8
7598 0
7598 177
7598 621
7598 605
7598 14
7599 1505
7599 437
7599 343
7599 872
7599 1945
7600 8
7600 40
7600 1771
7600 27
7600 333
7601 390
7601 3719
7601 408
7601 764
7601 5229
7602 96
7602 1601
7602 899
7602 24
7602 777
7603 9
7603 27
7603 2683
7603 222
7603 1567
7604 516
7604 40
7604 105
7604 123
7604 141
7605 16
7605 2841
7605 2377
7605 1422
7605 175
7606 241
7606 34
7606 6
7606 3511
7606 1784
7607 4
7607 1508
7607 9
7607 1342
7607 1167
7608 2434
7608 307
7608 5
7608 2021
7608 1110
7609 0
7609 2
7609 871
7609 23
7609 605
7610 32
7610 2
7610 1922
7610 1849
7610 12
7611 401
7611 753
7611 411
7611 59
7611 412
7612 4080
7612 34
7612 3
7612 22
7612 985
7613 0
7613 65
7613 6193
7613 9
7613 747
7614 2
7614 3
7614 5
7614 581
7614 187
7615 3
7615 968
7615 40
7615 763
7615 79
7616 66
7616 978
7616 86
7616 56
7616 8
7617 864
7617 115
7617 709
7617 187
7617 766
7618 1
7618 2
7618 5
7618 2887
7618 249
7619 0
7619 3
7619 982
7619 8
7619 3500
7620 3
7620 2389
7620 2551
7620 746
7620 12
7621 425
7621 923
7621 475
7621 1836
7621 14
7622 6256
7622 274
7622 231
7622 14
7622 31
7623 1
7623 34
7623 3459
7623 4389
7623 40
7624 97
7624 6
7624 183
7624 90
7624 5215
7625 480
7625 273
7625 67
7625 21
7625 10
7626 1
7626 5348
7626 6
7626 2071
7626 603
7627 0
7627 2
7627 6
7627 2476
7627 1775
7628 1216
7628 1
7628 678
7628 6
7628 4760
7629 112
7629 6547
7629 1591
7629 24
7629 12
7630 1504
7630 233
7630 43
7630 637
7630 669
7631 769
7631 21
7631 5094
7631 4010
7631 31
7632 0
7632 3364
7632 395
7632 155
7632 27
7633 2144
7633 2
7633 3
7633 8
7633 40
7634 80
7634 259
7634 3
7634 198
7634 383
7635 128
7635 1
7635 3748
7635 2596
7635 4
7636 4
7636 101
7636 742
7636 2744
7636 90
7637 1
7637 3
7637 185
7637 813
7637 463
7638 1
7638 3
7638 5
7638 6
7638 1199
7639 2099
7639 5604
7639 5
7639 1209
7639 11
7640 2679
7640 41
7640 331
7640 12
7640 143
7641 16
7641 976
7641 962
7641 819
7641 412
7642 1
7642 66
7642 3
7642 19
7642 13
7643 404
7643 180
7643 14
7643 478
7643 831
7644 1041
7644 1
7644 2790
7644 1418
7644 14
7645 3
7645 966
7645 7624
7645 1055
7645 2175
7646 3
7646 212
7646 36
7646 823
7646 31
7647 6
7647 3739
7647 1260
7647 3308
7647 2046
7648 1
7648 371
7648 4
7648 7607
7648 5917
7649 272
7649 4
7649 116
7649 53
7649 5
7650 0
7650 1
7650 6183
7650 1000
7650 3691
7651 336
7651 177
7651 1
7651 2552
7651 525
7652 1
7652 2389
7652 1574
7652 1817
7652 10
7653 6
7653 296
7653 89
7653 10
7653 14
7654 483
7654 708
7654 9
7654 1195
7654 1038
7655 432
7655 5008
7655 3890
7655 1863
7655 298
7656 32
7656 5584
7656 4246
7656 344
7656 2941
7657 0
7657 7
7657 9
7657 31
7657 6879
7658 1524
7658 5
7658 7432
7658 59
7658 11
7659 16
7659 1
7659 135
7659 28
7659 1678
7660 336
7660 51
7660 20
7660 5
7660 1149
7661 1170
7661 2
7661 598
7661 905
7661 492
7662 337
7662 645
7662 5
7662 2838
7662 89
7663 432
7663 1
7663 3
7663 84
7663 31
7664 321
7664 2435
7664 5
7664 1255
7664 798
7666 131
7666 2244
7666 5
7666 742
7666 7
7667 0
7667 1042
7667 279
7667 9
7667 124
7668 3
7668 2804
7668 7608
7668 139
7668 444
7669 816
7669 6544
7669 25
7669 47
7669 1679
7670 2096
7670 4389
7670 74
7670 10
7670 172
7671 209
7671 3142
7671 327
7671 713
7671 237
7672 128
7672 40
7672 88
7672 219
7672 3629
7673 2931
7673 4377
7673 5243
7673 29
7673 3807
7674 946
7674 7555
7674 4
7674 53
7674 59
7675 32
7675 0
7675 1
7675 14
7675 7615
7676 0
7676 2
7676 727
7676 1560
7676 399
7677 2
7677 4
7677 5592
7677 43
7677 108
7678 195
7678 3
7678 103
7678 1260
7678 573
7679 1
7679 82
7679 6
7679 1078
7679 45
7680 2019
7680 5412
7680 6084
7680 5833
7680 2234
7681 0
7681 51
7681 5
7681 840
7681 12
7682 0
7682 19
7682 1752
7682 3786
7682 27
7683 2
7683 6034
7683 1321
7683 11
7683 12
7684 1
7684 1063
7684 40
7684 11
7684 623
7685 64
7685 0
7685 1665
7685 3
7685 388
7686 0
7686 2
7686 4
7686 463
7686 31
7687 5
7687 1143
7687 23
7687 327
7687 7661
7688 4
7688 6
7688 4026
7688 10
7688 7213
7689 960
7689 4098
7689 24
7689 249
7689 92
7690 664
7690 5371
7690 1243
7690 5788
7690 142
7691 1
7691 450
7691 2
7691 202
7691 31
7692 2019
7692 1171
7692 6868
7692 541
7692 31
7693 2
7693 228
7693 5
7693 3258
7693 413
7694 128
7694 0
7694 7204
7694 1092
7694 40
7696 1
7696 53
7696 1788
7696 1502
7696 206
7697 1
7697 2017
7697 6241
7697 34
7697 9
7698 1
7698 129
7698 469
7698 470
7698 395
7699 2
7699 55
7699 2377
7699 9
7699 31
7700 2
7700 2403
7700 88
7700 5002
7700 2891
7701 2
7701 5858
7701 8
7701 4842
7701 142
7702 3474
7702 2
7702 2850
7702 708
7702 25
7703 0
7703 288
7703 980
7703 180
7703 1816
7704 1297
7704 2036
7704 1608
7704 569
7704 588
7705 3
7705 4
7705 6
7705 74
7705 1726
7706 0
7706 2
7706 3092
7706 141
7706 31
7707 0
7707 1346
7707 34
7707 3
7707 183
7708 898
7708 965
7708 11
7708 1932
7708 5309
7709 0
7709 2
7709 344
7709 14
7709 31
7713 0
7713 3
7713 2203
7713 1211
7713 829
7714 0
7714 1
7714 598
7714 40
7714 4619
7715 1
7715 6786
7715 183
7715 8
7715 138
7716 1041
7716 82
7716 2
7716 6
7716 523
7717 2
7717 10
7717 141
7717 5406
7717 31
7719 2305
7719 2435
7719 24
7719 3560
7719 12
7720 160
7720 51
7720 6
7720 825
7720 203
7721 930
7721 3
7721 4692
7721 23
7721 124
7723 3
7723 9
7723 2649
7723 59
7723 29
7724 1
7724 2
7724 658
7724 53
7724 5223
7725 384
7725 657
7725 308
7725 919
7725 43
7726 165
7726 5
7726 6952
7726 200
7726 5914
7727 2993
7727 2
7727 6
7727 12
7727 6830
7728 0
7728 115
7728 211
7728 23
7728 6014
7729 4128
7729 5
7729 598
7729 3256
7729 25
7730 6960
7730 1168
7730 274
7730 6819
7730 363
7731 2
7731 5
7731 88
7731 41
7731 12
7732 1
7732 50
7732 21
7732 1833
7732 1836
7734 32
7734 0
7734 1
7734 34
7734 6
7735 513
7735 21
7735 5417
7735 9
7735 5243
7737 3
7737 6
7737 1896
7737 185
7737 31
7738 16
7738 2021
7738 102
7738 1226
7738 478
7739 564
7739 5
7739 9
7739 59
7739 462
7740 4560
7740 2007
7740 3979
7740 31
7740 1439
7741 179
7741 36
7741 121
7741 6973
7741 2335
7742 691
7742 36
7742 6
7742 4266
7742 459
7743 1
7743 21
7743 23
7743 12
7743 4300
7744 2
7744 82
7744 20
7744 57
7744 141
7745 1
7745 5
7745 2551
7745 1785
7745 186
7746 2
7746 4
7746 1046
7746 23
7746 24
7747 3
7747 325
7747 53
7747 89
7747 2382
7748 1616
7748 2
7748 918
7748 472
7748 31
7749 0
7749 16
7749 470
7749 7467
7749 29
7751 0
7751 23
7751 6760
7751 14
7751 958
7752 192
7752 1442
7752 3
7752 22
7752 511
7753 64
7753 5089
7753 3
7753 53
7753 6441
7754 960
7754 198
7754 793
7754 187
7754 158
7755 6288
7755 3474
7755 725
7755 1671
7755 5949
7756 1377
7756 1
7756 5921
7756 706
7756 21
7757 1
7757 3
7757 563
7757 6
7757 1563
7758 2
7758 52
7758 7478
7758 1180
7758 1676
7759 89
7759 698
7759 3675
7759 31
7759 175
7760 532
7760 21
7760 24
7760 2168
7760 59
7761 0
7761 3
7761 115
7761 9
7761 747
7763 16
7763 3
7763 5683
7763 5
7763 5117
7764 2
7764 21
7764 6440
7764 218
7764 10
7765 128
7765 80
7765 1442
7765 22
7765 7449
7766 3782
7766 38
7766 8
7766 24
7766 11
7767 1651
7767 10
7767 91
7767 252
7767 13
7768 0
7768 129
7768 38
7768 4617
7768 223
7769 739
7769 3668
7769 24
7769 43
7769 2734
7770 24
7770 88
7770 6121
7770 2749
7770 2655
7771 1
7771 2
7771 3110
7771 7607
7771 4617
7772 1440
7772 337
7772 280
7772 491
7772 3148
7773 1
7773 105
7773 187
7773 12
7773 349
7774 1680
7774 3
7774 4
7774 249
7774 12
7775 2
7775 1570
7775 213
7775 182
7775 40
7776 3584
7776 5
7776 24
7776 10
7776 526
7777 2
7777 3
7777 314
7777 11
7777 29
7778 2210
7778 180
7778 219
7778 12
7778 287
7779 4
7779 8
7779 665
7779 1049
7779 31
7780 737
7780 103
7780 680
7780 10
7780 12
7781 0
7781 4676
7781 361
7781 1321
7781 2554
7782 80
7782 1
7782 2
7782 395
7782 845
7784 0
7784 4
7784 21
7784 296
7784 702
7785 1856
7785 4737
7785 274
7785 52
7785 5517
7786 3
7786 53
7786 5590
7786 4200
7786 2651
7787 0
7787 849
7787 5347
7787 22
7787 2558
7788 80
7788 581
7788 10
7788 2203
7788 2863
7789 53
7789 118
7789 150
7789 88
7789 287
7790 148
7790 1159
7790 2584
7790 875
7790 13
7791 2129
7791 14
7791 574
7791 5934
7791 95
7792 37
7792 3289
7792 282
7792 1167
7792 287
7793 144
7793 241
7793 1
7793 82
7793 6
7794 16
7794 5
7794 21
7794 103
7794 427
7795 327
7795 3111
7795 8
7795 88
7795 5242
7796 129
7796 65
7796 6356
7796 3349
7796 24
7797 1
7797 34
7797 40
7797 1434
7797 94
7798 180
7798 197
7798 3190
7798 11
7798 59
7799 5504
7799 0
7799 1
7799 152
7799 5788
7800 67
7800 2951
7800 8
7800 24
7800 1437
7801 21
7801 86
7801 22
7801 5575
7801 158
7802 2
7802 165
7802 4375
7802 3755
7802 1167
7803 16
7803 3
7803 452
7803 21
7803 6175
7804 50
7804 3625
7804 121
7804 45
7804 31
7805 577
7805 4083
7805 3
7805 29
7805 381
7806 288
7806 0
7806 4
7806 1785
7806 158
7807 0
7807 452
7807 1892
7807 2665
7807 59
7808 707
7808 115
7808 7364
7808 1272
7808 59
7809 4
7809 7701
7809 6875
7809 109
7809 141
7810 7760
7810 145
7810 3
7810 5
7810 2797
7811 16
7811 3538
7811 37
7811 456
7811 494
7812 4227
7812 85
7812 24
7812 1883
7812 140
7813 3202
7813 4163
7813 776
7813 2395
7813 78
7814 129
7814 5233
7814 1267
7814 218
7814 31
7815 2
7815 1144
7815 73
7815 2203
7815 12
7816 0
7816 5
7816 1464
7816 107
7816 11
7817 3392
7817 5
7817 140
7817 925
7817 47
7818 1779
7818 7093
7818 726
7818 605
7818 253
7819 3987
7819 228
7819 4
7819 24
7819 3705
7820 3
7820 5
7820 6693
7820 471
7820 745
7821 6496
7821 581
7821 23
7821 456
7821 7817
7822 3798
7822 40
7822 218
7822 3068
7822 333
7823 128
7823 241
7823 6
7823 6490
7823 2922
7824 1
7824 390
7824 282
7824 2558
7824 5982
7825 3
7825 1976
7825 24
7825 9
7825 172
7826 852
7826 1028
7826 2232
7826 7037
7826 3246
7827 258
7827 4
7827 964
7827 103
7827 1788
7828 3488
7828 499
7828 3334
7828 8
7828 24
7829 3
7829 2453
7829 38
7829 2391
7829 30
7830 1
7830 274
7830 88
7830 1448
7830 10
7831 3665
7831 930
7831 5
7831 3960
7831 1374
7832 132
7832 599
7832 1593
7832 203
7832 6110
7833 1696
7833 0
7833 3444
7833 5687
7833 759
7834 3760
7834 2
7834 3971
7834 99
7834 31
7835 4528
7835 4450
7835 6
7835 11
7835 6735
7836 0
7836 3
7836 342
7836 5000
7836 5464
7837 4
7837 5
7837 1351
7837 1470
7837 959
7838 1249
7838 659
7838 1333
7838 7718
7838 4105
7839 32
7839 2
7839 4
7839 55
7839 14
7840 176
7840 241
7840 1122
7840 4059
7840 31
7841 194
7841 6195
7841 342
7841 775
7841 9
7842 0
7842 53
7842 24
7842 186
7842 92
7843 17
7843 3
7843 4
7843 24
7843 1422
7844 33
7844 274
7844 3
7844 341
7844 987
7845 97
7845 1827
7845 6
7845 73
7845 2797
7846 0
7846 1
7846 3
7846 6
7846 119
7847 2
7847 4
7847 105
7847 1978
7847 31
7848 4
7848 55
7848 3647
7848 6431
7848 31
7849 0
7849 131
7849 4491
7849 285
7849 959
7850 1
7850 213
7850 5
7850 315
7850 13
7851 1
7851 6
7851 173
7851 4317
7851 29
7852 1712
7852 1
7852 233
7852 361
7852 1513
7853 1
7853 5779
7853 2246
7853 172
7853 31
7854 3970
7854 3
7854 6
7854 1030
7854 6056
7856 230
7856 24
7856 1449
7856 330
7856 62
7857 1
7857 434
7857 964
7857 40
7857 186
7858 2
7858 4
7858 4941
7858 734
7858 31
7859 2213
7859 1462
7859 1609
7859 4493
7859 1055
7861 6624
7861 2868
7861 6
7861 108
7861 5517
7862 1
7862 197
7862 23
7862 585
7862 1614
7864 0
7864 2208
7864 1
7864 2321
7864 455
7865 1
7865 180
7865 24
7865 5901
7865 111
7866 0
7866 66
7866 5
7866 1766
7866 86
7867 1589
7867 8
7867 826
7867 3933
7867 367
7868 6
7868 3224
7868 2476
7868 879
7868 1919
7869 0
7869 320
7869 3
7869 6283
7869 12
7870 784
7870 133
7870 12
7870 1677
7870 3646
7871 3
7871 4
7871 8
7871 29
7871 13
7873 753
7873 3
7873 357
7873 7383
7873 199
7874 4
7874 23
7874 823
7874 394
7874 682
7875 451
7875 3926
7875 361
7875 9
7875 29
7876 552
7876 760
7876 362
7876 172
7876 142
7878 1
7878 53
7878 5
7878 3165
7878 158
7879 224
7879 2
7879 1747
7879 563
7879 31
7880 1
7880 1223
7880 1047
7880 104
7880 5437
7882 2
7882 6
7882 8
7882 282
7882 235
7883 2144
7883 80
7883 4
7883 1878
7883 4221
7884 193
7884 4710
7884 4071
7884 1515
7884 317
7885 1
7885 197
7885 1494
7885 3591
7885 55
7886 16
7886 1
7886 258
7886 5
7886 8
7887 0
7887 2689
7887 1
7887 5718
7887 4026
7888 64
7888 2
7888 7604
7888 1508
7888 9
7889 2288
7889 177
7889 5624
7889 90
7889 1166
7890 2
7890 203
7890 1340
7890 29
7890 2318
7891 32
7891 1
7891 12
7891 2542
7891 14
7892 5204
7892 5
7892 40
7892 153
7892 687
7893 180
7893 3349
7893 230
7893 138
7893 78
7894 4
7894 53
7894 1432
7894 6410
7894 237
7895 16
7895 274
7895 357
7895 8
7895 463
7896 0
7896 161
7896 2036
7896 5
7896 167
7897 2
7897 402
7897 55
7897 8
7897 9
7898 2
7898 821
7898 1560
7898 24
7898 1276
7899 0
7899 2
7899 36
7899 25
7899 650
7900 64
7900 2707
7900 6
7900 297
7900 382
7901 177
7901 5091
7901 131
7901 10
7901 399
7902 3409
7902 1396
7902 2661
7902 3385
7902 91
7903 273
7903 598
7903 8
7903 170
7903 1211
7904 9
7904 10
7904 554
7904 75
7904 527
7905 0
7905 1
7905 5811
7905 564
7905 766
7907 2
7907 2645
7907 1629
7907 4830
7907 158
7909 209
7909 2498
7909 6
7909 2526
7909 31
7910 4033
7910 2486
7910 103
7910 1676
7910 606
7911 7315
7911 357
7911 118
7911 86
7911 3675
7912 225
7912 1
7912 805
7912 6
7912 29
7913 3
7913 2963
7913 119
7913 2797
7913 191
7914 322
7914 5
7914 6
7914 152
7914 334
7915 192
7915 6
7915 393
7915 10
7915 3471
7916 3217
7916 4
7916 68
7916 21
7916 2622
7917 0
7917 32
7917 1
7917 6
7917 267
7918 6
7918 902
7918 217
7918 10
7918 12
7919 177
7919 37
7919 21
7919 73
7919 621
7920 0
7920 34
7920 3
7920 218
7920 29
7921 21
7921 940
7921 493
7921 1997
7921 5871
7922 1040
7922 16
7922 403
7922 197
7922 2364
7924 2128
7924 8
7924 12
7924 301
7924 1615
7925 0
7925 1
7925 1460
7925 4869
7925 1517
7926 6736
7926 1
7926 74
7926 13
7926 4285
7927 118
7927 5319
7927 8
7927 7400
7927 12
7928 0
7928 176
7928 5
7928 37
7928 249
7929 4016
7929 2483
7929 3
7929 230
7929 6908
7930 4
7930 6
7930 70
7930 12
7930 605
7931 64
7931 54
7931 9
7931 220
7931 158
7932 1
7932 131
7932 1737
7932 12
7932 301
7933 2
7933 36
7933 4
7933 437
7933 1133
7934 1472
7934 53
7934 103
7934 9
7934 297
7935 1
7935 51
7935 4292
7935 1414
7935 2086
7936 5840
7936 177
7936 6262
7936 12
7936 30
7937 1
7937 2
7937 343
7937 137
7937 2814
7938 21
7938 1880
7938 24
7938 74
7938 6733
7939 112
7939 16
7939 436
7939 964
7939 1454
7940 3971
7940 5
7940 6
7940 3751
7940 12
7941 976
7941 1
7941 2
7941 5
7941 43
7942 531
7942 3
7942 3142
7942 310
7942 31
7943 1
7943 4
7943 6326
7943 794
7943 6700
7944 4816
7944 96
7944 931
7944 4
7944 6799
7945 32
7945 65
7945 3126
7945 6
7945 2408
7946 0
7946 3
7946 393
7946 1229
7946 95
7947 40
7947 11
7947 59
7947 124
7947 31
7948 564
7948 6041
7948 91
7948 669
7948 2686
7949 816
7949 1
7949 3
7949 21
7949 4697
7950 3
7950 5
7950 6
7950 119
7950 204
7951 5393
7951 610
7951 4
7951 1942
7951 104
7952 6080
7952 2007
7952 7466
7952 2427
7952 623
7953 19
7953 4243
7953 5
7953 775
7953 158
7954 1
7954 4530
7954 5
7954 183
7954 809
7955 51
7955 4
7955 6
7955 589
7955 2783
7956 343
7956 4059
7956 43
7956 1660
7956 31
7957 3936
7957 1360
7957 2770
7957 5
7957 151
7958 737
7958 34
7958 198
7958 7014
7958 5102
7960 259
7960 68
7960 4
7960 699
7960 1662
7961 2641
7961 71
7961 2408
7961 12
7961 6669
7962 1
7962 548
7962 405
7962 2341
7962 9
7963 6992
7963 1127
7963 3691
7963 75
7963 5260
7964 115
7964 3
7964 40
7964 408
7964 1709
7966 80
7966 1379
7966 99
7966 393
7966 7915
7967 1616
7967 208
7967 1282
7967 34
7967 136
7968 0
7968 452
7968 24
7968 3482
7968 14
7969 1
7969 2212
7969 360
7969 139
7969 31
7970 3712
7970 6930
7970 506
7970 5326
7970 31
7972 2
7972 515
7972 2741
7972 6149
7972 8
7974 3
7974 53
7974 6602
7974 4299
7974 2159
7975 4928
7975 2
7975 4311
7975 716
7975 3118
7976 1473
7976 37
7976 166
7976 3466
7976 3789
7977 32
7977 881
7977 3611
7977 702
7977 94
7978 0
7978 5
7978 217
7978 412
7978 1439
7979 0
7979 4928
7979 7221
7979 153
7979 30
7980 4112
7980 38
7980 166
7980 2054
7980 5487
7981 0
7981 3408
7981 2
7981 6
7981 650
7982 0
7982 5811
7982 3460
7982 297
7982 367
7983 19
7983 5
7983 6761
7983 346
7983 970
7984 228
7984 5
7984 104
7984 2795
7984 1453
7985 420
7985 69
7985 1893
7985 8
7985 29
7987 1
7987 24
7987 906
7987 59
7987 29
7988 99
7988 597
7988 3290
7988 172
7988 95
7989 5751
7989 5385
7989 1275
7989 495
7989 31
7990 96
7990 3274
7990 6443
7990 4763
7990 1964
7992 1027
7992 1145
7992 140
7992 12
7992 142
7993 1
7993 24
7993 74
7993 14
7993 31
7994 2
7994 3
7994 871
7994 7032
7994 7549
7995 257
7995 2258
7995 4437
7995 2775
7995 24
7996 192
7996 144
7996 34
7996 179
7996 2582
7997 57
7997 92
7997 12
7997 141
7997 3023
7998 7776
7998 2
7998 8
7998 6524
7998 109
7999 3
7999 53
7999 197
7999 6
7999 12
8000 0
8000 898
8000 10
8000 7804
8000 5612
8001 272
8001 516
8001 677
8001 91
8001 287
8003 0
8003 914
8003 3
8003 6
8003 90
8004 0
8004 5
8004 21
8004 4315
8004 14
8005 0
8005 59
8005 6252
8005 716
8005 237
8006 0
8006 1153
8006 3667
8006 37
8006 7464
8007 4377
8007 5514
8007 427
8007 4143
8007 31
8008 944
8008 5
8008 1462
8008 1260
8008 14
8009 21
8009 202
8009 1722
8009 5788
8009 31
8010 1
8010 2
8010 5
8010 6444
8010 13
8011 0
8011 2433
8011 2194
8011 131
8011 1671
8012 4
8012 136
8012 4763
8012 2092
8012 158
8013 0
8013 449
8013 675
8013 4588
8013 94
8014 64
8014 644
8014 88
8014 3000
8014 1340
8015 1
8015 3
8015 598
8015 665
8015 394
8016 276
8016 5
8016 264
8016 125
8016 1534
8017 6513
8017 3845
8017 3961
8017 573
8017 478
8018 4960
8018 64
8018 513
8018 7014
8018 105
8019 808
8019 1433
8019 269
8019 3230
8019 1615
8020 4560
8020 194
8020 23
8020 3659
8020 287
8021 4291
8021 452
8021 3461
8021 839
8021 8
8022 0
8022 4516
8022 21
8022 3675
8022 3133
8023 960
8023 0
8023 129
8023 22
8023 23
8024 177
8024 2
8024 5
8024 5721
8024 41
8025 64
8025 290
8025 3
8025 6
8025 103
8026 2976
8026 66
8026 2019
8026 2007
8026 43
8027 0
8027 115
8027 134
8027 12
8027 2303
8028 0
8028 2
8028 3
8028 9
8028 3722
8029 0
8029 450
8029 5060
8029 5285
8029 911
8030 0
8030 1
8030 529
8030 5
8030 1051
8031 5367
8031 88
8031 1726
8031 14
8031 287
8034 1
8034 29
8034 1902
8034 158
8034 3022
8035 193
8035 259
8035 6020
8035 2888
8035 4044
8036 0
8036 723
8036 4
8036 21
8036 27
8037 80
8037 6434
8037 281
8037 4316
8037 159
8038 0
8038 2
8038 8
8038 333
8038 525
8039 80
8039 2466
8039 3
8039 1412
8039 5
8040 2
8040 5
8040 21
8040 678
8040 152
8044 16
8044 3
8044 37
8044 14
8044 78
8045 752
8045 65
8045 1890
8045 5619
8045 7502
8046 0
8046 2459
8046 12
8046 6046
8046 959
8047 64
8047 80
8047 1
8047 1410
8047 12
8048 212
8048 4069
8048 5
8048 8
8048 6862
8049 160
8049 0
8049 6624
8049 2
8049 9
8050 50
8050 277
8050 823
8050 24
8050 1705
8051 3040
8051 2
8051 6547
8051 5
8051 2582
8052 2
8052 249
8052 91
8052 187
8052 13
8053 7684
8053 516
8053 21
8053 205
8053 687
8054 608
8054 2
8054 1493
8054 677
8054 9
8055 272
8055 128
8055 7030
8055 6806
8055 59
8056 320
8056 2
8056 8
8056 11
8056 287
8057 946
8057 2
8057 4
8057 1060
8057 859
8059 212
8059 5
8059 421
8059 9
8059 10
8061 3761
8061 417
8061 5
8061 197
8061 75
8062 882
8062 6803
8062 7339
8062 236
8062 5677
8063 1696
8063 2
8063 21
8063 8
8063 59
8064 2897
8064 3
8064 1030
8064 4763
8064 1340
8065 128
8065 1
8065 3
8065 4
8065 1483
8066 0
8066 4
8066 133
8066 4471
8066 168
8067 114
8067 10
8067 1308
8067 7165
8067 4671
8068 1969
8068 773
8068 1046
8068 7742
8068 31
8069 3664
8069 1
8069 275
8069 282
8069 575
8070 261
8070 8
8070 2201
8070 2265
8070 730
8071 16
8071 4659
8071 549
8071 570
8071 911
8073 4036
8073 43
8073 6443
8073 31
8073 383
8074 5904
8074 5289
8074 7257
8074 378
8074 59
8075 4720
8075 0
8075 2648
8075 3419
8075 95
8076 38
8076 11
8076 4700
8076 1518
8076 287
8077 2594
8077 3
8077 2742
8077 5574
8077 1739
8078 0
8078 21
8078 166
8078 1405
8078 735
8079 1
8079 2
8079 3
8079 552
8079 2079
8080 64
8080 2387
8080 501
8080 4454
8080 478
8081 3
8081 5
8081 23
8081 987
8081 158
8082 1188
8082 597
8082 2264
8082 5195
8082 300
8083 384
8083 2
8083 1990
8083 3927
8083 3528
8084 0
8084 1
8084 2
8084 4004
8084 40
8085 32
8085 128
8085 2961
8085 1
8085 508
8086 7973
8086 54
8086 6646
8086 90
8086 283
8087 1
8087 2
8087 331
8087 14
8087 31
8088 112
8088 2
8088 5
8088 7143
8088 31
8090 0
8090 6
8090 4616
8090 9
8090 12
8091 1712
8091 1617
8091 147
8091 840
8091 9
8092 625
8092 5
8092 5575
8092 24
8092 5085
8093 1792
8093 2048
8093 1
8093 24
8093 298
8094 2384
8094 320
8094 2
8094 4980
8094 893
8095 5
8095 3671
8095 23
8095 1448
8095 7227
8096 86
8096 6
8096 570
8096 523
8096 4062
8097 0
8097 6
8097 5254
8097 24
8097 89
8098 1573
8098 5
8098 503
8098 1485
8098 143
8099 6881
8099 3
8099 4871
8099 41
8099 159
8100 0
8100 17
8100 3047
8100 24
8100 8
8101 69
8101 213
8101 6
8101 300
8101 14
8102 3
8102 936
8102 4152
8102 317
8102 14
8103 209
8103 450
8103 24
8103 9
8103 3930
8104 16
8104 53
8104 3541
8104 3414
8104 107
8106 1
8106 6579
8106 12
8106 3308
8106 733
8107 64
8107 3396
8107 6
8107 10
8107 205
8108 0
8108 5
8108 1144
8108 75
8108 31
8109 3192
8109 363
8109 3420
8109 2478
8109 687
8110 21
8110 53
8110 9
8110 217
8110 10
8112 0
8112 2435
8112 3396
8112 5
8112 37
8114 4
8114 4389
8114 22
8114 715
8114 927
8115 64
8115 160
8115 84
8115 1770
8115 395
8116 21
8116 5
8116 2470
8116 1175
8116 9
8117 1
8117 737
8117 2
8117 2135
8117 10
8118 480
8118 643
8118 1637
8118 7
8118 31
8119 4
8119 2213
8119 697
8119 4829
8119 29
8121 0
8121 1
8121 4
8121 747
8121 5903
8122 3683
8122 8
8122 300
8122 1293
8122 31
8123 4848
8123 4
8123 1686
8123 219
8123 46
8124 2
8124 873
8124 361
8124 124
8124 2078
8126 8
8126 1096
8126 5385
8126 10
8126 970
8127 0
8127 2
8127 6
8127 1465
8127 970
8128 2865
8128 625
8128 5412
8128 1274
8128 12
8130 6480
8130 66
8130 4438
8130 1878
8130 236
8131 135
8131 9
8131 10
8131 5228
8131 7918
8132 4
8132 2825
8132 395
8132 158
8132 31
8133 5936
8133 3601
8133 88
8133 9
8133 10
8134 0
8134 2
8134 8
8134 12
8134 29
8135 3
8135 7109
8135 5
8135 761
8135 175
8136 1
8136 918
8136 6936
8136 2154
8136 187
8137 2
8137 6388
8137 36
8137 5
8137 1334
8139 1
8139 774
8139 139
8139 6555
8139 45
8140 128
8140 2369
8140 1
8140 4930
8140 6
8141 7027
8141 183
8141 206
8141 1534
8141 174
8142 6
8142 9
8142 875
8142 3404
8142 45
8143 6176
8143 132
8143 645
8143 8
8143 40
8144 1201
8144 7009
8144 1
8144 5
8144 573
8145 80
8145 1
8145 55
8145 6519
8145 7655
8146 2
8146 36
8146 21
8146 41
8146 4586
8147 1600
8147 321
8147 59
8147 14
8147 670
8148 0
8148 4
8148 5
8148 24
8148 285
8149 1170
8149 103
8149 138
8149 2171
8149 3501
8150 976
8150 160
8150 5088
8150 3267
8150 14
8151 3
8151 4373
8151 8
8151 3997
8151 14
8152 1
8152 435
8152 4036
8152 54
8152 5228
8153 2849
8153 4
8153 73
8153 2221
8153 1437
8154 1
8154 21
8154 1976
8154 24
8154 137
8156 2
8156 53
8156 6757
8156 41
8156 1454
8157 64
8157 1
8157 331
8157 1339
8157 63
8158 305
8158 1
8158 9
8158 10
8158 5630
8159 2
8159 2291
8159 3
8159 22
8159 463
8160 3
8160 1059
8160 56
8160 2459
8160 1820
8161 1
8161 18
8161 152
8161 105
8161 14
8162 16
8162 145
8162 259
8162 5
8162 8
8163 0
8163 3936
8163 930
8163 1513
8163 441
8164 8147
8164 6
8164 55
8164 185
8164 186
8165 1
8165 50
8165 21
8165 2375
8165 175
8166 129
8166 2
8166 103
8166 7975
8166 279
8167 4
8167 23
8167 919
8167 2105
8167 10
8168 1442
8168 531
8168 6
8168 1352
8168 1705
8169 5792
8169 144
8169 3
8169 644
8169 4
8171 274
8171 4
8171 374
8171 233
8171 31
8172 3
8172 1013
8172 972
8172 141
8172 1630
8173 1
8173 2
8173 7027
8173 53
8173 253
8174 1570
8174 1874
8174 3
8174 27
8174 12
8175 1
8175 4
8175 122
8175 587
8175 7773
8176 3
8176 131
8176 69
8176 1448
8176 5117
8177 21
8177 1687
8177 23
8177 24
8177 3324
8178 0
8178 610
8178 3031
8178 297
8178 47
8179 1089
8179 3666
8179 7410
8179 1734
8179 90
8180 19
8180 1188
8180 5
8180 43
8180 12
8181 3777
8181 5
8181 2377
8181 506
8181 414
8182 2
8182 4804
8182 6
8182 3190
8182 14
8183 593
8183 598
8183 198
8183 8
8183 29
8184 2
8184 22
8184 4935
8184 8
8184 2683
8185 16
8185 673
8185 5153
8185 1166
8185 7934
8186 1144
8186 59
8186 4876
8186 222
8186 31
8187 2016
8187 4033
8187 131
8187 6
8187 12
8188 8083
8188 115
8188 4
8188 133
8188 12
8189 133
8189 37
8189 104
8189 11
8189 31
8190 3155
8190 5
8190 471
8190 664
8190 1454
8191 1
8191 982
8191 2007
8191 24
8191 1660
8192 5
8192 506
8192 202
8192 397
8192 3182
8193 1
8193 2836
8193 1989
8193 1980
8193 3199
8194 4
8194 200
8194 62
8194 575
8194 687
8195 209
8195 389
8195 3302
8195 9
8195 2523
8196 1
8196 114
8196 3
8196 2150
8196 12
8197 97
8197 706
8197 275
8197 53
8197 8
8198 3
8198 1478
8198 23
8198 1112
8198 6952
8199 0
8199 290
8199 4
8199 5256
8199 31
8200 1376
8200 2
8200 1203
8200 343
8200 1752
8201 64
8201 725
8201 3147
8201 604
8201 3565
8202 2368
8202 1
8202 4530
8202 4
8202 228
8203 576
8203 0
8203 1889
8203 4003
8203 8
8204 4560
8204 36
8204 662
8204 41
8204 3466
8205 2209
8205 628
8205 6
8205 681
8205 29
8206 1472
8206 3478
8206 9
8206 11
8206 76
8207 24
8207 4268
8207 141
8207 4399
8207 719
8209 545
8209 3043
8209 3
8209 678
8209 12
8210 32
8210 1
8210 21
8210 183
8210 1709
8211 1
8211 3
8211 1495
8211 1917
8211 14
8213 4
8213 4152
8213 8
8213 170
8213 175
8214 32
8214 64
8214 2
8214 11
8214 31
8215 400
8215 179
8215 6
8215 91
8215 59
8216 4566
8216 71
8216 24
8216 142
8216 366
8217 1
8217 1393
8217 3
8217 57
8217 7007
8218 209
8218 4
8218 2758
8218 6299
8218 5437
8219 2
8219 4
8219 5
8219 262
8219 40
8220 5
8220 1047
8220 88
8220 138
8220 1626
8221 1120
8221 51
8221 4
8221 4118
8221 7627
8222 4
8222 981
8222 39
8222 845
8222 31
8223 930
8223 86
8223 1111
8223 10
8223 31
8224 98
8224 2
8224 3413
8224 139
8224 4334
8225 209
8225 6690
8225 5
8225 107
8225 491
8226 16
8226 1219
8226 3479
8226 199
8226 766
8227 1
8227 2
8227 5
8227 9
8227 140
8228 193
8228 65
8228 1690
8228 59
8228 845
8229 5344
8229 1219
8229 5434
8229 510
8229 2078
8230 21
8230 423
8230 2712
8230 121
8230 731
8231 2497
8231 2802
8231 3763
8231 9
8231 139
8232 2660
8232 36
8232 677
8232 37
8232 4439
8233 2032
8233 1
8233 8
8233 2283
8233 1823
8234 272
8234 4
8234 3237
8234 37
8234 183
8236 1
8236 417
8236 1203
8236 3155
8236 1510
8237 160
8237 2
8237 105
8237 393
8237 12
8238 0
8238 128
8238 7106
8238 4
8238 86
8239 5
8239 934
8239 710
8239 2168
8239 158
8240 0
8240 322
8240 7331
8240 1209
8240 2395
8241 197
8241 2855
8241 1676
8241 29
8241 4094
8242 2786
8242 19
8242 309
8242 185
8242 124
8243 4
8243 25
8243 6891
8243 1260
8243 13
8244 849
8244 4931
8244 3
8244 90
8244 95
8245 65
8245 404
8245 565
8245 439
8245 217
8246 69
8246 37
8246 536
8246 540
8246 830
8247 1
8247 6
8247 23
8247 121
8247 12
8248 5
8248 2857
8248 217
8248 3642
8248 14
8249 2
8249 115
8249 1508
8249 5
8249 5718
8250 672
8250 22
8250 1385
8250 9
8250 233
8251 64
8251 0
8251 3429
8251 1493
8251 509
8252 2
8252 4
8252 6
8252 89
8252 459
8253 2962
8253 546
8253 523
8253 31
8253 8191
8254 3380
8254 6
8254 1064
8254 281
8254 1630
8255 5
8255 86
8255 138
8255 14
8255 670
8256 64
8256 177
8256 582
8256 88
8256 7725
8257 0
8257 2
8257 40
8257 7563
8257 957
8259 2849
8259 4
8259 1604
8259 103
8259 24
8260 1
8260 450
8260 3
8260 359
8260 8
8261 1
8261 3
8261 180
8261 5
8261 302
8262 4848
8262 1893
8262 629
8262 1719
8262 29
8263 2
8263 82
8263 597
8263 1597
8263 1103
8264 0
8264 21
8264 358
8264 6183
8264 491
8265 4160
8265 370
8265 5
8265 1670
8265 7142
8266 0
8266 22
8266 4142
8266 31
8266 2175
8267 1184
8267 1217
8267 1811
8267 10
8267 3948
8268 1
8268 3
8268 19
8268 219
8268 333
8269 0
8269 786
8269 5826
8269 8
8269 27
8270 4528
8270 0
8270 2211
8270 37
8270 6
8271 5
8271 40
8271 12
8271 1374
8271 6110
8272 1120
8272 2
8272 1763
8272 3
8272 2479
8273 1
8273 3
8273 52
8273 10
8273 31
8275 2
8275 4
8275 6
8275 8
8275 2622
8276 16
8276 32
8276 1
8276 6
8276 4268
8277 321
8277 51
8277 4675
8277 84
8277 388
8278 2
8278 5
8278 1896
8278 9
8278 59
8279 1
8279 4
8279 2458
8279 794
8279 1163
8280 3
8280 5
8280 93
8280 2206
8280 1422
8281 1
8281 434
8281 38
8281 10
8281 27
8282 2
8282 2966
8282 567
8282 441
8282 159
8283 439
8283 41
8283 3754
8283 1227
8283 669
8284 3
8284 919
8284 27
8284 3676
8284 5726
8285 1
8285 3
8285 21
8285 23
8285 1518
8286 2352
8286 368
8286 275
8286 40
8286 222
8287 2
8287 2674
8287 3043
8287 3
8287 1946
8288 3
8288 2019
8288 6949
8288 2279
8288 6478
8289 4
8289 5
8289 885
8289 318
8289 575
8290 0
8290 3
8290 2036
8290 506
8290 31
8291 2900
8291 228
8291 681
8291 1324
8291 2077
8292 192
8292 51
8292 1976
8292 2601
8292 1180
8293 2673
8293 1
8293 66
8293 3
8293 5
8294 0
8294 1
8294 1068
8294 7069
8294 287
8295 194
8295 115
8295 148
8295 5
8295 40
8296 5920
8296 2
8296 3
8296 21
8296 121
8297 1442
8297 259
8297 3
8297 2540
8297 175
8298 848
8298 7234
8298 3
8298 7368
8298 15
8299 16
8299 5
8299 3782
8299 4790
8299 230
8300 1601
8300 1043
8300 5
8300 1528
8300 606
8301 5475
8301 4
8301 1018
8301 718
8301 2415
8302 177
8302 963
8302 199
8302 5194
8302 158
8303 1
8303 2081
8303 1862
8303 4566
8303 12
8304 180
8304 1211
8304 1709
8304 93
8304 47
8305 5
8305 6
8305 187
8305 91
8305 1212
8306 2368
8306 2
8306 10
8306 298
8306 31
8307 1
8307 24
8307 457
8307 284
8307 175
8308 5664
8308 3472
8308 1584
8308 562
8308 309
8309 53
8309 2582
8309 8
8309 59
8309 382
8310 1889
8310 1
8310 2
8310 4
8310 41
8311 3
8311 230
8311 761
8311 474
8311 5741
8312 5344
8312 340
8312 1414
8312 3976
8312 393
8313 0
8313 1
8313 2
8313 1493
8313 200
8315 6448
8315 2
8315 259
8315 7
8315 174
8316 385
8316 3
8316 1014
8316 12
8316 222
8317 16
8317 3
8317 899
8317 1896
8317 571
8320 16
8320 4354
8320 740
8320 6
8320 238
8321 433
8321 817
8321 5650
8321 4
8321 6
8323 4
8323 21
8323 2278
8323 6
8323 5674
8324 3104
8324 3267
8324 8
8324 75
8324 45
8325 1
8325 161
8325 100
8325 8
8325 12
8326 19
8326 3
8326 3061
8326 1591
8326 2477
8329 0
8329 82
8329 53
8329 10
8329 124
8330 2064
8330 5329
8330 741
8330 470
8330 1500
8331 2
8331 99
8331 5
8331 8
8331 6954
8332 4353
8332 1361
8332 228
8332 21
8332 4239
8333 7664
8333 1
8333 4610
8333 24
8333 13
8334 2
8334 515
8334 1028
8334 6439
8334 12
8335 7315
8335 7768
8335 24
8335 6873
8335 4719
8336 3417
8336 3547
8336 8059
8336 1836
8336 5551
8337 80
8337 1601
8337 2
8337 8022
8337 2089
8338 209
8338 2
8338 4453
8338 1125
8338 2364
8339 32
8339 4
8339 21
8339 8
8339 3182
8343 0
8343 1
8343 684
8343 333
8343 1485
8344 1
8344 18
8344 115
8344 3364
8344 6169
8345 3
8345 4
8345 9
8345 12
8345 4781
8346 64
8346 1
8346 681
8346 124
8346 30
8347 1
8347 1747
8347 180
8347 21
8347 1691
8348 2
8348 88
8348 905
8348 187
8348 31
8349 2129
8349 563
8349 3
8349 23
8349 4300
8350 160
8350 984
8350 3816
8350 4954
8350 653
8351 2
8351 3987
8351 5477
8351 492
8351 4429
8352 2337
8352 3
8352 4
8352 3678
8352 31
8353 576
8353 19
8353 3
8353 53
8353 279
8354 2529
8354 4
8354 7606
8354 3561
8354 111
8355 1
8355 482
8355 1799
8355 25
8355 220
8356 2
8356 274
8356 5635
8356 1460
8356 279
8357 0
8357 24
8357 2105
8357 411
8357 8317
8361 840
8361 6537
8361 4633
8361 25
8361 6554
8362 2
8362 180
8362 7477
8362 12
8362 318
8363 3810
8363 388
8363 2772
8363 2265
8363 1948
8364 0
8364 1618
8364 19
8364 647
8364 2472
8365 2
8365 371
8365 262
8365 43
8365 222
8366 1504
8366 177
8366 10
8366 1899
8366 1900
8367 2722
8367 82
8367 118
8367 4283
8367 252
8368 2
8368 7668
8368 3111
8368 5385
8368 267
8369 21
8369 5
8369 6710
8369 182
8369 1048
8370 4259
8370 3076
8370 1511
8370 231
8370 8
8371 6192
8371 3590
8371 327
8371 812
8371 2973
8372 16
8372 385
8372 3
8372 6025
8372 3020
8373 3889
8373 2439
8373 3784
8373 9
8373 3470
8374 1
8374 808
8374 6203
8374 29
8374 222
8375 3184
8375 1
8375 1890
8375 37
8375 151
8376 4529
8376 133
8376 118
8376 6
8376 10
8377 2850
8377 3587
8377 341
8377 3621
8377 351
8378 0
8378 6291
8378 3
8378 22
8378 12
8379 1
8379 5939
8379 310
8379 699
8379 971
8380 0
8380 3
8380 518
8380 859
8380 156
8381 0
8381 2
8381 3
8381 278
8381 9
8383 560
8383 32
8383 5
8383 390
8383 254
8384 209
8384 322
8384 4
8384 4697
8384 6122
8385 129
8385 3
8385 694
8385 153
8385 686
8386 2
8386 5
8386 1223
8386 7544
8386 12
8387 544
8387 705
8387 8
8387 285
8387 30
8388 1122
8388 6868
8388 3989
8388 6
8388 14
8389 4163
8389 5
8389 4342
8389 1159
8389 2060
8390 5
8390 70
8390 2806
8390 606
8390 31
8391 0
8391 3385
8391 315
8391 8317
8391 1167
8392 6176
8392 2056
8392 5256
8392 185
8392 59
8393 1
8393 5057
8393 133
8393 200
8393 29
8394 1188
8394 54
8394 6631
8394 13
8394 31
8395 16
8395 3
8395 4342
8395 6620
8395 205
8396 2548
8396 247
8396 2220
8396 2735
8396 3359
8397 17
8397 193
8397 2377
8397 11
8397 463
8399 1537
8399 53
8399 6
8399 1992
8399 141
8400 2
8400 952
8400 8
8400 250
8400 31
8401 0
8401 24
8401 59
8401 748
8401 12
8402 32
8402 545
8402 370
8402 523
8402 6525
8403 0
8403 6
8403 248
8403 29
8403 4399
8404 3
8404 4
8404 6
8404 6649
8404 10
8405 2
8405 3363
8405 5
8405 8
8405 31
8406 2
8406 3
8406 7131
8406 8349
8406 399
8407 65
8407 66
8407 1443
8407 435
8407 8
8409 1671
8409 296
8409 2905
8409 4126
8409 239
8410 33
8410 3
8410 2341
8410 8
8410 265
8411 1
8411 1110
8411 362
8411 10
8411 91
8412 128
8412 953
8412 186
8412 140
8412 4399
8414 0
8414 1
8414 9
8414 1086
8414 446
8415 0
8415 7600
8415 5
8415 55
8415 172
8416 3
8416 5811
8416 201
8416 7209
8416 378
8417 5588
8417 390
8417 4893
8417 734
8417 3199
8418 1825
8418 178
8418 3
8418 84
8418 45
8419 1
8419 4361
8419 12
8419 5116
8419 1357
8420 2
8420 3
8420 8
8420 331
8420 139
8421 3442
8421 3
8421 6
8421 2073
8421 10
8422 0
8422 2
8422 5
8422 13
8422 3422
8423 1092
8423 5540
8423 37
8423 439
8423 557
8424 1
8424 3
8424 6
8424 1132
8424 31
8425 4116
8425 23
8425 40
8425 4218
8425 27
8426 177
8426 5
8426 6054
8426 393
8426 1081
8427 136
8427 10
8427 6299
8427 861
8427 175
8428 6577
8428 4323
8428 70
8428 135
8428 936
8429 1121
8429 1
8429 66
8429 21
8429 711
8430 212
8430 5
8430 2645
8430 8
8430 906
8431 64
8431 3412
8431 5420
8431 3661
8431 4239
8432 3457
8432 2
8432 180
8432 6
8432 7179
8433 128
8433 1
8433 37
8433 104
8433 11
8434 80
8434 81
8434 8
8434 10
8434 958
8435 0
8435 5331
8435 1562
8435 140
8435 1199
8436 883
8436 6310
8436 24
8436 7016
8436 10
8437 32
8437 19
8437 7004
8437 1390
8437 63
8438 16
8438 288
8438 3667
8438 6
8438 153
8440 32
8440 5
8440 24
8440 4184
8440 29
8441 1
8441 2
8441 166
8441 1563
8441 7999
8442 1507
8442 4
8442 247
8442 123
8442 12
8443 0
8443 1666
8443 2
8443 8
8443 12
8444 0
8444 625
8444 116
8444 133
8444 6
8445 309
8445 629
8445 198
8445 8026
8445 2236
8446 1457
8446 241
8446 4
8446 3124
8446 1432
8447 2
8447 3
8447 471
8447 151
8447 7196
8448 0
8448 194
8448 8
8448 12
8448 605
8449 2
8449 389
8449 1173
8449 8
8449 9
8450 800
8450 2
8450 1316
8450 4566
8450 31
8451 2128
8451 160
8451 259
8451 217
8451 460
8452 930
8452 25
8452 43
8452 109
8452 829
8453 1
8453 82
8453 948
8453 24
8453 1769
8456 64
8456 2885
8456 198
8456 40
8456 557
8457 3397
8457 5
8457 6905
8457 10
8457 31
8458 0
8458 1
8458 3
8458 8308
8458 3900
8459 2549
8459 2101
8459 6
8459 9
8459 25
8460 0
8460 5554
8460 4
8460 10
8460 463
8461 400
8461 1446
8461 168
8461 7769
8461 6761
8462 1652
8462 4
8462 53
8462 471
8462 11
8463 19
8463 36
8463 6
8463 8
8463 14
8464 2945
8464 7283
8464 4
8464 5
8464 549
8465 2
8465 1362
8465 946
8465 74
8465 14
8466 2
8466 3
8466 243
8466 1832
8466 143
8467 2
8467 7270
8467 919
8467 10
8467 367
8468 0
8468 3009
8468 6
8468 10
8468 587
8469 2578
8469 21
8469 8
8469 938
8469 27
8470 1
8470 3
8470 3380
8470 7431
8470 264
8471 1
8471 6595
8471 4
8471 2150
8471 89
8472 0
8472 2673
8472 2
8472 6058
8472 1292
8473 7857
8473 5337
8473 10
8473 5980
8473 6829
8474 2128
8474 4486
8474 298
8474 59
8474 47
8475 4
8475 6
8475 5846
8475 11
8475 5183
8476 3793
8476 2486
8476 124
8476 2108
8476 814
8477 16
8477 976
8477 50
8477 2
8477 239
8478 2
8478 3
8478 4
8478 86
8478 27
8479 32
8479 0
8479 37
8479 23
8479 1226
8480 80
8480 224
8480 198
8480 3548
8480 862
8481 360
8481 8
8481 4537
8481 12
8481 1741
8482 340
8482 1159
8482 8
8482 7484
8482 2478
8483 21
8483 24
8483 2090
8483 3503
8483 399
8484 3584
8484 5
8484 23
8484 2781
8484 1167
8485 3633
8485 2
8485 4
8485 4166
8485 9
8486 3282
8486 57
8486 90
8486 107
8486 271
8487 100
8487 2807
8487 8
8487 248
8487 4859
8488 0
8488 3664
8488 3
8488 8
8488 7242
8489 1
8489 2
8489 791
8489 589
8489 382
8490 144
8490 55
8490 4859
8490 2636
8490 462
8491 0
8491 997
8491 5
8491 301
8491 2494
8492 2
8492 6074
8492 666
8492 397
8492 623
8493 64
8493 548
8493 133
8493 21
8493 10
8494 16
8494 176
8494 3
8494 23
8494 287
8495 5
8495 1493
8495 6
8495 138
8495 3741
8496 641
8496 1729
8496 231
8496 13
8496 7967
8497 530
8497 659
8497 4726
8497 122
8497 12
8498 1152
8498 17
8498 2
8498 1878
8498 219
8499 4471
8499 9
8499 2203
8499 397
8499 31
8500 1
8500 1569
8500 2423
8500 809
8500 460
8501 3138
8501 3
8501 21
8501 341
8501 12
8502 242
8502 5
8502 39
8502 27
8502 31
8503 16
8503 1462
8503 598
8503 1591
8503 1167
8504 66
8504 404
8504 2248
8504 31
8504 3231
8505 0
8505 337
8505 5
8505 6071
8505 7719
8506 16
8506 320
8506 672
8506 564
8506 653
8507 97
8507 1
8507 1218
8507 27
8507 971
8508 2036
8508 6072
8508 138
8508 12
8508 413
8509 0
8509 7368
8509 267
8509 12
8509 7564
8510 1635
8510 375
8510 8
8510 1112
8510 4523
8511 195
8511 1237
8511 6
8511 8059
8511 4637
8512 0
8512 68
8512 708
8512 3671
8512 191
8514 320
8514 3993
8514 1930
8514 75
8514 14
8515 2384
8515 1
8515 2472
8515 1211
8515 92
8516 1
8516 2
8516 66
8516 3
8516 7484
8517 6
8517 71
8517 136
8517 733
8517 829
8518 208
8518 6881
8518 4617
8518 12
8518 61
8519 32
8519 3
8519 1223
8519 3976
8519 91
8520 146
8520 3
8520 435
8520 4
8520 158
8521 176
8521 661
8521 1110
8521 4216
8521 2089
8522 1847
8522 40
8522 25
8522 140
8522 14
8523 0
8523 1985
8523 20
8523 4698
8523 10
8524 770
8524 4
8524 344
8524 2460
8524 12
8525 1
8525 1892
8525 6
8525 1623
8525 10
8526 4
8526 21
8526 345
8526 2154
8526 27
8527 0
8527 21
8527 1861
8527 6
8527 4118
8528 33
8528 3
8528 1092
8528 21
8528 158
8529 2
8529 2420
8529 325
8529 105
8529 15
8530 2
8530 5811
8530 5045
8530 2152
8530 5145
8531 64
8531 1
8531 5366
8531 1047
8531 395
8532 544
8532 2709
8532 23
8532 1816
8532 104
8533 51
8533 3
8533 197
8533 3989
8533 862
8534 4848
8534 19
8534 3590
8534 1320
8534 27
8535 6144
8535 0
8535 2
8535 3
8535 651
8536 2
8536 4
8536 36
8536 478
8536 175
8537 80
8537 2548
8537 6021
8537 501
8537 10
8538 1506
8538 275
8538 10
8538 3515
8538 14
8539 2801
8539 5
8539 6
8539 1693
8539 15
8540 160
8540 0
8540 59
8540 7470
8540 702
8541 3
8541 37
8541 24
8541 12
8541 14
8542 210
8542 3672
8542 840
8542 493
8542 143
8543 769
8543 725
8543 1512
8543 2123
8543 4302
8544 1
8544 2
8544 3
8544 228
8544 31
8545 3459
8545 3
8545 4
8545 361
8545 2522
8546 4449
8546 2
8546 101
8546 59
8546 5919
8547 1522
8547 4102
8547 635
8547 158
8547 239
8548 16
8548 2
8548 52
8548 694
8548 1737
8549 274
8549 5
8549 264
8549 4872
8549 31
8550 0
8550 561
8550 3
8550 4
8550 1406
8551 4068
8551 86
8551 826
8551 5660
8551 140
8552 1329
8552 137
8552 43
8552 1628
8552 77
8553 355
8553 4
8553 5
8553 4828
8553 1326
8554 16
8554 3300
8554 133
8554 21
8554 1321
8555 4497
8555 19
8555 23
8555 858
8555 2735
8556 0
8556 1091
8556 616
8556 7514
8556 5662
8557 5
8557 6
8557 7591
8557 88
8557 4232
8558 2
8558 212
8558 2807
8558 3000
8558 58
8559 2
8559 725
8559 5
8559 75
8559 142
8560 1
8560 3
8560 889
8560 315
8560 955
8561 0
8561 2265
8561 2859
8561 1132
8561 1726
8562 21
8562 166
8562 6
8562 570
8562 1900
8563 2
8563 388
8563 21
8563 1817
8563 334
8564 198
8564 137
8564 7817
8564 875
8564 1437
8566 5
8566 185
8566 7915
8566 14
8566 3966
8567 0
8567 259
8567 580
8567 9
8567 3343
8568 1360
8568 1
8568 5069
8568 1149
8568 31
8569 209
8569 1428
8569 8
8569 107
8569 8172
8570 0
8570 469
8570 807
8570 73
8570 395
8571 1170
8571 132
8571 6
8571 1879
8571 1822
8572 2128
8572 68
8572 3992
8572 252
8572 2077
8573 177
8573 2
8573 3400
8573 7722
8573 31
8574 1267
8574 212
8574 5
8574 6
8574 730
8575 129
8575 2
8575 3810
8575 8
8575 2089
8576 24
8576 40
8576 10
8576 794
8576 30
8578 6
8578 73
8578 92
8578 4942
8578 62
8579 1841
8579 6
8579 394
8579 14
8579 95
8580 193
8580 6
8580 24
8580 40
8580 495
8581 2
8581 5795
8581 563
8581 8314
8581 59
8582 6
8582 807
8582 4026
8582 59
8582 2591
8583 513
8583 5
8583 8390
8583 285
8583 6415
8584 1745
8584 5655
8584 11
8584 13
8584 30
8586 2
8586 3
8586 37
8586 344
8586 1855
8588 3
8588 5541
8588 1318
8588 454
8588 10
8589 4
8589 22
8589 9
8589 651
8589 763
8590 1
8590 114
8590 2
8590 24
8590 158
8591 20
8591 4907
8591 125
8591 62
8591 2622
8592 1218
8592 6
8592 1880
8592 6056
8592 58
8594 2
8594 179
8594 183
8594 9
8594 4798
8595 1
8595 194
8595 8149
8595 261
8595 202
8596 4561
8596 3
8596 1635
8596 103
8596 231
8597 1
8597 3
8597 36
8597 8429
8597 158
8598 5840
8598 1
8598 2807
8598 974
8598 31
8599 0
8599 3
8599 437
8599 2039
8599 105
8600 80
8600 785
8600 194
8600 1543
8600 6523
8601 2048
8601 3652
8601 4
8601 28
8601 29
8602 1
8602 2
8602 5
8602 2090
8602 11
8603 2483
8603 3
8603 3604
8603 1000
8603 9
8604 4112
8604 3040
8604 73
8604 379
8604 3726
8605 80
8605 8066
8605 1204
8605 532
8605 1919
8606 5
8606 1205
8606 56
8606 2010
8606 1773
8607 2529
8607 2
8607 3
8607 4227
8607 4
8608 1
8608 54
8608 9
8608 8044
8608 6173
8609 0
8609 2
8609 34
8609 388
8609 169
8611 2578
8611 2290
8611 1043
8611 4
8611 21
8612 2032
8612 1
8612 3
8612 1212
8612 14
8613 2
8613 6
8613 107
8613 205
8613 8382
8614 0
8614 2105
8614 796
8614 158
8614 31
8615 112
8615 1329
8615 1
8615 516
8615 108
8616 3
8616 22
8616 552
8616 267
8616 525
8617 2
8617 259
8617 678
8617 1340
8617 623
8618 241
8618 5
8618 265
8618 58
8618 75
8619 193
8619 1
8619 21
8619 1195
8619 798
8620 1
8620 34
8620 5
8620 1209
8620 31
8621 2
8621 3
8621 3591
8621 3306
8621 315
8622 0
8622 6112
8622 259
8622 6
8622 139
8623 148
8623 3126
8623 1112
8623 4845
8623 31
8624 529
8624 4
8624 5
8624 4807
8624 219
8625 2
8625 275
8625 100
8625 986
8625 27
8626 576
8626 3124
8626 10
8626 2460
8626 5343
8627 3712
8627 258
8627 770
8627 3
8627 734
8628 1569
8628 4
8628 8
8628 268
8628 8366
8629 128
8629 3
8629 580
8629 3652
8629 1508
8630 129
8630 3
8630 6
8630 591
8630 991
8631 7761
8631 5923
8631 3491
8631 4
8631 6
8632 2
8632 3
8632 4932
8632 6
8632 8
8633 3
8633 580
8633 21
8633 8
8633 425
8634 1392
8634 388
8634 1558
8634 2439
8634 1272
8635 17
8635 4
8635 7255
8635 74
8635 28
8636 2
8636 7028
8636 5
8636 412
8636 13
8637 177
8637 549
8637 53
8637 491
8637 495
8638 592
8638 0
8638 3238
8638 91
8638 14
8639 690
8639 116
8639 133
8639 1917
8639 93
8640 1
8640 4
8640 43
8640 27
8640 12
8641 2
8641 21
8641 9
8641 12
8641 5215
8642 16
8642 65
8642 6
8642 71
8642 4588
8643 212
8643 2119
8643 921
8643 1068
8643 463
8644 2
8644 3
8644 854
8644 5211
8644 95
8645 82
8645 21
8645 6
8645 574
8645 5663
8646 5
8646 1816
8646 3691
8646 6875
8646 1820
8647 2801
8647 1698
8647 6051
8647 152
8647 1212
8648 1396
8648 119
8648 681
8648 73
8648 4127
8649 0
8649 3
8649 1719
8649 375
8649 40
8650 2
8650 54
8650 2555
8650 12
8650 4557
8651 321
8651 1138
8651 37
8651 25
8651 7196
8652 5994
8652 10
8652 1708
8652 2077
8652 14
8653 128
8653 16
8653 8339
8653 21
8653 509
8654 16
8654 1
8654 8
8654 74
8654 4810
8656 1
8656 4456
8656 6728
8656 10
8656 5629
8657 226
8657 3
8657 695
8657 2232
8657 140
8658 1379
8658 3
8658 21
8658 5
8658 13
8659 32
8659 2
8659 34
8659 5739
8659 4302
8660 916
8660 501
8660 5
8660 53
8660 2154
8661 1
8661 1125
8661 4247
8661 8
8661 536
8662 0
8662 21
8662 24
8662 2266
8662 125
8663 2
8663 4
8663 5
8663 1386
8663 186
8664 1763
8664 5
8664 5957
8664 792
8664 41
8665 400
8665 450
8665 982
8665 938
8665 3935
8666 737
8666 7143
8666 4921
8666 940
8666 79
8667 0
8667 899
8667 246
8667 8
8667 3976
8668 6960
8668 2673
8668 961
8668 1192
8668 1212
8669 50
8669 53
8669 6041
8669 43
8669 5949
8670 1
8670 5204
8670 6
8670 2086
8670 11
8671 594
8671 3353
8671 186
8671 3262
8671 1022
8672 2
8672 6850
8672 54
8672 1054
8672 31
8673 369
8673 2642
8673 2291
8673 8409
8673 10
8674 2208
8674 3762
8674 8339
8674 153
8674 14
8675 918
8675 22
8675 73
8675 427
8675 2254
8676 6513
8676 10
8676 859
8676 1758
8676 111
8677 5075
8677 4
8677 2645
8677 9
8677 138
8679 0
8679 4226
8679 6292
8679 55
8679 73
8680 54
8680 4617
8680 410
8680 158
8680 414
8681 176
8681 2
8681 116
8681 9
8681 27
8682 212
8682 4
8682 4821
8682 1464
8682 1163
8683 544
8683 2
8683 38
8683 138
8683 47
8685 128
8685 0
8685 4
8685 116
8685 141
8686 83
8686 4117
8686 438
8686 1655
8686 1291
8687 1088
8687 2
8687 787
8687 21
8687 317
8688 0
8688 6
8688 1223
8688 2876
8688 31
8689 1
8689 34
8689 1362
8689 3
8689 699
8690 2176
8690 21
8690 491
8690 59
8690 31
8691 1
8691 2323
8691 213
8691 21
8691 4105
8692 81
8692 1
8692 2
8692 197
8692 333
8693 91
8693 11
8693 59
8693 140
8693 29
8694 21
8694 4761
8694 379
8694 12
8694 14
8695 2
8695 3
8695 7444
8695 839
8695 650
8696 1
8696 37
8696 1047
8696 31
8696 191
8697 258
8697 2
8697 3
8697 677
8697 197
8698 1
8698 3687
8698 87
8698 10
8698 124
8700 4
8700 133
8700 8181
8700 8
8700 4985
8701 561
8701 2
8701 4
8701 57
8701 43
8702 64
8702 3
8702 12
8702 478
8702 2478
8703 1091
8703 4839
8703 1307
8703 12
8703 1374
8704 0
8704 2224
8704 151
8704 9
8704 331
8705 226
8705 4
8705 165
8705 22
8705 31
8706 1267
8706 5
8706 6
8706 3979
8706 2046
8707 707
8707 5
8707 6715
8707 3485
8707 2463
8708 1
8708 66
8708 706
8708 3541
8708 62
8709 2400
8709 4
8709 25
8709 1132
8709 3965
8710 850
8710 179
8710 419
8710 259
8710 6
8711 145
8711 34
8711 66
8711 9
8711 1818
8712 0
8712 1121
8712 19
8712 3747
8712 4941
8713 176
8713 82
8713 4
8713 503
8713 7
8714 2
8714 3
8714 6
8714 38
8714 5753
8715 1
8715 66
8715 21
8715 103
8715 62
8716 3920
8716 36
8716 1670
8716 510
8716 31
8717 3
8717 3011
8717 21
8717 7270
8717 297
8718 4736
8718 115
8718 21
8718 598
8718 10
8719 561
8719 898
8719 708
8719 69
8719 86
8720 0
8720 3
8720 132
8720 6
8720 5642
8721 17
8721 3394
8721 3
8721 8
8721 9
8722 0
8722 51
8722 3700
8722 3269
8722 31
8723 2160
8723 4
8723 1209
8723 1082
8723 254
8724 1
8724 342
8724 4026
8724 988
8724 14
8725 0
8725 3602
8725 51
8725 6
8725 8120
8726 384
8726 64
8726 5
8726 29
8726 13
8727 1
8727 17
8727 4
8727 53
8727 1534
8729 177
8729 1
8729 3810
8729 4086
8729 2440
8730 561
8730 129
8730 146
8730 2
8730 249
8732 784
8732 4
8732 1076
8732 254
8732 31
8733 32
8733 226
8733 4
8733 5
8733 62
8734 960
8734 148
8734 7365
8734 4923
8734 523
8735 6448
8735 1
8735 2001
8735 259
8735 14
8736 3
8736 4
8736 549
8736 53
8736 60
8737 209
8737 609
8737 5
8737 680
8737 47
8738 5779
8738 99
8738 4
8738 92
8738 287
8740 1280
8740 1
8740 3
8740 4
8740 137
8741 4
8741 7573
8741 939
8741 59
8741 31
8742 2483
8742 1047
8742 460
8742 1854
8742 2991
8743 0
8743 976
8743 23
8743 12
8743 687
8744 4322
8744 4
8744 358
8744 119
8744 1695
8745 2
8745 3
8745 116
8745 8
8745 540
8746 16
8746 321
8746 6185
8746 12
8746 749
8747 48
8747 966
8747 105
8747 605
8747 14
8748 742
8748 24
8748 6104
8748 186
8748 10
8749 1
8749 3347
8749 59
8749 444
8749 492
8750 0
8750 65
8750 1
8750 4
8750 670
8751 70
8751 8
8751 7929
8751 5899
8751 13
8752 4343
8752 1689
8752 13
8752 1198
8752 2430
8753 0
8753 129
8753 4
8753 2251
8753 12
8754 1504
8754 4
8754 148
8754 3686
8754 1047
8755 1
8755 434
8755 85
8755 1513
8755 940
8756 1
8756 2
8756 54
8756 150
8756 1066
8758 3
8758 245
8758 5
8758 247
8758 3575
8759 737
8759 3109
8759 1797
8759 7688
8759 605
8761 3
8761 2629
8761 293
8761 5
8761 1814
8762 16
8762 128
8762 3280
8762 33
8762 782
8763 1
8763 3
8763 10
8763 4252
8763 31
8764 662
8764 664
8764 201
8764 3691
8764 2381
8765 1
8765 662
8765 23
8765 395
8765 29
8766 2
8766 6
8766 662
8766 3639
8766 12
8767 66
8767 8
8767 282
8767 75
8767 1483
8768 3
8768 4
8768 37
8768 441
8768 31
8769 0
8769 32
8769 3107
8769 6
8769 12
8770 0
8770 3
8770 2168
8770 1226
8770 1308
8772 2770
8772 5
8772 523
8772 7118
8772 4895
8773 336
8773 99
8773 21
8773 438
8773 158
8774 803
8774 3253
8774 24
8774 12
8774 5935
8775 1297
8775 36
8775 1589
8775 5
8775 940
8776 6
8776 1479
8776 10
8776 2092
8776 14
8777 2
8777 2323
8777 581
8777 6
8777 205
8778 3042
8778 4
8778 23
8778 3198
8778 31
8779 1
8779 3347
8779 264
8779 153
8779 4622
8780 4
8780 22
8780 6
8780 25
8780 13
8781 2
8781 1154
8781 3
8781 740
8781 1494
8783 976
8783 820
8783 708
8783 4
8783 9
8784 6881
8784 6
8784 27
8784 253
8784 1407
8785 5842
8785 132
8785 86
8785 8566
8785 4991
8786 129
8786 21
8786 170
8786 491
8786 31
8787 0
8787 65
8787 6227
8787 264
8787 7166
8788 1232
8788 929
8788 5
8788 6
8788 840
8789 112
8789 0
8789 293
8789 24
8789 943
8790 4274
8790 1892
8790 43
8790 59
8790 11
8791 3
8791 1288
8791 8
8791 11
8791 831
8792 6
8792 410
8792 74
8792 1356
8792 253
8793 976
8793 0
8793 1
8793 21
8793 22
8794 34
8794 3542
8794 2280
8794 637
8794 14
8796 1
8796 3141
8796 5
8796 1862
8796 31
8797 32
8797 16
8797 981
8797 86
8797 6013
8798 0
8798 1217
8798 2
8798 10
8798 4845
8799 22
8799 24
8799 297
8799 8429
8799 5310
8800 160
8800 2
8800 3618
8800 5
8800 2699
8801 1504
8801 16
8801 4
8801 228
8801 170
8802 65
8802 1
8802 5
8802 1116
8802 653
8803 481
8803 885
8803 1144
8803 1433
8803 107
8804 21
8804 2888
8804 568
8804 8381
8804 158
8805 1779
8805 1205
8805 742
8805 4508
8805 3612
8806 8341
8806 981
8806 536
8806 360
8806 5194
8808 1216
8808 5239
8808 248
8808 11
8808 8382
8809 6320
8809 0
8809 6
8809 233
8809 1551
8811 65
8811 5
8811 6
8811 2870
8811 3304
8812 1
8812 18
8812 290
8812 438
8812 1511
8813 80
8813 322
8813 6585
8813 13
8813 687
8815 0
8815 6
8815 11
8815 300
8815 1023
8818 2
8818 4
8818 11
8818 4974
8818 31
8819 1570
8819 37
8819 3916
8819 12
8819 1198
8820 368
8820 36
8820 180
8820 478
8820 31
8822 1
8822 3
8822 1334
8822 139
8822 5199
8823 3
8823 2455
8823 248
8823 43
8823 6892
8825 2400
8825 544
8825 1
8825 3
8825 75
8826 1
8826 21
8826 1048
8826 24
8826 2334
8827 0
8827 1
8827 305
8827 6
8827 124
8828 4102
8828 4886
8828 1258
8828 14
8828 31
8829 133
8829 24
8829 456
8829 1292
8829 3198
8830 3042
8830 6964
8830 6806
8830 8
8830 333
8831 1
8831 25
8831 249
8831 6171
8831 92
8834 852
8834 21
8834 281
8834 138
8834 107
8835 1
8835 723
8835 2950
8835 90
8835 172
8836 1
8836 3
8836 6
8836 536
8836 24
8837 598
8837 298
8837 379
8837 829
8837 445
8838 736
8838 3
8838 6
8838 8
8838 4139
8839 1
8839 6578
8839 2597
8839 5
8839 13
8840 4480
8840 2374
8840 2391
8840 7831
8840 3503
8841 528
8841 3491
8841 41
8841 6639
8841 31
8842 32
8842 8786
8842 3
8842 42
8842 12
8844 36
8844 6665
8844 185
8844 186
8844 235
8845 340
8845 166
8845 344
8845 24
8845 31
8846 1
8846 274
8846 53
8846 6
8846 7517
8847 3475
8847 5
8847 3077
8847 6153
8847 11
8848 4
8848 454
8848 456
8848 300
8848 462
8849 1171
8849 5603
8849 6
8849 4231
8849 7880
8850 1440
8850 450
8850 40
8850 4569
8850 137
8851 594
8851 6
8851 57
8851 2139
8851 29
8852 261
8852 8361
8852 1099
8852 5630
8852 4207
8853 529
8853 3394
8853 1034
8853 2077
8853 367
8854 336
8854 5
8854 217
8854 10
8854 1003
8855 0
8855 370
8855 2484
8855 4
8855 823
8856 4049
8856 225
8856 897
8856 124
8856 687
8857 0
8857 1092
8857 423
8857 939
8857 12
8858 64
8858 2
8858 5
8858 69
8858 1340
8859 36
8859 3798
8859 3207
8859 217
8859 12
8860 259
8860 7683
8860 4
8860 6
8860 135
8861 2016
8861 436
8861 4
8861 6
8861 4199
8862 22
8862 103
8862 857
8862 31
8862 5167
8864 1920
8864 4
8864 6
8864 6700
8864 31
8865 128
8865 80
8865 3
8865 8
8865 702
8866 66
8866 7975
8866 103
8866 4040
8866 2826
8868 450
8868 8
8868 3532
8868 7934
8868 3359
8869 0
8869 16
8869 2
8869 6438
8869 1839
8870 1569
8870 2163
8870 21
8870 647
8870 4393
8871 4
8871 8
8871 3608
8871 682
8871 5340
8872 80
8872 5
8872 21
8872 9
8872 2826
8874 0
8874 8784
8874 2
8874 5
8874 22
8875 1328
8875 4419
8875 2549
8875 2123
8875 1805
8876 1
8876 36
8876 4407
8876 8585
8876 2651
8877 53
8877 6
8877 2742
8877 5469
8877 14
8878 1
8878 36
8878 6
8878 1739
8878 2125
8879 2515
8879 3
8879 1396
8879 2397
8879 5534
8881 4096
8881 129
8881 258
8881 3299
8881 1030
8882 0
8882 2
8882 1734
8882 525
8882 142
8883 5952
8883 180
8883 2486
8883 1047
8883 3497
8884 112
8884 0
8884 274
8884 3
8884 38
8885 129
8885 66
8885 3
8885 6
8885 141
8886 21
8886 8533
8886 2966
8886 41
8886 14
8887 21
8887 152
8887 12
8887 77
8887 349
8888 544
8888 179
8888 3
8888 132
8888 123
8889 32
8889 1601
8889 834
8889 6854
8889 7896
8890 1312
8890 51
8890 84
8890 40
8890 59
8891 16
8891 0
8891 3
8891 3012
8891 7705
8892 148
8892 982
8892 1462
8892 1386
8892 31
8893 1089
8893 1958
8893 10
8893 4764
8893 1246
8894 0
8894 2
8894 3
8894 19
8894 86
8895 0
8895 2817
8895 2
8895 2218
8895 2715
8896 0
8896 2
8896 3
8896 36
8896 150
8898 36
8898 6
8898 121
8898 89
8898 11
8899 4
8899 6
8899 5864
8899 43
8899 45
8900 2627
8900 6629
8900 982
8900 45
8900 174
8902 7922
8902 3107
8902 201
8902 1980
8902 7196
8903 4354
8903 4
8903 27
8903 396
8903 13
8904 8
8904 12
8904 1677
8904 13
8904 31
8905 1520
8905 2128
8905 930
8905 1654
8905 4616
8907 115
8907 180
8907 390
8907 2680
8907 8
8908 257
8908 2341
8908 4294
8908 2027
8908 847
8909 0
8909 2770
8909 8
8909 40
8909 139
8910 2
8910 3
8910 170
8910 1053
8910 14
8911 2752
8911 1472
8911 5
8911 12
8911 238
8912 16
8912 7138
8912 6
8912 824
8912 715
8913 3360
8913 3
8913 20
8913 1672
8913 31
8915 1
8915 2
8915 140
8915 29
8915 31
8916 36
8916 217
8916 347
8916 5179
8916 95
8917 2
8917 2355
8917 1779
8917 8
8917 297
8918 1266
8918 69
8918 7466
8918 1162
8918 172
8919 386
8919 165
8919 24
8919 9
8919 4319
8920 4928
8920 6737
8920 290
8920 115
8920 1199
8921 2
8921 740
8921 4
8921 186
8921 347
8922 0
8922 404
8922 187
8922 1292
8922 1516
8923 1
8923 6
8923 7002
8923 11
8923 12
8924 2
8924 564
8924 23
8924 334
8924 175
8925 115
8925 4
8925 2453
8925 9
8925 3998
8926 3
8926 8340
8926 53
8926 1849
8926 4895
8927 4240
8927 1
8927 787
8927 68
8927 1113
8928 16
8928 295
8928 2632
8928 93
8928 2447
8929 2290
8929 6
8929 2377
8929 4187
8929 5836
8930 2752
8930 6
8930 5495
8930 2375
8930 31
8931 976
8931 1
8931 2
8931 1782
8931 94
8932 4720
8932 1377
8932 2
8932 53
8932 459
8933 5827
8933 6
8933 58
8933 14
8933 3070
8934 321
8934 241
8934 20
8934 2389
8934 14
8935 930
8935 2676
8935 6
8935 6359
8935 9
8937 2
8937 1892
8937 8
8937 267
8937 1998
8938 128
8938 3
8938 21
8938 38
8938 4443
8940 0
8940 21
8940 4311
8940 9
8940 2187
8941 2
8941 5
8941 6
8941 279
8941 73
8942 0
8942 1
8942 10
8942 2090
8942 5677
8943 1411
8943 3108
8943 5
8943 909
8943 333
8944 2
8944 3
8944 259
8944 532
8944 38
8945 16
8945 2532
8945 342
8945 139
8945 47
8946 4
8946 5
8946 232
8946 88
8946 14
8947 1
8947 6531
8947 460
8947 108
8947 31
8948 2
8948 35
8948 1833
8948 1594
8948 12
8949 1
8949 2291
8949 5
8949 8359
8949 73
8950 1
8950 24
8950 139
8950 2539
8950 12
8951 68
8951 3126
8951 5592
8951 9
8951 575
8952 19
8952 4
8952 375
8952 4935
8952 9
8953 804
8953 452
8953 21
8953 23
8953 217
8954 137
8954 2553
8954 158
8954 894
8954 4238
8955 0
8955 3538
8955 761
8955 185
8955 7417
8956 289
8956 2
8956 21
8956 775
8956 263
8957 0
8957 3
8957 36
8957 103
8957 1018
8958 97
8958 86
8958 829
8958 1742
8958 8463
8959 7911
8959 3785
8959 203
8959 30
8959 3039
8960 209
8960 4
8960 5
8960 347
8960 526
8961 197
8961 1702
8961 233
8961 74
8961 510
8962 4820
8962 21
8962 9
8962 155
8962 3147
8963 336
8963 4
8963 986
8963 1212
8963 5838
8964 0
8964 274
8964 454
8964 10
8964 4155
8965 228
8965 5768
8965 2905
8965 538
8965 269
8966 32
8966 1637
8966 2058
8966 718
8966 1726
8968 2
8968 3
8968 24
8968 568
8968 6297
8969 5392
8969 337
8969 2292
8969 7476
8969 4566
8970 6401
8970 115
8970 1332
8970 38
8970 4719
8971 5187
8971 3
8971 1432
8971 2633
8971 1563
8972 0
8972 5093
8972 2119
8972 7447
8972 5369
8973 1489
8973 3272
8973 41
8973 845
8973 239
8976 32
8976 5575
8976 733
8976 158
8976 2655
8977 0
8977 64
8977 3987
8977 3941
8977 124
8978 433
8978 4534
8978 1878
8978 7592
8978 3359
8979 1
8979 2
8979 3
8979 25
8979 203
8981 1
8981 1906
8981 8261
8981 390
8981 239
8982 0
8982 248
8982 8
8982 2955
8982 252
8983 2
8983 40
8983 170
8983 10
8983 187
8984 2689
8984 51
8984 8
8984 7356
8984 14
8985 0
8985 1
8985 2
8985 4
8985 7294
8986 0
8986 3
8986 6
8986 12
8986 4030
8987 6496
8987 3
8987 5
8987 1900
8987 1167
8988 3523
8988 3
8988 135
8988 2171
8988 222
8989 32
8989 3108
8989 4
8989 5749
8989 4617
8990 1
8990 2722
8990 4
8990 1560
8990 1003
8991 2
8991 88
8991 749
8991 14
8991 47
8993 4036
8993 6
8993 6423
8993 540
8993 31
8994 1
8994 8
8994 1833
8994 124
8994 14
8995 3
8995 4339
8995 6
8995 776
8995 682
8996 2
8996 242
8996 55
8996 59
8996 383
8997 1411
8997 132
8997 1334
8997 206
8997 943
8998 450
8998 740
8998 4
8998 231
8998 5482
8999 148
8999 88
8999 505
8999 92
8999 412
9000 21
9000 6
9000 9
9000 138
9000 11
9001 1
9001 2
9001 3
9001 5
9001 536
9002 183
9002 1015
9002 235
9002 2507
9002 159
9003 1
9003 2
9003 1014
9003 1976
9003 30
9005 103
9005 1209
9005 187
9005 77
9005 31
9006 1
9006 183
9006 3369
9006 105
9006 6380
9007 113
9007 2
9007 6291
9007 1572
9007 792
9008 1
9008 37
9008 9
9008 2797
9008 14
9009 3
9009 5
9009 6629
9009 150
9009 8
9010 5712
9010 1442
9010 2019
9010 36
9010 72
9011 0
9011 67
9011 5
9011 87
9011 3483
9012 1
9012 3
9012 5956
9012 59
9012 12
9013 2930
9013 153
9013 138
9013 5420
9013 5516
9014 1028
9014 5
9014 88
9014 313
9014 1375
9015 64
9015 177
9015 3
9015 1734
9015 1471
9016 132
9016 7961
9016 4697
9016 4717
9016 7391
9017 4
9017 23
9017 1836
9017 12
9017 237
9018 148
9018 1254
9018 1226
9018 1786
9018 27
9019 6
9019 1257
9019 2203
9019 3183
9019 31
9020 5603
9020 3
9020 9
9020 523
9020 7007
9021 560
9021 5
9021 121
9021 14
9021 383
9022 6480
9022 51
9022 195
9022 232
9022 1518
9023 6
9023 1750
9023 7659
9023 2396
9023 5710
9024 5
9024 38
9024 6283
9024 283
9024 4363
9025 4706
9025 5
9025 1957
9025 2234
9025 1518
9028 3
9028 6
9028 1768
9028 10
9028 6700
9029 672
9029 5429
9029 5
9029 6855
9029 29
9031 2
9031 500
9031 4
9031 7013
9031 31
9032 5
9032 21
9032 86
9032 140
9032 31
9033 3315
9033 245
9033 999
9033 1209
9033 31
9034 3185
9034 3
9034 867
9034 1572
9034 6
9035 5
9035 101
9035 8780
9035 29
9035 2655
9037 4243
9037 340
9037 297
9037 137
9037 8537
9038 487
9038 1591
9038 667
9038 237
9038 31
9039 753
9039 388
9039 5
9039 264
9039 12
9041 133
9041 1333
9041 41
9041 5691
9041 13
9042 4370
9042 4434
9042 2
9042 3
9042 1899
9043 1030
9043 6
9043 6023
9043 872
9043 89
9044 178
9044 677
9044 936
9044 10
9044 205
9045 1
9045 1265
9045 18
9045 7142
9045 1640
9047 1824
9047 338
9047 1365
9047 1287
9047 7944
9048 273
9048 193
9048 5830
9048 2696
9048 3691
9049 1392
9049 977
9049 1569
9049 6259
9049 86
9050 6
9050 1467
9050 8892
9050 62
9050 31
9051 435
9051 5
9051 905
9051 2031
9051 1071
9052 3457
9052 4
9052 6423
9052 24
9052 158
9053 16
9053 1442
9053 2
9053 2178
9053 5326
9054 544
9054 1
9054 275
9054 5
9054 31
9055 80
9055 131
9055 180
9055 119
9055 1352
9056 481
9056 1
9056 133
9056 5
9056 6
9057 1330
9057 4
9057 6953
9057 29
9057 1118
9058 1088
9058 64
9058 34
9058 1316
9058 10
9059 4
9059 788
9059 24
9059 8
9059 7870
9060 388
9060 7752
9060 761
9060 2860
9060 253
9061 1712
9061 64
9061 1
9061 346
9061 1822
9062 1779
9062 103
9062 313
9062 859
9062 14
9063 3475
9063 981
9063 5686
9063 2950
9063 798
9064 16
9064 2548
9064 8
9064 140
9064 1677
9065 34
9065 2
9065 198
9065 40
9065 8346
9066 481
9066 449
9066 3
9066 500
9066 1591
9067 0
9067 6033
9067 3
9067 3620
9067 1320
9068 8432
9068 65
9068 170
9068 4268
9068 301
9069 241
9069 433
9069 859
9069 12
9069 1278
9070 3
9070 532
9070 12
9070 636
9070 2543
9071 3941
9071 2486
9071 700
9071 31
9071 6239
9073 2
9073 4
9073 5
9073 6762
9073 31
9074 1
9074 53
9074 1639
9074 3992
9074 6201
9075 1
9075 2
9075 10
9075 27
9075 78
9076 180
9076 6214
9076 7288
9076 10
9076 75
9077 0
9077 450
9077 6
9077 710
9077 237
9078 740
9078 180
9078 24
9078 681
9078 73
9079 32
9079 342
9079 24
9079 237
9079 14
9080 0
9080 194
9080 167
9080 5068
9080 2798
9081 1
9081 6627
9081 455
9081 8
9081 237
9082 3795
9082 19
9082 4
9082 3181
9082 13
9083 3
9083 5492
9083 916
9083 6
9083 2431
9084 753
9084 531
9084 307
9084 6
9084 2295
9086 34
9086 4
9086 9
9086 75
9086 4891
9087 0
9087 4163
9087 340
9087 839
9087 159
9089 2
9089 37
9089 1543
9089 78
9089 1742
9090 1217
9090 2
9090 259
9090 4
9090 1149
9091 22
9091 88
9091 90
9091 29
9091 14
9092 1
9092 563
9092 21
9092 6
9092 1373
9093 5488
9093 5937
9093 2
9093 436
9093 6
9094 2
9094 180
9094 4
9094 88
9094 958
9095 1
9095 3
9095 100
9095 74
9095 7133
9096 2
9096 68
9096 1015
9096 10
9096 6542
9097 80
9097 913
9097 2486
9097 1320
9097 138
9098 4208
9098 65
9098 82
9098 29
9098 46
9100 3236
9100 8760
9100 9
9100 10
9100 5660
9101 2
9101 3
9101 116
9101 361
9101 6348
9102 0
9102 16
9102 305
9102 4119
9102 10
9103 3030
9103 9
9103 186
9103 1372
9103 206
9104 0
9104 97
9104 3
9104 7507
9104 1836
9105 1
9105 2289
9105 2
9105 27
9105 12
9107 4
9107 2150
9107 198
9107 136
9107 12
9108 0
9108 176
9108 290
9108 4
9108 667
9109 643
9109 7828
9109 5
9109 1574
9109 86
9110 2
9110 1239
9110 23
9110 7576
9110 3246
9111 6227
9111 148
9111 6
9111 104
9111 140
9112 0
9112 531
9112 597
9112 3626
9112 59
9113 66
9113 8550
9113 5272
9113 9
9113 173
9114 5056
9114 6386
9114 775
9114 823
9114 351
9115 3618
9115 53
9115 7656
9115 170
9115 14
9116 0
9116 2
9116 4
9116 1112
9116 43
9117 1
9117 2
9117 664
9117 25
9117 734
9119 2
9119 261
9119 6
9119 407
9119 248
9120 2
9120 5027
9120 88
9120 571
9120 92
9121 2
9121 3
9121 164
9121 523
9121 11
9122 3920
9122 2
9122 8
9122 1467
9122 1567
9123 16
9123 548
9123 5
9123 296
9123 1164
9124 80
9124 1
9124 2450
9124 7876
9124 442
9125 5393
9125 82
9125 3
9125 3190
9125 6790
9126 0
9126 177
9126 2
9126 259
9126 4
9127 0
9127 8
9127 9
9127 985
9127 222
9128 192
9128 80
9128 2
9128 82
9128 9
9129 0
9129 1570
9129 2
9129 4
9129 8686
9130 32
9130 1
9130 66
9130 7625
9130 761
9131 1
9131 115
9131 228
9131 3989
9131 40
9132 1
9132 883
9132 531
9132 4
9132 8
9133 1092
9133 21
9133 6
9133 3866
9133 2556
9134 320
9134 209
9134 2966
9134 23
9134 7674
9135 0
9135 8519
9135 73
9135 4379
9135 3515
9136 1442
9136 19
9136 906
9136 7548
9136 4318
9137 1
9137 1236
9137 4
9137 532
9137 4830
9138 0
9138 2594
9138 5
9138 8
9138 13
9139 480
9139 5282
9139 4
9139 153
9139 4571
9140 177
9140 8
9140 107
9140 125
9140 31
9141 1
9141 36
9141 5
9141 8219
9141 222
9142 229
9142 2264
9142 1256
9142 124
9142 2509
9143 6625
9143 1864
9143 59
9143 462
9143 623
9144 64
9144 960
9144 3
9144 3976
9144 11
9145 1152
9145 87
9145 10
9145 92
9145 460
9146 112
9146 260
9146 901
9146 441
9146 892
9147 1
9147 5
9147 3846
9147 25
9147 31
9148 82
9148 2
9148 5
9148 4566
9148 187
9149 1
9149 7665
9149 1045
9149 6089
9149 10
9150 7109
9150 103
9150 11
9150 203
9150 31
9151 3173
9151 379
9151 14
9151 1311
9151 4223
9152 192
9152 7255
9152 3693
9152 1629
9152 831
9153 3440
9153 3040
9153 16
9153 753
9153 12
9154 0
9154 6738
9154 2841
9154 7596
9154 669
9155 4529
9155 2
9155 5637
9155 219
9155 12
9156 8416
9156 1266
9156 2
9156 37
9156 2042
9157 80
9157 131
9157 22
9157 103
9157 31
9158 4
9158 104
9158 3977
9158 638
9158 2303
9159 2
9159 275
9159 70
9159 620
9159 31
9160 32
9160 1539
9160 228
9160 43
9160 3212
9161 7825
9161 2
9161 3
9161 1988
9161 5903
9162 737
9162 2626
9162 6
9162 521
9162 5132
9163 0
9163 1297
9163 5
9163 3831
9163 88
9164 512
9164 37
9164 4471
9164 727
9164 217
9165 16
9165 1
9165 37
9165 185
9165 687
9166 1
9166 6457
9166 5116
9166 1183
9166 1359
9168 0
9168 8
9168 7769
9168 4302
9168 6718
9169 2
9169 1156
9169 8
9169 1131
9169 253
9170 3681
9170 179
9170 3
9170 53
9170 8
9171 720
9171 1
9171 2
9171 1274
9171 10
9172 4112
9172 0
9172 4115
9172 38
9172 8
9173 53
9173 6
9173 1705
9173 715
9173 159
9174 1
9174 2195
9174 404
9174 2118
9174 541
9175 549
9175 760
9175 8809
9175 3322
9175 12
9177 0
9177 40
9177 24
9177 25
9177 939
9178 0
9178 23
9178 59
9178 7709
9178 62
9180 2
9180 4
9180 2537
9180 410
9180 829
9181 976
9181 8912
9181 80
9181 581
9181 8940
9182 4707
9182 213
9182 3304
9182 217
9182 683
9183 2
9183 339
9183 4
9183 21
9183 741
9184 88
9184 3896
9184 905
9184 10
9184 29
9186 1616
9186 1362
9186 1802
9186 218
9186 1883
9187 133
9187 151
9187 10
9187 699
9187 31
9188 4513
9188 41
9188 235
9188 3355
9188 238
9189 3670
9189 9033
9189 4363
9189 1823
9189 3711
9190 2
9190 54
9190 24
9190 59
9190 3711
9191 128
9191 64
9191 580
9191 8
9191 877
9192 0
9192 4
9192 88
9192 361
9192 7709
9193 0
9193 2
9193 3
9193 232
9193 430
9194 6
9194 456
9194 172
9194 2542
9194 31
9195 8432
9195 2596
9195 1766
9195 3544
9195 2923
9196 480
9196 1
9196 2593
9196 1862
9196 142
9197 64
9197 4371
9197 3
9197 2726
9197 75
9198 80
9198 65
9198 21
9198 24
9198 9118
9199 0
9199 1729
9199 4
9199 4026
9199 31
9200 7841
9200 753
9200 4243
9200 837
9200 21
9201 4692
9201 182
9201 6071
9201 2588
9201 2476
9202 209
9202 4
9202 5
9202 21
9202 346
9203 3
9203 5
9203 669
9203 7742
9203 31
9204 1601
9204 2962
9204 395
9204 5851
9204 6735
9205 5
9205 1942
9205 2007
9205 346
9205 31
9206 0
9206 4529
9206 1091
9206 1780
9206 170
9207 4016
9207 8578
9207 8055
9207 7485
9207 4126
9208 0
9208 2
9208 6
9208 57
9208 29
9209 449
9209 1618
9209 133
9209 251
9209 205
9210 3875
9210 5
9210 3061
9210 8758
9210 1742
9211 4
9211 103
9211 57
9211 10
9211 958
9212 3
9212 4
9212 7173
9212 6
9212 7661
9213 80
9213 368
9213 1
9213 4834
9213 1922
9214 0
9214 128
9214 177
9214 40
9214 31
9215 5
9215 54
9215 2806
9215 12
9215 62
9216 4657
9216 146
9216 86
9216 1293
9216 159
9217 2
9217 787
9217 755
9217 8792
9217 47
9218 129
9218 5
9218 9
9218 331
9218 333
9219 436
9219 5
9219 103
9219 568
9219 9
9220 3
9220 7476
9220 6
9220 24
9220 6509
9221 2176
9221 1217
9221 5
9221 158
9221 351
9222 594
9222 2
9222 3832
9222 5708
9222 655
9223 2
9223 3
9223 5
9223 281
9223 12
9224 8976
9224 3267
9224 1572
9224 1771
9224 31
9225 180
9225 2905
9225 10
9225 170
9225 11
9226 2322
9226 3
9226 165
9226 5
9226 3022
9227 424
9227 746
9227 2300
9227 6988
9227 399
9228 1872
9228 6
9228 59
9228 557
9228 4126
9229 3585
9229 132
9229 5
9229 605
9229 4974
9230 1
9230 2
9230 25
9230 12
9230 142
9231 19
9231 820
9231 2549
9231 395
9231 478
9232 1104
9232 1
9232 1668
9232 516
9232 36
9233 4691
9233 532
9233 24
9233 1146
9233 139
9235 82
9235 1827
9235 2307
9235 604
9235 1502
9236 3
9236 6
9236 3942
9236 1864
9236 1977
9237 7952
9237 944
9237 1
9237 3
9237 471
9239 672
9239 3
9239 5
9239 233
9239 43
9241 2
9241 3
9241 1576
9241 1900
9241 7294
9242 177
9242 194
9242 4
9242 3302
9242 2872
9243 8836
9243 724
9243 150
9243 2570
9243 3471
9244 8640
9244 7952
9244 11
9244 2895
9244 879
9245 0
9245 5
9245 807
9245 156
9245 31
9246 1
9246 2
9246 307
9246 7086
9246 47
9248 2
9248 50
9248 6
9248 40
9248 7838
9249 0
9249 7334
9249 247
9249 217
9249 14
9250 0
9250 4020
9250 404
9250 4726
9250 23
9251 897
9251 4
9251 359
9251 858
9251 331
9252 0
9252 32
9252 1
9252 21
9252 4399
9253 6816
9253 5683
9253 3
9253 5
9253 53
9254 0
9254 407
9254 1051
9254 11
9254 1487
9255 16
9255 1
9255 3253
9255 198
9255 43
9256 722
9256 2
9256 563
9256 3161
9256 109
9257 0
9257 321
9257 2594
9257 8
9257 13
9258 0
9258 1
9258 2643
9258 21
9258 4383
9259 5
9259 217
9259 10
9259 203
9259 1199
9260 16
9260 4737
9260 289
9260 114
9260 8
9262 32
9262 6117
9262 1622
9262 344
9262 9
9263 454
9263 518
9263 103
9263 4313
9263 6379
9264 4
9264 5
9264 6
9264 138
9264 1183
9265 6
9265 679
9265 857
9265 9099
9265 589
9267 580
9267 404
9267 2804
9267 5
9267 9148
9268 146
9268 6966
9268 743
9268 57
9268 1243
9269 2
9269 99
9269 5575
9269 11
9269 447
9270 32
9270 1
9270 7347
9270 185
9270 31
9271 5026
9271 8035
9271 531
9271 1637
9271 31
9272 5955
9272 3574
9272 183
9272 619
9272 12
9273 66
9273 3
9273 1332
9273 102
9273 6298
9274 177
9274 211
9274 5
9274 1525
9274 598
9275 1
9275 6305
9275 8586
9275 138
9275 495
9276 32
9276 5
9276 103
9276 24
9276 8
9277 450
9277 2
9277 3491
9277 19
9277 1928
9278 32
9278 37
9278 330
9278 29
9278 31
9279 436
9279 1125
9279 6
9279 758
9279 3164
9280 96
9280 243
9280 1222
9280 506
9280 7227
9281 3316
9281 6
9281 170
9281 4127
9281 47
9282 6053
9282 170
9282 988
9282 7564
9282 1132
9283 2679
9283 8440
9283 1177
9283 3787
9283 3503
9284 0
9284 5
9284 8
9284 252
9284 382
9285 4960
9285 3
9285 6
9285 1848
9285 1356
9286 0
9286 10
9286 4525
9286 158
9286 3935
9287 128
9287 8976
9287 3491
9287 11
9287 397
9288 0
9288 66
9288 5363
9288 74
9288 1132
9289 5
9289 633
9289 75
9289 46
9289 367
9290 3
9290 388
9290 2389
9290 23
9290 333
9291 320
9291 4
9291 3047
9291 637
9291 830
9292 2
9292 66
9292 3
9292 6506
9292 605
9293 32
9293 6529
9293 2
9293 563
9293 549
9294 53
9294 8
9294 570
9294 11
9294 846
9295 1266
9295 9285
9295 6734
9295 31
9295 3279
9296 2483
9296 580
9296 40
9296 1834
9296 63
9297 5248
9297 6898
9297 341
9297 59
9297 1340
9298 337
9298 2
9298 4
9298 21
9298 2559
9299 2354
9299 3076
9299 21
9299 1047
9299 235
9300 259
9300 531
9300 7495
9300 24
9300 300
9301 5584
9301 81
9301 99
9301 4
9301 6558
9302 5792
9302 5921
9302 1731
9302 6
9302 7951
9303 176
9303 3
9303 2883
9303 996
9303 6572
9304 160
9304 0
9304 2324
9304 3545
9304 187
9305 2145
9305 2
9305 803
9305 158
9305 2303
9306 2
9306 259
9306 3
9306 1159
9306 9
9307 6947
9307 133
9307 23
9307 363
9307 238
9308 5842
9308 115
9308 5076
9308 4261
9308 8062
9309 352
9309 103
9309 2092
9309 573
9309 349
9312 242
9312 36
9312 86
9312 681
9312 76
9313 0
9313 3793
9313 99
9313 2378
9313 267
9314 3600
9314 1
9314 100
9314 217
9314 13
9315 4257
9315 275
9315 165
9315 2375
9315 12
9316 0
9316 16
9316 4
9316 105
9316 3689
9317 6337
9317 6
9317 2059
9317 8940
9317 158
9318 2085
9318 5
9318 523
9318 62
9318 95
9319 6277
9319 2776
9319 905
9319 2922
9319 3262
9320 3
9320 6
9320 4313
9320 2123
9320 47
9321 69
9321 1035
9321 1788
9321 14
9321 734
9322 0
9322 516
9322 3191
9322 10
9322 12
9323 1040
9323 0
9323 598
9323 5133
9323 2206
9324 4024
9324 3864
9324 41
9324 5693
9324 845
9325 1
9325 8
9325 59
9325 4412
9325 958
9326 1938
9326 1699
9326 5733
9326 185
9326 27
9327 32
9327 5
9327 855
9327 152
9327 217
9328 288
9328 0
9328 340
9328 10
9328 300
9329 178
9329 89
9329 10
9329 124
9329 862
9330 834
9330 2
9330 1460
9330 6
9330 4719
9331 64
9331 0
9331 3
9331 20
9331 840
9332 3
9332 53
9332 4663
9332 8586
9332 3359
9333 1
9333 36
9333 7
9333 12
9333 463
9334 2785
9334 2
9334 2998
9334 6
9334 10
9335 4096
9335 8484
9335 5879
9335 27
9335 31
9336 145
9336 2
9336 5
9336 5690
9336 14
9337 3
9337 4
9337 86
9337 7227
9337 127
9338 5056
9338 3
9338 5
9338 183
9338 959
9339 2
9339 4
9339 37
9339 280
9339 73
9340 5584
9340 16
9340 2
9340 7980
9340 110
9341 2497
9341 2536
9341 59
9341 5838
9341 6175
9342 4
9342 21
9342 568
9342 2872
9342 88
9343 2722
9343 678
9343 167
9343 2474
9343 10
9344 64
9344 3
9344 167
9344 7095
9344 140
9345 133
9345 5990
9345 2038
9345 824
9345 8377
9346 2
9346 4
9346 10
9346 187
9346 30
9347 0
9347 4786
9347 371
9347 8587
9347 3117
9348 0
9348 370
9348 3
9348 525
9348 1742
9349 131
9349 581
9349 8
9349 1465
9349 1404
9350 2006
9350 393
9350 10
9350 27
9350 7823
9351 976
9351 209
9351 132
9351 4
9351 8230
9352 1232
9352 24
9352 140
9352 943
9352 31
9354 4052
9354 180
9354 21
9354 2950
9354 237
9355 2
9355 4
9355 6
9355 8328
9355 7211
9356 816
9356 8
9356 12
9356 2781
9356 1935
9357 82
9357 233
9357 90
9357 1547
9357 95
9358 5412
9358 2660
9358 36
9358 73
9358 12
9359 576
9359 2
9359 2050
9359 86
9359 1802
9360 194
9360 2
9360 6359
9360 7069
9360 2910
9361 336
9361 128
9361 1297
9361 4529
9361 4
9362 1
9362 1698
9362 8
9362 29
9362 349
9363 0
9363 1122
9363 3
9363 471
9363 829
9364 80
9364 0
9364 3
9364 1508
9364 5
9367 1041
9367 1266
9367 645
9367 4221
9367 8990
9368 257
9368 23
9368 202
9368 12
9368 446
9369 1460
9369 532
9369 9
9369 683
9369 2766
9370 177
9370 434
9370 2
9370 3
9370 6777
9371 657
9371 964
9371 136
9371 399
9371 2655
9372 2
9372 4
9372 5063
9372 172
9372 1791
9373 177
9373 2
9373 19
9373 4
9373 101
9374 3
9374 2549
9374 742
9374 987
9374 174
9375 592
9375 1
9375 5
9375 4374
9375 998
9376 80
9376 97
9376 7266
9376 103
9376 183
9377 2
9377 21
9377 2872
9377 12
9377 2990
9378 0
9378 5
9378 1675
9378 7964
9378 8431
9379 992
9379 5
9379 710
9379 887
9379 186
9380 3411
9380 662
9380 8
9380 218
9380 1613
9381 3313
9381 66
9381 53
9381 3165
9381 1838
9382 629
9382 1941
9382 2405
9382 73
9382 140
9383 0
9383 23
9383 4619
9383 3675
9383 510
9385 7169
9385 1
9385 6
9385 9
9385 12
9386 8388
9386 869
9386 875
9386 7708
9386 1788
9387 99
9387 4
9387 22
9387 390
9387 1624
9388 1
9388 3604
9388 36
9388 1324
9388 6319
9389 0
9389 803
9389 659
9389 637
9389 62
9390 67
9390 5
9390 597
9390 940
9390 158
9391 0
9391 102
9391 1591
9391 9
9391 29
9392 1442
9392 1971
9392 59
9392 76
9392 1487
9393 1
9393 2
9393 8740
9393 313
9393 31
9395 1
9395 5521
9395 2790
9395 475
9395 331
9396 6256
9396 1920
9396 1873
9396 1445
9396 394
9397 64
9397 0
9397 21
9397 22
9397 8
9398 86
9398 390
9398 314
9398 1579
9398 14
9399 4662
9399 791
9399 55
9399 40
9399 218
9400 80
9400 64
9400 3061
9400 6
9400 31
9401 180
9401 8
9401 12
9401 141
9401 317
9402 1426
9402 5
9402 6
9402 2074
9402 267
9403 0
9403 740
9403 503
9403 8
9403 10
9405 708
9405 103
9405 10
9405 11
9405 3788
9406 800
9406 2177
9406 858
9406 12
9406 3935
9407 0
9407 3
9407 4
9407 5638
9407 6
9408 1
9408 6
9408 776
9408 1258
9408 1071
9409 1203
9409 8
9409 3880
9409 11
9409 6332
9410 1
9410 82
9410 1030
9410 138
9410 142
9411 80
9411 3
9411 2275
9411 230
9411 730
9412 1447
9412 4263
9412 265
9412 153
9412 7291
9413 5
9413 11
9413 3739
9413 29
9413 2526
9414 0
9414 2
9414 1923
9414 315
9414 107
9415 320
9415 1857
9415 6
9415 89
9415 13
9416 53
9416 1352
9416 8
9416 1049
9416 12
9417 290
9417 836
9417 902
9417 2858
9417 859
9418 1984
9418 51
9418 2087
9418 14
9418 399
9419 32
9419 3713
9419 21
9419 2584
9419 988
9420 450
9420 3
9420 2195
9420 1159
9420 1479
9421 129
9421 3
9421 68
9421 4138
9421 5678
9422 4388
9422 88
9422 1673
9422 138
9422 799
9423 80
9423 549
9423 25
9423 8202
9423 367
9424 0
9424 1880
9424 41
9424 43
9424 61
9425 0
9425 3641
9425 73
9425 77
9425 1007
9426 1
9426 4
9426 3093
9426 1116
9426 238
9427 3
9427 4021
9427 37
9427 7225
9427 142
9428 3
9428 4
9428 1013
9428 4520
9428 43
9429 593
9429 6
9429 2891
9429 6383
9429 31
9430 5584
9430 6401
9430 6244
9430 6
9430 75
9431 550
9431 8
9431 3753
9431 43
9431 47
9432 4
9432 5322
9432 107
9432 12
9432 557
9433 464
9433 424
9433 41
9433 153
9433 10
9434 6274
9434 3
9434 5
9434 444
9434 527
9435 528
9435 6
9435 8
9435 2185
9435 4299
9436 0
9436 2852
9436 8
9436 2254
9436 1822
9437 5440
9437 0
9437 320
9437 3
9437 206
9438 1009
9438 6755
9438 3
9438 1016
9438 1944
9439 5
9439 86
9439 7431
9439 8923
9439 30
9440 16
9440 2
9440 804
9440 985
9440 1356
9441 3
9441 1509
9441 1833
9441 1742
9441 111
9442 0
9442 1
9442 131
9442 2102
9442 248
9443 23
9443 40
9443 9289
9443 3948
9443 12
9445 0
9445 1122
9445 2324
9445 5430
9445 31
9446 1
9446 66
9446 6
9446 966
9446 55
9447 3137
9447 50
9447 1411
9447 4394
9447 351
9448 4816
9448 0
9448 8243
9448 53
9448 8
9449 2900
9449 2037
9449 507
9449 2635
9449 3469
9450 16
9450 1
9450 50
9450 3289
9450 1118
9451 97
9451 1
9451 259
9451 8163
9451 3956
9452 38
9452 296
9452 333
9452 158
9452 31
9453 2
9453 456
9453 408
9453 651
9453 75
9454 2961
9454 53
9454 5
9454 8
9454 1948
9455 0
9455 2
9455 21
9455 3289
9455 6250
9456 0
9456 2
9456 21
9456 982
9456 23
9457 177
9457 3
9457 7
9457 2618
9457 1085
9458 65
9458 1
9458 337
9458 888
9458 40
9459 0
9459 36
9459 7861
9459 187
9459 59
9460 5
9460 8
9460 24
9460 1518
9460 47
9461 308
9461 2263
9461 510
9461 143
9461 31
9462 1088
9462 723
9462 4629
9462 7704
9462 12
9463 193
9463 1
9463 2673
9463 2632
9463 985
9464 16
9464 32
9464 7096
9464 59
9464 2012
9465 1634
9465 741
9465 8
9465 5324
9465 1454
9466 16
9466 2
9466 932
9466 5653
9466 31
9467 81
9467 228
9467 198
9467 824
9467 909
9469 0
9469 594
9469 40
9469 105
9469 287
9471 226
9471 214
9471 56
9471 120
9471 1132
9472 1280
9472 4291
9472 108
9472 1053
9472 29
9473 7424
9473 2
9473 2266
9473 9085
9473 735
9476 561
9476 5
9476 501
9476 1879
9476 1367
9477 3
9477 4
9477 252
9477 461
9477 47
9478 4
9478 6
9478 1432
9478 523
9478 205
9479 1
9479 659
9479 5718
9479 1210
9479 141
9480 37
9480 4457
9480 11
9480 8108
9480 239
9481 5136
9481 753
9481 3
9481 115
9481 965
9482 6128
9482 594
9482 3
9482 8
9482 13
9483 1827
9483 2725
9483 8535
9483 14
9483 63
9485 6738
9485 755
9485 587
9485 4814
9485 943
9486 4
9486 8
9486 89
9486 75
9486 11
9487 2528
9487 4
9487 90
9487 747
9487 59
9488 3713
9488 1251
9488 155
9488 731
9488 911
9489 9395
9489 4
9489 21
9489 4616
9489 12
9490 21
9490 5
9490 297
9490 2539
9490 29
9491 50
9491 5
9491 27
9491 142
9491 143
9492 963
9492 37
9492 8
9492 7342
9492 47
9493 0
9493 1636
9493 2214
9493 634
9493 3086
9494 1
9494 481
9494 5
9494 491
9494 3164
9495 4
9495 23
9495 2364
9495 12
9495 29
9496 5520
9496 112
9496 1251
9496 3877
9496 491
9497 144
9497 1
9497 2
9497 7051
9497 9228
9498 4717
9498 14
9498 2782
9498 6110
9498 287
9499 1312
9499 1
9499 6
9499 1159
9499 905
9500 0
9500 2807
9500 2295
9500 8
9500 13
9501 16
9501 3
9501 115
9501 5530
9501 415
9502 4452
9502 5798
9502 7880
9502 170
9502 3982
9503 1
9503 3377
9503 260
9503 6
9503 510
9504 4724
9504 6
9504 87
9504 746
9504 4510
9506 1
9506 2052
9506 6
9506 31
9506 383
9507 2868
9507 5222
9507 6
9507 410
9507 4207
9508 4657
9508 4
9508 4902
9508 1272
9508 109
9509 274
9509 2
9509 133
9509 3286
9509 22
9510 0
9510 16
9510 86
9510 27
9510 222
9511 3538
9511 563
9511 1127
9511 9
9511 1579
9513 1506
9513 1158
9513 2423
9513 540
9513 9485
9514 0
9514 17
9514 1510
9514 9
9514 782
9515 1
9515 2
9515 389
9515 92
9515 7999
9516 4
9516 1976
9516 506
9516 2671
9516 47
9517 6769
9517 8
9517 202
9517 10
9517 31
9518 1297
9518 8363
9518 12
9518 317
9518 1021
9519 1
9519 3
9519 8038
9519 3917
9519 174
9520 1296
9520 5760
9520 2395
9520 2539
9520 1243
9521 2
9521 3
9521 6183
9521 10
9521 779
9522 832
9522 1266
9522 5370
9522 1452
9522 4588
9523 81
9523 86
9523 200
9523 796
9523 1677
9524 128
9524 4497
9524 2
9524 659
9524 3126
9525 9280
9525 2
9525 4
9525 2566
9525 10
9526 5682
9526 3
9526 153
9526 2955
9526 587
9527 80
9527 1
9527 1255
9527 296
9527 40
9528 128
9528 5013
9528 41
9528 491
9528 30
9529 5408
9529 3
9529 103
9529 700
9529 733
9530 153
9530 140
9530 4797
9530 4094
9530 31
9531 0
9531 163
9531 22
9531 4317
9531 7405
9532 3
9532 775
9532 280
9532 29
9532 222
9533 80
9533 34
9533 3
9533 2323
9533 1588
9534 0
9534 2
9534 258
9534 11
9534 8990
9535 3093
9535 1352
9535 7435
9535 11
9535 1166
9536 513
9536 3
9536 5
9536 3547
9536 6860
9537 19
9537 213
9537 1880
9537 24
9537 6954
9538 3859
9538 74
9538 7150
9538 1167
9538 2159
9539 352
9539 178
9539 4
9539 27
9539 12
9540 2
9540 568
9540 2105
9540 7179
9540 29
9541 2400
9541 2899
9541 4323
9541 36
9541 6
9542 7152
9542 4
9542 343
9542 393
9542 1146
9543 66
9543 435
9543 2579
9543 4617
9543 1359
9544 64
9544 3
9544 8883
9544 4
9544 1799
9545 2
9545 562
9545 708
9545 1053
9545 47
9546 1
9546 4
9546 2807
9546 8408
9546 12
9547 2722
9547 580
9547 788
9547 506
9547 4909
9548 3
9548 1816
9548 3866
9548 444
9548 175
9549 3
9549 531
9549 1893
9549 8
9549 59
9550 177
9550 7217
9550 66
9550 899
9550 24
9552 19
9552 3
9552 1958
9552 2682
9552 1740
9553 16
9553 0
9553 6
9553 9160
9553 239
9554 5957
9554 1687
9554 2187
9554 4861
9554 2382
9555 1752
9555 7048
9555 10
9555 4701
9555 733
9556 817
9556 2
9556 5
9556 233
9556 31
9557 2
9557 1347
9557 1035
9557 29
9557 991
9558 0
9558 37
9558 5975
9558 14
9558 47
9559 3474
9559 230
9559 4138
9559 10
9559 1771
9560 2
9560 3
9560 6
9560 219
9560 30
9561 1
9561 166
9561 8
9561 6265
9561 410
9562 3
9562 164
9562 500
9562 14
9562 31
9563 1
9563 1473
9563 194
9563 2
9563 37
9564 2
9564 3460
9564 5
9564 568
9564 12
9565 80
9565 50
9565 371
9565 727
9565 24
9566 134
9566 6
9566 2538
9566 172
9566 1167
9567 0
9567 8066
9567 51
9567 2629
9567 39
9569 770
9569 1059
9569 179
9569 7176
9569 31
9570 2
9570 4
9570 5
9570 62
9570 3743
9571 176
9571 2
9571 450
9571 4695
9571 47
9572 1920
9572 1
9572 295
9572 472
9572 6188
9573 7056
9573 516
9573 2775
9573 1145
9573 9
9575 2689
9575 1891
9575 36
9575 7093
9575 1591
9576 66
9576 3
9576 53
9576 166
9576 6682
9577 1
9577 2
9577 40
9577 7241
9577 158
9578 530
9578 2594
9578 1160
9578 523
9578 2382
9579 1
9579 4
9579 1047
9579 379
9579 9471
9580 1
9580 9075
9580 31
9580 1439
9580 351
9581 8608
9581 0
9581 1
9581 1219
9581 1398
9582 1
9582 2
9582 85
9582 135
9582 1689
9583 1712
9583 2
9583 3349
9583 341
9583 9367
9584 1
9584 2
9584 727
9584 5548
9584 31
9585 6
9585 8
9585 249
9585 3289
9585 137
9586 594
9586 4
9586 1589
9586 40
9586 156
9587 40
9587 2458
9587 13
9587 142
9587 14
9588 1619
9588 3491
9588 7659
9588 93
9588 687
9589 3360
9589 54
9589 89
9589 638
9589 3198
9590 1251
9590 9
9590 1900
9590 988
9590 1198
9592 2
9592 50
9592 6
9592 8360
9592 429
9593 4646
9593 2921
9593 8442
9593 12
9593 383
9594 1014
9594 10
9594 4714
9594 14
9594 95
9595 0
9595 7396
9595 5
9595 761
9595 5083
9596 4962
9596 274
9596 5
9596 3863
9596 763
9597 80
9597 1
9597 2210
9597 53
9597 8
9598 211
9598 2244
9598 324
9598 8
9598 31
9599 56
9599 139
9599 1260
9599 415
9599 1151
9600 0
9600 1
9600 115
9600 150
9600 10
9601 546
9601 34
9601 3
9601 7892
9601 11
9602 0
9602 5136
9602 148
9602 7115
9602 12
9603 1729
9603 2
9603 4
9603 8
9603 506
9604 867
9604 24
9604 1593
9604 379
9604 107
9605 80
9605 3
9605 435
9605 4040
9605 1212
9606 0
9606 6449
9606 5
9606 1849
9606 6239
9607 177
9607 3
9607 1541
9607 3629
9607 239
9608 5363
9608 180
9608 132
9608 21
9608 4535
9609 1842
9609 5640
9609 4714
9609 13
9609 5327
9610 64
9610 0
9610 83
9610 8
9610 121
9611 160
9611 2
9611 805
9611 5002
9611 1260
9612 1410
9612 4786
9612 6
9612 506
9612 4221
9613 5233
9613 1
9613 452
9613 330
9613 6380
9614 64
9614 9524
9614 183
9614 24
9614 6585
9615 722
9615 1140
9615 1541
9615 1693
9615 158
9617 192
9617 1126
9617 102
9617 4311
9617 1480
9619 32
9619 1
9619 2
9619 2427
9619 12
9620 80
9620 6785
9620 3
9620 119
9620 1245
9622 64
9622 1
9622 760
9622 185
9622 591
9623 5
9623 6
9623 23
9623 124
9623 31
9624 1
9624 2
9624 39
9624 5374
9624 159
9625 1219
9625 2244
9625 5
9625 139
9625 351
9626 597
9626 21
9626 454
9626 1367
9626 318
9627 3810
9627 6
9627 742
9627 8
9627 2426
9628 32
9628 1056
9628 5622
9628 8
9628 444
9629 7744
9629 1526
9629 1117
9629 1198
9629 2431
9630 3108
9630 5
9630 1509
9630 12
9630 798
9631 133
9631 6
9631 647
9631 9
9631 366
9632 1120
9632 1
9632 274
9632 205
9632 317
9633 1840
9633 2723
9633 1140
9633 2341
9633 910
9634 1
9634 21
9634 24
9634 8586
9634 13
9635 5600
9635 16
9635 1618
9635 996
9635 8790
9636 1
9636 3400
9636 2792
9636 2585
9636 30
9637 3
9637 964
9637 7
9637 3305
9637 7613
9638 7889
9638 8
9638 1018
9638 12
9638 1390
9639 80
9639 8784
9639 3
9639 4
9639 424
9640 4
9640 22
9640 313
9640 2635
9640 429
9641 0
9641 181
9641 3529
9641 1196
9641 1612
9642 1600
9642 1249
9642 3
9642 11
9642 12
9644 2
9644 6
9644 2375
9644 5608
9644 89
9645 1203
9645 2291
9645 5013
9645 27
9645 8349
9646 3472
9646 19
9646 21
9646 972
9646 62
9647 1346
9647 10
9647 906
9647 59
9647 2814
9648 224
9648 1188
9648 261
9648 6092
9648 31
9650 899
9650 1059
9650 21
9650 183
9650 423
9651 16
9651 593
9651 4323
9651 3
9651 2343
9652 322
9652 3368
9652 6360
9652 4553
9652 12
9653 32
9653 0
9653 5956
9653 21
9653 5
9654 0
9654 195
9654 21
9654 7
9654 1241
9655 2065
9655 1
9655 3426
9655 38
9655 9
9656 16
9656 2
9656 24
9656 9
9656 6700
9657 960
9657 262
9657 423
9657 570
9657 74
9658 1200
9658 2
9658 22
9658 57
9658 10
9659 929
9659 2
9659 3
9659 5
9659 103
9660 5
9660 8
9660 6984
9660 281
9660 31
9661 1
9661 2673
9661 3
9661 4
9661 170
9662 6928
9662 2
9662 5
9662 133
9662 8
9663 1
9663 2
9663 51
9663 99
9663 11
9664 129
9664 2117
9664 1477
9664 40
9664 2303
9665 0
9665 3
9665 5707
9665 4572
9665 237
9666 2
9666 4584
9666 7464
9666 13
9666 29
9667 688
9667 2
9667 5
9667 1577
9667 27
9669 2162
9669 2
9669 4
9669 5
9669 5693
9670 4196
9670 5
9670 7429
9670 89
9670 8955
9671 4080
9671 116
9671 5413
9671 3978
9671 3131
9672 241
9672 50
9672 4
9672 5099
9672 267
9673 0
9673 2980
9673 4
9673 23
9673 2814
9674 516
9674 677
9674 280
9674 10
9674 1341
9675 3
9675 6
9675 1478
9675 647
9675 1563
9676 64
9676 469
9676 23
9676 7929
9676 8221
9677 0
9677 129
9677 6337
9677 7096
9677 4719
9678 787
9678 1156
9678 5
9678 7194
9678 1307
9679 0
9679 4
9679 6
9679 5592
9679 203
9681 64
9681 2
9681 6
9681 198
9681 9643
9682 34
9682 4
9682 1508
9682 349
9682 1246
9684 340
9684 8358
9684 3415
9684 6935
9684 8
9685 8817
9685 1862
9685 8
9685 122
9685 11
9686 496
9686 86
9686 1449
9686 1677
9686 6494
9687 3
9687 340
9687 5
9687 1164
9687 4350
9688 210
9688 2
9688 1203
9688 1049
9688 3978
9689 0
9689 1
9689 6
9689 2219
9689 4926
9690 1122
9690 53
9690 233
9690 12
9690 2669
9691 0
9691 1
9691 791
9691 1352
9691 120
9692 0
9692 3217
9692 3
9692 89
9692 41
9693 9280
9693 4
9693 197
9693 1669
9693 326
9694 53
9694 3434
9694 59
9694 12
9694 31
9695 1424
9695 1969
9695 5
9695 9
9695 4429
9696 115
9696 88
9696 1899
9696 523
9696 63
9697 4897
9697 291
9697 253
9697 606
9697 31
9699 3577
9699 8682
9699 1307
9699 3067
9699 107
9700 3
9700 148
9700 21
9700 677
9700 75
9701 3571
9701 88
9701 808
9701 9
9701 10
9702 976
9702 1
9702 4740
9702 36
9702 4
9703 7058
9703 1574
9703 40
9703 105
9703 1021
9705 2
9705 7202
9705 82
9705 1676
9705 510
9706 3
9706 19
9706 2998
9706 8
9706 11
9707 1840
9707 144
9707 3
9707 810
9707 10
9708 36
9708 2676
9708 473
9708 410
9708 2382
9709 4304
9709 7793
9709 386
9709 294
9709 382
9710 2096
9710 501
9710 70
9710 3289
9710 1055
9711 131
9711 4
9711 404
9711 264
9711 2990
9712 3
9712 104
9712 11
9712 77
9712 447
9713 1
9713 3555
9713 742
9713 8586
9713 219
9714 1506
9714 21
9714 4457
9714 43
9714 191
9715 192
9715 1
9715 275
9715 3782
9715 1739
9716 0
9716 1
9716 3
9716 115
9716 14
9718 80
9718 167
9718 1448
9718 40
9718 27
9719 80
9719 8145
9719 1319
9719 7404
9719 623
9720 3317
9720 9530
9720 11
9720 27
9720 782
9722 16
9722 562
9722 6805
9722 8
9722 6941
9724 36
9724 170
9724 507
9724 3068
9724 4239
9725 769
9725 3956
9725 6
9725 9
9725 75
9726 3396
9726 4789
9726 343
9726 4617
9726 7997
9727 3138
9727 99
9727 1827
9727 1291
9727 187
9728 3426
9728 7337
9728 906
9728 140
9728 29
9729 241
9729 1
9729 20
9729 638
9729 142
9730 2307
9730 708
9730 5
9730 7016
9730 3406
9731 2
9731 7685
9731 1350
9731 6555
9731 1407
9732 1
9732 4
9732 230
9732 8696
9732 203
9733 0
9733 4641
9733 9
9733 7930
9733 1003
9734 3121
9734 2
9734 4
9734 9
9734 158
9735 4529
9735 1985
9735 2882
9735 3
9735 31
9736 4
9736 37
9736 38
9736 491
9736 7676
9737 8
9737 2825
9737 1404
9737 124
9737 478
9738 1
9738 107
9738 43
9738 571
9738 140
9739 720
9739 9617
9739 2369
9739 2
9739 202
9740 0
9740 1
9740 290
9740 19
9740 380
9741 1760
9741 548
9741 261
9741 764
9741 3356
9742 1504
9742 2578
9742 261
9742 153
9742 891
9744 2641
9744 4311
9744 138
9744 235
9744 3885
9745 2
9745 1506
9745 2808
9745 187
9745 2447
9746 1826
9746 2244
9746 8
9746 27
9746 958
9747 5
9747 2133
9747 59
9747 684
9747 333
9748 1233
9748 5
9748 6
9748 10
9748 587
9749 1792
9749 273
9749 3158
9749 311
9749 11
9750 1
9750 19
9750 180
9750 11
9750 7884
9751 530
9751 3
9751 1076
9751 2150
9751 167
9752 1
9752 7076
9752 8
9752 59
9752 1695
9753 146
9753 25
9753 3405
9753 4430
9753 238
9754 1634
9754 307
9754 5091
9754 36
9754 438
9756 5874
9756 4854
9756 4011
9756 7261
9756 1085
9757 418
9757 21
9757 5
9757 1435
9757 220
9758 320
9758 9424
9758 1601
9758 4530
9758 1103
9759 1586
9759 451
9759 53
9759 3269
9759 7910
9760 4
9760 775
9760 8
9760 6827
9760 1068
9761 7664
9761 2581
9761 104
9761 5790
9761 31
9762 34
9762 2
9762 4
9762 2841
9762 941
9763 5297
9763 5
9763 886
9763 267
9763 95
9764 4
9764 6
9764 40
9764 9
9764 90
9766 1
9766 6392
9766 217
9766 61
9766 14
9767 21
9767 3670
9767 1769
9767 4922
9767 29
9768 53
9768 999
9768 24
9768 9
9768 1211
9769 16
9769 160
9769 39
9769 9
9769 3451
9770 3
9770 4887
9770 1066
9770 158
9770 7294
9771 1
9771 2
9771 357
9771 315
9771 7246
9772 148
9772 84
9772 6292
9772 2541
9772 14
9773 2
9773 1494
9773 1145
9773 9
9773 2828
9774 1
9774 5
9774 805
9774 2764
9774 7037
9776 442
9776 10
9776 5723
9776 59
9776 1919
9777 1
9777 177
9777 7451
9777 12
9777 1022
9778 2896
9778 131
9778 1523
9778 9576
9778 536
9779 4
9779 3528
9779 202
9779 75
9779 653
9780 80
9780 4
9780 8
9780 88
9780 6057
9781 129
9781 1
9781 22
9781 2470
9781 8445
9782 7889
9782 194
9782 7652
9782 260
9782 5222
9783 625
9783 1570
9783 5
9783 8
9783 7947
9784 3
9784 3541
9784 21
9784 3399
9784 702
9786 880
9786 552
9786 4252
9786 13
9786 31
9787 4339
9787 390
9787 23
9787 665
9787 174
9788 1569
9788 1
9788 3
9788 569
9788 6203
9790 80
9790 3
9790 742
9790 11
9790 766
9791 0
9791 112
9791 641
9791 3
9791 2154
9792 1
9792 6
9792 598
9792 41
9792 31
9793 2257
9793 7825
9793 2
9793 3
9793 332
9794 2
9794 20
9794 55
9794 300
9794 2541
9795 128
9795 371
9795 454
9795 102
9795 31
9796 640
9796 2529
9796 290
9796 8743
9796 10
9797 3092
9797 24
9797 2876
9797 989
9797 5663
9798 4
9798 390
9798 6
9798 70
9798 2888
9799 2497
9799 19
9799 5032
9799 8
9799 10
9800 0
9800 5592
9800 393
9800 59
9800 172
9801 369
9801 871
9801 11
9801 14
9801 671
9802 3
9802 8
9802 762
9802 5947
9802 31
9803 16
9803 1
9803 24
9803 8
9803 2923
9804 5
9804 6
9804 41
9804 10
9804 4238
9805 5
9805 6
9805 840
9805 10
9805 621
9806 0
9806 1
9806 132
9806 5497
9806 281
9807 2
9807 21
9807 6
9807 45
9807 2206
9808 5840
9808 177
9808 5511
9808 7098
9808 431
9809 2
9809 8390
9809 230
9809 6806
9809 8
9810 194
9810 259
9810 86
9810 1496
9810 2220
9811 1041
9811 338
9811 2692
9811 2663
9811 1615
9812 5
9812 6
9812 6631
9812 73
9812 7179
9813 0
9813 21
9813 6
9813 8
9813 140
9814 3
9814 4
9814 38
9814 1735
9814 5655
9815 0
9815 3346
9815 6
9815 1144
9815 379
9816 1
9816 883
9816 1171
9816 261
9816 1976
9817 32
9817 7684
9817 8
9817 59
9817 13
9818 36
9818 6164
9818 6
9818 150
9818 2092
9819 2
9819 4
9819 1094
9819 6
9819 7967
9820 4
9820 742
9820 75
9820 395
9820 31
9822 2450
9822 2
9822 710
9822 637
9822 31
9823 1474
9823 21
9823 1334
9823 135
9823 203
9824 2003
9824 4917
9824 5194
9824 5310
9824 863
9825 0
9825 6
9825 3401
9825 2541
9825 4510
9826 1
9826 116
9826 2213
9826 9240
9826 140
9827 2307
9827 6
9827 298
9827 2478
9827 1294
9828 32
9828 1412
9828 3833
9828 314
9828 1134
9829 2
9829 53
9829 8
9829 14
9829 9487
9830 1
9830 1122
9830 23
9830 8
9830 1338
9831 1984
9831 7090
9831 68
9831 1531
9831 43
9833 34
9833 6771
9833 179
9833 1253
9833 125
9834 0
9834 472
9834 204
9834 8861
9834 4062
9835 2
9835 580
9835 6037
9835 1896
9835 3274
9836 3
9836 183
9836 90
9836 748
9836 991
9837 1904
9837 7796
9837 138
9837 27
9837 14
9838 0
9838 2
9838 2649
9838 59
9838 13
9839 2
9839 1477
9839 6
9839 2459
9839 2220
9840 1424
9840 1
9840 3
9840 357
9840 152
9841 80
9841 34
9841 9
9841 6041
9841 9453
9843 180
9843 5
9843 200
9843 31
9843 415
9844 3712
9844 946
9844 162
9844 183
9844 3548
9845 9585
9845 3688
9845 7753
9845 3658
9845 909
9846 2768
9846 2
9846 850
9846 1752
9846 3915
9847 4480
9847 4977
9847 23
9847 7448
9847 142
9848 4
9848 22
9848 4121
9848 12
9848 237
9849 0
9849 131
9849 836
9849 9
9849 362
9850 6
9850 8
9850 203
9850 6142
9850 2383
9851 3
9851 5
9851 7718
9851 6
9851 24
9852 5204
9852 150
9852 264
9852 59
9852 4221
9853 3952
9853 2403
9853 22
9853 89
9853 622
9854 230
9854 218
9854 8859
9854 1259
9854 12
9855 1
9855 4881
9855 133
9855 22
9855 8
9856 1
9856 5045
9856 70
9856 222
9856 14
9857 3810
9857 2950
9857 5862
9857 4587
9857 12
9858 9556
9858 2233
9858 734
9858 14
9858 2895
9859 8432
9859 2
9859 5
9859 41
9859 3900
9860 0
9860 242
9860 515
9860 158
9860 1567
9861 2
9861 4036
9861 664
9861 972
9861 1340
9862 192
9862 1941
9862 6
9862 24
9862 1737
9863 16
9863 9351
9863 2712
9863 7149
9863 1022
9865 6176
9865 659
9865 279
9865 6105
9865 7707
9866 128
9866 6738
9866 2037
9866 9416
9866 267
9868 9072
9868 1297
9868 2
9868 4263
9868 425
9869 51
9869 4
9869 2629
9869 523
9869 62
9870 897
9870 3
9870 756
9870 5353
9870 1167
9873 1
9873 3
9873 6
9873 646
9873 8591
9874 7952
9874 3987
9874 8825
9874 10
9874 972
9875 1089
9875 4
9875 916
9875 170
9875 31
9876 1
9876 3255
9876 1576
9876 3755
9876 12
9877 2
9877 7317
9877 727
9877 526
9877 574
9878 3
9878 4
9878 23
9878 73
9878 2682
9879 0
9879 228
9879 2566
9879 41
9879 687
9880 3
9880 3271
9880 3319
9880 765
9880 31
9881 34
9881 628
9881 4
9881 198
9881 12
9882 707
9882 4
9882 23
9882 1338
9882 3819
9883 400
9883 6981
9883 1880
9883 75
9883 31
9884 2
9884 228
9884 11
9884 3819
9884 1851
9885 3
9885 691
9885 669
9885 3421
9885 111
9886 1377
9886 885
9886 8
9886 57
9886 6383
9888 2016
9888 3971
9888 3
9888 8
9888 9
9889 1
9889 4
9889 21
9889 1478
9889 12
9890 0
9890 21
9890 359
9890 1434
9890 782
9891 32
9891 3
9891 1382
9891 8381
9891 31
9892 1696
9892 2
9892 307
9892 195
9892 153
9893 5
9893 1766
9893 2281
9893 1099
9893 30
9894 659
9894 5
9894 521
9894 1116
9894 702
9896 3
9896 6356
9896 598
9896 8023
9896 7391
9897 8608
9897 1641
9897 4650
9897 12
9897 991
9898 64
9898 464
9898 2807
9898 5514
9898 92
9899 0
9899 3
9899 1476
9899 119
9899 9
9900 2
9900 24
9900 9610
9900 1771
9900 3547
9901 0
9901 5590
9901 694
9901 10
9901 687
9902 820
9902 4
9902 9
9902 29
9902 1453
9903 2673
9903 1075
9903 253
9903 2573
9903 5135
9904 4352
9904 320
9904 34
9904 4786
9904 3947
9905 1
9905 5253
9905 237
9905 2381
9905 29
9906 4821
9906 9
9906 45
9906 13
9906 463
9907 80
9907 768
9907 241
9907 115
9907 38
9908 0
9908 6289
9908 3
9908 99
9908 665
9910 2
9910 212
9910 21
9910 12
9910 14
9911 7472
9911 5
9911 758
9911 746
9911 2476
9912 208
9912 5
9912 6521
9912 172
9912 1309
9913 3189
9913 88
9913 1371
9913 510
9913 14
9914 81
9914 1459
9914 4
9914 327
9914 204
9915 16
9915 7860
9915 982
9915 7241
9915 955
9916 0
9916 2
9916 295
9916 1785
9916 140
9917 2
9917 405
9917 21
9917 8
9917 9
9918 0
9918 128
9918 2
9918 1673
9918 4266
9919 0
9919 5665
9919 2171
9919 11
9919 12
9920 34
9920 2
9920 217
9920 10
9920 6877
9921 0
9921 4
9921 5
9921 8
9921 14
9922 3761
9922 914
9922 3971
9922 88
9922 174
9923 1057
9923 1699
9923 197
9923 6
9923 333
9924 4755
9924 1018
9924 7085
9924 845
9924 270
9925 0
9925 64
9925 18
9925 195
9925 174
9926 4640
9926 370
9926 2408
9926 730
9926 462
9928 1
9928 901
9928 7639
9928 9
9928 31
9929 208
9929 0
9929 2177
9929 3781
9929 506
9930 21
9930 103
9930 10
9930 1530
9930 333
9931 0
9931 1046
9931 823
9931 4331
9931 31
9932 64
9932 50
9932 8
9932 315
9932 4398
9934 3
9934 4
9934 23
9934 88
9934 3898
9935 0
9935 209
9935 357
9935 361
9935 10
9936 3
9936 243
9936 549
9936 6
9936 248
9937 3
9937 4
9937 4457
9937 8828
9937 93
9938 213
9938 5
9938 154
9938 1162
9938 95
9939 2486
9939 9
9939 2937
9939 3611
9939 9039
9940 2
9940 3
9940 760
9940 14
9940 687
9941 1664
9941 2082
9941 5
9941 6
9941 2378
9942 2
9942 20
9942 5
9942 230
9942 4553
9943 0
9943 32
9943 3478
9943 364
9943 1134
9944 64
9944 4
9944 5
9944 390
9944 6173
9945 3
9945 103
9945 8
9945 104
9945 7133
9946 1792
9946 1896
9946 8
9946 1593
9946 6410
9947 0
9947 309
9947 1637
9947 136
9947 4588
9948 32
9948 742
9948 88
9948 59
9948 3837
9949 24
9949 170
9949 4139
9949 27
9949 12
9950 2
9950 3
9950 4
9950 3540
9950 90
9951 0
9951 2
9951 867
9951 5845
9951 3515
9952 9472
9952 2854
9952 5006
9952 846
9952 351
9953 80
9953 19
9953 4
9953 597
9953 2382
9954 832
9954 817
9954 536
9954 14
9954 159
9955 209
9955 2
9955 3
9955 4
9955 7367
9956 0
9956 5
9956 197
9956 13
9956 4767
9957 2722
9957 3701
9957 5068
9957 172
9957 702
9958 4386
9958 4
9958 21
9958 53
9958 4342
9959 1
9959 6
9959 102
9959 9176
9959 31
9960 2944
9960 5
9960 6
9960 8
9960 29
9961 576
9961 1011
9961 307
9961 9
9961 4700
9962 2531
9962 532
9962 86
9962 185
9962 2108
9963 3
9963 1013
9963 3990
9963 23
9963 12
9964 0
9964 1
9964 2
9964 9909
9964 342
9965 1376
9965 561
9965 51
9965 21
9965 75
9966 2
9966 9106
9966 6
9966 8
9966 2394
9967 2
9967 659
9967 5863
9967 7128
9967 153
9969 3
9969 740
9969 38
9969 383
9969 31
9970 128
9970 3441
9970 452
9970 4
9970 245
9971 1008
9971 643
9971 4
9971 37
9971 40
9972 1601
9972 5
9972 38
9972 668
9972 254
9973 0
9973 3155
9973 24
9973 1051
9973 31
9974 2096
9974 2
9974 3
9974 9867
9974 5340
9975 7028
9975 1157
9975 7288
9975 27
9975 1293
9976 320
9976 34
9976 1922
9976 6
9976 10
9977 146
9977 51
9977 563
9977 5276
9977 31
9978 1589
9978 4201
9978 25
9978 29
9978 607
9979 1681
9979 2
9979 5541
9979 21
9979 12
9980 1184
9980 233
9980 1612
9980 14
9980 31
9981 384
9981 5472
9981 197
9981 233
9981 11
9982 340
9982 2244
9982 5
9982 90
9982 14
9983 0
9983 1272
9983 56
9983 6443
9983 1021
9984 3457
9984 2163
9984 6
9984 4199
9984 1260
9985 6305
9985 5
9985 23
9985 8
9985 10
9986 2578
9986 3
9986 36
9986 910
9986 95
9987 4
9987 37
9987 166
9987 586
9987 1260
9988 2
9988 243
9988 2469
9988 7255
9988 1133
9989 7089
9989 8915
9989 21
9989 57
9989 3675
9990 1
9990 10
9990 1258
9990 140
9990 430
9992 2128
9992 1
9992 3
9992 1766
9992 15
9993 705
9993 129
9993 3
9993 3466
9993 14
9994 1
9994 4
9994 183
9994 24
9994 7625
9995 3155
9995 180
9995 1270
9995 8
9995 45
9997 2
9997 132
9997 3126
9997 683
9997 31
9998 647
9998 238
9998 5710
9998 31
9998 1855
9999 2432
9999 3424
9999 275
9999 5
9999 8089
10000 402
10000 2
10000 4
10000 25
10000 10
10001 3072
10001 8
10001 1099
10001 1468
10001 492
10002 5
10002 3030
10002 183
10002 12
10002 9421
10003 2290
10003 245
10003 702
10003 6110
10003 687
10004 1
10004 3026
10004 116
10004 390
10004 1226
10005 64
10005 3
10005 21
10005 5
10005 2894
10006 5
10006 39
10006 10
10006 138
10006 1311
10007 1
10007 2
10007 230
10007 56
10007 10
10008 5712
10008 1794
10008 59
10008 158
10008 7423
10009 80
10009 675
10009 115
10009 595
10009 11
10010 0
10010 4
10010 90
10010 44
10010 29
10011 115
10011 3091
10011 516
10011 6
10011 4584
10012 21
10012 2119
10012 6220
10012 3437
10012 31
10013 4513
10013 4049
10013 2
10013 962
10013 95
10014 264
10014 59
10014 395
10014 2140
10014 63
10015 2
10015 198
10015 1367
10015 124
10015 31
10016 2117
10016 21
10016 6443
10016 12
10016 62
10017 2
10017 6
10017 839
10017 2331
10017 2123
10018 848
10018 19
10018 339
10018 53
10018 10
10019 82
10019 24
10019 12
10019 93
10019 1902
10020 5
10020 6
10020 183
10020 232
10020 441
10021 1
10021 2594
10021 2250
10021 140
10021 30
10023 7266
10023 5668
10023 7876
10023 4484
10023 319
10024 352
10024 1008
10024 2578
10024 195
10024 8143
10025 4960
10025 0
10025 3954
10025 34
10025 2
10026 32
10026 2998
10026 873
10026 7338
10026 4010
10028 742
10028 4359
10028 728
10028 5516
10028 13
10029 2
10029 850
10029 53
10029 103
10029 687
10030 209
10030 259
10030 198
10030 7911
10030 8
10031 0
10031 5237
10031 55
10031 23
10031 510
10032 2
10032 3
10032 5
10032 342
10032 1580
10033 2403
10033 691
10033 709
10033 43
10033 446
10034 70
10034 24
10034 2009
10034 140
10034 12
10035 180
10035 6965
10035 41
10035 7210
10035 1885
10036 1
10036 869
10036 6
10036 2870
10036 1802
10037 0
10037 2021
10037 133
10037 5
10037 4680
10038 1008
10038 68
10038 132
10038 21
10038 5645
10039 2776
10039 10
10039 3691
10039 43
10039 4974
10040 3665
10040 2821
10040 214
10040 9
10040 47
10041 193
10041 627
10041 197
10041 1243
10041 782
10042 4578
10042 228
10042 1317
10042 327
10042 23
10043 65
10043 500
10043 5
10043 1526
10043 794
10044 0
10044 1601
10044 2
10044 228
10044 3876
10045 68
10045 5
10045 554
10045 3466
10045 2861
10046 1120
10046 343
10046 1623
10046 9
10046 459
10047 4769
10047 8930
10047 249
10047 4125
10047 1759
10048 850
10048 740
10048 5276
10048 525
10048 9325
10049 36
10049 2838
10049 6
10049 1260
10049 605
10051 0
10051 5
10051 2758
10051 4215
10051 8
10052 115
10052 6
10052 10
10052 12
10052 6381
10054 981
10054 6
10054 9576
10054 235
10054 13
10055 5360
10055 100
10055 9015
10055 236
10055 47
10057 3
10057 9
10057 393
10057 8828
10057 31
10058 1
10058 20
10058 139
10058 3435
10058 1583
10059 7314
10059 115
10059 10
10059 158
10059 31
10060 21
10060 158
10060 14
10060 62
10060 31
10061 177
10061 4
10061 7594
10061 282
10061 1660
10062 1072
10062 16
10062 5
10062 8470
10062 680
10063 1
10063 295
10063 5659
10063 3643
10063 670
10064 816
10064 3
10064 1591
10064 1607
10064 110
10065 1
10065 2
10065 213
10065 6
10065 29
10066 1377
10066 6
10066 3528
10066 2424
10066 41
10067 8416
10067 146
10067 38
10067 2573
10067 1374
10068 742
10068 2666
10068 10
10068 43
10068 9131
10069 0
10069 1219
10069 5
10069 4183
10069 41
10070 1057
10070 6457
10070 953
10070 317
10070 174
10071 1
10071 2
10071 632
10071 1114
10071 382
10072 0
10072 4167
10072 985
10072 9
10072 4111
10073 592
10073 9
10073 1626
10073 6332
10073 31
10075 5297
10075 2722
10075 98
10075 232
10075 175
10076 1
10076 9012
10076 136
10076 9324
10076 733
10077 3712
10077 4371
10077 88
10077 9
10077 6862
10078 209
10078 6
10078 59
10078 124
10078 30
10079 115
10079 4
10079 27
10079 13
10079 254
10080 0
10080 4848
10080 564
10080 5126
10080 1245
10081 0
10081 3185
10081 536
10081 9064
10081 31
10082 755
10082 564
10082 390
10082 5640
10082 9261
10083 0
10083 913
10083 2
10083 53
10083 3343
10084 305
10084 371
10084 36
10084 5709
10084 2477
10085 1488
10085 2
10085 1923
10085 3608
10085 10
10086 897
10086 51
10086 488
10086 10
10086 31
10087 144
10087 8098
10087 3363
10087 2264
10087 1468
10088 0
10088 2560
10088 3107
10088 9237
10088 86
10089 32
10089 53
10089 1210
10089 858
10089 59
10090 0
10090 34
10090 2
10090 9807
10090 31
10091 274
10091 985
10091 331
10091 3915
10091 14
10092 6
10092 75
10092 845
10092 142
10092 1199
10093 1
10093 2
10093 3
10093 3324
10093 95
10094 1201
10094 3
10094 549
10094 343
10094 31
10095 4304
10095 36
10095 1637
10095 1449
10095 43
10096 80
10096 6769
10096 3
10096 59
10096 509
10097 245
10097 22
10097 153
10097 1579
10097 2270
10098 2
10098 2341
10098 824
10098 717
10098 5343
10099 3237
10099 104
10099 13
10099 46
10099 31
10100 1
10100 2323
10100 3
10100 5
10100 12
10101 0
10101 19
10101 3
10101 88
10101 89
10102 1744
10102 19
10102 9404
10102 2573
10102 2606
10103 1
10103 8418
10103 69
10103 40
10103 174
10104 2021
10104 5
10104 3915
10104 925
10104 30
10105 0
10105 258
10105 2103
10105 6924
10105 78
10106 592
10106 3
10106 8362
10106 186
10106 3483
10107 0
10107 259
10107 29
10107 158
10107 206
10108 2
10108 22
10108 23
10108 105
10108 31
10109 225
10109 681
10109 28
10109 12
10109 14
10110 3
10110 7635
10110 24
10110 3165
10110 446
10111 101
10111 53
10111 40
10111 6201
10111 9692
10112 2
10112 3
10112 3125
10112 3510
10112 623
10113 16
10113 709
10113 237
10113 142
10113 31
10114 3456
10114 3
10114 604
10114 14
10114 31
10115 4166
10115 248
10115 7465
10115 521
10115 12
10116 816
10116 531
10116 580
10116 21
10116 7294
10117 2
10117 3795
10117 5
10117 759
10117 3658
10118 2497
10118 3
10118 131
10118 4
10118 287
10119 2580
10119 5
10119 5196
10119 12
10119 31
10121 1777
10121 8306
10121 6579
10121 6394
10121 31
10122 3025
10122 2
10122 982
10122 4953
10122 749
10123 1
10123 546
10123 870
10123 4039
10123 6775
10124 4096
10124 2
10124 10
10124 11
10124 79
10125 3796
10125 4776
10125 3256
10125 826
10125 1212
10126 786
10126 2086
10126 6
10126 1655
10126 8
10127 1
10127 213
10127 5031
10127 9
10127 25
10128 2752
10128 1552
10128 6402
10128 2675
10128 472
10129 5
10129 21
10129 389
10129 3451
10129 1532
10130 197
10130 1606
10130 12
10130 7533
10130 30
10131 128
10131 0
10131 97
10131 5864
10131 525
10132 3440
10132 0
10132 32
10132 1
10132 6068
10133 2
10133 195
10133 41
10133 14
10133 5326
10134 1
10134 97
10134 147
10134 6
10134 9673
10135 1
10135 2
10135 664
10135 6797
10135 14
10136 3
10136 53
10136 5372
10136 13
10136 95
10137 1504
10137 2
10137 1267
10137 1563
10137 27
10138 5543
10138 8
10138 185
10138 13
10138 2717
10140 0
10140 212
10140 21
10140 1287
10140 121
10141 1250
10141 1396
10141 199
10141 90
10141 12
10142 6112
10142 0
10142 11
10142 9548
10142 1183
10143 1
10143 3
10143 6
10143 103
10143 1640
10144 3441
10144 3
10144 916
10144 59
10144 12
10145 5
10145 22
10145 151
10145 88
10145 12
10146 3
10146 53
10146 40
10146 24
10146 29
10147 5712
10147 1091
10147 4566
10147 8390
10147 9983
10149 0
10149 4
10149 41
10149 444
10149 31
10150 0
10150 2
10150 740
10150 4805
10150 952
10151 3985
10151 230
10151 2423
10151 27
10151 31
10152 0
10152 564
10152 7
10152 12
10152 287
10153 368
10153 2
10153 179
10153 6
10153 638
10154 5409
10154 834
10154 5
10154 346
10154 3487
10155 1729
10155 2641
10155 7942
10155 1720
10155 4671
10156 0
10156 2
10156 362
10156 59
10156 9438
10157 0
10157 6
10157 104
10157 74
10157 1340
10158 80
10158 2
10158 7011
10158 2597
10158 41
10159 3
10159 10
10159 6059
10159 2382
10159 382
10160 3
10160 9428
10160 6715
10160 1677
10160 6574
10162 2
10162 3347
10162 3
10162 2184
10162 638
10163 0
10163 672
10163 65
10163 9428
10163 206
10164 1
10164 1827
10164 103
10164 3704
10164 6970
10165 5795
10165 7527
10165 9
10165 682
10165 541
10166 3
10166 9203
10166 1591
10166 6509
10166 158
10167 3
10167 4
10167 6
10167 568
10167 153
10168 1072
10168 773
10168 1622
10168 6299
10168 31
10169 832
10169 2403
10169 5
10169 6
10169 223
10170 1
10170 51
10170 2868
10170 1230
10170 4494
10171 0
10171 2
10171 4868
10171 6104
10171 1465
10172 1
10172 850
10172 5431
10172 12
10172 1293
10173 144
10173 1665
10173 5761
10173 742
10173 380
10174 64
10174 6193
10174 3
10174 297
10174 5116
10175 1
10175 233
10175 3082
10175 6075
10175 143
10176 2
10176 327
10176 9
10176 301
10176 14
10177 4513
10177 8
10177 618
10177 186
10177 1610
10178 2
10178 2195
10178 9
10178 3278
10178 478
10179 2469
10179 4901
10179 9
10179 43
10179 1293
10180 1
10180 1873
10180 19
10180 10
10180 12
10182 5424
10182 1504
10182 1
10182 310
10182 7848
10183 720
10183 726
10183 5607
10183 2089
10183 1292
10184 0
10184 707
10184 197
10184 4810
10184 12
10185 241
10185 2
10185 4
10185 9
10185 1806
10186 17
10186 4
10186 5
10186 5976
10186 139
10187 1
10187 2180
10187 532
10187 677
10187 8
10189 336
10189 21
10189 1691
10189 4876
10189 31
10190 52
10190 1912
10190 9
10190 12
10190 1341
10191 128
10191 2
10191 3
10191 3189
10191 3774
10192 51
10192 4
10192 740
10192 2068
10192 1624
10193 4962
10193 21
10193 5
10193 1260
10193 9615
10194 1
10194 43
10194 6140
10194 14
10194 31
10196 5
10196 6
10196 73
10196 11
10196 158
10197 0
10197 2
10197 532
10197 217
10197 10
10198 1235
10198 4697
10198 347
10198 7276
10198 126
10199 17
10199 7410
10199 24
10199 56
10199 1403
10200 3121
10200 9
10200 8925
10200 95
10200 47
10201 305
10201 4
10201 10006
10201 10
10201 1167
10202 1508
10202 202
10202 859
10202 204
10202 6815
10203 1
10203 8051
10203 4520
10203 2413
10203 158
10204 193
10204 25
10204 122
10204 58
10204 1183
10205 2885
10205 9717
10205 3321
10205 380
10205 31
10206 3
10206 1268
10206 5
10206 330
10206 6046
10207 2290
10207 27
10207 2092
10207 3309
10207 1518
10208 1138
10208 4210
10208 5412
10208 60
10208 95
10209 320
10209 2
10209 22
10209 7992
10209 2490
10211 0
10211 1
10211 3
10211 412
10211 5534
10212 64
10212 5363
10212 933
10212 2123
10212 734
10213 753
10213 161
10213 7190
10213 279
10213 1613
10215 0
10215 1
10215 2
10215 21
10215 3878
10216 1957
10216 8
10216 136
10216 10107
10216 12
10217 0
10217 33
10217 3506
10217 3667
10217 5551
10218 16
10218 2
10218 5
10218 86
10218 119
10219 9765
10219 21
10219 41
10219 12
10219 734
10220 0
10220 1
10220 2181
10220 2089
10220 10
10221 290
10221 51
10221 6438
10221 6
10221 605
10222 4563
10222 3
10222 105
10222 1100
10222 1870
10223 19
10223 867
10223 9223
10223 8
10223 3631
10224 320
10224 7106
10224 999
10224 2504
10224 1615
10225 401
10225 147
10225 3971
10225 4470
10225 6840
10226 64
10226 3
10226 4
10226 2281
10226 873
10227 1219
10227 6
10227 506
10227 1051
10227 925
10228 2722
10228 2436
10228 7466
10228 141
10228 13
10229 1
10229 7012
10229 436
10229 5
10229 9949
10230 2464
10230 5363
10230 180
10230 4554
10230 141
10231 0
10231 2996
10231 11
10231 6142
10231 31
10233 10000
10233 24
10233 730
10233 8171
10233 156
10235 50
10235 147
10235 24
10235 1340
10235 31
10236 2
10236 2068
10236 5975
10236 4059
10236 31
10237 4224
10237 4
10237 53
10237 8
10237 3247
10238 8529
10238 2
10238 5315
10238 644
10238 217
10239 97
10239 177
10239 2
10239 1640
10239 62
10240 4305
10240 2
10240 914
10240 105
10240 861
10241 2
10241 662
10241 390
10241 8
10241 24
10242 1
10242 52
10242 9
10242 1805
10242 367
10243 38
10243 4216
10243 155
10243 12
10243 2638
10244 995
10244 4549
10244 6
10244 103
10244 4201
10245 4531
10245 5
10245 615
10245 680
10245 7677
10246 1
10246 9380
10246 103
10246 29
10246 1071
10247 131
10247 21
10247 3253
10247 6089
10247 31
10248 2
10248 180
10248 4
10248 347
10248 1293
10249 86
10249 6475
10249 172
10249 12
10249 863
10250 1376
10250 34
10250 5588
10250 5006
10250 1918
10251 3
10251 68
10251 6
10251 2086
10251 9021
10252 32
10252 2295
10252 395
10252 1003
10252 1998
10253 1140
10253 3177
10253 475
10253 76
10253 1629
10254 3
10254 6
10254 2808
10254 2860
10254 14
10255 112
10255 2
10255 37
10255 10
10255 830
10256 64
10256 4196
10256 597
10256 87
10256 2233
10257 2
10257 599
10257 58
10257 141
10257 63
10258 6770
10258 53
10258 124
10258 285
10258 9421
10259 64
10259 0
10259 2258
10259 103
10259 10
10260 659
10260 4
10260 772
10260 9000
10260 28
10261 2
10261 2130
10261 3574
10261 140
10261 1501
10262 145
10262 2
10262 151
10262 9353
10262 7211
10263 1
10263 4242
10263 8
10263 2814
10263 31
10264 513
10264 1639
10264 442
10264 4747
10264 31
10265 1
10265 178
10265 1586
10265 442
10265 6507
10266 4928
10266 1
10266 684
10266 237
10266 478
10267 2
10267 3
10267 36
10267 53
10267 1627
10268 192
10268 5
10268 4971
10268 12
10268 140
10269 672
10269 3
10269 5989
10269 1021
10269 14
10270 1318
10270 5142
10270 73
10270 314
10270 2687
10271 1
10271 4
10271 390
10271 4203
10271 31
10272 197
10272 6
10272 23
10272 233
10272 170
10273 5088
10273 582
10273 4711
10273 2696
10273 8
10274 3
10274 664
10274 9
10274 314
10274 3788
10275 17
10275 4
10275 8
10275 281
10275 495
10276 1
10276 598
10276 1163
10276 236
10276 14
10277 0
10277 3
10277 4
10277 10
10277 27
10278 450
10278 2611
10278 6
10278 136
10278 25
10279 3
10279 5060
10279 248
10279 4558
10279 63
10280 1
10280 3
10280 5
10280 1701
10280 395
10282 6112
10282 3670
10282 4183
10282 859
10282 10046
10283 180
10283 5
10283 7397
10283 5452
10283 2671
10284 0
10284 3
10284 4
10284 887
10284 3833
10285 481
10285 3138
10285 3876
10285 3289
10285 140
10286 421
10286 53
10286 86
10286 472
10286 47
10287 0
10287 3
10287 2202
10287 59
10287 12
10288 2032
10288 8496
10288 450
10288 102
10288 31
10289 272
10289 850
10289 8
10289 3406
10289 31
10290 36
10290 1556
10290 3353
10290 1485
10290 31
10292 371
10292 3
10292 782
10292 47
10292 31
10294 0
10294 3985
10294 86
10294 6
10294 7880
10295 4
10295 393
10295 10
10295 8555
10295 783
10296 0
10296 16
10296 40
10296 249
10296 2590
10297 0
10297 1683
10297 4
10297 3541
10297 41
10299 3347
10299 4
10299 1047
10299 10
10299 27
10300 9266
10300 2
10300 3927
10300 4232
10300 4381
10301 2
10301 115
10301 824
10301 27
10301 4510
10302 0
10302 3
10302 840
10302 619
10302 1071
10303 16
10303 321
10303 434
10303 3
10303 4
10304 32
10304 180
10304 4231
10304 2077
10304 2638
10305 8930
10305 1827
10305 761
10305 3210
10305 2510
10306 9745
10306 21
10306 39
10306 491
10306 5918
10307 280
10307 153
10307 6283
10307 1691
10307 47
10308 160
10308 1
10308 2689
10308 88
10308 158
10309 3458
10309 9417
10309 2923
10309 541
10309 399
10310 4
10310 4519
10310 1047
10310 205
10310 94
10311 5779
10311 840
10311 59
10311 4572
10311 622
10312 1414
10312 5561
10312 2074
10312 12
10312 4494
10313 4341
10313 185
10313 509
10313 430
10313 31
10314 101
10314 742
10314 182
10314 10
10314 366
10315 5
10315 10058
10315 2123
10315 2221
10315 79
10316 16
10316 7280
10316 23
10316 1260
10316 5901
10317 2
10317 102
10317 6152
10317 1257
10317 12
10318 1
10318 2
10318 643
10318 133
10318 3626
10320 16
10320 9875
10320 5303
10320 88
10320 859
10321 3
10321 1173
10321 22
10321 379
10321 27
10323 2672
10323 193
10323 2120
10323 5099
10323 1661
10324 500
10324 166
10324 103
10324 4215
10324 1167
10325 64
10325 3
10325 662
10325 9
10325 9020
10326 3552
10326 6145
10326 1
10326 245
10326 3418
10327 2
10327 5
10327 8
10327 140
10327 2606
10329 0
10329 1
10329 3
10329 5069
10329 14
10330 3138
10330 21
10330 11
10330 4860
10330 557
10331 21
10331 102
10331 185
10331 4650
10331 11
10332 4881
10332 2
10332 916
10332 8
10332 4190
10333 0
10333 177
10333 3138
10333 5529
10333 3244
10334 321
10334 134
10334 23
10334 936
10334 13
10335 7761
10335 3
10335 1880
10335 362
10335 9021
10336 1600
10336 1
10336 7093
10336 86
10336 9384
10337 3
10337 6
10337 7575
10337 9977
10337 62
10338 5168
10338 1862
10338 23
10338 6410
10338 911
10339 3
10339 36
10339 9
10339 1051
10339 715
10340 3
10340 5
10340 678
10340 59
10340 2316
10341 1
10341 420
10341 6
10341 3625
10341 29
10342 32
10342 5089
10342 82
10342 1884
10342 31
10343 2961
10343 10244
10343 2439
10343 5127
10343 700
10344 3364
10344 6
10344 24
10344 8
10344 1487
10345 1
10345 21
10345 10137
10345 1822
10345 4111
10346 0
10346 38
10346 361
10346 570
10346 125
10347 5
10347 8
10347 379
10347 237
10347 238
10348 3104
10348 96
10348 4912
10348 3479
10348 218
10349 1
10349 3
10349 259
10349 6071
10349 14
10350 3
10350 4067
10350 3031
10350 3387
10350 14
10351 1
10351 34
10351 36
10351 9045
10351 217
10352 259
10352 4
10352 1204
10352 8887
10352 6649
10353 0
10353 5812
10353 4
10353 213
10353 29
10354 785
10354 2
10354 3955
10354 431
10354 271
10355 6675
10355 3956
10355 8505
10355 29
10355 31
10356 4177
10356 1188
10356 23
10356 10056
10356 8511
10357 64
10357 8690
10357 290
10357 59
10357 75
10358 6739
10358 23
10358 141
10358 1501
10358 9981
10359 32
10359 4
10359 3497
10359 75
10359 1359
10360 165
10360 679
10360 1160
10360 2072
10360 31
10361 1010
10361 50
10361 3140
10361 59
10361 2878
10362 3409
10362 2322
10362 388
10362 118
10362 700
10363 2375
10363 7383
10363 40
10363 6905
10363 8858
10364 320
10364 4
10364 261
10364 1624
10364 12
10365 4
10365 5
10365 136
10365 8555
10365 333
10366 0
10366 2354
10366 2
10366 3
10366 75
10367 4
10367 2406
10367 8
10367 265
10367 1133
10368 10146
10368 7973
10368 53
10368 88
10368 27
10369 1
10369 595
10369 21
10369 4581
10369 143
10370 3008
10370 73
10370 1530
10370 93
10370 991
10371 4
10371 21
10371 5
10371 6
10371 158
10372 2
10372 195
10372 647
10372 7708
10372 542
10373 0
10373 2
10373 4979
10373 341
10373 7
10374 21
10374 3721
10374 8937
10374 25
10374 172
10375 3361
10375 1
10375 178
10375 275
10375 1212
10376 0
10376 337
10376 4
10376 21
10376 58
10377 4400
10377 1
10377 5
10377 6
10377 4026
10378 6176
10378 963
10378 1253
10378 6
10378 2104
10381 2
10381 21
10381 2150
10381 25
10381 6060
10382 97
10382 2089
10382 585
10382 74
10382 29
10383 0
10383 4
10383 6
10383 6438
10383 1326
10384 7763
10384 6
10384 1878
10384 8
10384 25
10385 0
10385 3
10385 3992
10385 74
10385 12
10386 0
10386 6176
10386 2
10386 1027
10386 1749
10387 64
10387 2
10387 6420
10387 9924
10387 5806
10388 21
10388 1591
10388 27
10388 3212
10388 3421
10389 657
10389 2
10389 89
10389 156
10389 526
10390 1523
10390 5
10390 3304
10390 1209
10390 478
10391 209
10391 180
10391 132
10391 5045
10391 158
10392 1
10392 177
10392 21
10392 6
10392 217
10393 0
10393 2129
10393 2327
10393 7624
10393 173
10394 0
10394 53
10394 183
10394 14
10394 6494
10396 21
10396 5
10396 6392
10396 2860
10396 1439
10397 5
10397 1785
10397 186
10397 2154
10397 13
10398 1
10398 10324
10398 5
10398 187
10398 11
10399 176
10399 1
10399 3364
10399 261
10399 29
10400 2
10400 3
10400 212
10400 3736
10400 31
10401 2
10401 868
10401 854
10401 1021
10401 1487
10402 80
10402 4132
10402 5
10402 13
10402 31
10403 1712
10403 1
10403 1202
10403 6072
10403 4315
10404 5442
10404 36
10404 23
10404 10
10404 1806
10405 1
10405 532
10405 5
10405 6
10405 173
10406 2276
10406 5
10406 119
10406 8
10406 280
10408 976
10408 148
10408 4
10408 4470
10408 1629
10410 3
10410 40
10410 281
10410 238
10410 8527
10411 2
10411 7203
10411 5
10411 8
10411 6298
10412 0
10412 1
10412 52
10412 22
10412 2477
10413 16
10413 5045
10413 1655
10413 152
10413 9
10414 16
10414 3
10414 708
10414 53
10414 2237
10415 576
10415 1
10415 51
10415 21
10415 1737
10416 4720
10416 1729
10416 3
10416 6
10416 156
10418 1168
10418 0
10418 3
10418 1092
10418 733
10419 64
10419 1473
10419 1495
10419 7209
10419 5406
10420 2176
10420 3
10420 5
10420 3452
10420 1166
10421 2
10421 9938
10421 86
10421 88
10421 2700
10422 86
10422 59
10422 140
10422 5357
10422 14
10423 290
10423 3
10423 19
10423 12
10423 222
10424 2
10424 359
10424 9000
10424 7292
10424 140
10426 2336
10426 16
10426 1380
10426 21
10426 40
10427 7557
10427 840
10427 3069
10427 2014
10427 158
10428 2275
10428 6949
10428 839
10428 25
10428 315
10429 4
10429 53
10429 24
10429 491
10429 239
10432 0
10432 1
10432 2
10432 1334
10432 62
10433 0
10433 7778
10433 435
10433 5128
10433 10026
10434 6
10434 166
10434 4070
10434 199
10434 8
10435 0
10435 1506
10435 6629
10435 1575
10435 249
10436 3683
10436 295
10436 823
10436 263
10436 330
10437 1282
10437 450
10437 885
10437 5
10437 9
10438 1171
10438 4
10438 715
10438 5838
10438 175
10439 1
10439 24
10439 12
10439 540
10439 31
10440 1
10440 36
10440 5
10440 167
10440 1655
10441 0
10441 233
10441 10
10441 284
10441 4399
10442 9680
10442 2
10442 3
10442 36
10442 6527
10443 1719
10443 59
10443 315
10443 31
10443 463
10444 9009
10444 3445
10444 5528
10444 185
10444 59
10445 1
10445 2
10445 3803
10445 10107
10445 605
10446 500
10446 8
10446 3736
10446 1340
10446 380
10447 2
10447 9363
10447 183
10447 201
10447 5276
10448 7457
10448 275
10448 5204
10448 5642
10448 31
10449 4
10449 86
10449 3399
10449 43
10449 31
10450 0
10450 160
10450 9729
10450 4266
10450 14
10451 64
10451 976
10451 5
10451 3674
10451 734
10452 0
10452 2
10452 758
10452 776
10452 9
10453 352
10453 4
10453 918
10453 12
10453 31
10454 80
10454 0
10454 1618
10454 293
10454 3981
10455 2626
10455 3
10455 55
10455 393
10455 12
10456 4
10456 2906
10456 27
10456 12
10456 62
10457 4
10457 874
10457 11
10457 172
10457 524
10459 1
10459 8892
10459 2797
10459 4798
10459 239
10460 2912
10460 289
10460 53
10460 200
10460 12
10461 144
10461 293
10461 1478
10461 8889
10461 395
10462 80
10462 454
10462 3164
10462 237
10462 382
10464 4
10464 2294
10464 1579
10464 12
10464 95
10465 1827
10465 1508
10465 5
10465 6585
10465 1439
10466 0
10466 5
10466 7159
10466 56
10466 751
10467 5606
10467 8
10467 25
10467 233
10467 141
10468 2144
10468 2
10468 349
10468 702
10468 14
10470 177
10470 5
10470 27
10470 317
10470 2382
10472 1
10472 10052
10472 53
10472 59
10472 29
10473 762
10473 395
10473 8347
10473 1115
10473 29
10474 4657
10474 581
10474 3798
10474 237
10474 4623
10475 2888
10475 7561
10475 29
10475 9710
10475 31
10477 1
10477 2
10477 6
10477 9609
10477 222
10478 4704
10478 2
10478 3
10478 7
10478 11
10480 0
10480 449
10480 3926
10480 38
10480 7562
10481 64
10481 1458
10481 86
10481 3415
10481 73
10482 80
10482 976
10482 177
10482 8
10482 10
10483 2435
10483 4
10483 247
10483 8
10483 1626
10484 544
10484 6388
10484 725
10484 40
10484 1340
10485 7280
10485 34
10485 131
10485 503
10485 12
10486 1504
10486 4273
10486 36
10486 24
10486 59
10487 176
10487 1
10487 2
10487 19
10487 10
10488 193
10488 2150
10488 40
10488 1502
10488 1854
10489 16
10489 6416
10489 3
10489 5749
10489 95
10490 836
10490 6
10490 103
10490 10
10490 574
10491 3
10491 6
10491 55
10491 8
10491 393
10493 497
10493 9745
10493 38
10493 40
10493 10
10494 625
10494 818
10494 51
10494 5187
10494 103
10495 160
10495 2
10495 2450
10495 1108
10495 6281
10496 3
10496 4
10496 5237
10496 105
10496 154
10497 128
10497 0
10497 55
10497 3676
10497 9421
10498 4529
10498 5
10498 3272
10498 105
10498 31
10499 577
10499 212
10499 1511
10499 3865
10499 14
10500 2
10500 21
10500 4534
10500 10
10500 11
10501 432
10501 7
10501 88
10501 27
10501 3213
10502 80
10502 741
10502 1030
10502 14
10502 31
10503 1191
10503 7544
10503 2441
10503 170
10503 59
10504 0
10504 450
10504 131
10504 9
10504 172
10505 1
10505 402
10505 3
10505 2342
10505 5676
10506 0
10506 708
10506 6309
10506 8187
10506 383
10507 1
10507 2
10507 3
10507 38
10507 6086
10508 2128
10508 5521
10508 1
10508 25
10508 4763
10509 0
10509 66
10509 9206
10509 151
10509 4938
10510 133
10510 86
10510 6
10510 727
10510 90
10511 16
10511 32
10511 197
10511 12
10511 478
10512 321
10512 531
10512 84
10512 393
10512 143
10513 7825
10513 180
10513 996
10513 167
10513 267
10514 1008
10514 3
10514 715
10514 75
10514 1692
10515 0
10515 6817
10515 2
10515 580
10515 212
10516 16
10516 7202
10516 258
10516 276
10516 124
10517 1
10517 2
10517 29
10517 1373
10517 15
10518 899
10518 7208
10518 9691
10518 27
10518 7039
10519 274
10519 53
10519 1740
10519 5071
10519 1615
10520 0
10520 469
10520 1528
10520 3230
10520 31
10521 1
10521 34
10521 8
10521 8300
10521 1167
10522 112
10522 259
10522 201
10522 9
10522 10
10523 131
10523 1591
10523 7
10523 297
10523 31
10524 10145
10524 129
10524 102
10524 14
10524 47
10525 1
10525 8
10525 2537
10525 12
10525 1340
10526 592
10526 0
10526 6144
10526 1
10526 1334
10527 581
10527 3495
10527 8040
10527 760
10527 2474
10528 80
10528 36
10528 119
10528 4026
10528 124
10529 1
10529 114
10529 2539
10529 92
10529 3533
10530 259
10530 5575
10530 11
10530 2476
10530 158
10531 1859
10531 6932
10531 1543
10531 6871
10531 589
10532 4
10532 21
10532 6
10532 23
10532 41
10533 2929
10533 977
10533 2578
10533 3
10533 12
10534 6
10534 2118
10534 105
10534 2074
10534 222
10535 8432
10535 1
10535 259
10535 3078
10535 8028
10536 6464
10536 6
10536 9753
10536 217
10536 606
10537 0
10537 834
10537 546
10537 53
10537 295
10538 0
10538 2
10538 3172
10538 998
10538 1438
10539 33
10539 402
10539 6
10539 1558
10539 11
10540 144
10540 3
10540 5060
10540 3015
10540 8239
10541 560
10541 50
10541 3
10541 12
10541 462
10542 0
10542 4530
10542 35
10542 1861
10542 3881
10543 2689
10543 165
10543 6
10543 4263
10543 2090
10544 80
10544 4610
10544 19
10544 59
10544 222
10545 21
10545 2773
10545 4647
10545 2123
10545 140
10548 0
10548 279
10548 7735
10548 14
10548 31
10549 2
10549 3
10549 4
10549 22
10549 1051
10550 129
10550 5
10550 454
10550 6023
10550 41
10551 144
10551 640
10551 2
10551 5
10551 121
10552 2896
10552 1
10552 5077
10552 536
10552 1453
10553 33
10553 4
10553 279
10553 9
10553 494
10554 9428
10554 6
10554 631
10554 12
10554 14
10555 21
10555 519
10555 1580
10555 3117
10555 30
10556 321
10556 2
10556 677
10556 118
10556 8470
10557 3
10557 805
10557 4934
10557 295
10557 1000
10558 336
10558 7120
10558 132
10558 6
10558 3886
10560 0
10560 7825
10560 339
10560 7642
10560 29
10561 450
10561 5
10561 6
10561 1449
10561 9981
10562 1
10562 2
10562 12
10562 1212
10562 2735
10564 0
10564 128
10564 5956
10564 21
10564 10
10565 320
10565 10482
10565 1747
10565 7688
10565 3693
10566 4960
10566 2
10566 3
10566 212
10566 573
10567 4
10567 916
10567 3064
10567 185
10567 7899
10568 1552
10568 0
10568 3
10568 88
10568 2058
10569 1584
10569 1
10569 659
10569 40
10569 429
10570 1
10570 3
10570 1561
10570 670
10570 31
10571 212
10571 138
10571 1356
10571 14
10571 127
10572 1
10572 3
10572 525
10572 253
10572 5871
10573 0
10573 80
10573 899
10573 6
10573 78
10574 661
10574 8
10574 3672
10574 10
10574 2206
10575 3
10575 21
10575 59
10575 6220
10575 126
10576 275
10576 21
10576 730
10576 12
10576 6557
10577 112
10577 3730
10577 7667
10577 119
10577 6457
10578 16
10578 373
10578 41
10578 12
10578 2540
10579 166
10579 6
10579 86
10579 24
10579 74
10580 2785
10580 1393
10580 103
10580 23
10580 9
10582 1
10582 103
10582 7432
10582 14
10582 4639
10583 2320
10583 23
10583 1932
10583 5327
10583 63
10584 50
10584 90
10584 59
10584 12
10584 1870
10585 2019
10585 3
10585 4741
10585 3415
10585 10090
10586 0
10586 99
10586 695
10586 219
10586 510
10587 82
10587 823
10587 24
10587 41
10587 1468
10588 3681
10588 756
10588 24
10588 3581
10588 29
10589 5136
10589 4064
10589 5282
10589 12
10589 1245
10590 0
10590 5136
10590 775
10590 103
10590 2231
10591 1
10591 2578
10591 226
10591 5860
10591 395
10592 1314
10592 682
10592 2795
10592 6987
10592 8621
10593 2
10593 1476
10593 7098
10593 9150
10593 79
10594 1601
10594 2
10594 6
10594 9
10594 1358
10596 1376
10596 1752
10596 4985
10596 157
10596 6703
10597 0
10597 2
10597 3733
10597 5352
10597 237
10598 3203
10598 1880
10598 4184
10598 140
10598 158
10599 4928
10599 64
10599 1
10599 3
10599 25
10600 8133
10600 1082
10600 4204
10600 157
10600 4030
10601 1392
10601 1
10601 3389
10601 223
10601 31
10602 4720
10602 8786
10602 183
10602 9
10602 142
10603 1
10603 257
10603 1142
10603 106
10603 10092
10604 1873
10604 7058
10604 226
10604 1676
10604 140
10605 1
10605 2
10605 3
10605 5
10605 25
10606 3267
10606 4
10606 228
10606 8
10606 506
10607 337
10607 36
10607 6662
10607 6
10607 12
10608 192
10608 4
10608 548
10608 2168
10608 8
10609 64
10609 196
10609 23
10609 8
10609 441
10610 754
10610 8456
10610 2168
10610 1929
10610 155
10611 1696
10611 0
10611 3
10611 6
10611 4094
10612 0
10612 197
10612 10
10612 13
10612 1709
10613 4096
10613 32
10613 10
10613 12
10613 222
10614 129
10614 130
10614 10371
10614 5
10614 3262
10615 32
10615 258
10615 6549
10615 618
10615 7659
10616 3490
10616 211
10616 1860
10616 5
10616 2459
10617 3
10617 147
10617 21
10617 4845
10617 158
10618 976
10618 274
10618 3379
10618 5573
10618 1678
10619 36
10619 4
10619 5
10619 7877
10619 1246
10620 4256
10620 1443
10620 180
10620 5
10620 11
10621 1376
10621 0
10621 10439
10621 7
10621 29
10622 36
10622 6
10622 5689
10622 427
10622 1883
10623 2
10623 1610
10623 75
10623 910
10623 1598
10624 228
10624 103
10624 4075
10624 395
10624 462
10625 65
10625 2
10625 372
10625 1995
10625 2284
10626 0
10626 192
10626 1696
10626 66
10626 6031
10627 6769
10627 1813
10627 263
10627 5723
10627 333
10628 257
10628 65
10628 2758
10628 1144
10628 142
10629 3600
10629 0
10629 21
10629 9
10629 287
10630 53
10630 118
10630 153
10630 1820
10630 158
10631 625
10631 310
10631 8839
10631 43
10631 9390
10633 0
10633 177
10633 87
10633 1000
10633 5629
10634 259
10634 36
10634 404
10634 12
10634 13
10635 1206
10635 5031
10635 4041
10635 1705
10635 399
10636 3
10636 133
10636 9816
10636 1736
10636 8026
10638 1858
10638 3
10638 725
10638 4037
10638 31
10640 34
10640 338
10640 9
10640 186
10640 5215
10641 0
10641 513
10641 24
10641 25
10641 393
10642 0
10642 1185
10642 2
10642 4697
10642 3278
10643 3648
10643 1
10643 6
10643 155
10643 10253
10644 133
10644 4358
10644 2876
10644 653
10644 111
10645 3552
10645 3
10645 134
10645 86
10645 3402
10646 146
10646 180
10646 1173
10646 8
10646 9
10647 5
10647 1398
10647 59
10647 349
10647 1983
10648 0
10648 6098
10648 2
10648 6
10648 621
10649 2544
10649 55
10649 573
10649 30
10649 8463
10650 3798
10650 742
10650 183
10650 428
10650 287
10651 1
10651 257
10651 3124
10651 4
10651 74
10652 5
10652 6519
10652 395
10652 12
10652 14
10653 4657
10653 243
10653 166
10653 170
10653 6203
10656 2403
10656 3
10656 249
10656 393
10656 379
10657 3
10657 1238
10657 89
10657 8044
10657 47
10658 4
10658 5
10658 6
10658 8535
10658 4215
10659 34
10659 3
10659 22
10659 27
10659 1183
10660 80
10660 1013
10660 8
10660 31
10660 143
10661 2580
10661 1989
10661 170
10661 1660
10661 255
10662 9520
10662 3875
10662 4
10662 8438
10662 3705
10663 144
10663 6881
10663 3
10663 62
10663 1487
10664 129
10664 3
10664 5
10664 662
10664 1689
10665 3
10665 4
10665 6
10665 918
10665 7606
10666 80
10666 2
10666 4
10666 8534
10666 138
10667 0
10667 5
10667 455
10667 9
10667 45
10668 21
10668 8
10668 2298
10668 427
10668 542
10669 1059
10669 4
10669 2055
10669 8
10669 6635
10670 0
10670 5139
10670 179
10670 200
10670 14
10671 7106
10671 10196
10671 5093
10671 7992
10671 10
10672 2672
10672 1
10672 3
10672 3124
10672 14
10673 4
10673 1957
10673 9292
10673 812
10673 1854
10674 144
10674 10512
10674 2
10674 10
10674 31
10675 33
10675 6
10675 6185
10675 586
10675 126
10676 1
10676 4
10676 103
10676 9
10676 250
10680 5248
10680 36
10680 228
10680 103
10680 7199
10681 1203
10681 361
10681 170
10681 351
10681 8191
10682 1
10682 50
10682 650
10682 4796
10682 638
10683 16
10683 3
10683 103
10683 346
10683 699
10684 320
10684 2
10684 4
10684 266
10684 7422
10685 177
10685 4
10685 552
10685 11
10685 31
10686 1
10686 4086
10686 23
10686 8
10686 830
10687 177
10687 2
10687 982
10687 12
10687 1023
10688 0
10688 355
10688 340
10688 3207
10688 59
10689 5476
10689 53
10689 22
10689 342
10689 14
10690 64
10690 275
10690 4
10690 2618
10690 8668
10691 4786
10691 1685
10691 471
10691 10
10691 14
10692 450
10692 36
10692 4
10692 152
10692 95
10693 0
10693 708
10693 22
10693 248
10693 143
10694 2
10694 275
10694 628
10694 21
10694 24
10696 1
10696 180
10696 6
10696 2903
10696 140
10698 1
10698 3
10698 185
10698 3385
10698 59
10699 1
10699 3
10699 1334
10699 6585
10699 938
10700 243
10700 12
10700 8781
10700 1165
10700 2350
10701 307
10701 3797
10701 12
10701 349
10701 158
10702 213
10702 1093
10702 25
10702 1610
10702 9050
10703 3984
10703 80
10703 4449
10703 1528
10703 10
10704 1
10704 36
10704 72
10704 5353
10704 5438
10705 0
10705 9811
10705 1047
10705 14
10705 4431
10706 320
10706 0
10706 1014
10706 5208
10706 31
10707 6388
10707 5367
10707 5626
10707 187
10707 45
10708 2833
10708 3
10708 59
10708 843
10708 63
10709 867
10709 195
10709 3660
10709 237
10709 5246
10710 1219
10710 371
10710 6443
10710 268
10710 4942
10712 1
10712 563
10712 8120
10712 4682
10712 29
10713 5152
10713 2
10713 3
10713 8515
10713 95
10714 10593
10714 2
10714 36
10714 324
10714 14
10715 0
10715 6756
10715 38
10715 40
10715 4077
10716 80
10716 67
10716 3461
10716 214
10716 300
10718 5937
10718 5
10718 471
10718 8889
10718 142
10719 160
10719 3
10719 8
10719 73
10719 59
10720 4
10720 1990
10720 6279
10720 2089
10720 574
10721 80
10721 388
10721 456
10721 200
10721 699
10722 2
10722 3316
10722 9172
10722 2150
10722 248
10723 929
10723 152
10723 9
10723 75
10723 493
10724 1
10724 4418
10724 3988
10724 136
10724 1560
10725 1
10725 5
10725 6
10725 9
10725 2266
10726 161
10726 1890
10726 3
10726 36
10726 1055
10727 2195
10727 180
10727 199
10727 5303
10727 7276
10728 306
10728 3
10728 8981
10728 21
10728 59
10729 64
10729 197
10729 343
10729 1097
10729 29
10730 7575
10730 330
10730 43
10730 2525
10730 2638
10731 1953
10731 243
10731 9988
10731 3253
10731 31
10732 209
10732 677
10732 232
10732 313
10732 570
10733 1
10733 2
10733 2218
10733 491
10733 637
10734 320
10734 753
10734 3
10734 1976
10734 250
10735 176
10735 1010
10735 3
10735 5
10735 6
10736 867
10736 20
10736 180
10736 6
10736 983
10737 0
10737 1636
10737 5
10737 43
10737 140
10738 676
10738 1159
10738 7143
10738 523
10738 1579
10739 259
10739 3
10739 200
10739 8
10739 2906
10740 1
10740 67
10740 29
10740 31
10740 8399
10741 8003
10741 21
10741 118
10741 570
10741 2283
10742 64
10742 1
10742 2
10742 9122
10742 89
10743 2224
10743 132
10743 36
10743 6651
10743 174
10744 6388
10744 5830
10744 1047
10744 10
10744 173
10745 0
10745 549
10745 6523
10745 13
10745 8926
10746 99
10746 4436
10746 14
10746 3935
10746 143
10748 65
10748 131
10748 5
10748 53
10748 6
10749 416
10749 419
10749 278
10749 905
10749 11
10750 36
10750 2807
10750 43
10750 4542
10750 383
10751 64
10751 1538
10751 2
10751 1093
10751 331
10752 2096
10752 32
10752 370
10752 1204
10752 5653
10753 2
10753 68
10753 1780
10753 2841
10753 14
10754 709
10754 10662
10754 6
10754 1246
10754 478
10755 1
10755 98
10755 597
10755 6110
10755 4223
10756 1872
10756 1
10756 5
10756 22
10756 4714
10757 115
10757 2275
10757 6694
10757 2294
10757 7935
10758 5904
10758 80
10758 0
10758 1637
10758 1274
10759 3440
10759 2
10759 1924
10759 2758
10759 29
10760 402
10760 4
10760 5
10760 1752
10760 140
10761 145
10761 50
10761 6
10761 25
10761 11
10762 4563
10762 6372
10762 24
10762 14
10762 31
10763 832
10763 2
10763 324
10763 250
10763 299
10764 2964
10764 11
10764 9405
10764 813
10764 63
10766 116
10766 23
10766 5898
10766 7706
10766 317
10767 0
10767 10409
10767 11
10767 13
10767 1439
10768 32
10768 1841
10768 51
10768 2964
10768 315
10769 1
10769 788
10769 5113
10769 107
10769 10158
10770 864
10770 180
10770 74
10770 3355
10770 460
10771 4677
10771 5
10771 23
10771 170
10771 3675
10773 2176
10773 32
10773 1
10773 3131
10773 4494
10774 2
10774 34
10774 10
10774 349
10774 1679
10775 0
10775 577
10775 1
10775 6058
10775 1423
10776 51
10776 116
10776 1316
10776 1493
10776 2669
10777 150
10777 872
10777 2265
10777 234
10777 2318
10778 5600
10778 180
10778 6
10778 394
10778 90
10779 544
10779 960
10779 8
10779 105
10779 1339
10780 5088
10780 160
10780 2
10780 442
10780 6669
10782 659
10782 277
10782 6
10782 43
10782 4316
10783 0
10783 2
10783 3
10783 1931
10783 158
10784 0
10784 4275
10784 339
10784 1652
10784 47
10785 4
10785 186
10785 155
10785 1820
10785 1612
10786 7778
10786 3091
10786 4
10786 5178
10786 107
10787 227
10787 3
10787 38
10787 8
10787 40
10788 0
10788 3155
10788 54
10788 2744
10788 158
10789 16
10789 1414
10789 59
10789 13
10789 159
10790 4161
10790 3
10790 5
10790 2056
10790 7032
10791 2
10791 9
10791 364
10791 2892
10791 158
10792 8
10792 7882
10792 333
10792 15
10792 31
10793 0
10793 5
10793 5322
10793 187
10793 748
10794 3474
10794 5
10794 471
10794 2984
10794 10
10795 80
10795 64
10795 322
10795 315
10795 204
10796 80
10796 41
10796 6523
10796 1371
10796 2014
10797 3136
10797 432
10797 0
10797 1258
10797 187
10798 1
10798 295
10798 264
10798 6093
10798 8446
10799 2
10799 5
10799 8
10799 9
10799 1149
10800 1
10800 2
10800 179
10800 187
10800 478
10801 65
10801 3
10801 24
10801 1913
10801 2732
10802 80
10802 16
10802 580
10802 12
10802 175
10803 307
10803 179
10803 4
10803 55
10803 47
10804 1440
10804 114
10804 24
10804 59
10804 3711
10805 1
10805 3
10805 1460
10805 6
10805 3368
10807 2
10807 9
10807 10
10807 92
10807 3277
10808 3568
10808 1621
10808 807
10808 871
10808 3455
10809 193
10809 53
10809 6
10809 8
10809 4510
10810 513
10810 34
10810 5044
10810 5269
10810 31
10811 0
10811 2
10811 4
10811 6
10811 7706
10812 2
10812 983
10812 2391
10812 6526
10812 1183
10813 4
10813 404
10813 1222
10813 1975
10813 727
10814 352
10814 53
10814 230
10814 124
10814 12
10815 1203
10815 469
10815 6
10815 29
10815 910
10816 3
10816 5
10816 9
10816 10554
10816 267
10817 4308
10817 6
10817 5209
10817 124
10817 364
10818 2
10818 390
10818 1405
10818 125
10818 10446
10819 2
10819 371
10819 131
10819 27
10819 78
10820 2
10820 21
10820 4262
10820 24
10820 9837
10821 32
10821 4
10821 3608
10821 24
10821 31
10822 1376
10822 0
10822 2323
10822 6
10822 156
10823 21
10823 953
10823 43
10823 478
10823 7086
10824 4
10824 4805
10824 342
10824 973
10824 349
10825 1
10825 2
10825 39
10825 2905
10825 10
10826 0
10826 8
10826 349
10826 46
10826 430
10827 8097
10827 18
10827 21
10827 1637
10827 1976
10828 32
10828 1059
10828 230
10828 10
10828 938
10829 17
10829 1
10829 1257
10829 187
10829 12
10830 32
10830 4
10830 24
10830 1736
10830 1420
10832 259
10832 212
10832 6
10832 3724
10832 4591
10833 4
10833 695
10833 552
10833 5611
10833 300
10834 0
10834 1
10834 40
10834 24
10834 1144
10835 753
10835 3190
10835 8
10835 1691
10835 315
10836 5989
10836 6
10836 727
10836 140
10836 31
10837 0
10837 2996
10837 9365
10837 54
10837 8
10838 32
10838 2
10838 3
10838 21
10838 1167
10839 0
10839 1
10839 2
10839 9348
10839 8504
10840 2
10840 3
10840 54
10840 9898
10840 1374
10841 1
10841 1057
10841 2195
10841 6
10841 823
10842 0
10842 402
10842 6930
10842 2
10842 75
10843 4019
10843 52
10843 6
10843 1836
10843 3533
10844 9234
10844 3
10844 4
10844 3625
10844 187
10845 2084
10845 20
10845 1046
10845 4682
10845 218
10846 0
10846 17
10846 515
10846 2407
10846 24
10847 1636
10847 1110
10847 889
10847 3625
10847 13
10848 0
10848 10386
10848 21
10848 138
10848 159
10849 8752
10849 1569
10849 1334
10849 874
10849 31
10850 0
10850 1
10850 2818
10850 10
10850 28
10851 0
10851 3
10851 4618
10851 2234
10851 6762
10852 2
10852 1410
10852 5703
10852 2264
10852 156
10853 0
10853 2722
10853 2
10853 1765
10853 41
10854 4720
10854 32
10854 0
10854 7549
10854 2735
10856 0
10856 3858
10856 6
10856 700
10856 925
10857 7744
10857 3
10857 282
10857 412
10857 5790
10858 227
10858 1619
10858 3587
10858 86
10858 105
10859 80
10859 2096
10859 2
10859 125
10859 6782
10860 1057
10860 3491
10860 2649
10860 1002
10860 2364
10861 2581
10861 6328
10861 5337
10861 31
10861 7935
10862 1766
10862 10
10862 12
10862 1262
10862 5199
10863 0
10863 2549
10863 7527
10863 6312
10863 1501
10864 769
10864 51
10864 3
10864 133
10864 6
10865 486
10865 23
10865 6908
10865 845
10865 829
10866 320
10866 96
10866 2
10866 691
10866 333
10867 320
10867 5504
10867 413
10867 1502
10867 239
10868 0
10868 1873
10868 180
10868 471
10868 7007
10869 0
10869 1
10869 2
10869 34
10869 1567
10870 2548
10870 22
10870 40
10870 233
10870 906
10871 256
10871 0
10871 2150
10871 154
10871 10
10872 34
10872 4
10872 8
10872 27
10872 157
10873 2
10873 4
10873 40
10873 299
10873 9325
10874 3
10874 132
10874 4
10874 6
10874 158
10875 496
10875 177
10875 4
10875 3082
10875 31
10876 66
10876 74
10876 59
10876 3437
10876 31
10877 0
10877 5811
10877 9923
10877 21
10877 6
10878 1
10878 321
10878 8
10878 538
10878 3790
10879 160
10879 1
10879 8179
10879 6572
10879 9021
10880 179
10880 3481
10880 59
10880 1677
10880 238
10881 21
10881 55
10881 41
10881 430
10881 367
10882 3
10882 37
10882 2775
10882 40
10882 9
10883 1216
10883 2658
10883 50
10883 21
10883 1400
10884 3475
10884 3
10884 6
10884 3528
10884 5919
10885 8832
10885 420
10885 459
10885 4910
10885 31
10886 753
10886 659
10886 4
10886 7912
10886 1528
10887 1
10887 179
10887 21
10887 6
10887 9
10889 2
10889 3
10889 998
10889 10201
10889 205
10890 128
10890 0
10890 2391
10890 10281
10890 8347
10891 16
10891 52
10891 6
10891 347
10891 1438
10892 32
10892 16
10892 3
10892 8
10892 1163
10893 0
10893 3
10893 43
10893 2412
10893 1485
10894 0
10894 7904
10894 32
10894 2629
10894 14
10896 133
10896 5
10896 6
10896 438
10896 2999
10897 1315
10897 52
10897 133
10897 119
10897 317
10898 16
10898 4
10898 69
10898 891
10898 463
10899 80
10899 69
10899 53
10899 2105
10899 10
10900 160
10900 0
10900 10214
10900 27
10900 125
10901 0
10901 536
10901 8
10901 74
10901 31
10902 6241
10902 2
10902 53
10902 181
10902 298
10905 1
10905 3
10905 8
10905 2282
10905 158
10906 16
10906 2
10906 3
10906 9955
10906 9063
10907 1
10907 3
10907 1636
10907 217
10907 12
10908 8100
10908 8
10908 4938
10908 10684
10908 349
10909 1
10909 5
10909 151
10909 5674
10909 746
10910 129
10910 2
10910 347
10910 1709
10910 4015
10911 16
10911 161
10911 840
10911 2478
10911 30
10912 2673
10912 2
10912 3
10912 407
10912 478
10913 0
10913 224
10913 1
10913 2581
10913 4217
10914 96
10914 2
10914 3
10914 5926
10914 1754
10915 1763
10915 36
10915 1223
10915 9
10915 11
10916 9393
10916 9416
10916 9
10916 10
10916 14
10918 1427
10918 2292
10918 212
10918 10535
10918 1983
10919 1216
10919 371
10919 4
10919 829
10919 10607
10921 258
10921 4
10921 23
10921 119
10921 362
10922 1041
10922 1059
10922 740
10922 634
10922 300
10923 419
10923 278
10923 359
10923 8
10923 4697
10924 708
10924 948
10924 237
10924 333
10924 254
10925 51
10925 3
10925 88
10925 1739
10925 623
10926 1041
10926 5873
10926 6
10926 9
10926 4254
10927 8658
10927 115
10927 132
10927 8
10927 14
10928 816
10928 2
10928 3
10928 548
10928 6
10929 3
10929 22
10929 6
10929 103
10929 12
10930 5
10930 24
10930 730
10930 4396
10930 7615
10932 53
10932 6
10932 2970
10932 3470
10932 143
10933 9700
10933 21
10933 440
10933 40
10933 9546
10934 66
10934 2391
10934 2827
10934 14
10934 414
10935 373
10935 598
10935 6185
10935 3257
10935 43
10936 65
10936 17
10936 5
10936 10247
10936 9294
10937 3170
10937 12
10937 2669
10937 173
10937 1167
10938 2
10938 37
10938 8
10938 170
10938 1502
10939 5
10939 6
10939 598
10939 29
10939 14
10940 1
10940 55
10940 2567
10940 665
10940 10
10941 80
10941 2
10941 8469
10941 2885
10941 13
10942 405
10942 86
10942 3672
10942 124
10942 158
10943 131
10943 88
10943 105
10943 170
10943 31
10944 1
10944 401
10944 5
10944 37
10944 40
10946 7684
10946 4
10946 36
10946 5
10946 4182
10947 336
10947 148
10947 1162
10947 10
10947 623
10948 5
10948 3272
10948 1976
10948 3976
10948 43
10949 5889
10949 179
10949 873
10949 217
10949 13
10950 34
10950 1827
10950 37
10950 8214
10950 2591
10951 10
10951 59
10951 557
10951 542
10951 367
10953 32
10953 16
10953 10
10953 5418
10953 7628
10954 193
10954 6435
10954 3
10954 8
10954 175
10955 6
10955 7878
10955 24
10955 8
10955 1437
10956 1121
10956 4
10956 245
10956 152
10956 57
10957 4
10957 2996
10957 21
10957 6
10957 523
10958 3
10958 2692
10958 6
10958 679
10958 1534
10959 88
10959 9
10959 14
10959 47
10959 4015
10960 275
10960 871
10960 9624
10960 89
10960 3885
10961 0
10961 4
10961 3788
10961 3117
10961 653
10962 2
10962 499
10962 6
10962 2150
10962 8
10963 1924
10963 2821
10963 6
10963 4140
10963 4143
10964 837
10964 7077
10964 3286
10964 3111
10964 31
10965 3
10965 4
10965 357
10965 2266
10965 31
10966 1747
10966 3
10966 23
10966 3483
10966 4671
10967 1377
10967 6
10967 279
10967 2458
10967 10
10968 384
10968 2114
10968 4
10968 8363
10968 1708
10969 0
10969 3
10969 551
10969 124
10969 14
10970 0
10970 2
10970 4229
10970 984
10970 9695
10971 3538
10971 3
10971 4
10971 538
10971 158
10972 3632
10972 64
10972 1478
10972 4444
10972 799
10973 0
10973 4
10973 5929
10973 1289
10973 1807
10974 3
10974 4435
10974 23
10974 55
10974 1823
10975 5796
10975 24
10975 8
10975 184
10975 12
10976 3
10976 10
10976 4074
10976 459
10976 2271
10977 64
10977 21
10977 392
10977 3866
10977 5998
10978 5668
10978 532
10978 4391
10978 24
10978 185
10979 0
10979 1476
10979 6
10979 266
10979 12
10982 65
10982 3
10982 5
10982 6188
10982 349
10983 0
10983 1
10983 34
10983 2579
10983 3
10984 1219
10984 54
10984 7948
10984 31
10984 287
10985 976
10985 481
10985 53
10985 4909
10985 2047
10986 64
10986 305
10986 3
10986 326
10986 59
10987 0
10987 3985
10987 10274
10987 69
10987 1899
10988 1
10988 70
10988 233
10988 10442
10988 158
10989 3922
10989 1827
10989 6
10989 6829
10989 79
10990 1377
10990 6401
10990 228
10990 90
10990 285
10991 2
10991 4
10991 5
10991 281
10991 1709
10992 1667
10992 3
10992 105
10992 8028
10992 31
10993 3138
10993 4627
10993 212
10993 4
10993 1494
10994 1120
10994 3
10994 6
10994 840
10994 331
10995 1570
10995 21
10995 53
10995 4254
10995 2766
10996 3475
10996 7671
10996 6894
10996 734
10996 158
10997 672
10997 0
10997 2
10997 1924
10997 8027
10998 466
10998 8
10998 185
10998 27
10998 12
10999 0
10999 272
10999 4869
10999 187
10999 9133
11000 3712
11000 52
11000 358
11000 796
11000 5644
11002 2
11002 2950
11002 6
11002 103
11002 187
11003 0
11003 1504
11003 1282
11003 837
11003 167
11004 6592
11004 2
11004 902
11004 6
11004 297
11005 261
11005 5
11005 104
11005 11
11005 12
11006 4
11006 788
11006 1464
11006 1675
11006 2463
11007 0
11007 4
11007 536
11007 9
11007 4653
11008 2
11008 3
11008 13
11008 7037
11008 31
11009 1
11009 2
11009 707
11009 264
11009 31
11011 2785
11011 5
11011 3515
11011 59
11011 7102
11013 3712
11013 19
11013 21
11013 2391
11013 9
11014 1208
11014 1561
11014 698
11014 8253
11014 3902
11015 59
11015 2923
11015 1899
11015 3035
11015 1487
11017 0
11017 1041
11017 1449
11017 6395
11017 635
11018 146
11018 3
11018 5
11018 6
11018 183
11019 3329
11019 4147
11019 51
11019 4
11019 622
11020 2049
11020 3
11020 982
11020 5357
11020 31
11021 561
11021 1297
11021 914
11021 132
11021 1340
11022 5937
11022 628
11022 1193
11022 109
11022 367
11023 209
11023 261
11023 4089
11023 3641
11023 12
11024 16
11024 1504
11024 275
11024 4
11024 12
11026 530
11026 4
11026 5
11026 8
11026 5817
11028 388
11028 20
11028 8
11028 393
11028 31
11029 2626
11029 5
11029 43
11029 270
11029 623
11030 68
11030 5
11030 41
11030 1101
11030 1039
11031 0
11031 209
11031 3
11031 4
11031 8
11032 0
11032 452
11032 37
11032 59
11032 669
11033 753
11033 5
11033 245
11033 23
11033 12
11034 2
11034 644
11034 791
11034 8505
11034 491
11035 65
11035 3043
11035 7227
11035 14
11035 8447
11037 4
11037 37
11037 152
11037 25
11037 250
11038 185
11038 1258
11038 12
11038 1516
11038 237
11040 1
11040 723
11040 4
11040 6
11040 23
11041 400
11041 16
11041 3
11041 1779
11041 10472
11042 16
11042 2
11042 6
11042 10
11042 574
11043 6002
11043 147
11043 293
11043 600
11043 795
11044 2
11044 9940
11044 933
11044 10262
11044 10966
11045 0
11045 2193
11045 882
11045 1737
11045 235
11047 34
11047 51
11047 55
11047 25
11047 460
11048 180
11048 708
11048 412
11048 2508
11048 108
11049 66
11049 3
11049 2021
11049 8
11049 43
11050 3
11050 1463
11050 43
11050 158
11050 143
11051 1
11051 2
11051 53
11051 3109
11051 122
11053 0
11053 2692
11053 548
11053 393
11053 140
11054 8912
11054 1
11054 1025
11054 597
11054 142
11055 4496
11055 338
11055 259
11055 52
11055 6
11056 6176
11056 2962
11056 3059
11056 4
11056 8
11057 784
11057 1
11057 10
11057 30
11057 31
11058 1424
11058 1
11058 10
11058 666
11058 12
11059 0
11059 4
11059 5
11059 1226
11059 12
11060 25
11060 75
11060 8940
11060 5229
11060 31
11061 0
11061 2
11061 82
11061 3
11061 10662
11063 850
11063 2
11063 3
11063 43
11063 1375
11064 2305
11064 4
11064 88
11064 570
11064 158
11065 672
11065 451
11065 6
11065 395
11065 12
11066 400
11066 6833
11066 2
11066 741
11066 10
11067 36
11067 5
11067 263
11067 10
11067 14
11068 2323
11068 2996
11068 427
11068 109
11068 301
11069 1
11069 179
11069 5
11069 10
11069 1179
11071 881
11071 3
11071 516
11071 14
11071 591
11072 161
11072 4
11072 885
11072 9
11072 5359
11073 2785
11073 3
11073 9363
11073 5
11073 12
11074 2
11074 196
11074 6
11074 10776
11074 12
11075 16
11075 53
11075 267
11075 383
11075 31
11076 0
11076 512
11076 261
11076 3126
11076 103
11077 2162
11077 3798
11077 6
11077 1479
11077 59
11078 51
11078 5
11078 53
11078 198
11078 8
11079 16
11079 1282
11079 45
11079 158
11079 1759
11080 7665
11080 2515
11080 4
11080 86
11080 5001
11081 1
11081 5170
11081 1478
11081 6
11081 10
11083 4530
11083 2116
11083 2327
11083 43
11083 239
11085 1
11085 1729
11085 725
11085 88
11085 10093
11086 1040
11086 1
11086 11
11086 43
11086 6364
11088 32
11088 1
11088 131
11088 88
11088 7663
11089 3
11089 1368
11089 185
11089 1626
11089 59
11090 275
11090 1140
11090 7769
11090 6543
11090 31
11092 180
11092 170
11092 6316
11092 2381
11092 158
11093 80
11093 2580
11093 823
11093 5993
11093 7150
11094 3905
11094 5
11094 11
11094 158
11094 9919
11095 5
11095 4413
11095 14
11095 943
11095 47
11096 6
11096 454
11096 1574
11096 2952
11096 105
11097 7331
11097 51
11097 4
11097 86
11097 478
11098 1889
11098 88
11098 204
11098 1421
11098 6302
11099 1570
11099 88
11099 13
11099 687
11099 4639
11100 2464
11100 0
11100 337
11100 4186
11100 59
11101 160
11101 7684
11101 133
11101 8
11101 2092
11102 80
11102 4386
11102 2021
11102 24
11102 10
11103 99
11103 6
11103 89
11103 1068
11103 14
11104 489
11104 1260
11104 12
11104 1854
11104 2911
11105 2
11105 3
11105 37
11105 6
11105 14
11106 2673
11106 2869
11106 1670
11106 219
11106 382
11107 2256
11107 0
11107 2822
11107 2230
11107 1128
11108 4674
11108 1493
11108 88
11108 25
11108 778
11109 1
11109 89
11109 42
11109 11
11109 588
11110 2
11110 9
11110 10
11110 604
11110 31
11112 3611
11112 27
11112 11
11112 204
11112 93
11113 0
11113 22
11113 1383
11113 1132
11113 172
11114 977
11114 1698
11114 4379
11114 2860
11114 14
11115 672
11115 1162
11115 3675
11115 3084
11115 2381
11116 1
11116 105
11116 10
11116 140
11116 7230
11117 64
11117 1
11117 2421
11117 5
11117 2683
11118 32
11118 7264
11118 24
11118 8
11118 186
11119 576
11119 6080
11119 3
11119 1206
11119 7591
11120 90
11120 541
11120 1629
11120 1726
11120 287
11121 1
11121 290
11121 6
11121 727
11121 1816
11122 4656
11122 3
11122 3415
11122 59
11122 31
11123 0
11123 53
11123 469
11123 218
11123 366
11124 32
11124 152
11124 3483
11124 5291
11124 1612
11126 3
11126 4
11126 5
11126 12
11126 10927
11127 33
11127 82
11127 3412
11127 6
11127 27
11128 80
11128 1904
11128 10353
11128 12
11128 31
11129 0
11129 389
11129 25
11129 460
11129 12
11130 209
11130 3
11130 8215
11130 8
11130 9
11132 16
11132 233
11132 313
11132 1433
11132 2364
11133 0
11133 132
11133 7252
11133 5
11133 24
11134 1
11134 3249
11134 180
11134 5530
11134 9247
11135 753
11135 4146
11135 4
11135 1543
11135 25
11136 16
11136 1
11136 401
11136 10
11136 141
11137 2913
11137 1
11137 2
11137 41
11137 9
11138 0
11138 2244
11138 6572
11138 3470
11138 175
11139 2
11139 5
11139 53
11139 12
11139 366
11140 50
11140 9685
11140 188
11140 2895
11140 175
11141 450
11141 4
11141 185
11141 2606
11141 95
11142 305
11142 6
11142 2678
11142 2396
11142 12
11143 0
11143 5874
11143 707
11143 19
11143 6
11144 0
11144 4
11144 23
11144 9
11144 6394
11145 452
11145 9016
11145 41
11145 108
11145 175
11146 51
11146 4243
11146 151
11146 12
11146 3039
11147 272
11147 4480
11147 9
11147 92
11147 175
11148 128
11148 2673
11148 6
11148 29
11148 31
11149 0
11149 1827
11149 75
11149 12
11149 9981
11150 1088
11150 3
11150 1365
11150 1726
11150 31
11151 322
11151 55
11151 3547
11151 7708
11151 158
11152 179
11152 9190
11152 2476
11152 2573
11152 1422
11154 2528
11154 4052
11154 3350
11154 90
11154 5626
11156 0
11156 930
11156 8983
11156 8680
11156 43
11157 80
11157 2
11157 7
11157 3241
11157 95
11158 10002
11158 4486
11158 873
11158 57
11158 9756
11160 16
11160 4482
11160 2
11160 169
11160 11020
11161 7777
11161 1
11161 22
11161 4671
11161 879
11162 3
11162 1574
11162 6
11162 9610
11162 10
11163 1605
11163 461
11163 702
11163 1758
11163 31
11164 4002
11164 37
11164 552
11164 298
11164 6603
11165 0
11165 64
11165 544
11165 3571
11165 148
11166 96
11166 131
11166 1462
11166 24
11166 1132
11167 80
11167 2977
11167 1173
11167 521
11167 142
11168 1906
11168 8
11168 346
11168 266
11168 4334
11169 738
11169 2
11169 8
11169 1465
11169 1404
11171 4001
11171 2
11171 115
11171 4982
11171 24
11172 1217
11172 899
11172 20
11172 1019
11172 12
11173 32
11173 401
11173 6
11173 281
11173 953
11174 1
11174 2
11174 68
11174 232
11174 3565
11175 1
11175 4822
11175 5590
11175 347
11175 14
11176 4
11176 3675
11176 158
11176 95
11176 1903
11177 3
11177 491
11177 6524
11177 45
11177 349
11178 1
11178 3
11178 68
11178 536
11178 75
11179 1
11179 5
11179 662
11179 41
11179 31
11180 4
11180 647
11180 1321
11180 29
11180 95
11181 0
11181 3538
11181 5795
11181 659
11181 5
11182 531
11182 6788
11182 21
11182 60
11182 14
11183 1
11183 3
11183 2709
11183 1479
11183 623
11184 10677
11184 6
11184 9116
11184 2109
11184 1454
11185 1
11185 1495
11185 3051
11185 92
11185 62
11186 0
11186 20
11186 22
11186 24
11186 12
11187 4544
11187 3
11187 1382
11187 2551
11187 6875
11188 0
11188 2
11188 1923
11188 1619
11188 7
11189 129
11189 3
11189 103
11189 300
11189 9948
11190 5588
11190 88
11190 3230
11190 2046
11190 351
11191 0
11191 2673
11191 5
11191 3321
11191 2538
11192 160
11192 4
11192 341
11192 1271
11192 715
11193 1217
11193 823
11193 41
11193 826
11193 333
11194 87
11194 4248
11194 27
11194 4155
11194 12
11195 0
11195 3440
11195 85
11195 1719
11195 11
11196 515
11196 6
11196 3767
11196 1258
11196 3198
11197 2096
11197 80
11197 1
11197 2
11197 31
11198 16
11198 2802
11198 2419
11198 4201
11198 10477
11199 288
11199 2
11199 3604
11199 8244
11199 14
11200 656
11200 3
11200 6438
11200 8
11200 619
11201 2195
11201 340
11201 7877
11201 14
11201 1983
11202 5
11202 8
11202 1131
11202 29
11202 14
11203 0
11203 929
11203 5
11203 104
11203 4553
11204 1203
11204 6388
11204 21
11204 3675
11204 31
11205 432
11205 81
11205 36
11205 11112
11205 4953
11207 32
11207 257
11207 10
11207 1467
11207 958
11208 2
11208 459
11208 63
11208 31
11208 8351
11209 0
11209 306
11209 1443
11209 103
11209 1499
11211 176
11211 1203
11211 390
11211 4313
11211 90
11212 121
11212 281
11212 138
11212 7629
11212 1838
11213 0
11213 275
11213 4
11213 8
11213 9
11214 4336
11214 5173
11214 8
11214 7948
11214 463
11215 4371
11215 35
11215 9988
11215 230
11215 156
11216 2
11216 4276
11216 69
11216 8
11216 205
11217 36
11217 549
11217 2374
11217 3993
11217 31
11218 0
11218 128
11218 193
11218 985
11218 9002
11219 2705
11219 21
11219 5
11219 7149
11219 222
11220 1472
11220 7266
11220 39
11220 29
11220 445
11221 0
11221 128
11221 37
11221 231
11221 2888
11222 272
11222 53
11222 102
11222 3865
11222 3180
11223 3376
11223 929
11223 9
11223 2683
11223 1773
11224 4
11224 5722
11224 107
11224 29
11224 11054
11225 1
11225 741
11225 5
11225 8539
11225 173
11226 805
11226 5
11226 2709
11226 5054
11226 5006
11227 0
11227 193
11227 4
11227 5178
11227 10429
11228 658
11228 515
11228 2852
11228 58
11228 31
11229 1923
11229 6
11229 7804
11229 5294
11229 31
11230 2
11230 835
11230 25
11230 75
11230 925
11231 1842
11231 4
11231 742
11231 7
11231 1149
11233 561
11233 596
11233 3077
11233 8
11233 175
11234 7536
11234 2321
11234 6649
11234 158
11234 623
11235 1
11235 66
11235 10104
11235 8
11235 25
11236 6113
11236 3858
11236 3
11236 8484
11236 1726
11237 4
11237 3029
11237 1558
11237 186
11237 4588
11238 2
11238 132
11238 10408
11238 1055
11238 1023
11239 977
11239 193
11239 5
11239 1879
11239 285
11240 16
11240 1
11240 451
11240 183
11240 12
11241 5
11241 1399
11241 6856
11241 2601
11241 4686
11242 208
11242 2
11242 932
11242 6
11242 237
11243 129
11243 3
11243 8006
11243 487
11243 1454
11244 1744
11244 1
11244 5573
11244 3212
11244 3486
11245 3171
11245 6
11245 40
11245 395
11245 5181
11246 2
11246 116
11246 695
11246 8
11246 5051
11247 16
11247 2
11247 6
11247 214
11247 202
11248 0
11248 1
11248 6715
11248 347
11248 1742
11249 2
11249 275
11249 6
11249 103
11249 108
11250 258
11250 3
11250 4741
11250 936
11250 7768
11251 515
11251 37
11251 1450
11251 1340
11251 31
11252 99
11252 5
11252 2341
11252 6110
11252 4015
11254 8801
11254 3
11254 6
11254 27
11254 31
11256 2981
11256 21
11256 438
11256 137
11256 4154
11257 4064
11257 213
11257 1541
11257 936
11257 43
11258 4128
11258 368
11258 8297
11258 203
11258 3981
11259 929
11259 3331
11259 103
11259 2776
11259 3465
11261 400
11261 3
11261 5780
11261 6700
11261 172
11262 145
11262 2
11262 86
11262 1976
11262 10
11263 9045
11263 9911
11263 40
11263 1166
11263 831
11264 2
11264 452
11264 437
11264 23
11264 2781
11265 513
11265 34
11265 3
11265 213
11265 6
11266 3233
11266 137
11266 281
11266 650
11266 1919
11267 32
11267 274
11267 8
11267 427
11267 605
11268 5861
11268 901
11268 183
11268 4347
11268 10319
11269 9328
11269 0
11269 1494
11269 10
11269 12
11270 0
11270 1
11270 2
11270 3289
11270 31
11271 5218
11271 4340
11271 1924
11271 5
11271 315
11272 53
11272 150
11272 185
11272 11
11272 2860
11273 4
11273 165
11273 118
11273 1742
11273 1615
11274 1
11274 11269
11274 310
11274 6
11274 14
11275 405
11275 6
11275 173
11275 14
11275 31
11276 1
11276 2
11276 182
11276 9
11276 107
11277 1
11277 115
11277 6
11277 3865
11277 12
11278 3040
11278 5395
11278 1621
11278 6
11278 1178
11279 16
11279 2
11279 1763
11279 6
11279 14
11280 80
11280 321
11280 2
11280 5554
11280 6
11281 3
11281 4566
11281 3758
11281 638
11281 143
11282 8529
11282 3
11282 4
11282 7003
11282 9467
11283 259
11283 772
11283 5
11283 7656
11283 8
11284 3473
11284 6
11284 88
11284 73
11284 905
11285 1712
11285 118
11285 6
11285 3273
11285 1151
11286 305
11286 2
11286 3
11286 873
11286 74
11287 3504
11287 0
11287 3
11287 9190
11287 183
11288 1
11288 3
11288 4
11288 10
11288 92
11289 501
11289 8
11289 587
11289 12
11289 191
11290 6417
11290 38
11290 2409
11290 7961
11290 3902
11291 16
11291 6625
11291 34
11291 5
11291 1518
11292 8369
11292 1922
11292 8
11292 222
11292 31
11293 1
11293 153
11293 395
11293 1132
11293 463
11294 7120
11294 4
11294 740
11294 1992
11294 9
11296 9857
11296 5235
11296 8614
11296 8
11296 922
11297 2947
11297 4
11297 121
11297 446
11297 31
11298 1536
11298 2
11298 22
11298 6
11298 9419
11299 8949
11299 2422
11299 536
11299 4329
11299 412
11300 105
11300 8762
11300 683
11300 7307
11300 31
11301 6993
11301 9842
11301 6
11301 3487
11301 7471
11303 1232
11303 6
11303 57
11303 218
11303 158
11304 1
11304 5
11304 1690
11304 14
11304 62
11305 1
11305 1924
11305 1736
11305 1276
11305 29
11306 0
11306 568
11306 9
11306 1199
11306 127
11307 1605
11307 982
11307 10
11307 14
11307 47
11308 929
11308 65
11308 8614
11308 250
11308 7166
11309 0
11309 2
11309 883
11309 52
11309 2807
11310 1009
11310 1
11310 3
11310 2986
11310 47
11311 0
11311 55
11311 1390
11311 702
11311 47
11312 16
11312 2
11312 867
11312 5898
11312 250
11313 32
11313 3
11313 200
11313 281
11313 1420
11314 8737
11314 34
11314 1506
11314 6332
11314 798
11315 9831
11315 6728
11315 9
11315 1177
11315 11
11317 66
11317 3
11317 1270
11317 8
11317 5710
11318 2768
11318 132
11318 21
11318 24
11318 142
11320 930
11320 8
11320 7769
11320 73
11320 2331
11321 1441
11321 55
11321 2087
11321 314
11321 31
11322 352
11322 64
11322 3
11322 281
11322 2092
11323 1
11323 3
11323 4
11323 182
11323 11
11324 5
11324 6
11324 2294
11324 8
11324 2058
11325 144
11325 129
11325 1681
11325 536
11325 1708
11326 64
11326 4626
11326 2
11326 6869
11326 911
11327 97
11327 1041
11327 5
11327 8
11327 8014
11328 1841
11328 500
11328 5765
11328 6456
11328 217
11329 1
11329 19
11329 196
11329 4362
11329 606
11330 7046
11330 3864
11330 285
11330 10671
11330 1103
11331 770
11331 7571
11331 4
11331 10251
11331 317
11332 2
11332 55
11332 394
11332 1739
11332 156
11333 5
11333 217
11333 825
11333 139
11333 939
11334 0
11334 625
11334 6
11334 1675
11334 460
11335 1
11335 183
11335 138
11335 11
11335 4431
11338 1
11338 2
11338 5
11338 2477
11338 351
11339 5570
11339 3
11339 852
11339 606
11339 478
11340 97
11340 5
11340 8
11340 394
11340 1884
11341 6
11341 395
11341 124
11341 6813
11341 158
11342 3
11342 4
11342 1157
11342 40
11342 811
11343 388
11343 37
11343 8
11343 10878
11343 6479
11344 417
11344 4
11344 10
11344 9275
11344 1629
11345 128
11345 583
11345 88
11345 122
11345 1004
11346 11152
11346 1696
11346 10324
11346 107
11346 3230
11347 6585
11347 5898
11347 11210
11347 13
11347 158
11348 178
11348 1890
11348 214
11348 3079
11348 3048
11349 1792
11349 4
11349 805
11349 8
11349 7051
11351 3846
11351 10793
11351 2411
11351 8541
11351 3085
11352 4736
11352 34
11352 3574
11352 86
11352 6
11353 145
11353 1
11353 8004
11353 122
11353 383
11354 32
11354 2
11354 1739
11354 45
11354 47
11355 6
11355 10646
11355 167
11355 10
11355 236
11356 1765
11356 2504
11356 10
11356 413
11356 8543
11357 2
11357 4
11357 2117
11357 53
11357 988
11358 1542
11358 2155
11358 6109
11358 1614
11358 287
11359 1
11359 193
11359 5
11359 683
11359 239
11360 4
11360 1572
11360 5
11360 85
11360 1515
11361 3752
11361 172
11361 8429
11361 7037
11361 2255
11362 0
11362 3364
11362 4
11362 5
11362 103
11363 0
11363 6113
11363 4563
11363 36
11363 31
11364 2881
11364 772
11364 4116
11364 8554
11364 287
11365 8817
11365 1873
11365 628
11365 552
11365 799
11366 224
11366 1
11366 8
11366 570
11366 62
11367 2
11367 5
11367 86
11367 297
11367 105
11368 1792
11368 4
11368 953
11368 988
11368 575
11369 1
11369 4
11369 8
11369 8219
11369 11101
11370 4741
11370 2006
11370 9
11370 602
11370 380
11371 3
11371 5
11371 6
11371 218
11371 2463
11372 0
11372 242
11372 4
11372 105
11372 8622
11374 144
11374 3665
11374 118
11374 9
11374 9948
11375 242
11375 5
11375 5829
11375 6
11375 10425
11376 6195
11376 2291
11376 3112
11376 4713
11376 4221
11378 3345
11378 515
11378 1573
11378 11126
11378 4986
11379 212
11379 6
11379 2250
11379 12
11379 237
11380 513
11380 180
11380 634
11380 78
11380 3758
11382 0
11382 3
11382 21
11382 24
11382 1836
11383 2
11383 3
11383 6619
11383 541
11383 958
11384 531
11384 5
11384 1896
11384 40
11384 158
11385 976
11385 11040
11385 183
11385 8
11385 1615
11386 8033
11386 8233
11386 715
11386 300
11386 156
11387 32
11387 1
11387 4785
11387 50
11387 2150
11388 290
11388 4
11388 470
11388 3528
11388 7981
11389 112
11389 3059
11389 2629
11389 6410
11389 1932
11390 0
11390 97
11390 34
11390 3
11390 8125
11391 5648
11391 389
11391 2700
11391 7884
11391 397
11392 3
11392 8
11392 1211
11392 12
11392 79
11393 2
11393 7365
11393 1621
11393 8
11393 988
11394 0
11394 2308
11394 21
11394 199
11394 3512
11395 4
11395 708
11395 5
11395 456
11395 3743
11397 80
11397 1
11397 8065
11397 2
11397 159
11398 6737
11398 3396
11398 21
11398 24
11398 59
11399 16
11399 161
11399 3
11399 24
11399 670
11401 3
11401 36
11401 198
11401 3706
11401 4335
11402 2817
11402 82
11402 11302
11402 6
11402 7369
11403 945
11403 3
11403 697
11403 13
11403 7726
11404 2
11404 6
11404 662
11404 40
11404 7965
11405 9328
11405 883
11405 4
11405 1125
11405 10
11406 1059
11406 4
11406 89
11406 29
11406 31
11407 528
11407 2
11407 8
11407 3661
11407 31
11408 66
11408 4006
11408 1689
11408 1403
11408 4860
11409 32
11409 931
11409 3893
11409 170
11409 13
11410 179
11410 71
11410 1629
11410 333
11410 830
11411 7792
11411 3
11411 4
11411 10901
11411 10781
11412 131
11412 10853
11412 5176
11412 107
11412 2047
11414 400
11414 64
11414 1072
11414 336
11414 209
11415 7507
11415 179
11415 166
11415 715
11415 267
11416 0
11416 186
11416 12
11416 300
11416 1199
11417 1
11417 4
11417 265
11417 1338
11417 734
11419 1168
11419 4
11419 3557
11419 726
11419 283
11420 2
11420 3
11420 4115
11420 9
11420 106
11421 0
11421 41
11421 11306
11421 12
11421 62
11422 9826
11422 34
11422 3
11422 25
11422 10063
11423 64
11423 5329
11423 2
11423 3191
11423 31
11424 21
11424 6
11424 2477
11424 14
11424 9343
11425 16
11425 1
11425 425
11425 10
11425 3324
11426 0
11426 1059
11426 4
11426 8
11426 5724
11427 3
11427 506
11427 140
11427 14
11427 31
11428 1
11428 361
11428 2282
11428 1083
11428 59
11429 5
11429 1318
11429 3387
11429 796
11429 1326
11430 80
11430 4
11430 4901
11430 197
11430 91
11432 1
11432 865
11432 193
11432 3
11432 6
11433 2434
11433 2
11433 4
11433 53
11433 1499
11435 9760
11435 791
11435 88
11435 59
11435 108
11436 64
11436 1810
11436 5157
11436 3512
11436 1085
11437 787
11437 3960
11437 10
11437 2027
11437 8303
11438 4129
11438 4
11438 3110
11438 9320
11438 2879
11439 1171
11439 21
11439 6
11439 199
11439 10
11441 17
11441 4
11441 6521
11441 923
11441 31
11442 1
11442 5761
11442 198
11442 6790
11442 91
11443 160
11443 513
11443 371
11443 6
11443 11
11444 1185
11444 53
11444 6167
11444 9
11444 2110
11446 2704
11446 132
11446 5099
11446 14
11446 4623
11447 3136
11447 7202
11447 2099
11447 22
11447 4204
11448 1041
11448 803
11448 5
11448 12
11448 334
11449 0
11449 4
11449 344
11449 776
11449 59
11450 16
11450 1763
11450 10
11450 908
11450 1183
11451 3522
11451 2051
11451 19
11451 3577
11451 6268
11452 50
11452 19
11452 24
11452 1802
11452 11327
11453 2580
11453 2133
11453 2294
11453 505
11453 59
11454 6
11454 54
11454 25
11454 11
11454 31
11455 1
11455 627
11455 5413
11455 4105
11455 7134
11456 112
11456 3
11456 9865
11456 10
11456 7435
11457 180
11457 24
11457 186
11457 43
11457 2431
11458 2
11458 715
11458 12
11458 62
11458 111
11459 1
11459 5
11459 53
11459 5096
11459 1516
11460 1616
11460 1
11460 4
11460 23
11460 10137
11461 1
11461 449
11461 179
11461 6
11461 10504
11462 321
11462 2594
11462 580
11462 5
11462 715
11463 3
11463 10917
11463 6
11463 4102
11463 4071
11464 2
11464 1890
11464 803
11464 147
11464 86
11465 32
11465 64
11465 2257
11465 3
11465 1979
11466 4
11466 213
11466 24
11466 8989
11466 31
11467 3
11467 4
11467 692
11467 21
11467 8
11468 3
11468 99
11468 8055
11468 57
11468 9435
11469 129
11469 1
11469 2
11469 1881
11469 90
11470 4
11470 1733
11470 10646
11470 1736
11470 140
11472 0
11472 3
11472 2291
11472 4
11472 5
11473 2016
11473 2321
11473 10
11473 74
11473 14
11474 3760
11474 0
11474 1634
11474 6
11474 873
11475 1088
11475 5044
11475 1060
11475 6216
11475 3084
11476 177
11476 6116
11476 4
11476 5
11476 5337
11478 0
11478 2
11478 754
11478 275
11478 1092
11479 1041
11479 5
11479 248
11479 12
11479 174
11480 2
11480 6
11480 10454
11480 4199
11480 8604
11481 0
11481 8834
11481 3879
11481 10440
11481 1448
11482 576
11482 388
11482 3876
11482 7238
11482 12
11483 3378
11483 3
11483 23
11483 314
11483 4331
11484 32
11484 82
11484 7860
11484 454
11484 1675
11485 2961
11485 2
11485 916
11485 4
11485 549
11487 10025
11487 10
11487 4860
11487 172
11487 237
11488 2048
11488 2817
11488 7748
11488 5
11488 151
11489 1923
11489 1460
11489 5
11489 437
11489 102
11490 53
11490 5
11490 598
11490 8
11490 24
11491 3
11491 4
11491 2410
11491 10173
11491 30
11492 64
11492 16
11492 1047
11492 9
11492 124
11493 80
11493 1
11493 6
11493 12
11493 910
11494 64
11494 7010
11494 6
11494 3895
11494 8718
11495 1
11495 3
11495 6125
11495 8463
11495 11311
11496 0
11496 3
11496 9348
11496 88
11496 7307
11497 2962
11497 2
11497 644
11497 628
11497 5146
11498 3122
11498 307
11498 5
11498 53
11498 9867
11499 1282
11499 5
11499 4860
11499 2828
11499 31
11500 4754
11500 3
11500 1188
11500 53
11500 9447
11501 128
11501 4
11501 390
11501 1051
11501 12
11502 209
11502 1922
11502 359
11502 7915
11502 379
11503 9713
11503 2
11503 405
11503 12
11503 911
11504 336
11504 6976
11504 580
11504 21
11504 59
11505 128
11505 9
11505 9433
11505 59
11505 6700
11507 2752
11507 7
11507 56
11507 168
11507 12
11508 2
11508 115
11508 170
11508 877
11508 687
11509 37
11509 24
11509 10
11509 11
11509 2703
11510 3
11510 6819
11510 21
11510 3224
11510 10
11511 0
11511 3
11511 536
11511 40
11511 158
11512 257
11512 1209
11512 7435
11512 14
11512 1151
11513 624
11513 3408
11513 2386
11513 21
11513 12
11514 2
11514 456
11514 666
11514 59
11514 31
11515 1
11515 66
11515 1779
11515 200
11515 31
11516 51
11516 22
11516 138
11516 718
11516 7742
11517 6339
11517 1923
11517 756
11517 8069
11517 906
11518 371
11518 21
11518 6
11518 9671
11518 570
11519 3
11519 4163
11519 980
11519 4167
11519 143
11520 1203
11520 9412
11520 212
11520 103
11520 653
11521 242
11521 187
11521 1118
11521 2895
11521 255
11522 16
11522 9
11522 1738
11522 2220
11522 8446
11523 3
11523 5
11523 11173
11523 807
11523 9
11524 0
11524 1
11524 51
11524 73
11524 2858
11525 2
11525 4517
11525 9002
11525 59
11525 62
11526 1732
11526 8969
11526 59
11526 12
11526 31
11527 480
11527 2
11527 9
11527 250
11527 11
11528 4738
11528 4
11528 1080
11528 2633
11528 1820
11529 0
11529 3364
11529 199
11529 11369
11529 31
11530 9360
11530 5761
11530 6519
11530 568
11530 2382
11532 0
11532 2099
11532 2772
11532 21
11532 9129
11533 1
11533 609
11533 2
11533 53
11533 10
11534 3217
11534 1
11534 979
11534 665
11534 14
11535 4529
11535 3
11535 2749
11535 751
11535 1919
11536 32
11536 10739
11536 36
11536 2412
11536 5948
11537 82
11537 98
11537 53
11537 5
11537 10748
11538 1
11538 82
11538 36
11538 5530
11538 11167
11539 1383
11539 105
11539 7082
11539 8363
11539 172
11541 4176
11541 53
11541 694
11541 5068
11541 542
11542 4
11542 1334
11542 1750
11542 334
11542 383
11543 1
11543 2673
11543 9059
11543 1864
11543 10
11544 2
11544 212
11544 2071
11544 8
11544 14
11545 2096
11545 5
11545 1527
11545 3831
11545 172
11546 10
11546 4093
11546 366
11546 31
11546 8655
11547 2
11547 82
11547 4197
11547 8151
11547 24
11548 4
11548 36
11548 9556
11548 6
11548 2735
11549 64
11549 0
11549 208
11549 2
11549 7428
11550 1
11550 259
11550 7143
11550 379
11550 175
11551 1
11551 19
11551 3396
11551 6
11551 40
11552 177
11552 3
11552 5
11552 330
11552 605
11553 67
11553 4085
11553 8
11553 300
11553 46
11556 2
11556 4
11556 1014
11556 1355
11556 14
11557 1
11557 6117
11557 341
11557 8
11557 237
11558 2596
11558 4
11558 5157
11558 2491
11558 460
11559 489
11559 43
11559 6891
11559 1181
11559 399
11560 580
11560 23
11560 9
11560 4622
11560 367
11561 176
11561 212
11561 11082
11561 2427
11561 1487
11562 1
11562 2
11562 5
11562 9334
11562 14
11563 0
11563 609
11563 259
11563 23
11563 793
11564 402
11564 10859
11564 29
11564 14
11564 302
11565 114
11565 4
11565 5319
11565 24
11565 717
11566 0
11566 86
11566 119
11566 103
11566 2284
11568 1
11568 3059
11568 131
11568 36
11568 1133
11569 32
11569 0
11569 625
11569 10
11569 683
11570 2
11570 259
11570 8
11570 6682
11570 300
11571 208
11571 8369
11571 1203
11571 852
11571 7118
11572 1
11572 2
11572 7668
11572 103
11572 140
11573 147
11573 104
11573 5785
11573 73
11573 202
11574 6
11574 8
11574 4620
11574 12
11574 2478
11575 2930
11575 132
11575 5
11575 1030
11575 43
11576 2
11576 995
11576 5
11576 6293
11576 10
11577 16
11577 5424
11577 6
11577 5351
11577 13
11578 208
11578 0
11578 450
11578 6486
11578 395
11579 2
11579 581
11579 6
11579 24
11579 3112
11581 0
11581 5665
11581 1
11581 73
11581 1563
11582 128
11582 2850
11582 1219
11582 11
11582 31
11583 16
11583 1
11583 4404
11583 11493
11583 5910
11584 5
11584 281
11584 314
11584 27
11584 3198
11585 1
11585 68
11585 6
11585 8
11585 41
11586 1
11586 103
11586 503
11586 6104
11586 13
11587 1729
11587 1969
11587 3234
11587 883
11587 14
11588 36
11588 151
11588 8
11588 10
11588 1293
11589 321
11589 2
11589 2275
11589 7060
11589 5
11590 180
11590 2068
11590 1030
11590 991
11590 9999
11591 64
11591 4
11591 3109
11591 14
11591 11535
11592 6678
11592 5512
11592 8
11592 27
11592 7183
11593 115
11593 4436
11593 5
11593 104
11593 62
11594 11488
11594 119
11594 8232
11594 2958
11594 31
11595 2
11595 66
11595 5
11595 840
11595 12
11596 0
11596 4
11596 183
11596 119
11596 1066
11597 1
11597 2067
11597 3
11597 140
11597 2750
11599 2
11599 740
11599 4967
11599 2315
11599 7487
11600 4464
11600 5
11600 8
11600 2860
11600 92
11601 1696
11601 11554
11601 3
11601 2195
11601 756
11604 4179
11604 260
11604 24
11604 90
11604 1211
11605 0
11605 1
11605 390
11605 2542
11605 5534
11606 1
11606 82
11606 186
11606 158
11606 8767
11607 5
11607 245
11607 54
11607 10
11607 7967
11608 576
11608 0
11608 32
11608 8291
11608 9452
11609 480
11609 659
11609 4
11609 6
11609 8
11610 1201
11610 2
11610 355
11610 150
11610 8
11611 0
11611 6
11611 458
11611 238
11611 3726
11612 0
11612 2210
11612 3
11612 6
11612 745
11613 11315
11613 423
11613 24
11613 59
11613 891
11614 19
11614 3
11614 21
11614 5
11614 1241
11615 1
11615 2
11615 3061
11615 1718
11615 6
11616 3
11616 132
11616 21
11616 229
11616 9421
11617 21
11617 54
11617 41
11617 8938
11617 14
11618 2
11618 1781
11618 25
11618 382
11618 4591
11619 4368
11619 401
11619 3651
11619 4
11619 31
11620 1782
11620 279
11620 10744
11620 200
11620 9545
11621 2
11621 8339
11621 709
11621 4616
11621 4846
11622 115
11622 3125
11622 21
11622 5366
11622 1499
11623 4
11623 9
11623 3865
11623 1899
11623 31
11624 241
11624 740
11624 4697
11624 12
11624 2573
11625 6
11625 24
11625 2457
11625 444
11625 12
11626 609
11626 3
11626 1257
11626 10
11626 5147
11627 2817
11627 1714
11627 7
11627 24
11627 4027
11628 1091
11628 115
11628 3190
11628 89
11628 1772
11629 2
11629 1508
11629 6
11629 120
11629 2477
11630 692
11630 5668
11630 180
11630 10
11630 31
11631 21
11631 8
11631 733
11631 4574
11631 4815
11632 192
11632 1
11632 151
11632 8
11632 9
11633 1712
11633 177
11633 620
11633 638
11633 9423
11634 1
11634 290
11634 5
11634 8857
11634 10
11635 1
11635 24
11635 361
11635 8429
11635 7502
11636 4
11636 197
11636 888
11636 9
11636 27
11637 6128
11637 10326
11637 441
11637 859
11637 31
11638 64
11638 98
11638 67
11638 4
11638 3678
11639 115
11639 3
11639 7
11639 9927
11639 2175
11640 272
11640 0
11640 3733
11640 138
11640 2527
11642 80
11642 1008
11642 53
11642 4534
11642 13
11643 7200
11643 275
11643 4
11643 184
11643 2891
11644 4
11644 40
11644 9
11644 11
11644 31
11646 0
11646 20
11646 677
11646 6025
11646 1818
11647 0
11647 53
11647 237
11647 205
11647 31
11648 867
11648 5412
11648 10
11648 4763
11648 31
11650 0
11650 162
11650 3
11650 4
11650 9370
11651 505
11651 155
11651 813
11651 3198
11651 11294
11652 3
11652 1622
11652 199
11652 2268
11652 9598
11653 2704
11653 19
11653 6
11653 2663
11653 3470
11654 208
11654 8538
11654 491
11654 3451
11654 4670
11655 64
11655 2
11655 3
11655 86
11655 4349
11656 1
11656 2
11656 3640
11656 10
11656 1709
11657 7954
11657 3810
11657 7564
11657 653
11657 718
11658 5
11658 297
11658 9770
11658 11
11658 187
11659 177
11659 8359
11659 2327
11659 2990
11659 31
11660 1744
11660 2544
11660 3251
11660 4116
11660 6
11662 51
11662 37
11662 197
11662 103
11662 153
11663 80
11663 3
11663 4
11663 133
11663 11021
11664 53
11664 2951
11664 169
11664 7884
11664 943
11666 0
11666 5347
11666 24
11666 8
11666 1726
11667 0
11667 64
11667 21
11667 1718
11667 873
11668 213
11668 89
11668 203
11668 604
11668 9455
11669 2
11669 7701
11669 1687
11669 248
11669 523
11670 452
11670 5
11670 165
11670 138
11670 6714
11671 1
11671 2673
11671 2
11671 212
11671 3545
11672 960
11672 6323
11672 86
11672 1510
11672 2395
11673 692
11673 1145
11673 25
11673 12
11673 31
11674 2257
11674 2052
11674 549
11674 410
11674 140
11675 2
11675 3
11675 5877
11675 40
11675 7241
11676 1
11676 4515
11676 1525
11676 6
11676 9
11677 147
11677 6
11677 10
11677 4651
11677 12
11678 2
11678 2163
11678 3
11678 2486
11678 9
11679 177
11679 850
11679 3
11679 5
11679 11547
11680 7249
11680 9604
11680 2150
11680 1464
11680 3375
11681 0
11681 4449
11681 5
11681 187
11681 2652
11682 16
11682 3424
11682 1
11682 36
11682 2219
11684 1
11684 17
11684 180
11684 4
11684 650
11685 9824
11685 853
11685 10
11685 27
11685 29
11686 2400
11686 4
11686 4132
11686 506
11686 317
11687 2
11687 40
11687 536
11687 9
11687 1771
11688 64
11688 1569
11688 3075
11688 70
11688 8
11689 2353
11689 34
11689 4
11689 5
11689 94
11690 53
11690 2745
11690 9
11690 62
11690 31
11691 241
11691 2632
11691 1369
11691 364
11691 5967
11692 34
11692 322
11692 3
11692 2683
11692 396
11693 1203
11693 742
11693 153
11693 585
11693 1598
11694 56
11694 7193
11694 2861
11694 31
11694 9359
11695 0
11695 194
11695 1827
11695 259
11695 1862
11696 5025
11696 3
11696 4900
11696 7597
11696 31
11697 2912
11697 1761
11697 50
11697 18
11697 62
11698 0
11698 3
11698 471
11698 1677
11698 2558
11699 2
11699 723
11699 390
11699 1499
11699 2412
11700 4129
11700 594
11700 7012
11700 1374
11700 4719
11701 16
11701 7604
11701 5813
11701 229
11701 270
11702 1760
11702 3
11702 90
11702 8779
11702 95
11705 32
11705 2
11705 99
11705 37
11705 30
11706 195
11706 6227
11706 300
11706 653
11706 381
11708 1408
11708 2
11708 22
11708 10
11708 446
11709 1892
11709 6
11709 696
11709 13
11709 238
11710 2291
11710 3
11710 1411
11710 6602
11710 11
11711 2
11711 261
11711 10678
11711 9862
11711 1612
11712 292
11712 6
11712 198
11712 1272
11712 9
11713 115
11713 9957
11713 6602
11713 3117
11713 78
11714 0
11714 114
11714 4
11714 9
11714 12
11716 177
11716 3
11716 1668
11716 6
11716 186
11717 2177
11717 8
11717 12
11717 2573
11717 9150
11718 2515
11718 1525
11718 839
11718 59
11718 8447
11719 2
11719 132
11719 36
11719 5
11719 118
11721 32
11721 1
11721 5526
11721 3192
11721 9966
11722 5
11722 6
11722 10617
11722 1177
11722 59
11723 1
11723 1523
11723 5
11723 21
11723 188
11724 625
11724 7954
11724 275
11724 8313
11724 10079
11725 2
11725 10659
11725 10603
11725 47
11725 943
11726 2
11726 115
11726 107
11726 6110
11726 175
11727 1827
11727 1011
11727 68
11727 5
11727 702
11728 2786
11728 197
11728 2781
11728 158
11728 79
11729 4
11729 21
11729 103
11729 1580
11729 14
11730 1778
11730 6
11730 8
11730 248
11730 10458
11731 51
11731 99
11731 83
11731 5
11731 24
11732 896
11732 3301
11732 471
11732 5977
11732 237
11733 10689
11733 36
11733 103
11733 55
11733 8
11734 3713
11734 227
11734 1925
11734 1816
11734 7807
11735 8578
11735 3
11735 7428
11735 5
11735 1259
11737 16
11737 4641
11737 1
11737 388
11737 6
11738 82
11738 3
11738 4183
11738 24
11738 8971
11739 3
11739 40
11739 25
11739 1308
11739 687
11740 2019
11740 4
11740 6
11740 6556
11740 317
11741 33
11741 2
11741 5
11741 1449
11741 13
11742 4146
11742 2
11742 388
11742 8
11742 143
11743 1
11743 5
11743 7357
11743 925
11743 31
11744 753
11744 199
11744 1047
11744 40
11744 43
11745 2
11745 3747
11745 10
11745 2221
11745 925
11746 656
11746 5
11746 22
11746 86
11746 14
11747 84
11747 213
11747 10
11747 14
11747 9118
11748 739
11748 4
11748 2021
11748 9
11748 6060
11749 10097
11749 6
11749 2168
11749 2057
11749 538
11750 593
11750 1
11750 137
11750 59
11750 1390
11751 0
11751 1218
11751 338
11751 55
11751 9
11752 64
11752 2
11752 6
11752 1352
11752 91
11754 2690
11754 2
11754 5
11754 715
11754 11391
11755 1
11755 27
11755 3005
11755 4254
11755 2447
11756 2
11756 3992
11756 8
11756 105
11756 75
11757 7056
11757 80
11757 4323
11757 2548
11757 751
11758 4049
11758 356
11758 5
11758 25
11758 10
11759 177
11759 2
11759 338
11759 4007
11759 9
11760 1586
11760 2164
11760 4677
11760 8
11760 1103
11761 529
11761 2
11761 659
11761 27
11761 669
11762 2
11762 388
11762 1144
11762 6360
11762 414
11763 8753
11763 4
11763 280
11763 9
11763 1018
11764 1
11764 4645
11764 2965
11764 22
11764 12
11765 2592
11765 4
11765 9095
11765 200
11765 10
11766 2
11766 22
11766 102
11766 1181
11766 31
11767 5093
11767 5718
11767 57
11767 45
11767 14
11768 576
11768 4069
11768 2261
11768 143
11768 4975
11770 672
11770 246
11770 2841
11770 5339
11770 29
11771 352
11771 1
11771 5795
11771 471
11771 200
11773 3
11773 68
11773 153
11773 170
11773 1516
11774 1219
11774 195
11774 5811
11774 10756
11774 10781
11775 0
11775 2689
11775 7400
11775 4029
11775 333
11777 2352
11777 914
11777 1747
11777 6
11777 10
11778 2917
11778 105
11778 10
11778 7741
11778 31
11779 9825
11779 4
11779 70
11779 26
11779 31
11780 0
11780 5
11780 5687
11780 5576
11780 13
11782 3
11782 2420
11782 840
11782 6570
11782 9021
11783 0
11783 834
11783 756
11783 6
11783 440
11784 1462
11784 2554
11784 4682
11784 940
11784 943
11785 32
11785 1
11785 3761
11785 85
11785 1512
11786 2866
11786 51
11786 10292
11786 11526
11786 3305
11787 3490
11787 19
11787 4965
11787 3672
11787 253
11788 80
11788 531
11788 2069
11788 1879
11788 1304
11789 3
11789 6
11789 9
11789 697
11789 14
11790 0
11790 450
11790 439
11790 40
11790 41
11791 0
11791 261
11791 21
11791 6136
11791 2014
11792 0
11792 9539
11792 7733
11792 6
11792 1318
11793 144
11793 0
11793 2
11793 6
11793 9179
11794 0
11794 388
11794 11589
11794 621
11794 1742
11795 290
11795 19
11795 1891
11795 6
11795 282
11796 0
11796 3
11796 22
11796 264
11796 910
11797 4
11797 2596
11797 53
11797 598
11797 395
11798 0
11798 16
11798 1
11798 2
11798 24
11799 259
11799 3
11799 1048
11799 10428
11799 14
11800 5314
11800 57
11800 762
11800 10
11800 10124
11801 1616
11801 4322
11801 678
11801 2606
11801 3647
11803 1
11803 2
11803 5
11803 11
11803 2125
11804 4288
11804 6513
11804 21
11804 151
11804 12
11805 214
11805 265
11805 25
11805 4681
11805 27
11806 80
11806 1317
11806 10
11806 1805
11806 3662
11807 2
11807 2678
11807 1110
11807 55
11807 13
11808 337
11808 945
11808 5635
11808 1558
11808 3642
11809 2
11809 2633
11809 314
11809 12
11809 1196
11810 6
11810 3304
11810 24
11810 107
11810 1677
11812 1120
11812 3
11812 2950
11812 638
11812 2687
11813 64
11813 3
11813 4453
11813 86
11813 6831
11814 0
11814 2611
11814 598
11814 22
11814 952
11815 1297
11815 4
11815 21
11815 5
11815 7149
11816 3648
11816 1
11816 37
11816 471
11816 2298
11818 36
11818 3989
11818 901
11818 8
11818 2028
11820 594
11820 23
11820 231
11820 73
11820 12
11821 114
11821 2707
11821 5
11821 662
11821 9
11822 4
11822 5142
11822 1750
11822 43
11822 124
11823 4
11823 2536
11823 158
11823 463
11823 4527
11824 2
11824 86
11824 8
11824 4795
11824 1676
11826 480
11826 39
11826 440
11826 282
11826 158
11827 5010
11827 36
11827 5
11827 1159
11827 492
11828 1536
11828 2
11828 4
11828 119
11828 7803
11830 112
11830 2
11830 21
11830 874
11830 14
11831 3
11831 117
11831 24
11831 364
11831 31
11832 11221
11832 6
11832 922
11832 5948
11832 1391
11833 1041
11833 3059
11833 531
11833 8
11833 393
11834 769
11834 2
11834 4
11834 197
11834 4087
11835 4739
11835 36
11835 4
11835 230
11835 143
11836 8697
11836 9531
11836 1340
11836 495
11836 3359
11837 2
11837 3
11837 5
11837 1526
11837 667
11838 1170
11838 2
11838 5
11838 9
11838 8382
11839 64
11839 81
11839 89
11839 9
11839 14
11840 2
11840 5
11840 2278
11840 4524
11840 412
11841 740
11841 2233
11841 1321
11841 2074
11841 219
11842 339
11842 5
11842 43
11842 94
11842 95
11843 160
11843 0
11843 305
11843 1682
11843 8
11844 7536
11844 1
11844 5
11844 138
11844 14
11845 2177
11845 34
11845 51
11845 2403
11845 2548
11846 160
11846 6
11846 214
11846 1384
11846 12
11848 1
11848 2
11848 7346
11848 8
11848 30
11849 480
11849 6465
11849 1363
11849 4872
11849 1593
11850 64
11850 2
11850 5
11850 103
11850 8
11851 384
11851 10597
11851 24
11851 3102
11851 1102
11852 3
11852 9
11852 4651
11852 1501
11852 1775
11853 0
11853 259
11853 75
11853 14
11853 1071
11854 288
11854 1
11854 5
11854 74
11854 138
11855 5140
11855 5412
11855 341
11855 21
11855 873
11856 368
11856 0
11856 1813
11856 9721
11856 973
11857 128
11857 1473
11857 359
11857 1613
11857 4030
11858 144
11858 1
11858 3490
11858 1266
11858 22
11859 1477
11859 936
11859 2138
11859 75
11859 333
11860 4
11860 2214
11860 859
11860 5419
11860 158
11861 87
11861 1736
11861 3948
11861 749
11861 1599
11862 3
11862 708
11862 9896
11862 12
11862 31
11863 1
11863 3
11863 4
11863 3732
11863 538
11864 1
11864 3
11864 3304
11864 666
11864 5774
11865 5792
11865 1270
11865 4279
11865 3112
11865 3231
11866 4545
11866 84
11866 6
11866 855
11866 315
11867 32
11867 4
11867 24
11867 1209
11867 1226
11868 753
11868 9174
11868 11624
11868 393
11868 3148
11869 2
11869 210
11869 3642
11869 4797
11869 47
11870 530
11870 7028
11870 5
11870 25
11870 8511
11871 0
11871 64
11871 2449
11871 34
11871 7548
11872 0
11872 80
11872 8
11872 105
11872 3274
11873 4790
11873 55
11873 2089
11873 3675
11873 91
11874 2144
11874 3
11874 4549
11874 1782
11874 12
11875 384
11875 16
11875 2
11875 230
11875 873
11876 0
11876 4
11876 20
11876 6
11876 124
11878 179
11878 2883
11878 5
11878 6
11878 31
11879 0
11879 337
11879 516
11879 4717
11879 239
11880 3300
11880 105
11880 1371
11880 4588
11880 462
11881 16
11881 1
11881 6
11881 8
11881 11567
11882 1
11882 281
11882 1978
11882 237
11882 9230
11884 532
11884 11045
11884 3882
11884 2540
11884 2476
11885 2
11885 115
11885 5
11885 7926
11885 29
11886 2
11886 2019
11886 248
11886 6266
11886 6636
11889 2870
11889 6
11889 56
11889 840
11889 238
11890 32
11890 1601
11890 2
11890 1467
11890 1983
11891 0
11891 9940
11891 7253
11891 2329
11891 13
11892 3
11892 2996
11892 36
11892 3190
11892 4457
11893 7
11893 1544
11893 313
11893 6987
11893 158
11894 4162
11894 2
11894 3
11894 6
11894 73
11896 18
11896 4246
11896 56
11896 378
11896 10159
11897 80
11897 0
11897 2
11897 6803
11897 4199
11899 242
11899 22
11899 121
11899 1243
11899 366
11900 199
11900 11255
11900 40
11900 874
11900 2350
11901 96
11901 3491
11901 197
11901 5
11901 4075
11902 352
11902 1552
11902 5
11902 9562
11902 1262
11903 0
11903 7857
11903 3
11903 2068
11903 2841
11905 6
11905 8
11905 9867
11905 107
11905 11711
11906 2
11906 4
11906 197
11906 7
11906 9927
11907 3
11907 105
11907 10
11907 9084
11907 5101
11908 1696
11908 6
11908 2682
11908 251
11908 237
11909 1
11909 6130
11909 2
11909 92
11909 620
11910 116
11910 3876
11910 8712
11910 137
11910 12
11911 1
11911 2
11911 986
11911 43
11911 14
11912 322
11912 21
11912 8
11912 1352
11912 57
11913 1094
11913 136
11913 6169
11913 425
11913 2783
11914 1985
11914 4707
11914 964
11914 6
11914 333
11915 864
11915 50
11915 131
11915 3908
11915 829
11916 3
11916 6
11916 8
11916 108
11916 31
11917 32
11917 5
11917 233
11917 10
11917 2476
11918 1
11918 3
11918 55
11918 23
11918 8
11919 0
11919 82
11919 1751
11919 12
11919 367
11920 84
11920 261
11920 4810
11920 1324
11920 4238
11921 0
11921 2160
11921 3
11921 1751
11921 863
11922 179
11922 5046
11922 7288
11922 27
11922 31
11923 595
11923 771
11923 4
11923 8
11923 9
11924 0
11924 6
11924 1373
11924 2877
11924 29
11925 16
11925 7393
11925 1159
11925 14
11925 3807
11927 8272
11927 257
11927 275
11927 53
11927 31
11928 5
11928 10631
11928 8586
11928 460
11928 12
11929 1088
11929 1377
11929 1477
11929 1159
11929 8
11930 2
11930 4
11930 24
11930 986
11930 3085
11931 0
11931 3602
11931 9944
11931 2490
11931 11
11932 131
11932 2692
11932 12
11932 1486
11932 47
11933 32
11933 80
11933 2256
11933 240
11933 4015
11934 1601
11934 2
11934 4311
11934 39
11934 24
11935 7793
11935 6356
11935 6716
11935 12
11935 143
11936 1
11936 8
11936 314
11936 1868
11936 591
11937 0
11937 290
11937 11603
11937 4
11937 4010
11938 4416
11938 1319
11938 1656
11938 4921
11938 4923
11939 1715
11939 4
11939 1478
11939 150
11939 11726
11940 0
11940 4
11940 182
11940 4663
11940 1976
11941 7104
11941 5088
11941 2193
11941 1
11941 3221
11942 3632
11942 6
11942 2382
11942 526
11942 79
11943 131
11943 4
11943 37
11943 1433
11943 2923
11944 1744
11944 36
11944 1125
11944 284
11944 318
11945 288
11945 1139
11945 837
11945 281
11945 508
11946 9156
11946 582
11946 10
11946 4090
11946 2639
11947 4065
11947 2568
11947 8185
11947 6777
11947 31
11948 960
11948 2899
11948 5
11948 12
11948 239
11949 1953
11949 675
11949 197
11949 6
11949 298
11950 1
11950 3
11950 317
11950 3565
11950 29
11951 0
11951 6547
11951 5
11951 175
11951 31
11952 0
11952 2858
11952 13
11952 9821
11952 2061
11953 0
11953 2
11953 34
11953 695
11953 3084
11954 80
11954 2
11954 4
11954 24
11954 11419
11955 0
11955 4
11955 6
11955 1146
11955 11279
11956 4
11956 11030
11956 7915
11956 12
11956 2540
11957 6288
11957 144
11957 3
11957 118
11957 6939
11958 242
11958 5
11958 182
11958 552
11958 811
11959 7747
11959 3574
11959 25
11959 2683
11959 140
11960 480
11960 2246
11960 536
11960 3246
11960 31
11961 1698
11961 2338
11961 6
11961 10
11961 31
11962 4
11962 933
11962 9
11962 9372
11962 6013
11963 19
11963 745
11963 1833
11963 380
11963 3551
11964 65
11964 2089
11964 682
11964 3947
11964 159
11965 3426
11965 2
11965 3
11965 3363
11965 37
11966 9570
11966 21
11966 6
11966 4379
11966 8174
11967 21
11967 4935
11967 73
11967 10
11967 6605
11968 3
11968 7257
11968 841
11968 25
11968 2782
11969 226
11969 10421
11969 9
11969 8777
11969 4062
11970 147
11970 3
11970 2950
11970 9
11970 3005
11971 807
11971 5337
11971 9
11971 523
11971 12
11972 1600
11972 452
11972 9
11972 1180
11972 685
11973 275
11973 115
11973 346
11973 5357
11973 31
11974 0
11974 2
11974 3
11974 233
11974 333
11975 25
11975 682
11975 170
11975 27
11975 31
11976 1
11976 2
11976 73
11976 41
11976 2734
11977 6629
11977 2582
11977 6
11977 8
11977 74
11978 2
11978 58
11978 1626
11978 3466
11978 1261
11979 3857
11979 4
11979 413
11979 14
11979 158
11980 3
11980 24
11980 88
11980 8
11980 7610
11982 0
11982 2722
11982 8809
11982 10
11982 540
11984 3
11984 8
11984 296
11984 74
11984 7053
11986 2899
11986 2755
11986 1092
11986 310
11986 4366
11987 0
11987 80
11987 2593
11987 434
11987 4876
11988 902
11988 23
11988 9
11988 187
11988 540
11990 3557
11990 2663
11990 651
11990 5119
11990 31
11992 1434
11992 1546
11992 698
11992 5083
11992 605
11993 80
11993 1
11993 2
11993 181
11993 6
11994 368
11994 593
11994 440
11994 536
11994 12
11995 4
11995 981
11995 22
11995 3510
11995 5034
11996 21
11996 10711
11996 9
11996 1097
11996 1513
11997 6576
11997 0
11997 3
11997 8
11997 29
11998 83
11998 4
11998 505
11998 89
11998 958
11999 6162
11999 212
11999 53
11999 366
11999 1583
12001 179
12001 133
12001 2248
12001 10
12001 5806
12002 1
12002 2
12002 51
12002 4131
12002 2580
12003 5792
12003 2
12003 3
12003 132
12003 447
12004 1
12004 404
12004 6404
12004 4699
12004 158
12005 1604
12005 6
12005 40
12005 3835
12005 47
12006 0
12006 1330
12006 231
12006 538
12006 1132
12007 6112
12007 2
12007 21
12007 9
12007 6265
12008 3
12008 4
12008 85
12008 424
12008 9327
12009 0
12009 307
12009 3
12009 2140
12009 2412
12010 80
12010 7778
12010 3845
12010 2389
12010 8807
12011 2497
12011 3506
12011 11058
12011 2246
12011 13
12013 337
12013 10004
12013 362
12013 5755
12013 31
12014 0
12014 1
12014 66
12014 546
12014 4
12015 9792
12015 2208
12015 608
12015 0
12015 3
12016 9140
12016 344
12016 4553
12016 7531
12016 399
12017 3649
12017 4802
12017 53
12017 1173
12017 3816
12018 3392
12018 10
12018 2858
12018 6203
12018 623
12019 2
12019 5
12019 106
12019 716
12019 1375
12020 6128
12020 1920
12020 1
12020 513
12020 86
12021 5283
12021 404
12021 228
12021 8614
12021 11339
12022 881
12022 11682
12022 4311
12022 10829
12022 237
12023 576
12023 2
12023 261
12023 231
12023 10251
12024 2
12024 776
12024 6332
12024 1677
12024 14
12025 930
12025 37
12025 2378
12025 75
12025 13
12026 5
12026 1813
12026 390
12026 11351
12026 1679
12028 353
12028 9797
12028 5883
12028 12
12028 11342
12029 3
12029 1892
12029 2885
12029 1463
12029 31
12030 4145
12030 3
12030 133
12030 4168
12030 8285
12031 0
12031 3201
12031 195
12031 5
12031 5738
12032 720
12032 6768
12032 10898
12032 3897
12032 2973
12033 4374
12033 91
12033 715
12033 8780
12033 333
12034 1
12034 185
12034 59
12034 955
12034 31
12035 1
12035 530
12035 8933
12035 183
12035 28
12037 2
12037 3
12037 21
12037 2133
12037 29
12038 6112
12038 1
12038 2
12038 2195
12038 8341
12041 1
12041 2132
12041 5
12041 680
12041 27
12042 4
12042 55
12042 3511
12042 585
12042 1003
12043 0
12043 2
12043 7106
12043 21
12043 23
12044 0
12044 242
12044 186
12044 8028
12044 510
12045 6
12045 6711
12045 5879
12045 8
12045 1019
12046 0
12046 51
12046 180
12046 56
12046 604
12047 0
12047 2
12047 516
12047 53
12047 3560
12048 5521
12048 1624
12048 4202
12048 158
12048 31
12049 1059
12049 8
12049 4137
12049 59
12049 7294
12050 21
12050 38
12050 10
12050 3786
12050 10621
12051 290
12051 6679
12051 75
12051 140
12051 1326
12052 80
12052 7298
12052 4
12052 1749
12052 87
12054 1200
12054 24
12054 1018
12054 941
12054 11838
12055 1696
12055 498
12055 708
12055 21
12055 10
12058 6
12058 22
12058 25
12058 1833
12058 5516
12059 0
12059 104
12059 187
12059 12
12059 141
12060 275
12060 5
12060 86
12060 9
12060 2252
12061 6724
12061 9
12061 204
12061 173
12061 31
12062 0
12062 6
12062 487
12062 412
12062 7310
12063 64
12063 742
12063 5640
12063 491
12063 349
12064 3491
12064 2148
12064 6
12064 1132
12064 31
12065 0
12065 5411
12065 11333
12065 872
12065 14
12066 1712
12066 65
12066 395
12066 13
12066 143
12067 2434
12067 258
12067 899
12067 3
12067 491
12068 9843
12068 2884
12068 6
12068 31
12068 2927
12069 481
12069 2
12069 1187
12069 5843
12069 40
12070 0
12070 4
12070 5
12070 6
12070 2522
12071 2081
12071 34
12071 2
12071 8185
12071 57
12073 7075
12073 1559
12073 2412
12073 1534
12073 31
12074 0
12074 259
12074 3
12074 410
12074 90
12075 279
12075 8
12075 585
12075 1258
12075 2717
12076 2
12076 165
12076 21
12076 22
12076 159
12077 0
12077 216
12077 250
12077 74
12077 667
12078 976
12078 1841
12078 1
12078 11
12078 14
12079 1616
12079 4259
12079 10196
12079 1739
12079 4700
12080 0
12080 8818
12080 1575
12080 105
12080 8591
12081 1875
12081 41
12081 1690
12081 379
12081 1165
12083 11201
12083 4646
12083 55
12083 972
12083 4927
12084 1
12084 7543
12084 8
12084 60
12084 238
12085 1681
12085 1457
12085 2
12085 9
12085 831
12086 1440
12086 4
12086 230
12086 109
12086 31
12087 6884
12087 9588
12087 53
12087 183
12087 6077
12088 11826
12088 8
12088 155
12088 5709
12088 3359
12089 1
12089 259
12089 51
12089 442
12089 285
12090 6080
12090 16
12090 902
12090 41
12090 186
12091 1
12091 10632
12091 10
12091 6523
12091 29
12092 2
12092 677
12092 8089
12092 2349
12092 47
12093 64
12093 3
12093 2263
12093 9821
12093 11327
12094 0
12094 290
12094 115
12094 187
12094 2351
12096 288
12096 4450
12096 21
12096 8
12096 3688
12097 3
12097 2165
12097 200
12097 2203
12097 287
12098 0
12098 10930
12098 2
12098 788
12098 73
12099 0
12099 2
12099 9938
12099 3
12099 3732
12100 2384
12100 17
12100 3
12100 6356
12100 12
12101 1601
12101 2
12101 132
12101 7
12101 2447
12102 0
12102 1570
12102 9
12102 1433
12102 13
12103 0
12103 11392
12103 2548
12103 4362
12103 7150
12104 320
12104 6868
12104 758
12104 794
12104 735
12105 39
12105 8695
12105 200
12105 6728
12105 11739
12106 179
12106 1076
12106 3897
12106 6364
12106 3198
12107 64
12107 0
12107 760
12107 155
12107 2108
12108 32
12108 21
12108 89
12108 1948
12108 829
12109 2752
12109 194
12109 3
12109 5
12109 727
12110 0
12110 66
12110 516
12110 2821
12110 475
12111 161
12111 1937
12111 3106
12111 4
12111 1989
12112 0
12112 16
12112 11030
12112 10
12112 382
12113 0
12113 8914
12113 195
12113 6106
12113 175
12114 7409
12114 1
12114 3044
12114 55
12114 1818
12115 32
12115 160
12115 6
12115 333
12115 749
12116 1
12116 3
12116 22
12116 1260
12116 205
12117 640
12117 1072
12117 228
12117 3275
12117 1165
12118 4528
12118 66
12118 2
12118 4
12118 159
12119 1443
12119 86
12119 1047
12119 29
12119 910
12120 529
12120 5315
12120 5635
12120 6
12120 103
12121 1760
12121 2
12121 4088
12121 361
12121 653
12122 3232
12122 1
12122 227
12122 12
12122 10063
12123 115
12123 21
12123 6
12123 217
12123 10
12124 3
12124 6
12124 23
12124 1593
12124 62
12125 3138
12125 53
12125 5
12125 25
12125 73
12126 4052
12126 4566
12126 8137
12126 3869
12126 1262
12127 6
12127 8396
12127 4060
12127 5357
12127 8269
12128 3
12128 9045
12128 359
12128 9
12128 41
12130 7665
12130 1
12130 23
12130 1081
12130 940
12132 176
12132 21
12132 22
12132 6
12132 31
12133 16
12133 3
12133 6
12133 669
12133 6110
12134 2
12134 1348
12134 21
12134 315
12134 3710
12135 725
12135 6854
12135 6
12135 31
12135 687
12136 233
12136 4169
12136 10
12136 12
12136 2108
12137 1
12137 372
12137 6
12137 199
12137 30
12138 3
12138 7656
12138 24
12138 776
12138 9052
12139 1
12139 3541
12139 293
12139 24
12139 1822
12140 2128
12140 3969
12140 8919
12140 11
12140 47
12141 434
12141 3
12141 179
12141 8
12141 159
12142 0
12142 17
12142 3
12142 132
12142 1659
12143 1681
12143 177
12143 3956
12143 1478
12143 7098
12144 8976
12144 3
12144 7636
12144 2150
12144 8
12145 2
12145 3
12145 37
12145 6
12145 8668
12146 1063
12146 9367
12146 233
12146 9388
12146 31
12147 337
12147 3
12147 8
12147 10
12147 158
12148 8915
12148 3
12148 1047
12148 4730
12148 29
12149 1
12149 2292
12149 359
12149 103
12149 4919
12150 322
12150 184
12150 842
12150 27
12150 156
12151 4312
12151 348
12151 12077
12151 30
12151 95
12152 561
12152 22
12152 10
12152 10638
12152 31
12153 1890
12153 200
12153 9229
12153 109
12153 575
12154 80
12154 1
12154 340
12154 7815
12154 31
12155 8
12155 9033
12155 569
12155 10
12155 4782
12156 548
12156 6
12156 86
12156 9
12156 11
12157 0
12157 1
12157 119
12157 10
12157 1375
12158 3
12158 36
12158 89
12158 43
12158 9358
12159 2
12159 1906
12159 6
12159 10652
12159 1181
12160 1
12160 3
12160 1477
12160 8
12160 8587
12161 3
12161 22
12161 11848
12161 2906
12161 10
12163 1
12163 23
12163 9
12163 6074
12163 31
12164 545
12164 3
12164 8
12164 4458
12164 3548
12166 32
12166 36
12166 805
12166 331
12166 1199
12167 5233
12167 2
12167 665
12167 11674
12167 59
12169 3
12169 8339
12169 10
12169 1900
12169 14
12170 1
12170 5
12170 2568
12170 6507
12170 988
12171 10804
12171 21
12171 6
12171 620
12171 8862
12172 3970
12172 151
12172 216
12172 11
12172 2655
12173 290
12173 755
12173 2436
12173 5
12173 5789
12174 0
12174 8660
12174 4
12174 7657
12174 333
12175 3936
12175 2976
12175 2
12175 3
12175 5116
12176 960
12176 11744
12176 3
12176 1412
12176 725
12177 4
12177 5
12177 1493
12177 8
12177 31
12178 0
12178 2
12178 2179
12178 217
12178 1087
12179 0
12179 8902
12179 4262
12179 9
12179 1167
12180 2
12180 22
12180 250
12180 367
12180 287
12181 4549
12181 90
12181 8075
12181 2365
12181 222
12182 562
12182 34
12182 4
12182 38
12182 23
12183 16
12183 3
12183 7283
12183 12
12183 1230
12184 1025
12184 2
12184 34
12184 12169
12184 859
12185 2
12185 163
12185 21
12185 39
12185 31
12186 7761
12186 3
12186 133
12186 105
12186 62
12187 16
12187 132
12187 6
12187 4299
12187 5311
12188 8645
12188 6
12188 23
12188 747
12188 63
12189 0
12189 259
12189 4
12189 4468
12189 3672
12190 4
12190 11045
12190 587
12190 7725
12190 14
12191 128
12191 0
12191 530
12191 4376
12191 1452
12192 180
12192 7433
12192 11
12192 11691
12192 139
12193 3426
12193 357
12193 11382
12193 3896
12193 6110
12194 1216
12194 36
12194 37
12194 267
12194 4060
12195 0
12195 6
12195 5592
12195 73
12195 89
12196 64
12196 5
12196 6
12196 955
12196 7055
12197 740
12197 11093
12197 4696
12197 41
12197 474
12198 4931
12198 4
12198 2549
12198 2841
12198 30
12200 0
12200 128
12200 1553
12200 34
12200 3740
12201 7797
12201 5238
12201 2950
12201 9
12201 13
12202 7331
12202 2360
12202 3786
12202 9850
12202 43
12203 51
12203 8692
12203 5
12203 22
12203 2667
12204 6953
12204 9882
12204 140
12204 46
12204 14
12206 2611
12206 21
12206 8950
12206 3880
12206 574
12207 1
12207 5
12207 373
12207 6
12207 1415
12208 0
12208 2154
12208 138
12208 43
12208 222
12209 11440
12209 4608
12209 20
12209 87
12209 31
12210 9618
12210 18
12210 4
12210 3064
12210 1822
12211 2673
12211 933
12211 2550
12211 248
12211 14
12212 2497
12212 1
12212 2
12212 568
12212 1309
12213 4052
12213 217
12213 10
12213 75
12213 30
12215 32
12215 290
12215 5813
12215 4440
12215 3021
12216 1601
12216 1
12216 6033
12216 194
12216 537
12217 3
12217 357
12217 3133
12217 11053
12217 270
12218 80
12218 21
12218 185
12218 59
12218 5725
12219 1
12219 4497
12219 435
12219 5
12219 8349
12220 261
12220 742
12220 183
12220 1612
12220 495
12222 3648
12222 10128
12222 7459
12222 8
12222 13
12223 4752
12223 3
12223 5
12223 791
12223 2477
12224 528
12224 3
12224 136
12224 31
12224 591
12225 4080
12225 1
12225 1219
12225 2072
12225 6105
12226 129
12226 835
12226 36
12226 5
12226 237
12227 2
12227 788
12227 9385
12227 460
12227 1214
12228 53
12228 22
12228 5337
12228 25
12228 12
12229 209
12229 7555
12229 21
12229 170
12229 141
12230 1
12230 34
12230 3059
12230 6
12230 12
12231 4464
12231 2
12231 290
12231 120
12231 3609
12232 1360
12232 4
12232 948
12232 938
12232 351
12233 3
12233 4104
12233 10808
12233 8313
12233 126
12234 3026
12234 6
12234 440
12234 12041
12234 92
12235 103
12235 5880
12235 121
12235 4697
12235 8942
12236 1
12236 3
12236 37
12236 6126
12236 14
12237 1
12237 34
12237 4
12237 5
12237 6
12238 1
12238 2323
12238 452
12238 11
12238 76
12239 1
12239 2
12239 3
12239 5
12239 475
12240 3
12240 5
12240 9
12240 11
12240 941
12241 3
12241 21
12241 4300
12241 7228
12241 1295
12242 6448
12242 2675
12242 1476
12242 709
12242 8091
12243 1011
12243 471
12243 3501
12243 333
12243 31
12244 707
12244 2249
12244 2665
12244 364
12244 31
12245 3552
12245 2466
12245 4261
12245 22
12245 760
12246 0
12246 1232
12246 51
12246 9
12246 1262
12247 32
12247 2
12247 4
12247 1144
12247 1134
12248 97
12248 373
12248 27
12248 29
12248 413
12249 1
12249 2
12249 552
12249 40
12249 59
12250 3
12250 756
12250 9847
12250 8
12250 12
12251 128
12251 2020
12251 23
12251 5337
12251 8971
12253 1
12253 8241
12253 4
12253 2296
12253 11596
12254 3
12254 179
12254 5654
12254 118
12254 1980
12255 3
12255 4
12255 1893
12255 6086
12255 59
12256 145
12256 34
12256 11396
12256 2871
12256 9
12258 6801
12258 2
12258 4
12258 4919
12258 6877
12260 643
12260 1094
12260 2556
12260 6877
12260 7647
12261 1110
12261 5687
12261 8456
12261 7690
12261 187
12263 532
12263 21
12263 6
12263 568
12263 9
12264 320
12264 0
12264 1
12264 1476
12264 158
12266 0
12266 1072
12266 2
12266 2840
12266 76
12267 2177
12267 50
12267 6
12267 9
12267 187
12268 7490
12268 9059
12268 2021
12268 1365
12268 653
12269 19
12269 1957
12269 6
12269 4311
12269 31
12270 2114
12270 963
12270 3
12270 21
12270 9333
12271 34
12271 9335
12271 8892
12271 302
12271 6575
12272 7105
12272 2578
12272 4242
12272 6456
12272 2796
12273 0
12273 2
12273 5
12273 11115
12273 3148
12275 897
12275 2
12275 50
12275 2645
12275 4184
12276 32
12276 52
12276 1141
12276 53
12276 1134
12277 721
12277 21
12277 53
12277 5207
12277 9515
12278 355
12278 8437
12278 86
12278 1705
12278 10092
12279 0
12279 384
12279 662
12279 8541
12279 46
12280 433
12280 228
12280 1610
12280 3948
12280 4684
12281 2
12281 162
12281 1589
12281 2122
12281 31
12283 9856
12283 4
12283 10
12283 59
12283 7949
12285 17
12285 1508
12285 7467
12285 172
12285 1452
12286 1649
12286 226
12286 4216
12286 10
12286 141
12287 5
12287 2021
12287 3077
12287 1609
12287 5871
12288 5456
12288 965
12288 122
12288 191
12288 11567
12289 4
12289 212
12289 21
12289 59
12289 349
12290 80
12290 17
12290 5
12290 9309
12290 2381
12291 3312
12291 0
12291 2297
12291 11
12291 14
12292 16
12292 80
12292 8
12292 10394
12292 170
12293 34
12293 195
12293 1941
12293 9421
12293 1373
12294 3
12294 435
12294 1447
12294 8
12294 9561
12295 34
12295 292
12295 1144
12295 1547
12295 12
12296 0
12296 3
12296 198
12296 8
12296 173
12297 3360
12297 2514
12297 166
12297 9
12297 1854
12298 4080
12298 8544
12298 99
12298 22
12298 11382
12299 0
12299 3
12299 2355
12299 3515
12299 1020
12300 84
12300 4101
12300 10023
12300 11112
12300 3406
12301 3632
12301 3947
12301 29
12301 1373
12301 62
12302 2
12302 531
12302 939
12302 11
12302 47
12303 4912
12303 2
12303 4
12303 6
12303 185
12304 0
12304 545
12304 4266
12304 218
12304 1055
12305 176
12305 144
12305 548
12305 378
12305 367
12306 1
12306 2177
12306 21
12306 2056
12306 9
12307 1
12307 275
12307 710
12307 87
12307 10
12308 1
12308 118
12308 7
12308 1340
12308 2990
12309 1
12309 1266
12309 179
12309 563
12309 8
12310 4353
12310 818
12310 2
12310 6
12310 42
12311 259
12311 8387
12311 4
12311 23
12311 313
12312 672
12312 16
12312 3
12312 7707
12312 1563
12313 672
12313 99
12313 676
12313 1574
12313 1255
12314 1
12314 97
12314 62
12314 47
12314 463
12315 180
12315 5
12315 6
12315 24
12315 424
12316 801
12316 10052
12316 88
12316 2024
12316 9770
12317 740
12317 9
12317 25
12317 10444
12317 158
12318 0
12318 36
12318 5
12318 1788
12318 31
12319 32
12319 804
12319 11078
12319 27
12319 47
12320 976
12320 1
12320 164
12320 1274
12320 175
12321 3712
12321 177
12321 3
12321 6
12321 110
12322 2
12322 24
12322 749
12322 3917
12322 446
12323 3281
12323 178
12323 4
12323 5718
12323 343
12324 16
12324 131
12324 390
12324 4391
12324 1159
12325 0
12325 3
12325 260
12325 6
12325 10955
12326 5
12326 6
12326 7864
12326 4828
12326 894
12327 7617
12327 9298
12327 5618
12327 21
12327 102
12328 209
12328 148
12328 12084
12328 10295
12328 1146
12329 1329
12329 7203
12329 3
12329 229
12329 1374
12330 545
12330 2
12330 3443
12330 3972
12330 29
12331 7831
12331 11530
12331 12
12331 2478
12331 3614
12332 1
12332 4
12332 39
12332 8
12332 10
12333 37
12333 38
12333 1418
12333 523
12333 14
12334 128
12334 177
12334 5
12334 41
12334 283
12335 1170
12335 18
12335 2
12335 201
12335 4457
12336 10512
12336 22
12336 59
12336 350
12336 158
12337 260
12337 5
12337 10326
12337 41
12337 4059
12338 5748
12338 2645
12338 358
12338 936
12338 158
12339 785
12339 3
12339 10535
12339 40
12339 9
12340 850
12340 3
12340 20
12340 10137
12340 175
12341 1
12341 21
12341 57
12341 203
12341 8606
12342 7120
12342 21
12342 198
12342 684
12342 2284
12343 32
12343 2
12343 101
12343 10
12343 3674
12345 10817
12345 5
12345 133
12345 231
12345 10793
12347 1041
12347 4
12347 4452
12347 1718
12347 63
12348 10945
12348 88
12348 8
12348 1049
12348 1467
12349 2
12349 6
12349 182
12349 119
12349 2271
12350 1
12350 258
12350 23
12350 10
12350 140
12351 7458
12351 2
12351 503
12351 6104
12351 478
12352 241
12352 5
12352 6
12352 7591
12352 24
12354 32
12354 1844
12354 6
12354 73
12354 345
12355 689
12355 1
12355 7013
12355 309
12355 233
12356 32
12356 66
12356 34
12356 5
12356 536
12357 3
12357 551
12357 73
12357 12
12357 95
12358 115
12358 5187
12358 181
12358 295
12358 7817
12359 5
12359 8438
12359 3958
12359 2214
12359 143
12360 2195
12360 887
12360 2988
12360 28
12360 95
12361 1172
12361 8468
12361 25
12361 906
12361 12
12362 34
12362 53
12362 102
12362 24
12362 687
12363 5
12363 6
12363 1820
12363 364
12363 29
12364 2
12364 37
12364 56
12364 24
12364 364
12365 3507
12365 6
12365 25
12365 59
12365 2284
12366 115
12366 10420
12366 372
12366 46
12366 31
12367 546
12367 4
12367 3349
12367 217
12367 31
12368 1
12368 307
12368 4394
12368 3324
12368 958
12369 3
12369 549
12369 38
12369 40
12369 922
12370 167
12370 1463
12370 11
12370 14
12370 1166
12371 8210
12371 3
12371 1030
12371 2295
12371 333
12372 2
12372 4
12372 36
12372 150
12372 423
12373 352
12373 1
12373 6626
12373 248
12373 137
12374 433
12374 258
12374 3475
12374 118
12374 31
12375 3
12375 181
12375 87
12375 408
12375 10
12376 3552
12376 170
12376 4731
12376 59
12376 12
12377 64
12377 3457
12377 1139
12377 7621
12377 3191
12378 226
12378 3529
12378 6732
12378 2460
12378 158
12379 274
12379 102
12379 59
12379 5804
12379 4302
12381 24
12381 1289
12381 716
12381 988
12381 2541
12382 3
12382 86
12382 4936
12382 798
12382 222
12383 0
12383 1523
12383 662
12383 536
12383 29
12384 450
12384 966
12384 90
12384 2987
12384 31
12385 3125
12385 8
12385 6875
12385 2380
12385 11982
12386 2801
12386 98
12386 66
12386 394
12386 206
12387 0
12387 2113
12387 115
12387 199
12387 5211
12388 1
12388 66
12388 2
12388 247
12388 24
12389 433
12389 7
12389 2185
12389 2459
12389 510
12390 2
12390 99
12390 677
12390 1198
12390 1278
12391 320
12391 0
12391 64
12391 2364
12391 13
12392 3936
12392 5792
12392 3
12392 13
12392 14
12393 1
12393 4
12393 7717
12393 296
12393 12
12394 1
12394 6482
12394 8216
12394 3865
12394 1615
12395 160
12395 3475
12395 1827
12395 4
12395 633
12396 4
12396 3429
12396 6
12396 4632
12396 2891
12397 180
12397 4
12397 21
12397 236
12397 143
12398 658
12398 2
12398 3
12398 217
12398 1293
12400 0
12400 208
12400 2
12400 3
12400 41
12401 337
12401 3635
12401 5796
12401 6
12401 3324
12402 1873
12402 8149
12402 261
12402 4476
12402 158
12403 5377
12403 2
12403 11
12403 13
12403 158
12404 5969
12404 53
12404 2950
12404 5607
12404 8
12405 2
12405 6803
12405 3
12405 4
12405 6421
12406 0
12406 4
12406 6444
12406 95
12406 495
12407 241
12407 753
12407 6
12407 7383
12407 351
12408 257
12408 21
12408 10981
12408 24
12408 186
12409 4928
12409 2
12409 3
12409 10
12409 12
12410 1
12410 3
12410 5
12410 1468
12410 14
12411 7105
12411 3235
12411 8404
12411 2807
12411 11
12412 850
12412 4597
12412 9
12412 6506
12412 4542
12413 2673
12413 501
12413 1159
12413 104
12413 1372
12414 2150
12414 3144
12414 27
12414 140
12414 831
12415 3
12415 6566
12415 9367
12415 395
12415 2638
12416 3042
12416 516
12416 6
12416 346
12416 7822
12417 64
12417 2176
12417 8
12417 4089
12417 3085
12418 1425
12418 2
12418 3714
12418 11683
12418 70
12419 0
12419 1
12419 6116
12419 3114
12419 10
12420 0
12420 51
12420 4
12420 459
12420 59
12421 0
12421 32
12421 3
12421 197
12421 287
12422 11577
12422 5994
12422 12
12422 349
12422 606
12423 3104
12423 1
12423 258
12423 7778
12423 21
12424 848
12424 180
12424 5
12424 6
12424 10
12425 2275
12425 4
12425 6
12425 4905
12425 9215
12426 160
12426 36
12426 5879
12426 1593
12426 6796
12427 32
12427 1154
12427 821
12427 573
12427 5469
12428 0
12428 3
12428 1412
12428 11638
12428 5289
12429 9681
12429 4051
12429 9539
12429 4
12429 105
12430 0
12430 80
12430 9
12430 159
12430 31
12431 11650
12431 36
12431 1367
12431 664
12431 792
12432 16
12432 620
12432 45
12432 142
12432 287
12434 1
12434 4
12434 648
12434 936
12434 587
12435 546
12435 6
12435 24
12435 6585
12435 47
12436 929
12436 548
12436 4391
12436 637
12436 3358
12437 2
12437 1043
12437 11431
12437 1451
12437 556
12438 0
12438 9941
12438 390
12438 24
12438 14
12439 6482
12439 8388
12439 10
12439 908
12439 349
12440 177
12440 1
12440 2
12440 180
12440 24
12441 0
12441 2549
12441 10153
12441 4125
12441 446
12442 80
12442 136
12442 1210
12442 140
12442 31
12443 3
12443 41
12443 9100
12443 14
12443 5326
12444 64
12444 1
12444 245
12444 2246
12444 173
12445 11600
12445 1
12445 1090
12445 3912
12445 331
12446 2658
12446 980
12446 40
12446 105
12446 8587
12447 2
12447 984
12447 8
12447 59
12447 31
12448 2162
12448 8818
12448 2596
12448 5
12448 6
12449 1
12449 840
12449 9481
12449 3675
12449 9884
12450 75
12450 12
12450 3085
12450 702
12450 2014
12451 288
12451 2290
12451 3
12451 1527
12451 10042
12452 6721
12452 226
12452 180
12452 1044
12452 53
12454 131
12454 4
12454 4745
12454 89
12454 4142
12455 144
12455 4
12455 24
12455 5036
12455 12
12456 1
12456 50
12456 349
12456 1166
12456 1374
12457 1922
12457 5
12457 8
12457 140
12457 31
12458 2464
12458 2
12458 8853
12458 172
12458 11260
12459 2338
12459 3
12459 4
12459 5
12459 107
12460 419
12460 4
12460 390
12460 678
12460 4687
12461 3
12461 131
12461 8420
12461 10101
12461 1480
12463 10787
12463 1508
12463 5
12463 4362
12463 158
12464 1
12464 5
12464 91
12464 7484
12464 2173
12467 5584
12467 2580
12467 43
12467 12
12467 8878
12468 32
12468 112
12468 1
12468 4
12468 295
12469 9987
12469 837
12469 3529
12469 330
12469 7676
12470 0
12470 160
12470 6177
12470 4857
12470 2427
12471 944
12471 177
12471 2
12471 3906
12471 11389
12472 3
12472 1414
12472 25
12472 10
12472 333
12474 2176
12474 82
12474 3
12474 133
12474 873
12475 1
12475 11957
12475 2024
12475 924
12475 31
12476 1
12476 3491
12476 25
12476 235
12476 31
12477 34
12477 4
12477 8
12477 40
12477 9917
12478 3
12478 4
12478 73
12478 281
12478 14
12479 2
12479 883
12479 4
12479 264
12479 9229
12480 487
12480 280
12480 3387
12480 141
12480 2959
12481 0
12481 9120
12481 6
12481 10
12481 14
12482 6579
12482 21
12482 5
12482 103
12482 10
12483 2
12483 1497
12483 298
12483 29
12483 14
12484 1
12484 4
12484 263
12484 393
12484 5003
12485 1
12485 835
12485 216
12485 5896
12485 364
12486 0
12486 1924
12486 3304
12486 3406
12486 3343
12487 112
12487 4580
12487 953
12487 9803
12487 4510
12488 1282
12488 109
12488 11086
12488 31
12488 3215
12489 11072
12489 1
12489 1267
12489 180
12489 89
12490 7139
12490 6
12490 410
12490 285
12490 366
12491 1606
12491 282
12491 59
12491 44
12491 14
12492 2
12492 5
12492 6
12492 9
12492 75
12493 0
12493 2
12493 5093
12493 10
12493 460
12494 40
12494 4136
12494 8
12494 59
12494 526
12495 16
12495 4848
12495 180
12495 6
12495 159
12496 8592
12496 2
12496 2323
12496 8
12496 347
12497 0
12497 1522
12497 307
12497 532
12497 14
12498 9334
12498 42
12498 2203
12498 10863
12498 2287
12499 7026
12499 371
12499 1076
12499 10693
12499 287
12500 24
12500 265
12500 89
12500 9421
12500 95
12501 4
12501 40
12501 172
12501 14
12501 31
12504 3920
12504 4
12504 581
12504 200
12504 90
12505 5363
12505 24
12505 41
12505 12
12505 7487
12506 3360
12506 3
12506 2467
12506 228
12506 1365
12507 0
12507 16
12507 2176
12507 112
12507 282
12508 133
12508 247
12508 618
12508 395
12508 95
12509 2626
12509 3
12509 11688
12509 14
12509 447
12510 21
12510 6
12510 140
12510 5438
12510 14
12511 7106
12511 1314
12511 3797
12511 6
12511 9466
12512 722
12512 2389
12512 24
12512 6440
12512 937
12513 0
12513 4
12513 7255
12513 172
12513 62
12514 6724
12514 1990
12514 8
12514 12
12514 11180
12515 176
12515 3
12515 23
12515 330
12515 12
12516 3
12516 86
12516 1976
12516 986
12516 46
12517 705
12517 419
12517 3
12517 10
12517 14
12518 0
12518 80
12518 1
12518 177
12518 6
12519 3
12519 3399
12519 6600
12519 75
12519 1836
12520 16
12520 1120
12520 8883
12520 6
12520 12
12521 419
12521 2661
12521 21
12521 5
12521 2539
12522 0
12522 1559
12522 985
12522 412
12522 701
12523 2
12523 1047
12523 8
12523 413
12523 1454
12524 1
12524 148
12524 2741
12524 439
12524 8554
12526 5169
12526 180
12526 9337
12526 6107
12526 43
12527 2
12527 3
12527 133
12527 182
12527 8
12528 34
12528 7942
12528 152
12528 10
12528 1067
12529 0
12529 5893
12529 12
12529 348
12529 31
12531 11255
12531 298
12531 11963
12531 1326
12531 10878
12532 0
12532 16
12532 1475
12532 9
12532 6203
12533 3538
12533 5750
12533 103
12533 8
12533 12056
12534 465
12534 129
12534 850
12534 12211
12534 3919
12535 1
12535 3
12535 997
12535 886
12535 2841
12536 480
12536 1491
12536 2323
12536 153
12536 238
12537 1601
12537 4420
12537 13
12537 2029
12537 191
12538 9861
12538 5
12538 5159
12538 440
12538 3978
12539 1
12539 897
12539 499
12539 9781
12539 382
12540 0
12540 21
12540 6
12540 31
12540 4111
12541 4608
12541 259
12541 4199
12541 938
12541 830
12542 209
12542 121
12542 382
12542 4062
12542 1166
12543 1732
12543 2548
12543 1637
12543 3661
12543 6574
12544 4
12544 3895
12544 2265
12544 8047
12544 463
12545 5504
12545 1584
12545 1
12545 170
12545 237
12546 103
12546 40
12546 1049
12546 12010
12546 3740
12547 4
12547 9349
12547 3512
12547 218
12547 59
12548 2
12548 1204
12548 4
12548 8557
12548 14
12549 18
12549 1460
12549 8965
12549 117
12549 5
12550 0
12550 196
12550 37
12550 6
12550 1320
12551 1
12551 2513
12551 228
12551 2421
12551 6
12552 0
12552 5976
12552 536
12552 105
12552 7901
12553 16
12553 128
12553 4
12553 1833
12553 105
12554 3
12554 1064
12554 937
12554 10
12554 140
12555 5233
12555 177
12555 3
12555 708
12555 5
12556 1201
12556 498
12556 8
12556 217
12556 95
12557 2992
12557 1412
12557 2573
12557 46
12557 31
12558 2337
12558 5
12558 11767
12558 6285
12558 110
12559 4
12559 8
12559 31
12559 415
12559 4719
12560 16
12560 2
12560 6
12560 3980
12560 1373
12561 320
12561 636
12561 11196
12561 1661
12561 10446
12562 0
12562 209
12562 66
12562 21
12562 287
12563 1376
12563 212
12563 1028
12563 9814
12563 1563
12564 64
12564 131
12564 230
12564 9
12564 108
12565 976
12565 209
12565 39
12565 906
12565 427
12566 5
12566 6167
12566 40
12566 6040
12566 185
12567 1
12567 2058
12567 10
12567 5914
12567 7883
12568 512
12568 1889
12568 86
12568 3869
12568 29
12569 80
12569 0
12569 5
12569 12
12569 364
12571 1
12571 419
12571 711
12571 9
12571 174
12572 2
12572 644
12572 2775
12572 1464
12572 958
12573 0
12573 2
12573 5
12573 22
12573 10958
12574 1344
12574 21
12574 5
12574 24
12574 653
12575 4
12575 1690
12575 4670
12575 95
12575 3647
12576 5
12576 3898
12576 874
12576 170
12576 9343
12577 404
12577 134
12577 24
12577 714
12577 1182
12578 1121
12578 3106
12578 166
12578 10
12578 4510
12579 850
12579 66
12579 11957
12579 1654
12579 4015
12580 976
12580 9669
12580 21
12580 9
12580 8554
12581 4513
12581 53
12581 86
12581 103
12581 826
12582 280
12582 187
12582 475
12582 8061
12582 958
12583 10309
12583 24
12583 5228
12583 29
12583 4494
12584 0
12584 16
12584 66
12584 9815
12584 7383
12585 320
12585 11250
12585 274
12585 9
12585 3002
12586 290
12586 18
12586 3
12586 3573
12586 158
12587 3841
12587 1877
12587 57
12587 3900
12587 3663
12588 5
12588 233
12588 684
12588 831
12588 31
12589 307
12589 7431
12589 1018
12589 475
12589 3660
12590 3136
12590 2
12590 899
12590 5
12590 3191
12591 1216
12591 192
12591 9573
12591 3719
12591 2792
12592 5969
12592 43
12592 12
12592 3709
12592 31
12593 4
12593 5
12593 2150
12593 13
12593 15
12594 11170
12594 1282
12594 3
12594 10
12594 557
12595 2
12595 2264
12595 105
12595 138
12595 702
12596 4
12596 982
12596 8
12596 12489
12596 5788
12597 0
12597 3745
12597 357
12597 9
12597 218
12598 2
12598 8934
12598 7
12598 279
12598 5598
12599 80
12599 242
12599 3347
12599 9189
12599 174
12600 2082
12600 3
12600 6
12600 5916
12600 399
12601 16
12601 2
12601 3
12601 4
12601 121
12602 64
12602 7
12602 1047
12602 11
12602 715
12603 10467
12603 1203
12603 6
12603 2966
12603 172
12604 786
12604 5
12604 887
12604 5372
12604 237
12606 4035
12606 1924
12606 727
12606 633
12606 31
12607 1392
12607 167
12607 24
12607 6700
12607 4111
12608 449
12608 24
12608 344
12608 153
12608 11994
12609 1
12609 6804
12609 8
12609 10909
12609 510
12610 2
12610 2389
12610 21
12610 8871
12610 3629
12611 0
12611 4946
12611 11860
12611 2582
12611 9
12612 1424
12612 228
12612 5
12612 6487
12612 30
12614 4144
12614 1
12614 213
12614 390
12614 9
12615 11441
12615 5
12615 301
12615 862
12615 287
12617 12016
12617 9392
12617 3
12617 53
12617 11112
12618 5186
12618 275
12618 2792
12618 93
12618 29
12619 4449
12619 9059
12619 3
12619 8808
12619 91
12620 161
12620 388
12620 805
12620 3751
12620 89
12621 64
12621 2
12621 852
12621 53
12621 62
12622 0
12622 1552
12622 3253
12622 775
12622 682
12623 1603
12623 710
12623 265
12623 187
12623 3934
12624 8416
12624 1121
12624 36
12624 1159
12624 12
12625 131
12625 2020
12625 5
12625 88
12625 62
12626 21
12626 902
12626 342
12626 1162
12626 6110
12627 2
12627 20
12627 407
12627 349
12627 11167
12628 0
12628 537
12628 605
12628 382
12628 334
12629 226
12629 4
12629 21
12629 389
12629 5
12630 0
12630 160
12630 1
12630 4450
12630 2079
12631 32
12631 3
12631 37
12631 5
12631 12
12632 21
12632 469
12632 248
12632 475
12632 31
12633 153
12633 5548
12633 349
12633 222
12633 11503
12634 1313
12634 1843
12634 4932
12634 233
12634 63
12635 8832
12635 0
12635 128
12635 5
12635 9176
12636 1168
12636 470
12636 24
12636 216
12636 525
12637 32
12637 3456
12637 2522
12637 1742
12637 238
12638 2128
12638 867
12638 436
12638 1062
12638 8
12639 0
12639 322
12639 1094
12639 88
12639 395
12640 1
12640 1170
12640 1091
12640 408
12640 41
12641 2
12641 34
12641 180
12641 13
12641 175
12642 80
12642 209
12642 580
12642 1412
12642 581
12643 2403
12643 10406
12643 456
12643 11692
12643 14
12644 979
12644 451
12644 8900
12644 53
12644 8
12645 450
12645 19
12645 8
12645 3003
12645 1885
12646 2
12646 3555
12646 118
12646 2606
12646 287
12647 275
12647 372
12647 21
12647 918
12647 10413
12649 64
12649 1712
12649 170
12649 1659
12649 1183
12650 16
12650 80
12650 3
12650 708
12650 1781
12651 16
12651 128
12651 7859
12651 131
12651 6525
12652 11073
12652 7058
12652 2
12652 40
12652 379
12653 758
12653 349
12653 29
12653 4254
12653 2175
12654 0
12654 3
12654 133
12654 3976
12654 4845
12656 19
12656 3672
12656 1931
12656 12
12656 8591
12657 0
12657 50
12657 115
12657 12533
12657 9
12658 5504
12658 2
12658 3
12658 21
12658 1734
12659 3794
12659 11142
12659 6679
12659 730
12659 3647
12660 1
12660 2
12660 7717
12660 6
12660 2794
12661 2176
12661 3920
12661 2
12661 9268
12661 11
12662 0
12662 5477
12662 3029
12662 10
12662 2906
12663 1445
12663 3719
12663 9
12663 10638
12663 12367
12664 10800
12664 0
12664 10
12664 3548
12664 991
12665 1
12665 2690
12665 7689
12665 12202
12665 110
12666 66
12666 2
12666 3474
12666 1704
12666 141
12667 2
12667 67
12667 5
12667 9
12667 31
12668 1747
12668 3
12668 53
12668 41
12668 45
12669 274
12669 8214
12669 5704
12669 29
12669 63
12670 3618
12670 2997
12670 6
12670 57
12670 1119
12671 436
12671 11126
12671 140
12671 31
12671 1471
12672 9348
12672 2712
12672 8
12672 8621
12672 4670
12673 10944
12673 1122
12673 2354
12673 1092
12673 12
12674 32
12674 3
12674 297
12674 9979
12674 2895
12675 0
12675 469
12675 906
12675 7964
12675 8158
12676 5057
12676 3
12676 5
12676 697
12676 4060
12677 9090
12677 99
12677 3732
12677 3351
12677 8
12678 320
12678 5
12678 8745
12678 5353
12678 27
12679 32
12679 2
12679 179
12679 3
12679 379
12680 145
12680 4
12680 5
12680 3866
12680 618
12681 7346
12681 9334
12681 1176
12681 200
12681 153
12682 1744
12682 1
12682 2
12682 2296
12682 60
12683 4658
12683 12485
12683 918
12683 38
12683 24
12684 3
12684 4
12684 57
12684 2667
12684 31
12685 4720
12685 3971
12685 10311
12685 200
12685 1021
12686 259
12686 1493
12686 105
12686 1499
12686 43
12687 5681
12687 1460
12687 22
12687 8108
12687 157
12688 32
12688 1
12688 6
12688 702
12688 174
12689 1
12689 3362
12689 103
12689 24
12689 8
12690 9072
12690 3
12690 21
12690 24
12690 1624
12691 471
12691 459
12691 12
12691 3212
12691 4876
12692 1120
12692 4
12692 726
12692 41
12692 59
12693 5269
12693 9078
12693 7624
12693 187
12693 333
12694 0
12694 2
12694 5366
12694 109
12694 1166
12695 1747
12695 23
12695 3704
12695 24
12695 383
12696 480
12696 22
12696 233
12696 11
12696 14
12697 3
12697 21
12697 438
12697 3819
12697 2605
12698 3
12698 883
12698 228
12698 245
12698 463
12699 10912
12699 176
12699 19
12699 6
12699 986
12700 99
12700 39
12700 6411
12700 107
12700 12
12701 81
12701 372
12701 12612
12701 53
12701 24
12702 3280
12702 5
12702 103
12702 41
12702 859
12703 1667
12703 259
12703 1752
12703 858
12703 510
12704 0
12704 6966
12704 6
12704 472
12704 12282
12705 131
12705 10
12705 156
12705 174
12705 383
12706 69
12706 390
12706 103
12706 55
12706 186
12707 4691
12707 4
12707 1449
12707 7642
12707 459
12708 16
12708 1658
12708 6733
12708 13
12708 158
12709 5059
12709 2730
12709 59
12709 174
12709 959
12710 644
12710 4
12710 4197
12710 12
12710 5949
12712 80
12712 7808
12712 1
12712 3
12712 550
12713 0
12713 3
12713 11707
12713 11
12713 1708
12714 1360
12714 82
12714 3
12714 869
12714 24
12715 0
12715 4068
12715 1574
12715 2872
12715 2011
12716 338
12716 3
12716 12534
12716 8591
12716 1167
12717 3651
12717 24
12717 1579
12717 10572
12717 5102
12718 2712
12718 24
12718 152
12718 11674
12718 333
12719 1
12719 10097
12719 5618
12719 9094
12719 1719
12720 2
12720 259
12720 148
12720 21
12720 7592
12721 0
12721 177
12721 2177
12721 2
12721 116
12722 3
12722 5191
12722 8
12722 4792
12722 873
12723 9424
12723 2129
12723 6
12723 5179
12723 158
12724 2
12724 1282
12724 10885
12724 24
12724 6266
12726 1
12726 1266
12726 6723
12726 7944
12726 217
12727 3378
12727 390
12727 6
12727 1418
12727 47
12728 2945
12728 9938
12728 54
12728 6
12728 4518
12729 1
12729 2
12729 419
12729 5
12729 5960
12730 0
12730 2868
12730 88
12730 10075
12730 14
12731 3
12731 4259
12731 24
12731 3194
12731 5518
12732 1504
12732 103
12732 23
12732 264
12732 874
12733 21
12733 9688
12733 24
12733 9
12733 638
12735 1
12735 19
12735 5
12735 40
12735 5260
12737 8321
12737 116
12737 7348
12737 12
12737 1759
12738 37
12738 583
12738 1911
12738 24
12738 58
12740 1
12740 6965
12740 86
12740 11818
12740 31
12741 34
12741 5
12741 6469
12741 3214
12741 47
12742 6128
12742 2019
12742 5
12742 2808
12742 10
12743 1041
12743 5476
12743 2021
12743 998
12743 1577
12744 0
12744 1729
12744 2323
12744 981
12744 2236
12745 3936
12745 1584
12745 4
12745 325
12745 7975
12746 1297
12746 51
12746 9493
12746 11
12746 14
12748 1376
12748 564
12748 71
12748 8
12748 1563
12749 258
12749 34
12749 245
12749 1893
12749 95
12751 2
12751 5
12751 24
12751 297
12751 4764
12752 275
12752 1768
12752 888
12752 1132
12752 958
12753 8503
12753 9
12753 986
12753 12717
12753 7822
12754 6721
12754 3093
12754 230
12754 4682
12754 2108
12755 32
12755 467
12755 3
12755 53
12755 6487
12756 2208
12756 34
12756 115
12756 51
12756 6
12758 3
12758 340
12758 103
12758 2590
12758 4974
12759 32
12759 6
12759 10
12759 77
12759 95
12760 229
12760 1144
12760 24
12760 200
12760 9
12761 979
12761 3
12761 12550
12761 43
12761 1261
12762 0
12762 6
12762 23
12762 12649
12762 2364
12763 1
12763 4
12763 501
12763 6025
12763 267
12764 0
12764 2
12764 3
12764 1868
12764 11726
12765 2515
12765 2244
12765 120
12765 491
12765 254
12766 9954
12766 25
12766 1673
12766 14
12766 95
12767 3106
12767 5
12767 6889
12767 25
12767 4698
12768 1
12768 2
12768 51
12768 996
12768 494
12769 3747
12769 11604
12769 53
12769 2412
12769 62
12770 16
12770 37
12770 87
12770 474
12770 30
12771 160
12771 1
12771 4359
12771 108
12771 12
12772 1537
12772 3862
12772 88
12772 185
12772 10335
12773 2497
12773 3
12773 5
12773 8922
12773 11531
12774 1712
12774 0
12774 5
12774 4040
12774 31
12776 6833
12776 105
12776 1404
12776 12
12776 31
12777 80
12777 3
12777 180
12777 615
12777 399
12778 1
12778 5
12778 150
12778 4342
12778 107
12779 3458
12779 4
12779 22
12779 315
12779 781
12780 4033
12780 659
12780 3
12780 103
12780 57
12781 4704
12781 7664
12781 4859
12781 46
12781 3503
12782 881
12782 1
12782 2
12782 164
12782 3510
12783 0
12783 7638
12783 9338
12783 31
12783 447
12784 22
12784 2502
12784 57
12784 6763
12784 12
12785 21
12785 6
12785 567
12785 3547
12785 31
12786 3
12786 1027
12786 2532
12786 46
12786 479
12787 248
12787 121
12787 31
12787 2335
12787 3135
12788 450
12788 516
12788 326
12788 4010
12788 31
12789 0
12789 3866
12789 266
12789 13
12789 14
12790 1219
12790 9269
12790 3003
12790 413
12790 462
12791 16
12791 361
12791 11
12791 1807
12791 4223
12792 64
12792 1
12792 869
12792 22
12792 285
12794 0
12794 1
12794 4931
12794 6
12794 47
12795 964
12795 6
12795 103
12795 10
12795 5598
12796 128
12796 1601
12796 9060
12796 8
12796 12780
12797 2
12797 131
12797 6020
12797 4871
12797 12
12798 16
12798 1
12798 2545
12798 981
12798 8886
12800 1
12800 24
12800 9529
12800 12043
12800 31
12802 0
12802 2
12802 4
12802 3895
12802 12
12803 209
12803 1890
12803 2965
12803 9
12803 379
12804 3
12804 823
12804 8
12804 200
12804 175
12805 1058
12805 6
12805 5482
12805 158
12805 14
12806 6465
12806 36
12806 6694
12806 12
12806 3869
12807 0
12807 6337
12807 919
12807 1112
12807 1864
12808 2
12808 5
12808 43
12808 14
12808 47
12809 3
12809 6308
12809 4
12809 5
12809 14
12810 0
12810 7904
12810 4
12810 180
12810 366
12811 1508
12811 10085
12811 9
12811 10287
12811 31
12812 0
12812 2
12812 3
12812 4147
12812 59
12813 1093
12813 727
12813 11274
12813 2940
12813 12
12814 65
12814 4691
12814 8152
12814 683
12814 6443
12815 19
12815 3
12815 456
12815 282
12815 267
12816 1440
12816 2
12816 357
12816 21
12816 367
12817 34
12817 5907
12817 167
12817 136
12817 10
12818 2482
12818 114
12818 74
12818 59
12818 2749
12819 132
12819 3652
12819 4198
12819 40
12819 478
12820 2752
12820 10739
12820 390
12820 11385
12820 361
12822 0
12822 4
12822 3286
12822 238
12822 31
12823 16
12823 5296
12823 2906
12823 591
12823 383
12824 3077
12824 6
12824 1255
12824 906
12824 1562
12825 1
12825 772
12825 469
12825 23
12825 8488
12826 1
12826 82
12826 180
12826 456
12826 14
12827 1139
12827 4
12827 53
12827 62
12827 142
12828 450
12828 3
12828 788
12828 4821
12828 7736
12829 96
12829 3
12829 4
12829 151
12829 792
12830 4
12830 1924
12830 36
12830 1719
12830 140
12831 3360
12831 1
12831 10126
12831 1615
12831 5215
12832 1632
12832 4020
12832 4907
12832 3709
12832 239
12833 0
12833 1
12833 404
12833 5
12833 61
12834 11122
12834 6201
12834 953
12834 9086
12834 4815
12835 4
12835 1941
12835 6
12835 11771
12835 347
12836 66
12836 5348
12836 261
12836 4840
12836 109
12837 2144
12837 369
12837 4
12837 8214
12837 6574
12838 16
12838 193
12838 2
12838 2246
12838 6109
12839 1969
12839 2629
12839 21
12839 40
12839 300
12840 2
12840 3
12840 740
12840 586
12840 4267
12841 51
12841 3
12841 23
12841 9
12841 13
12842 0
12842 2291
12842 6
12842 5739
12842 300
12843 5665
12843 501
12843 3461
12843 10090
12843 2171
12844 2994
12844 5749
12844 21
12844 86
12844 118
12845 770
12845 2323
12845 24
12845 1593
12845 299
12846 2
12846 4007
12846 137
12846 267
12846 14
12847 5
12847 709
12847 2252
12847 77
12847 31
12848 2512
12848 3363
12848 996
12848 5
12848 29
12849 1
12849 4
12849 38
12849 4921
12849 172
12850 290
12850 2
12850 21
12850 40
12850 41
12851 5
12851 662
12851 567
12851 399
12851 31
12852 16
12852 1
12852 359
12852 41
12852 843
12853 6624
12853 7688
12853 8
12853 9
12853 143
12854 1
12854 1126
12854 2507
12854 396
12854 911
12855 16
12855 0
12855 3782
12855 442
12855 845
12857 4850
12857 8
12857 12
12857 798
12857 110
12858 1
12858 10530
12858 11525
12858 1592
12858 1133
12859 4256
12859 3945
12859 7385
12859 249
12859 29
12860 51
12860 37
12860 55
12860 138
12860 333
12861 112
12861 19
12861 4
12861 840
12861 29
12862 1
12862 6274
12862 2739
12862 823
12862 5559
12863 160
12863 452
12863 2120
12863 141
12863 158
12864 112
12864 1
12864 2148
12864 85
12864 5
12865 2007
12865 5464
12865 120
12865 761
12865 186
12867 1574
12867 1990
12867 9624
12867 411
12867 14
12868 930
12868 9379
12868 4
12868 13
12868 30
12869 16
12869 6546
12869 12482
12869 4
12869 187
12870 176
12870 88
12870 6856
12870 1193
12870 10090
12871 32
12871 145
12871 1159
12871 231
12871 183
12872 1
12872 7876
12872 5
12872 4588
12872 63
12873 1460
12873 6
12873 8
12873 760
12873 1899
12874 6227
12874 5
12874 183
12874 2108
12874 2190
12875 0
12875 2210
12875 3
12875 5
12875 343
12876 4112
12876 1904
12876 471
12876 41
12876 153
12877 51
12877 5
12877 501
12877 7975
12877 55
12878 16
12878 594
12878 2
12878 34
12878 4
12879 12001
12879 1
12879 2
12879 3380
12879 2759
12880 691
12880 823
12880 187
12880 510
12880 191
12881 6
12881 598
12881 8
12881 2458
12881 943
12882 1712
12882 21
12882 200
12882 5753
12882 14
12883 50
12883 212
12883 3157
12883 233
12883 5721
12884 64
12884 3666
12884 12837
12884 13
12884 1742
12885 307
12885 59
12885 75
12885 31
12885 527
12886 2
12886 259
12886 4342
12886 1132
12886 12
12887 4
12887 5
12887 1337
12887 1579
12887 31
12888 177
12888 9
12888 10
12888 6922
12888 2959
12889 179
12889 5
12889 21
12889 173
12889 2142
12890 1284
12890 5
12890 54
12890 397
12890 1181
12891 5
12891 4854
12891 855
12891 6201
12891 575
12892 1
12892 8308
12892 8
12892 12633
12892 158
12893 2578
12893 258
12893 1220
12893 36
12893 1015
12894 133
12894 5
12894 2648
12894 1677
12894 14
12895 1
12895 4228
12895 6423
12895 59
12895 13
12896 1760
12896 3
12896 4
12896 40
12896 7149
12897 81
12897 3
12897 24
12897 7484
12897 638
12898 0
12898 1
12898 19
12898 3
12898 12
12899 64
12899 384
12899 10359
12899 6953
12899 410
12900 0
12900 2246
12900 7194
12900 8171
12900 175
12901 0
12901 66
12901 5
12901 10295
12901 45
12902 593
12902 133
12902 6
12902 297
12902 10122
12904 3
12904 8
12904 12122
12904 75
12904 127
12905 388
12905 374
12905 9
12905 315
12905 1405
12906 1
12906 4387
12906 6
12906 5211
12906 30
12907 1889
12907 2021
12907 1449
12907 6203
12907 5420
12908 2
12908 66
12908 3
12908 532
12908 379
12909 448
12909 4
12909 21
12909 122
12909 172
12910 2
12910 147
12910 23
12910 8
12910 31
12911 3
12911 20
12911 1188
12911 138
12911 5082
12912 12848
12912 242
12912 3
12912 4
12912 57
12914 0
12914 4
12914 21
12914 232
12914 264
12915 275
12915 4
12915 2997
12915 5
12915 11606
12916 4944
12916 5
12916 4059
12916 11
12916 31
12917 2921
12917 4970
12917 6669
12917 3374
12917 31
12918 4
12918 468
12918 1509
12918 858
12918 174
12919 193
12919 450
12919 5222
12919 1847
12919 2423
12920 1
12920 133
12920 231
12920 120
12920 622
12921 16
12921 19
12921 1881
12921 2953
12921 3437
12922 21
12922 1466
12922 219
12922 638
12922 31
12923 2
12923 10067
12923 6
12923 282
12923 140
12924 0
12924 3
12924 10006
12924 8
12924 8779
12925 0
12925 4
12925 2549
12925 540
12925 383
12926 1442
12926 6
12926 1766
12926 4109
12926 1629
12927 16
12927 564
12927 12
12927 140
12927 2525
12928 803
12928 2905
12928 187
12928 735
12928 15
12929 0
12929 5
12929 1911
12929 95
12929 239
12930 0
12930 1634
12930 115
12930 4
12930 45
12931 1
12931 3
12931 51
12931 1432
12931 2361
12932 2166
12932 631
12932 281
12932 187
12932 7150
12933 0
12933 8
12933 904
12933 11963
12933 430
12934 1154
12934 3
12934 1957
12934 282
12934 158
12935 2592
12935 3347
12935 742
12935 1112
12935 10
12936 53
12936 22
12936 3163
12936 12477
12936 13
12937 257
12937 2
12937 518
12937 247
12937 12860
12938 450
12938 3
12938 692
12938 59
12938 9711
12939 2160
12939 5728
12939 238
12939 94
12939 8687
12940 64
12940 3
12940 4037
12940 1158
12940 235
12941 930
12941 183
12941 24
12941 59
12941 238
12942 352
12942 4
12942 3494
12942 1496
12942 121
12943 0
12943 625
12943 3
12943 839
12943 4840
12944 12496
12944 274
12944 3769
12944 938
12944 6443
12945 960
12945 0
12945 3
12945 180
12945 12
12946 1
12946 102
12946 1212
12946 1214
12946 31
12947 209
12947 5
12947 152
12947 8
12947 158
12948 0
12948 1905
12948 66
12948 4930
12948 185
12949 1
12949 419
12949 4
12949 3912
12949 12588
12950 66
12950 2
12950 67
12950 1627
12950 14
12951 2642
12951 5
12951 9190
12951 13
12951 14
12952 1
12952 2962
12952 180
12952 24
12952 4926
12953 4
12953 7463
12953 1352
12953 4491
12953 237
12954 0
12954 6
12954 647
12954 40
12954 1467
12955 2
12955 3674
12955 172
12955 1390
12955 2895
12956 144
12956 0
12956 113
12956 1493
12956 4986
12957 24
12957 281
12957 10
12957 11
12957 11035
12958 2
12958 259
12958 2323
12958 598
12958 12
12959 7954
12959 53
12959 12837
12959 728
12959 10602
12960 0
12960 2
12960 7315
12960 36
12960 862
12962 2257
12962 21
12962 92
12962 9372
12962 4429
12963 6
12963 9
12963 810
12963 7149
12963 14
12964 5573
12964 1990
12964 103
12964 59
12964 47
12965 65
12965 51
12965 3
12965 3976
12965 830
12967 576
12967 0
12967 5730
12967 552
12967 12888
12968 2
12968 86
12968 198
12968 3256
12968 59
12969 16
12969 80
12969 449
12969 2214
12969 40
12970 3075
12970 54
12970 678
12970 873
12970 7964
12971 320
12971 274
12971 92
12971 31
12971 10815
12972 4434
12972 3
12972 247
12972 8
12972 687
12973 4576
12973 707
12973 24
12973 158
12973 1087
12974 193
12974 241
12974 1
12974 51
12974 5350
12975 2483
12975 37
12975 1621
12975 349
12975 31
12976 0
12976 1
12976 5
12976 14
12976 766
12977 996
12977 12309
12977 2021
12977 8
12977 4525
12978 1
12978 5780
12978 200
12978 59
12978 93
12979 5
12979 2632
12979 3548
12979 10365
12979 1390
12980 23
12980 7
12980 1112
12980 8571
12980 5405
12981 1
12981 5
12981 23
12981 3256
12981 4204
12982 64
12982 32
12982 180
12982 10
12982 11994
12983 7573
12983 343
12983 222
12983 7471
12983 6079
12984 11616
12984 213
12984 118
12984 2187
12984 31
12986 3
12986 12245
12986 1609
12986 4427
12986 12
12987 176
12987 1833
12987 7242
12987 10
12987 9549
12988 228
12988 90
12988 2203
12988 5147
12988 3198
12989 0
12989 59
12989 30
12989 5710
12989 47
12990 2
12990 3
12990 10
12990 12122
12990 10717
12991 97
12991 5939
12991 7498
12991 12860
12991 3293
12992 3
12992 805
12992 9367
12992 267
12992 1567
12993 2
12993 182
12993 105
12993 170
12993 525
12994 2
12994 275
12994 31
12994 2175
12994 671
12995 516
12995 6535
12995 327
12995 6825
12995 1677
12996 11473
12996 4311
12996 59
12996 8653
12996 253
12997 2
12997 4
12997 775
12997 3754
12997 831
12998 1472
12998 8418
12998 182
12998 395
12998 11036
12999 1634
12999 3
12999 9943
12999 103
12999 463
13000 0
13000 176
13000 1
13000 530
13000 95
13001 2275
13001 677
13001 4007
13001 7288
13001 170
13002 1
13002 5314
13002 2115
13002 3
13002 116
13003 1170
13003 6
13003 214
13003 345
13003 9
13004 16
13004 146
13004 1060
13004 25
13004 172
13005 8592
13005 193
13005 1076
13005 41
13005 12
13007 576
13007 1623
13007 40
13007 6618
13007 1468
13008 2
13008 3
13008 70
13008 2223
13008 175
13009 2
13009 147
13009 24
13009 6169
13009 59
13010 0
13010 3
13010 180
13010 1287
13010 891
13011 3059
13011 5323
13011 206
13011 991
13011 4495
13012 1892
13012 37
13012 3672
13012 459
13012 158
13013 19
13013 4052
13013 2885
13013 235
13013 412
13014 6480
13014 3537
13014 4
13014 5
13014 2219
13015 6002
13015 3
13015 6741
13015 6
13015 79
13017 3
13017 3555
13017 267
13017 158
13017 31
13019 5041
13019 2
13019 981
13019 9
13019 59
13020 1
13020 3683
13020 25
13020 12
13020 8589
13021 4496
13021 2
13021 1604
13021 2232
13021 12
13022 0
13022 34
13022 5
13022 887
13022 414
13023 7280
13023 3347
13023 3653
13023 955
13023 10171
13024 11396
13024 219
13024 9547
13024 7486
13024 31
13025 3
13025 228
13025 6
13025 25
13025 7916
13026 1504
13026 753
13026 551
13026 43
13026 238
13027 99
13027 3
13027 8
13027 3181
13027 287
13028 6755
13028 3
13028 36
13028 1365
13028 57
13029 708
13029 3316
13029 2308
13029 2233
13029 363
13030 176
13030 2673
13030 390
13030 24
13030 283
13031 419
13031 532
13031 38
13031 1719
13031 29
13032 32
13032 3618
13032 3
13032 6
13032 45
13033 177
13033 834
13033 9109
13033 6
13033 1439
13034 5
13034 1627
13034 12
13034 157
13034 479
13035 64
13035 129
13035 6
13035 5097
13035 7258
13036 0
13036 5921
13036 1171
13036 1589
13036 6
13037 258
13037 3
13037 1334
13037 8151
13037 78
13038 8051
13038 183
13038 1352
13038 9230
13038 62
13039 580
13039 5
13039 53
13039 169
13039 43
13040 2
13040 36
13040 103
13040 24
13040 12
13041 0
13041 5538
13041 5779
13041 43
13041 29
13042 0
13042 2
13042 40
13042 7641
13042 2220
13043 80
13043 3812
13043 3380
13043 232
13043 12939
13044 3376
13044 43
13044 379
13044 5276
13044 1487
13045 464
13045 5
13045 3817
13045 300
13045 333
13046 0
13046 3184
13046 3394
13046 7990
13046 14
13047 34
13047 36
13047 1110
13047 119
13047 11577
13048 1
13048 850
13048 1654
13048 315
13048 1836
13049 291
13049 6
13049 41
13049 187
13049 653
13050 8608
13050 11955
13050 9481
13050 12
13050 333
13052 784
13052 7744
13052 0
13052 10131
13052 12
13053 0
13053 593
13053 5
13053 1655
13053 343
13054 146
13054 8485
13054 1047
13054 89
13054 393
13055 2689
13055 3570
13055 3
13055 4349
13055 14
13056 5027
13056 21
13056 8
13056 11450
13056 2959
13057 3
13057 536
13057 124
13057 62
13057 6799
13058 1
13058 1493
13058 9
13058 1451
13058 5903
13059 0
13059 80
13059 43
13059 30
13059 14
13060 10498
13060 2
13060 4003
13060 2021
13060 14
13061 3
13061 356
13061 12357
13061 597
13061 1609
13063 160
13063 2
13063 53
13063 199
13063 14
13064 946
13064 4
13064 212
13064 103
13064 12074
13065 1
13065 3
13065 3672
13065 75
13065 5309
13066 6
13066 23
13066 9340
13066 927
13066 351
13067 129
13067 2162
13067 659
13067 102
13067 471
13069 1
13069 86
13069 172
13069 1868
13069 287
13071 816
13071 2
13071 390
13071 279
13071 8904
13072 50
13072 275
13072 104
13072 313
13072 205
13073 1392
13073 883
13073 5
13073 315
13073 10431
13074 9601
13074 3
13074 8
13074 2136
13074 298
13075 529
13075 677
13075 678
13075 4216
13075 5998
13076 0
13076 132
13076 6
13076 1047
13076 12316
13077 80
13077 1601
13077 279
13077 3865
13077 11215
13078 3408
13078 278
13078 6
13078 9367
13078 1375
13079 51
13079 308
13079 4
13079 823
13079 3289
13080 0
13080 3
13080 7381
13080 6
13080 79
13081 182
13081 9079
13081 24
13081 1785
13081 9948
13082 34
13082 853
13082 2007
13082 7431
13082 3260
13083 160
13083 242
13083 964
13083 5
13083 199
13084 1392
13084 2
13084 1957
13084 21
13084 13
13085 6480
13085 1
13085 1367
13085 217
13085 2909
13086 32
13086 177
13086 51
13086 941
13086 30
13087 64
13087 2
13087 8
13087 11339
13087 735
13088 1
13088 12514
13088 21
13088 6425
13088 1375
13089 3649
13089 1
13089 961
13089 3666
13089 1656
13090 1
13090 6
13090 8823
13090 9
13090 4059
13091 6
13091 3207
13091 27
13091 1343
13091 3135
13092 1152
13092 8675
13092 54
13092 29
13092 62
13093 658
13093 53
13093 10
13093 75
13093 31
13094 1280
13094 5
13094 6806
13094 8
13094 5788
13095 133
13095 6
13095 8
13095 5321
13095 7561
13096 21
13096 119
13096 1518
13096 1439
13096 5871
13097 2
13097 1284
13097 68
13097 1132
13097 3117
13098 3
13098 6021
13098 4342
13098 8
13098 7948
13099 1
13099 3
13099 775
13099 746
13099 30
13100 224
13100 34
13100 5698
13100 2282
13100 11
13101 2593
13101 6
13101 568
13101 1514
13101 172
13102 1744
13102 2
13102 7878
13102 24
13102 12793
13103 119
13103 5241
13103 1563
13103 349
13103 2463
13104 0
13104 6513
13104 4149
13104 807
13104 2378
13105 1761
13105 4178
13105 5845
13105 8
13105 12622
13106 80
13106 3
13106 454
13106 313
13106 12
13107 3
13107 564
13107 6806
13107 41
13107 43
13108 1717
13108 984
13108 264
13108 2442
13108 12
13109 51
13109 185
13109 10810
13109 170
13109 186
13110 416
13110 10067
13110 5
13110 1047
13110 10
13111 0
13111 1936
13111 13092
13111 1048
13111 170
13112 1361
13112 2932
13112 6
13112 29
13112 702
13113 0
13113 5
13113 6
13113 24
13113 10
13114 3251
13114 3
13114 198
13114 235
13114 427
13115 1712
13115 3
13115 2244
13115 557
13115 2542
13116 5233
13116 4243
13116 6
13116 10966
13116 92
13117 1717
13117 12873
13117 10365
13117 2494
13117 638
13118 290
13118 6
13118 8013
13118 3406
13118 31
13119 21
13119 200
13119 172
13119 95
13119 47
13121 561
13121 2
13121 5554
13121 84
13121 9
13122 9104
13122 209
13122 2
13122 217
13122 2431
13123 2
13123 5
13123 6
13123 6890
13123 4285
13124 64
13124 499
13124 5
13124 10
13124 239
13125 3
13125 2580
13125 1450
13125 11
13125 447
13127 5
13127 4757
13127 8
13127 7290
13127 523
13128 1110
13128 9
13128 425
13128 5533
13128 14
13129 3456
13129 8
13129 1436
13129 269
13129 14
13131 16
13131 3
13131 6
13131 698
13131 10
13132 2
13132 5
13132 10
13132 13
13132 1327
13133 1
13133 8983
13133 9
13133 2781
13133 31
13135 11988
13135 183
13135 11
13135 91
13135 1212
13136 3
13136 8742
13136 5337
13136 12
13136 4142
13137 2
13137 532
13137 471
13137 8729
13137 575
13138 0
13138 8817
13138 115
13138 4
13138 46
13139 401
13139 2882
13139 3
13139 1591
13139 40
13140 32
13140 1232
13140 6
13140 86
13140 8615
13141 1827
13141 5
13141 293
13141 3481
13141 2298
13142 6
13142 39
13142 536
13142 5226
13142 8462
13143 352
13143 4
13143 12743
13143 25
13143 394
13144 5936
13144 7635
13144 3
13144 8281
13144 75
13145 0
13145 16
13145 65
13145 8
13145 5690
13146 1
13146 3
13146 10291
13146 7028
13146 7308
13147 753
13147 7571
13147 19
13147 9077
13147 24
13148 1472
13148 5712
13148 546
13148 5
13148 12
13149 5235
13149 4
13149 2039
13149 8
13149 140
13150 9921
13150 1460
13150 1621
13150 87
13150 31
13151 1
13151 13092
13151 630
13151 1677
13151 510
13152 0
13152 118
13152 6
13152 9659
13152 987
13153 1
13153 3719
13153 24
13153 2298
13153 29
13154 193
13154 2
13154 8933
13154 4519
13154 665
13156 3682
13156 169
13156 11
13156 13
13156 9501
13157 1
13157 148
13157 1146
13157 730
13157 11247
13158 12832
13158 1
13158 1388
13158 1742
13158 6479
13160 9024
13160 4096
13160 67
13160 5191
13160 8
13161 2
13161 9412
13161 4893
13161 3358
13161 31
13163 66
13163 4
13163 5574
13163 1047
13163 3214
13164 228
13164 55
13164 10056
13164 1820
13164 6255
13165 0
13165 3364
13165 516
13165 5
13165 150
13166 64
13166 3669
13166 5
13166 6
13166 10
13167 1
13167 3332
13167 6
13167 88
13167 346
13168 1
13168 3059
13168 5
13168 6
13168 9959
13169 2758
13169 9
13169 11770
13169 62
13169 383
13170 0
13170 34
13170 4503
13170 9837
13170 237
13171 4785
13171 2
13171 3302
13171 682
13171 5215
13172 5841
13172 11810
13172 116
13172 21
13172 2411
13173 6
13173 454
13173 8
13173 826
13173 2138
13174 7520
13174 2096
13174 131
13174 11385
13174 10108
13175 7057
13175 34
13175 5939
13175 200
13175 43
13176 1
13176 2327
13176 840
13176 57
13176 315
13177 5027
13177 21
13177 12344
13177 42
13177 6298
13178 1280
13178 1443
13178 2923
13178 5308
13178 4285
13179 4513
13179 1634
13179 3
13179 6
13179 3755
13180 241
13180 66
13180 53
13180 4695
13180 14
13181 275
13181 5
13181 22
13181 3384
13181 92
13182 256
13182 6288
13182 659
13182 217
13182 285
13183 10819
13183 9
13183 9867
13183 12
13183 1999
13184 5392
13184 10546
13184 132
13184 10075
13184 7007
13185 2
13185 374
13185 9
13185 10425
13185 12
13186 132
13186 11302
13186 10
13186 172
13186 29
13187 10139
13187 59
13187 5517
13187 749
13187 46
13189 1
13189 12194
13189 2741
13189 6888
13189 8222
13190 337
13190 1077
13190 695
13190 3039
13190 495
13192 1
13192 1652
13192 565
13192 13098
13192 138
13193 336
13193 4674
13193 133
13193 2166
13193 10090
13194 2
13194 2488
13194 1899
13194 5036
13194 510
13195 11010
13195 5
13195 551
13195 2458
13195 31
13196 1600
13196 545
13196 2
13196 4278
13196 2712
13197 133
13197 392
13197 8780
13197 332
13197 140
13198 2
13198 7111
13198 2089
13198 59
13198 2508
13200 50
13200 487
13200 3402
13200 4525
13200 3183
13203 469
13203 133
13203 197
13203 12
13203 11279
13204 0
13204 2
13204 82
13204 12215
13204 12427
13205 5
13205 6
13205 103
13205 23
13205 11
13206 576
13206 1601
13206 177
13206 6418
13206 107
13207 341
13207 471
13207 1705
13207 2281
13207 1003
13209 0
13209 25
13209 2170
13209 1356
13209 6318
13210 64
13210 3
13210 1030
13210 7659
13210 4316
13211 0
13211 1140
13211 37
13211 903
13211 158
13212 0
13212 7569
13212 3
13212 1768
13212 12
13213 720
13213 7250
13213 498
13213 21
13213 9
13214 8675
13214 4
13214 9114
13214 491
13214 5215
13215 1
13215 2
13215 1491
13215 1990
13215 2154
13217 1216
13217 1
13217 258
13217 1685
13217 472
13218 3092
13218 4
13218 165
13218 7046
13218 222
13219 209
13219 3
13219 10364
13219 62
13219 1614
13220 753
13220 7698
13220 9891
13220 12845
13220 158
13221 2768
13221 1
13221 8420
13221 709
13221 107
13223 1
13223 36
13223 37
13223 1833
13223 2058
13224 209
13224 6037
13224 726
13224 9
13224 5404
13225 1232
13225 4
13225 213
13225 12
13225 7311
13226 1
13226 21
13226 1525
13226 24
13226 5194
13227 131
13227 3
13227 135
13227 89
13227 239
13228 16
13228 2
13228 3
13228 4
13228 59
13229 64
13229 4
13229 8744
13229 60
13229 2655
13230 2
13230 51
13230 89
13230 12
13230 478
13231 121
13231 60
13231 76
13231 13
13231 10413
13232 4240
13232 320
13232 2
13232 3259
13232 4475
13233 19
13233 2134
13233 24
13233 7448
13233 59
13234 6204
13234 557
13234 10957
13234 7534
13234 15
13235 64
13235 128
13235 1
13235 29
13235 559
13236 1378
13236 7059
13236 6310
13236 189
13236 158
13237 4166
13237 7450
13237 491
13237 13
13237 158
13238 1
13238 55
13238 1448
13238 9549
13238 623
13239 0
13239 6
13239 444
13239 12046
13239 463
13241 1701
13241 9239
13241 9
13241 1773
13241 766
13242 997
13242 6
13242 824
13242 410
13242 333
13243 9712
13243 465
13243 2
13243 115
13243 107
13244 672
13244 17
13244 1
13244 2378
13244 237
13245 64
13245 1282
13245 2150
13245 91
13245 2108
13246 1617
13246 98
13246 23
13246 9
13246 4077
13247 0
13247 2
13247 741
13247 2663
13247 1610
13248 12184
13248 59
13248 14
13248 4846
13248 1183
13249 116
13249 6
13249 1896
13249 3275
13249 140
13250 753
13250 2006
13250 23
13250 711
13250 14
13251 2352
13251 7106
13251 2
13251 7335
13251 10268
13252 0
13252 7028
13252 3095
13252 23
13252 8
13253 3
13253 2357
13253 1655
13253 331
13253 2221
13254 2
13254 179
13254 2371
13254 394
13254 9885
13255 1712
13255 1123
13255 4
13255 8
13255 47
13257 4564
13257 1752
13257 7337
13257 2059
13257 172
13258 2
13258 3863
13258 200
13258 8
13258 91
13259 0
13259 1
13259 1334
13259 11
13259 702
13260 1076
13260 519
13260 855
13260 1560
13260 5581
13261 0
13261 23
13261 78
13261 287
13261 7647
13262 2
13262 9380
13262 25
13262 8313
13262 14
13263 2
13263 2244
13263 809
13263 90
13263 3661
13264 0
13264 1187
13264 4
13264 6
13264 42
13265 1
13265 17
13265 3
13265 5
13265 429
13266 97
13266 3347
13266 4
13266 104
13266 31
13267 2673
13267 1922
13267 746
13267 158
13267 10398
13268 0
13268 21
13268 183
13268 1672
13268 2079
13269 384
13269 0
13269 32
13269 3
13269 9064
13270 5826
13270 66
13270 342
13270 88
13270 1998
13272 1
13272 40
13272 985
13272 9549
13272 31
13274 5683
13274 3
13274 999
13274 8
13274 1692
13275 1
13275 2081
13275 8
13275 3869
13275 3647
13277 8
13277 6456
13277 12875
13277 14
13277 31
13278 1508
13278 21
13278 88
13278 313
13278 9356
13280 21
13280 390
13280 1159
13280 2828
13280 461
13281 115
13281 11636
13281 72
13281 540
13281 733
13282 3600
13282 0
13282 2583
13282 9259
13282 173
13283 9938
13283 3
13283 148
13283 6
13283 4591
13284 1072
13284 80
13284 2464
13284 108
13284 446
13285 2
13285 179
13285 5
13285 6
13285 74
13286 1312
13286 4641
13286 2
13286 88
13286 10975
13287 4916
13287 53
13287 1013
13287 39
13287 11641
13288 64
13288 579
13288 1226
13288 478
13288 10975
13289 3
13289 6921
13289 395
13289 187
13289 1404
13290 2
13290 5
13290 10198
13290 2841
13290 223
13291 1
13291 1282
13291 179
13291 340
13291 1477
13294 672
13294 7796
13294 5
13294 8
13294 4719
13295 2
13295 691
13295 115
13295 103
13295 12
13296 80
13296 3
13296 4132
13296 6
13296 13
13297 66
13297 22
13297 4647
13297 8
13297 398
13298 34
13298 5907
13298 275
13298 1321
13298 9
13299 64
13299 3138
13299 6124
13299 1612
13299 63
13300 34
13300 5314
13300 275
13300 9892
13300 6375
13301 5
13301 104
13301 1177
13301 28
13301 6813
13302 32
13302 4178
13302 4
13302 23
13302 875
13303 1
13303 1494
13303 167
13303 7864
13303 1640
13304 178
13304 339
13304 3050
13304 2717
13304 782
13305 32
13305 1765
13305 8
13305 10907
13305 4510
13306 576
13306 10544
13306 2
13306 805
13306 12
13307 1
13307 3
13307 2551
13307 56
13307 859
13308 0
13308 4613
13308 10058
13308 1230
13308 47
13309 320
13309 0
13309 1984
13309 3585
13309 5
13310 2116
13310 88
13310 126
13310 11727
13310 399
13311 8358
13311 1047
13311 153
13311 281
13311 287
13312 721
13312 3
13312 3683
13312 8075
13312 14
13313 3666
13313 2450
13313 1244
13313 12
13313 14
13314 32
13314 1
13314 5
13314 6
13314 7404
13315 3568
13315 1
13315 1475
13315 1287
13315 375
13316 290
13316 40
13316 3961
13316 43
13316 12
13317 12547
13317 9156
13317 965
13317 74
13317 1359
13318 3488
13318 1
13318 4132
13318 809
13318 11546
13319 1
13319 2450
13319 37
13319 10
13319 43
13320 192
13320 0
13320 178
13320 258
13320 366
13321 4
13321 4725
13321 598
13321 89
13321 669
13322 241
13322 1
13322 298
13322 1788
13322 79
13323 1
13323 12
13323 1388
13323 14
13323 1983
13324 1
13324 436
13324 2380
13324 238
13324 31
13325 2
13325 5
13325 502
13325 3047
13325 925
13326 0
13326 16
13326 4
13326 54
13326 2714
13327 64
13327 7883
13327 2187
13327 3005
13327 31
13328 2195
13328 5045
13328 11353
13328 2364
13328 2652
13329 3
13329 7684
13329 7707
13329 9468
13329 5229
13330 2
13330 290
13330 452
13330 650
13330 698
13331 5840
13331 2
13331 1670
13331 9
13331 638
13332 64
13332 1859
13332 5
13332 6
13332 8014
13333 1
13333 1287
13333 681
13333 10
13333 12
13334 0
13334 4977
13334 2
13334 5779
13334 3
13335 16
13335 0
13335 177
13335 2
13335 10
13336 16
13336 3
13336 1894
13336 247
13336 1404
13337 177
13337 2085
13337 54
13337 2812
13337 13
13338 8385
13338 2497
13338 6
13338 647
13338 12395
13339 1364
13339 4
13339 86
13339 136
13339 3579
13340 0
13340 1376
13340 11425
13340 5
13340 3390
13341 176
13341 3238
13341 3068
13341 383
13341 1759
13342 3666
13342 103
13342 3881
13342 4476
13342 31
13343 2
13343 8390
13343 9050
13343 1051
13343 59
13344 97
13344 1153
13344 2
13344 3620
13344 5492
13346 1
13346 4
13346 3893
13346 89
13346 5628
13347 11826
13347 9059
13347 11523
13347 340
13347 2303
13349 544
13349 4
13349 133
13349 3085
13349 2431
13350 0
13350 1
13350 2
13350 70
13350 895
13351 21
13351 43
13351 5724
13351 29
13351 110
13353 0
13353 6
13353 1766
13353 200
13353 638
13354 64
13354 3
13354 9397
13354 5926
13354 155
13355 0
13355 1
13355 131
13355 1257
13355 75
13356 17
13356 3283
13356 10456
13356 73
13356 795
13358 64
13358 4
13358 5
13358 5497
13358 1308
13359 2776
13359 217
13359 75
13359 9419
13359 1212
13360 9122
13360 9449
13360 1899
13360 61
13360 3343
13361 0
13361 114
13361 5113
13361 2123
13361 31
13362 1
13362 10626
13362 9603
13362 21
13362 598
13363 1
13363 11974
13363 2295
13363 23
13363 6701
13364 3
13364 12438
13364 11641
13364 12
13364 9983
13365 0
13365 4
13365 10198
13365 3366
13365 40
13366 672
13366 313
13366 158
13366 14
13366 239
13367 2
13367 50
13367 3
13367 36
13367 21
13368 80
13368 0
13368 2
13368 1077
13368 27
13371 321
13371 2
13371 338
13371 18
13371 3075
13372 2322
13372 355
13372 116
13372 21
13372 389
13373 32
13373 0
13373 10130
13373 140
13373 13
13374 16
13374 4
13374 6
13374 758
13374 778
13375 0
13375 498
13375 2
13375 1509
13375 1003
13376 2321
13376 791
13376 1432
13376 3880
13376 2218
13377 2
13377 2597
13377 10
13377 506
13377 1260
13378 0
13378 1
13378 4706
13378 6
13378 330
13380 11426
13380 6
13380 10
13380 254
13380 11631
13381 64
13381 164
13381 456
13381 6682
13381 1567
13382 192
13382 5
13382 4889
13382 9417
13382 45
13383 7970
13383 25
13383 41
13383 395
13383 4588
13384 4
13384 151
13384 1847
13384 5806
13384 4671
13385 3152
13385 13345
13385 8
13385 59
13385 125
13386 0
13386 2
13386 4
13386 183
13386 538
13387 2994
13387 9940
13387 500
13387 91
13387 159
13388 6416
13388 38
13388 232
13388 105
13388 46
13389 64
13389 10918
13389 182
13389 38
13389 3675
13390 0
13390 1479
13390 407
13390 7741
13390 2863
13391 1377
13391 23
13391 8
13391 11533
13391 1246
13393 1
13393 549
13393 8072
13393 10
13393 3340
13394 160
13394 1
13394 1830
13394 57
13394 1900
13395 32
13395 850
13395 3
13395 5
13395 1304
13396 115
13396 3814
13396 237
13396 318
13396 31
13397 6
13397 7751
13397 3895
13397 24
13397 362
13398 2578
13398 5012
13398 1061
13398 6838
13398 9
13399 1
13399 3666
13399 103
13399 13
13399 31
13400 1392
13400 6
13400 9
13400 217
13400 3883
13401 2528
13401 6
13401 620
13401 2573
13401 3389
13402 212
13402 5
13402 53
13402 107
13402 782
13403 64
13403 8369
13403 5
13403 24
13403 829
13404 80
13404 625
13404 186
13404 1164
13404 1823
13405 64
13405 708
13405 1140
13405 21
13405 170
13406 1219
13406 4
13406 9561
13406 12
13406 333
13407 24
13407 250
13407 1546
13407 204
13407 1055
13409 22
13409 199
13409 8
13409 1884
13409 14
13410 787
13410 2341
13410 53
13410 10318
13410 558
13411 0
13411 275
13411 8
13411 9481
13411 12
13412 2
13412 3
13412 37
13412 8
13412 557
13413 9873
13413 5
13413 200
13413 24
13413 2730
13414 3
13414 4
13414 2214
13414 1610
13414 109
13415 0
13415 11530
13415 10956
13415 2381
13415 2606
13416 8881
13416 2036
13416 5
13416 390
13416 233
13417 2
13417 2436
13417 5
13417 2629
13417 186
13418 5028
13418 4
13418 21
13418 231
13418 10
13420 112
13420 3
13420 9
13420 1209
13420 2973
13421 2291
13421 23
13421 8
13421 24
13421 9
13422 16
13422 8
13422 91
13422 2364
13422 478
13423 0
13423 2464
13423 3
13423 870
13423 5289
13424 145
13424 3
13424 5
13424 6
13424 1816
13425 4
13425 5
13425 75
13425 140
13425 30
13427 5
13427 86
13427 23
13427 734
13427 31
13428 0
13428 3009
13428 2
13428 140
13428 31
13429 2
13429 1479
13429 5337
13429 9
13429 3051
13430 180
13430 86
13430 10
13430 2622
13430 238
13431 337
13431 1857
13431 1525
13431 5272
13431 831
13432 4
13432 6
13432 4935
13432 1673
13432 14
13433 1
13433 310
13433 361
13433 986
13433 2267
13434 8
13434 121
13434 9
13434 5788
13434 10460
13435 2096
13435 1
13435 2
13435 181
13435 43
13436 3
13436 19
13436 6
13436 25
13436 10937
13437 2165
13437 21
13437 24
13437 1835
13437 59
13438 5
13438 12533
13438 390
13438 1146
13438 1246
13439 3077
13439 971
13439 12
13439 6141
13439 8750
13440 4
13440 1976
13440 472
13440 13068
13440 13
13441 1584
13441 179
13441 1209
13441 491
13441 2303
13442 11616
13442 2
13442 867
13442 3
13442 91
13443 12872
13443 8540
13443 1181
13443 445
13443 382
13444 5921
13444 13206
13444 1068
13444 4495
13444 31
13445 0
13445 1
13445 3
13445 1162
13445 2895
13446 3
13446 1574
13446 3450
13446 1788
13446 1005
13447 3
13447 4
13447 5
13447 27
13447 285
13448 691
13448 3347
13448 995
13448 5
13448 846
13449 3488
13449 1
13449 1158
13449 156
13449 4429
13450 0
13450 753
13450 1636
13450 343
13450 249
13451 0
13451 434
13451 3
13451 69
13451 997
13453 6
13453 3943
13453 8
13453 2297
13453 12939
13455 5
13455 6
13455 232
13455 11
13455 1423
13456 6464
13456 3
13456 37
13456 2295
13456 8
13457 128
13457 0
13457 241
13457 36
13457 9
13458 1
13458 740
13458 11140
13458 10955
13458 172
13459 1203
13459 12006
13459 406
13459 55
13459 1560
13460 930
13460 3383
13460 4584
13460 8
13460 879
13461 64
13461 20
13461 9572
13461 10
13461 1868
13462 8
13462 5176
13462 105
13462 74
13462 2527
13463 320
13463 5266
13463 6
13463 9689
13463 10
13464 41
13464 60
13464 4845
13464 142
13464 31
13465 3713
13465 3317
13465 826
13465 91
13465 4927
13466 2868
13466 2548
13466 233
13466 1913
13466 429
13468 8048
13468 1
13468 103
13468 11
13468 3660
13469 3
13469 4
13469 343
13469 103
13469 2463
13470 3
13470 5635
13470 8055
13470 59
13470 9247
13471 4
13471 212
13471 22
13471 40
13471 463
13473 2885
13473 105
13473 8474
13473 11678
13473 3023
13474 1219
13474 1976
13474 395
13474 5229
13474 14
13475 13408
13475 97
13475 293
13475 471
13475 4541
13476 64
13476 12962
13476 4
13476 1093
13476 781
13477 0
13477 433
13477 3207
13477 5194
13477 3070
13478 3
13478 10147
13478 217
13478 1369
13478 3039
13479 1
13479 5
13479 40
13479 14
13479 31
13480 272
13480 18
13480 4
13480 1773
13480 14
13481 2624
13481 176
13481 8
13481 523
13481 12
13482 740
13482 6
13482 2105
13482 1884
13482 7103
13483 1
13483 21
13483 1943
13483 11673
13483 10842
13484 608
13484 5
13484 7
13484 59
13484 174
13485 1
13485 10324
13485 2981
13485 5624
13485 715
13486 0
13486 34
13486 3
13486 29
13486 6431
13487 0
13487 1
13487 883
13487 131
13487 12
13488 2000
13488 275
13488 4
13488 1495
13488 8622
13489 4738
13489 1411
13489 8
13489 1515
13489 1260
13490 4
13490 6326
13490 167
13490 57
13490 409
13491 35
13491 12470
13491 6006
13491 122
13491 4299
13492 1568
13492 1057
13492 22
13492 9
13492 794
13493 3
13493 11033
13493 1049
13493 506
13493 8188
13494 1632
13494 1121
13494 42
13494 3675
13494 7484
13495 150
13495 6329
13495 13181
13495 638
13495 382
13496 848
13496 1
13496 4674
13496 19
13496 380
13497 1200
13497 7012
13497 875
13497 29
13497 1454
13498 50
13498 516
13498 228
13498 10889
13498 13402
13499 6
13499 3975
13499 6025
13499 59
13499 31
13500 68
13500 597
13500 1051
13500 1678
13500 47
13502 321
13502 6
13502 170
13502 1051
13502 4431
13503 16
13503 5
13503 23
13503 1101
13503 1214
13504 8933
13504 374
13504 6
13504 1660
13504 2782
13505 1424
13505 4
13505 5
13505 95
13505 719
13506 0
13506 146
13506 3941
13506 198
13506 1230
13507 0
13507 1168
13507 9122
13507 758
13507 31
13508 0
13508 8162
13508 8182
13508 8
13508 12025
13510 371
13510 6
13510 198
13510 1593
13510 13147
13512 1
13512 7315
13512 198
13512 682
13512 30
13513 6867
13513 53
13513 678
13513 2391
13513 8
13514 80
13514 8051
13514 36
13514 1780
13514 344
13515 1265
13515 2
13515 148
13515 1051
13515 333
13517 320
13517 8416
13517 2177
13517 138
13517 623
13518 21
13518 5
13518 54
13518 2808
13518 10284
13519 656
13519 22
13519 988
13519 12044
13519 77
13520 0
13520 8451
13520 25
13520 2233
13520 4254
13521 32
13521 33
13521 2977
13521 2
13521 5422
13522 197
13522 22
13522 7
13522 7210
13522 1820
13523 0
13523 9056
13523 2498
13523 8362
13523 1021
13524 5
13524 23
13524 10
13524 1866
13524 12
13525 1953
13525 321
13525 963
13525 136
13525 1468
13526 53
13526 390
13526 1047
13526 199
13526 367
13528 1
13528 19
13528 8904
13528 12314
13528 12029
13529 36
13529 2708
13529 5
13529 24
13529 1210
13530 11138
13530 36
13530 8
13530 1002
13530 6938
13531 3632
13531 0
13531 179
13531 8
13531 10
13532 4
13532 21
13532 24
13532 11065
13532 11
13533 1491
13533 1219
13533 5
13533 8
13533 4286
13534 65
13534 2630
13534 5033
13534 282
13534 14
13535 322
13535 293
13535 21
13535 1048
13535 7821
13536 2
13536 3731
13536 3347
13536 638
13536 159
13537 82
13537 2
13537 6619
13537 1868
13537 863
13538 34
13538 1778
13538 13106
13538 5
13538 1198
13539 3
13539 6
13539 23
13539 2824
13539 5386
13540 12768
13540 1
13540 1794
13540 6084
13540 8923
13541 2
13541 3
13541 1414
13541 1947
13541 12
13542 2
13542 3
13542 4
13542 9108
13542 829
13543 11393
13543 5
13543 22
13543 23
13543 6730
13544 68
13544 3815
13544 8172
13544 6060
13544 13
13546 1
13546 1668
13546 4150
13546 6
13546 381
13547 1
13547 3282
13547 115
13547 463
13547 399
13548 2
13548 83
13548 6472
13548 425
13548 13
13549 23
13549 2648
13549 13306
13549 1819
13549 333
13550 2
13550 11844
13550 153
13550 253
13550 606
13551 4017
13551 2056
13551 186
13551 9867
13551 11
13552 449
13552 2
13552 6
13552 2807
13552 29
13553 0
13553 2
13553 6499
13553 3625
13553 1117
13554 35
13554 359
13554 10
13554 557
13554 9421
13555 1
13555 12642
13555 131
13555 227
13555 1118
13556 88
13556 170
13556 77
13556 13
13556 4494
13558 0
13558 40
13558 5817
13558 906
13558 8733
13559 0
13559 13319
13559 156
13559 12
13559 1423
13560 64
13560 4
13560 840
13560 538
13560 460
13562 33
13562 1779
13562 516
13562 8953
13562 13338
13563 4560
13563 1
13563 5057
13563 197
13563 95
13564 320
13564 2512
13564 305
13564 3
13564 60
13566 338
13566 133
13566 40
13566 43
13566 12
13567 8689
13567 10690
13567 22
13567 2377
13567 14
13568 1971
13568 5
13568 7590
13568 203
13568 12
13569 36
13569 4828
13569 5949
13569 10510
13569 79
13570 0
13570 2689
13570 2
13570 4
13570 5215
13571 16
13571 2164
13571 180
13571 5
13571 568
13573 4240
13573 5
13573 4982
13573 158
13573 31
13574 3440
13574 13364
13574 55
13574 583
13574 138
13576 0
13576 32
13576 21
13576 12622
13576 142
13577 515
13577 5
13577 6
13577 104
13577 5516
13578 0
13578 1
13578 8
13578 8478
13578 2655
13579 146
13579 3
13579 55
13579 1340
13579 687
13580 3
13580 5
13580 7
13580 9882
13580 29
13581 2
13581 2836
13581 54
13581 9
13581 606
13582 3
13582 3221
13582 12327
13582 333
13582 6205
13583 480
13583 10610
13583 2
13583 1171
13583 13431
13584 64
13584 3
13584 179
13584 5
13584 9372
13585 241
13585 3
13585 5
13585 73
13585 4190
13586 0
13586 51
13586 6652
13586 12
13586 958
13587 16
13587 6946
13587 180
13587 10
13587 1613
13588 0
13588 5922
13588 53
13588 390
13588 12782
13589 9440
13589 6629
13589 53
13589 90
13589 1468
13590 8962
13590 2
13590 388
13590 21
13590 29
13591 0
13591 4
13591 181
13591 6
13591 523
13592 0
13592 2898
13592 451
13592 3
13592 4254
13593 2
13593 962
13593 325
13593 8349
13593 782
13595 1
13595 21
13595 11
13595 670
13595 414
13597 144
13597 9954
13597 261
13597 1544
13597 10778
13598 6292
13598 1483
13598 12
13598 333
13598 9342
13599 1
13599 2
13599 24
13599 233
13599 4221
13600 5904
13600 19
13600 6
13600 152
13600 1595
13601 4
13601 6
13601 8
13601 43
13601 364
13602 8085
13602 5
13602 5749
13602 4841
13602 395
13603 1
13603 2
13603 3
13603 565
13603 10313
13604 2
13604 23
13604 761
13604 8442
13604 463
13605 832
13605 4
13605 22
13605 264
13605 7209
13606 112
13606 2453
13606 24
13606 1181
13606 6447
13607 512
13607 321
13607 549
13607 5
13607 351
13608 230
13608 4006
13608 439
13608 4679
13608 9
13609 1329
13609 834
13609 564
13609 6
13609 89
13610 16
13610 86
13610 8
13610 11209
13610 94
13611 5792
13611 0
13611 3111
13611 3977
13611 10
13612 2
13612 5
13612 1541
13612 3207
13612 2857
13614 2
13614 8866
13614 358
13614 1446
13614 815
13615 0
13615 394
13615 156
13615 669
13615 158
13616 129
13616 2
13616 6355
13616 10276
13616 21
13617 0
13617 4
13617 581
13617 5366
13617 2056
13618 0
13618 867
13618 9717
13618 14
13618 31
13620 226
13620 581
13620 536
13620 8697
13620 413
13622 4977
13622 4931
13622 133
13622 11963
13622 379
13623 3730
13623 5
13623 26
13623 172
13623 31
13625 10897
13625 84
13625 7992
13625 2858
13625 91
13626 144
13626 193
13626 2691
13626 6954
13626 59
13627 177
13627 82
13627 73
13627 219
13627 79
13628 34
13628 3126
13628 88
13628 59
13628 333
13629 115
13629 3956
13629 6
13629 764
13629 111
13630 4103
13630 1836
13630 12
13630 62
13630 8687
13631 82
13631 4
13631 587
13631 1836
13631 47
13632 2311
13632 665
13632 12
13632 172
13632 1615
13634 2
13634 532
13634 4292
13634 587
13634 4366
13635 1
13635 2
13635 179
13635 4
13635 12743
13636 96
13636 1204
13636 261
13636 24
13636 29
13638 1763
13638 5220
13638 5243
13638 1388
13638 4223
13639 13154
13639 1748
13639 10
13639 333
13639 142
13640 2
13640 4
13640 10746
13640 446
13640 670
13641 5
13641 2150
13641 1623
13641 92
13641 606
13642 5
13642 6
13642 1063
13642 73
13642 6831
13643 5193
13643 379
13643 382
13643 2814
13643 655
13644 12853
13644 1781
13644 1013
13644 7607
13644 41
13645 177
13645 132
13645 118
13645 87
13645 669
13646 9938
13646 675
13646 1677
13646 958
13646 31
13647 80
13647 6465
13647 274
13647 21
13647 4815
13648 4
13648 791
13648 1163
13648 1004
13648 8413
13649 7810
13649 1795
13649 53
13649 568
13649 2447
13651 0
13651 32
13651 2
13651 5
13651 12
13652 0
13652 144
13652 1495
13652 88
13652 31
13653 6128
13653 9188
13653 11988
13653 3289
13653 315
13654 7249
13654 2
13654 6771
13654 727
13654 9903
13655 1
13655 21
13655 8
13655 41
13655 351
13656 2865
13656 1
13656 73
13656 2058
13656 9756
13657 1
13657 5
13657 199
13657 8682
13657 14
13659 36
13659 5
13659 11
13659 12
13659 9903
13660 64
13660 561
13660 12855
13660 136
13660 3545
13661 0
13661 193
13661 530
13661 21
13661 4618
13662 11920
13662 1
13662 9818
13662 271
13662 1759
13663 0
13663 36
13663 11
13663 9867
13663 9902
13664 1
13664 10274
13664 43
13664 5131
13664 158
13665 1
13665 6620
13665 636
13665 3326
13665 1807
13666 400
13666 0
13666 3
13666 37
13666 6
13667 1
13667 131
13667 3
13667 21
13667 1258
13668 5
13668 22
13668 2632
13668 25
13668 31
13669 32
13669 1122
13669 147
13669 6
13669 283
13670 247
13670 8585
13670 8202
13670 829
13670 1871
13672 515
13672 2645
13672 53
13672 6
13672 4316
13673 5969
13673 1947
13673 1739
13673 3740
13673 14
13674 32
13674 88
13674 8
13674 12
13674 7901
13675 1258
13675 172
13675 5661
13675 14
13675 303
13676 10436
13676 581
13676 5
13676 6
13676 24
13677 4353
13677 242
13677 2838
13677 7804
13677 1903
13678 176
13678 9347
13678 1045
13678 13
13678 766
13679 32
13679 4657
13679 1
13679 12739
13679 682
13680 1
13680 11667
13680 4
13680 180
13680 2556
13681 11139
13681 4275
13681 10646
13681 459
13681 11614
13682 64
13682 1364
13682 5416
13682 105
13682 14
13684 480
13684 21
13684 343
13684 5739
13684 333
13685 1842
13685 5321
13685 9
13685 27
13685 1759
13686 2448
13686 0
13686 5
13686 265
13686 2349
13687 193
13687 3
13687 6372
13687 733
13687 31
13688 3
13688 214
13688 13081
13688 4206
13688 11183
13689 4131
13689 8452
13689 59
13689 7294
13689 623
13690 2
13690 5283
13690 10309
13690 12
13690 29
13692 3317
13692 854
13692 342
13692 11910
13692 41
13693 933
13693 2901
13693 22
13693 13259
13693 30
13695 3632
13695 1138
13695 1099
13695 12
13695 109
13697 384
13697 3
13697 10980
13697 5
13697 1272
13698 672
13698 1
13698 515
13698 6086
13698 88
13699 0
13699 390
13699 407
13699 8
13699 29
13700 3
13700 116
13700 5
13700 23
13700 24
13701 2
13701 23
13701 1211
13701 5340
13701 670
13702 11072
13702 193
13702 258
13702 6454
13702 31
13703 2384
13703 340
13703 3396
13703 10
13703 2636
13704 178
13704 6
13704 1686
13704 2057
13704 331
13705 33
13705 994
13705 85
13705 40
13705 3545
13706 0
13706 1506
13706 8467
13706 132
13706 10684
13707 4
13707 6
13707 1018
13707 9372
13707 7823
13708 6112
13708 9781
13708 21
13708 10
13708 4891
13709 3
13709 5
13709 24
13709 8668
13709 6447
13710 1059
13710 4
13710 6
13710 54
13710 4111
13711 2544
13711 485
13711 374
13711 14
13711 6110
13712 1891
13712 628
13712 261
13712 2411
13712 14
13713 0
13713 7635
13713 981
13713 10
13713 29
13714 80
13714 439
13714 5768
13714 414
13714 31
13715 1
13715 5
13715 397
13715 126
13715 31
13716 80
13716 3713
13716 3
13716 9109
13716 10
13717 995
13717 5
13717 1462
13717 24
13717 31
13718 160
13718 99
13718 8
13718 31
13718 911
13719 6930
13719 1218
13719 581
13719 5
13719 6456
13720 4
13720 11590
13720 8
13720 12
13720 159
13721 2
13721 3
13721 51
13721 8
13721 351
13722 1
13722 88
13722 40
13722 1117
13722 798
13723 0
13723 321
13723 4
13723 9689
13723 14
13724 1473
13724 258
13724 4
13724 55
13724 107
13725 6288
13725 36
13725 11862
13725 1962
13725 1567
13726 785
13726 8965
13726 687
13726 15
13726 12351
13727 4
13727 5
13727 6
13727 1035
13727 6494
13728 8416
13728 1506
13728 86
13728 1190
13728 4041
13729 50
13729 53
13729 8
13729 6201
13729 8527
13730 0
13730 726
13730 23
13730 1815
13730 9017
13731 0
13731 1
13731 919
13731 141
13731 478
13732 0
13732 1729
13732 1841
13732 166
13732 9673
13733 2064
13733 1
13733 1185
13733 675
13733 1742
13734 738
13734 3
13734 36
13734 2086
13734 12
13735 0
13735 86
13735 4296
13735 3738
13735 12
13736 2208
13736 1013
13736 86
13736 43
13736 31
13738 6
13738 424
13738 11225
13738 187
13738 460
13739 3
13739 4
13739 6
13739 152
13739 383
13740 32
13740 19
13740 3461
13740 6
13740 5368
13741 3
13741 4727
13741 55
13741 1048
13741 237
13742 6690
13742 2757
13742 24
13742 9
13742 925
13743 0
13743 976
13743 113
13743 3
13743 4
13744 1
13744 1842
13744 854
13744 250
13744 1261
13745 3251
13745 131
13745 390
13745 119
13745 7368
13747 37
13747 8
13747 24
13747 281
13747 158
13748 2865
13748 226
13748 492
13748 2559
13748 5679
13749 161
13749 12261
13749 3575
13749 6203
13749 27
13751 259
13751 4
13751 8874
13751 2446
13751 4623
13752 5796
13752 3959
13752 7482
13752 1131
13752 1758
13753 2738
13753 4706
13753 5
13753 6
13753 3976
13754 16
13754 1
13754 2693
13754 309
13754 2168
13755 1232
13755 982
13755 102
13755 254
13755 12463
13756 3
13756 21
13756 1817
13756 4025
13756 13
13757 1203
13757 4
13757 6
13757 3190
13757 4952
13758 305
13758 1497
13758 10
13758 122
13758 10815
13759 8
13759 185
13759 1163
13759 412
13759 638
13760 96
13760 8066
13760 6629
13760 10680
13760 31
13761 64
13761 5
13761 2743
13761 2824
13761 9629
13762 2694
13762 2105
13762 939
13762 3292
13762 7007
13763 16
13763 68
13763 5
13763 166
13763 11240
13764 176
13764 11104
13764 3
13764 182
13764 12
13765 3461
13765 11019
13765 3148
13765 1230
13765 14
13766 66
13766 53
13766 12
13766 6525
13766 47
13767 36
13767 5
13767 2997
13767 2679
13767 1752
13768 384
13768 1813
13768 6
13768 1927
13768 510
13769 1
13769 402
13769 274
13769 3
13769 197
13770 2
13770 2542
13770 62
13770 127
13770 623
13771 2768
13771 1
13771 2021
13771 3798
13771 14
13773 2
13773 180
13773 2532
13773 1477
13773 678
13775 1377
13775 2
13775 7715
13775 3739
13775 7211
13776 1
13776 2849
13776 8
13776 1594
13776 12
13777 402
13777 4354
13777 307
13777 3
13777 24
13778 390
13778 2168
13778 4393
13778 972
13778 12
13779 1392
13779 532
13779 5
13779 8282
13779 8189
13780 2
13780 3795
13780 5
13780 1494
13780 29
13782 209
13782 2674
13782 6099
13782 1817
13782 95
13783 1
13783 3093
13783 22
13783 1432
13783 313
13784 53
13784 982
13784 55
13784 2189
13784 2686
13785 0
13785 99
13785 2855
13785 88
13785 31
13786 4
13786 12811
13786 12
13786 638
13786 463
13787 100
13787 6
13787 938
13787 2891
13787 126
13788 88
13788 41
13788 25
13788 12
13788 77
13789 6265
13789 217
13789 747
13789 1293
13789 2878
13790 1
13790 337
13790 53
13790 8
13790 9532
13791 52
13791 4
13791 8
13791 793
13791 31
13792 13443
13792 116
13792 6
13792 87
13792 24
13793 948
13793 2645
13793 2744
13793 62
13793 175
13794 64
13794 357
13794 7160
13794 185
13794 415
13795 1537
13795 3367
13795 455
13795 11
13795 29
13796 3
13796 6
13796 11641
13796 9
13796 1422
13797 193
13797 4
13797 3332
13797 6502
13797 1017
13798 3361
13798 2
13798 36
13798 893
13798 45
13799 64
13799 4273
13799 1342
13799 5006
13799 31
13800 5768
13800 40
13800 24
13800 4040
13800 4159
13802 976
13802 5
13802 823
13802 1479
13802 8120
13803 0
13803 5
13803 8
13803 5611
13803 43
13804 128
13804 8129
13804 36
13804 59
13804 205
13805 32
13805 1059
13805 1493
13805 1591
13805 8
13806 5
13806 22
13806 103
13806 23
13806 24
13807 769
13807 34
13807 2323
13807 41
13807 1855
13808 11715
13808 708
13808 742
13808 2392
13808 4329
13809 1
13809 388
13809 3253
13809 2646
13809 59
13810 248
13810 3161
13810 10
13810 3179
13810 12
13811 16
13811 2
13811 5
13811 200
13811 4015
13812 8899
13812 536
13812 8904
13812 8120
13812 12
13813 2408
13813 3084
13813 6412
13813 31
13813 3471
13814 290
13814 4
13814 264
13814 1516
13814 45
13815 3184
13815 2752
13815 151
13815 5321
13815 31
13816 2064
13816 1605
13816 471
13816 3547
13816 30
13817 1200
13817 1138
13817 516
13817 1047
13817 2203
13818 0
13818 5
13818 8
13818 250
13818 14
13819 6448
13819 9666
13819 5
13819 1816
13819 14
13820 3
13820 51
13820 5
13820 230
13820 3021
13822 3
13822 471
13822 5176
13822 74
13822 187
13823 10881
13823 3970
13823 12562
13823 523
13823 12668
13824 40
13824 1930
13824 59
13824 9150
13824 1918
13825 160
13825 226
13825 6
13825 10
13825 187
13826 32
13826 11859
13826 361
13826 218
13826 109
13827 0
13827 1056
13827 38
13827 394
13827 1067
13829 1
13829 40
13829 9
13829 6218
13829 11071
13830 2
13830 6
13830 342
13830 343
13830 12
13831 1170
13831 3
13831 86
13831 471
13831 4378
13832 161
13832 6
13832 105
13832 172
13832 31
13833 6
13833 5543
13833 7133
13833 11503
13833 31
13834 128
13834 84
13834 5
13834 8393
13834 478
13835 67
13835 11204
13835 9621
13835 23
13835 13432
13836 4033
13836 87
13836 6008
13836 5788
13836 8652
13837 128
13837 1282
13837 5
13837 6
13837 8
13838 9
13838 10313
13838 2476
13838 6526
13838 1598
13839 64
13839 1
13839 218
13839 12
13839 206
13842 80
13842 8
13842 4697
13842 13467
13842 7214
13843 531
13843 549
13843 54
13843 1927
13843 39
13844 2
13844 5
13844 230
13844 10
13844 95
13845 7793
13845 4
13845 858
13845 1838
13845 31
13846 200
13846 745
13846 41
13846 9372
13846 9932
13847 2
13847 3
13847 2165
13847 8042
13847 3483
13848 12018
13848 19
13848 549
13848 6
13848 9
13849 9473
13849 3361
13849 161
13849 2
13849 73
13850 2979
13850 259
13850 3061
13850 938
13850 14
13851 32
13851 817
13851 4322
13851 172
13851 653
13852 930
13852 5779
13852 4
13852 5
13852 10
13853 1092
13853 5
13853 2441
13853 12
13853 31
13854 2
13854 42
13854 4026
13854 302
13854 2399
13855 1
13855 3
13855 6
13855 13818
13855 11
13856 0
13856 10385
13856 4834
13856 9
13856 158
13857 17
13857 722
13857 6071
13857 8
13857 31
13858 1
13858 6164
13858 10583
13858 10
13858 1754
13859 10052
13859 5
13859 87
13859 12
13859 414
13861 0
13861 3681
13861 2820
13861 1668
13861 3080
13862 33
13862 34
13862 21
13862 3670
13862 31
13863 2578
13863 66
13863 3591
13863 58
13863 606
13864 177
13864 722
13864 6
13864 395
13864 3087
13865 1
13865 1842
13865 4197
13865 5196
13865 399
13866 1970
13866 68
13866 2476
13866 1693
13866 894
13867 0
13867 9521
13867 1875
13867 53
13867 21
13868 1152
13868 4450
13868 5
13868 121
13868 2649
13869 2881
13869 5060
13869 6
13869 811
13869 3021
13870 2132
13870 741
13870 13333
13870 1132
13870 4510
13871 3
13871 740
13871 118
13871 185
13871 2810
13872 2896
13872 1092
13872 503
13872 121
13872 10
13873 6034
13873 7001
13873 2057
13873 12
13873 31
13874 80
13874 4
13874 6
13874 3910
13874 46
13875 1
13875 2
13875 1924
13875 1878
13875 24
13876 536
13876 5192
13876 74
13876 6572
13876 2655
13877 1
13877 88
13877 25
13877 10
13877 4746
13878 8128
13878 1842
13878 3207
13878 445
13878 1439
13879 2512
13879 11944
13879 24
13879 73
13879 8527
13880 11312
13880 3
13880 1076
13880 437
13880 9
13881 195
13881 4
13881 5415
13881 330
13881 239
13884 4259
13884 1764
13884 1165
13884 62
13884 334
13885 6
13885 8518
13885 150
13885 8777
13885 14
13886 1216
13886 0
13886 1538
13886 373
13886 12
13887 1
13887 419
13887 24
13887 636
13887 6318
13888 11975
13888 11466
13888 1485
13888 223
13888 2303
13889 176
13889 2722
13889 133
13889 1487
13889 351
13890 5625
13890 3067
13890 1230
13890 1470
13890 175
13891 2
13891 275
13891 9091
13891 131
13891 6
13892 516
13892 4
13892 5
13892 23
13892 9
13893 352
13893 0
13893 68
13893 263
13893 1823
13894 1
13894 2
13894 260
13894 3541
13894 31
13895 32
13895 2176
13895 233
13895 13707
13895 478
13896 288
13896 2323
13896 6
13896 3294
13896 158
13897 32
13897 6258
13897 34
13897 549
13897 939
13898 4033
13898 1091
13898 451
13898 105
13898 43
13899 4
13899 500
13899 5
13899 22
13899 108
13900 0
13900 4
13900 1095
13900 536
13900 9454
13901 4371
13901 867
13901 8232
13901 793
13901 13819
13902 0
13902 103
13902 3175
13902 13833
13902 5469
13904 1168
13904 6438
13904 1609
13904 925
13904 9757
13905 1
13905 2291
13905 259
13905 53
13905 14
13906 16
13906 3
13906 3461
13906 1605
13906 198
13907 4
13907 1285
13907 7606
13907 427
13907 75
13908 2
13908 115
13908 8083
13908 10
13908 3915
13909 2400
13909 2
13909 34
13909 516
13909 8214
13910 576
13910 212
13910 20
13910 6
13910 382
13911 3
13911 419
13911 4
13911 267
13911 3646
13912 496
13912 195
13912 5
13912 53
13912 5247
13913 1
13913 3
13913 6
13913 406
13913 1055
13914 195
13914 1735
13914 734
13914 14
13914 31
13915 2
13915 5
13915 6806
13915 9
13915 3983
13916 13233
13916 2098
13916 36
13916 10633
13916 13102
13917 1
13917 51
13917 4
13917 103
13917 3581
13918 0
13918 131
13918 261
13918 22
13918 89
13919 3
13919 37
13919 4886
13919 7046
13919 8
13920 2
13920 7701
13920 38
13920 219
13920 14
13921 2176
13921 1
13921 5
13921 27
13921 43
13923 2
13923 4
13923 6
13923 217
13923 3210
13924 452
13924 1270
13924 24
13924 12281
13924 10
13925 6896
13925 1670
13925 6410
13925 11178
13925 92
13926 8161
13926 2
13926 9
13926 1260
13926 1854
13927 3378
13927 131
13927 411
13927 27
13927 5085
13928 1334
13928 440
13928 10139
13928 9308
13928 3711
13929 35
13929 1320
13929 59
13929 188
13929 5069
13930 0
13930 480
13930 4152
13930 7661
13930 12029
13931 576
13931 3
13931 501
13931 393
13931 4764
13932 561
13932 1477
13932 3625
13932 4697
13932 361
13934 0
13934 9510
13934 24
13934 3563
13934 7149
13935 1
13935 3
13935 21
13935 8
13935 2155
13936 3
13936 52
13936 36
13936 742
13936 3211
13937 4
13937 772
13937 5
13937 6
13937 10
13938 1
13938 3
13938 6
13938 410
13938 605
13939 1
13939 1449
13939 698
13939 557
13939 1598
13940 0
13940 2578
13940 2
13940 3397
13940 677
13941 0
13941 3
13941 7
13941 2727
13941 12239
13942 3234
13942 4
13942 9
13942 27
13942 285
13943 96
13943 2770
13943 3
13943 390
13943 59
13944 1
13944 8
13944 3274
13944 10
13944 7694
13945 512
13945 5
13945 13017
13945 3340
13945 1551
13946 1056
13946 177
13946 371
13946 4
13946 12
13947 3
13947 1411
13947 997
13947 53
13947 392
13948 0
13948 3
13948 6
13948 3675
13948 4588
13949 145
13949 3
13949 1127
13949 11177
13949 3422
13950 1
13950 2483
13950 804
13950 22
13950 59
13951 0
13951 882
13951 5544
13951 363
13951 175
13952 10945
13952 5
13952 45
13952 382
13952 4431
13953 0
13953 13843
13953 40
13953 1964
13953 333
13954 9555
13954 5
13954 3786
13954 235
13954 2303
13955 1488
13955 692
13955 10442
13955 11
13955 1003
13956 2261
13956 6
13956 11482
13956 829
13956 6831
13957 548
13957 5639
13957 11817
13957 75
13957 140
13958 32
13958 5540
13958 21
13958 204
13958 158
13959 37
13959 1321
13959 7708
13959 5839
13959 31
13961 2
13961 180
13961 5366
13961 6086
13961 5751
13962 2
13962 404
13962 3668
13962 43
13962 4669
13963 144
13963 2
13963 8130
13963 261
13963 6
13965 9
13965 41
13965 3164
13965 30
13965 1662
13966 5
13966 10
13966 524
13966 9215
13966 1167
13967 742
13967 4311
13967 856
13967 794
13967 62
13968 82
13968 195
13968 6440
13968 9
13968 4475
13969 65
13969 6
13969 41
13969 523
13969 13516
13970 9009
13970 165
13970 21
13970 9894
13970 31
13971 6784
13971 2
13971 3
13971 2964
13971 6
13972 6
13972 263
13972 88
13972 124
13972 10813
13973 4578
13973 500
13973 5
13973 86
13973 122
13974 36
13974 1510
13974 218
13974 142
13974 3886
13975 64
13975 8
13975 217
13975 237
13975 6735
13976 12790
13976 11643
13976 11931
13976 187
13976 4558
13977 6624
13977 544
13977 13138
13977 438
13977 54
13978 51
13978 964
13978 6
13978 3497
13978 491
13979 80
13979 1201
13979 7571
13979 2229
13979 379
13980 0
13980 1219
13980 4326
13980 38
13980 1293
13981 3941
13981 10646
13981 13880
13981 5913
13981 9405
13982 0
13982 1553
13982 3
13982 24
13982 40
13983 0
13983 1120
13983 66
13983 1734
13983 24
13984 2
13984 55
13984 2683
13984 5405
13984 31
13985 65
13985 290
13985 4
13985 262
13985 8250
13986 3170
13986 6836
13986 38
13986 8
13986 107
13987 4
13987 570
13987 3341
13987 13
13987 1423
13988 11730
13988 180
13988 5
13988 6603
13988 252
13989 4882
13989 852
13989 9
13989 2427
13989 10508
13990 1904
13990 259
13990 13044
13990 12875
13990 31
13991 5714
13991 179
13991 141
13991 2845
13991 31
13993 4
13993 7639
13993 264
13993 10
13993 2765
13995 2535
13995 105
13995 155
13995 8270
13995 1903
13996 6
13996 24
13996 13898
13996 43
13996 13871
13997 16
13997 2465
13997 177
13997 2818
13997 36
13998 1672
13998 8
13998 89
13998 1321
13998 10813
13999 755
13999 7094
13999 728
13999 10
13999 31
14000 6
14000 8
14000 13545
14000 59
14000 10444
14001 1
14001 23
14001 24
14001 1581
14001 5181
14002 4
14002 5
14002 57
14002 2841
14002 47
14003 209
14003 9
14003 10
14003 12
14003 13614
14004 1
14004 4677
14004 6917
14004 8
14004 31
14005 0
14005 12629
14005 8
14005 776
14005 14
14006 0
14006 561
14006 1
14006 1766
14006 40
14008 1
14008 36
14008 37
14008 2716
14008 2527
14009 162
14009 7747
14009 5
14009 633
14009 5116
14010 6176
14010 53
14010 3976
14010 12
14010 191
14012 705
14012 1042
14012 3
14012 92
14012 239
14013 9312
14013 872
14013 9
14013 2316
14013 29
14014 3
14014 102
14014 11181
14014 318
14014 31
14015 1506
14015 3
14015 118
14015 27
14015 9997
14016 2
14016 19
14016 1155
14016 1765
14016 2088
14017 11314
14017 6
14017 3627
14017 1660
14017 31
14018 51
14018 23
14018 187
14018 651
14018 6621
14019 1985
14019 9126
14019 9
14019 11
14019 31
14020 0
14020 146
14020 2548
14020 228
14020 2925
14021 532
14021 11367
14021 5674
14021 4254
14021 687
14022 2
14022 6546
14022 1011
14022 2186
14022 906
14023 0
14023 976
14023 160
14023 4
14023 366
14024 0
14024 1
14024 2618
14024 2667
14024 12
14025 160
14025 8416
14025 6322
14025 2
14025 13997
14026 66
14026 4
14026 10804
14026 5
14026 411
14028 3
14028 4
14028 6
14028 267
14028 10284
14029 34
14029 3
14029 708
14029 4
14029 264
14031 12240
14031 1
14031 13890
14031 1367
14031 24
14032 3
14032 772
14032 3159
14032 10855
14032 1742
14033 11617
14033 165
14033 6855
14033 12
14033 141
14034 0
14034 1841
14034 11493
14034 5
14034 1212
14035 0
14035 32
14035 8086
14035 715
14035 1823
14036 3
14036 4
14036 1460
14036 105
14036 906
14037 3
14037 390
14037 25
14037 10
14037 3691
14038 64
14038 6
14038 103
14038 8
14038 10
14039 0
14039 2
14039 12
14039 13967
14039 6799
14040 2
14040 5
14040 710
14040 10090
14040 124
14041 1504
14041 13734
14041 728
14041 59
14041 399
14042 2
14042 83
14042 5
14042 222
14042 4015
14043 2920
14043 5515
14043 4332
14043 13
14043 287
14044 6176
14044 7920
14044 3
14044 22
14044 422
14045 32
14045 5
14045 10213
14045 9301
14045 543
14046 0
14046 1
14046 12181
14046 156
14046 5325
14047 114
14047 115
14047 390
14047 6585
14047 124
14048 11921
14048 2883
14048 3
14048 1016
14048 459
14049 64
14049 7282
14049 1923
14049 390
14049 494
14051 148
14051 2295
14051 12813
14051 31
14051 159
14053 1
14053 2
14053 3
14053 13268
14053 21
14054 0
14054 2630
14054 185
14054 667
14054 45
14055 5648
14055 92
14055 1231
14055 5487
14055 47
14056 2851
14056 132
14056 100
14056 1817
14056 12
14057 11136
14057 5699
14057 3
14057 885
14057 12
14058 32
14058 2
14058 180
14058 41
14058 6574
14059 131
14059 4180
14059 164
14059 27
14059 606
14060 7520
14060 88
14060 1324
14060 220
14060 62
14061 129
14061 3831
14061 199
14061 170
14061 187
14062 4
14062 13845
14062 5069
14062 2798
14062 287
14063 275
14063 4
14063 581
14063 9351
14063 1897
14064 194
14064 68
14064 6
14064 8570
14064 12
14065 16
14065 2
14065 3
14065 21
14065 1205
14066 1392
14066 1923
14066 2598
14066 12
14066 140
14067 327
14067 59
14067 124
14067 2559
14067 1903
14068 433
14068 5
14068 9
14068 5838
14068 31
14069 1
14069 21
14069 1815
14069 105
14069 140
14070 0
14070 1
14070 3542
14070 1911
14070 104
14071 2514
14071 211
14071 6
14071 2923
14071 349
14072 5152
14072 2949
14072 298
14072 5516
14072 173
14073 1041
14073 70
14073 6
14073 183
14073 59
14074 178
14074 395
14074 859
14074 605
14074 31
14076 64
14076 145
14076 594
14076 6181
14076 2796
14077 338
14077 2195
14077 116
14077 2056
14077 541
14079 1731
14079 388
14079 5
14079 13964
14079 5229
14080 26
14080 282
14080 412
14080 333
14080 13487
14081 4
14081 38
14081 183
14081 153
14081 3627
14082 7184
14082 1
14082 3271
14082 5703
14082 1293
14083 0
14083 1
14083 6
14083 1862
14083 158
14084 5600
14084 1763
14084 133
14084 1212
14084 2782
14085 1047
14085 24
14085 40
14085 10
14085 894
14086 0
14086 41
14086 25
14086 73
14086 58
14087 1
14087 594
14087 4
14087 53
14087 106
14088 1140
14088 6
14088 1817
14088 6570
14088 14
14089 1
14089 6209
14089 12066
14089 5334
14089 8543
14090 11250
14090 707
14090 24
14090 331
14090 31
14092 8038
14092 3175
14092 491
14092 12
14092 894
14093 7986
14093 4552
14093 873
14093 7834
14093 31
14094 3059
14094 21
14094 7334
14094 1304
14094 1709
14095 2
14095 6
14095 9
14095 1998
14095 4254
14096 337
14096 115
14096 9
14096 217
14096 239
14097 1
14097 8871
14097 5516
14097 12
14097 11311
14098 51
14098 3
14098 2086
14098 1862
14098 7817
14099 8753
14099 1047
14099 24
14099 9080
14099 3871
14100 7808
14100 51
14100 4
14100 6
14100 236
14101 103
14101 41
14101 1195
14101 3355
14101 1068
14103 32
14103 1
14103 7665
14103 1426
14103 124
14104 242
14104 211
14104 116
14104 52
14104 11081
14105 6000
14105 68
14105 5
14105 2983
14105 1833
14106 1
14106 3252
14106 5
14106 1144
14106 333
14107 0
14107 4353
14107 2
14107 4
14107 6175
14109 3408
14109 1
14109 2
14109 727
14109 9710
14110 3
14110 5
14110 22
14110 491
14110 1773
14111 1
14111 11617
14111 8694
14111 6
14111 726
14112 1057
14112 9268
14112 12424
14112 41
14112 1390
14113 36
14113 7350
14113 1705
14113 397
14113 317
14114 5282
14114 260
14114 151
14114 3271
14114 831
14115 0
14115 1056
14115 1750
14115 2150
14115 12
14116 2
14116 8
14116 6058
14116 3979
14116 1567
14117 177
14117 34
14117 6729
14117 523
14117 7373
14118 4400
14118 4
14118 999
14118 152
14118 1085
14119 10160
14119 6
14119 12
14119 5982
14119 11614
14120 2
14120 21
14120 88
14120 10
14120 31
14121 499
14121 8886
14121 55
14121 10
14121 14
14122 0
14122 2
14122 9400
14122 10952
14122 29
14123 2964
14123 852
14123 133
14123 11
14123 79
14124 8470
14124 119
14124 2408
14124 6077
14124 382
14125 3
14125 5
14125 6790
14125 2442
14125 31
14126 1088
14126 2
14126 3810
14126 3
14126 23
14127 800
14127 10101
14127 3943
14127 554
14127 12
14128 1
14128 4
14128 116
14128 1076
14128 3819
14129 5
14129 2998
14129 840
14129 1160
14129 1677
14130 2
14130 274
14130 68
14130 3126
14130 185
14132 6
14132 2854
14132 73
14132 3963
14132 9292
14133 0
14133 4691
14133 36
14133 212
14133 70
14134 6176
14134 1
14134 3537
14134 248
14134 13273
14135 8416
14135 9008
14135 979
14135 6693
14135 213
14136 4
14136 11
14136 12
14136 1726
14136 462
14137 2
14137 4
14137 2597
14137 40
14137 94
14138 659
14138 68
14138 23
14138 168
14138 155
14139 960
14139 1601
14139 21
14139 343
14139 24
14142 1
14142 852
14142 3195
14142 219
14142 29
14143 1
14143 532
14143 8
14143 264
14143 315
14144 2
14144 3043
14144 11771
14144 587
14144 12060
14145 145
14145 5
14145 6203
14145 8683
14145 29
14146 0
14146 200
14146 4796
14146 254
14146 31
14147 3986
14147 770
14147 5
14147 9
14147 10
14148 0
14148 224
14148 1957
14148 13001
14148 1245
14150 9104
14150 274
14150 7123
14150 4
14150 4620
14151 80
14151 1
14151 3
14151 6
14151 8
14152 1
14152 1303
14152 4121
14152 43
14152 478
14153 4067
14153 10
14153 13
14153 3645
14153 2510
14155 0
14155 4
14155 1895
14155 40
14155 3710
14156 337
14156 2
14156 3
14156 1226
14156 236
14158 3
14158 7523
14158 1076
14158 5
14158 12
14160 434
14160 53
14160 11481
14160 74
14160 986
14161 753
14161 4889
14161 5066
14161 859
14161 237
14162 1
14162 4
14162 2581
14162 3864
14162 237
14163 0
14163 10032
14163 9
14163 30
14163 8750
14164 659
14164 6084
14164 5
14164 4311
14164 3100
14165 4
14165 217
14165 10
14165 219
14165 605
14166 0
14166 1
14166 12124
14166 3100
14166 31
14167 34
14167 930
14167 21
14167 6
14167 988
14168 1
14168 2770
14168 103
14168 12
14168 5950
14169 16
14169 3585
14169 647
14169 8
14169 31
14170 0
14170 434
14170 4083
14170 21
14170 373
14171 16
14171 2466
14171 7347
14171 21
14171 613
14172 3
14172 6
14172 24
14172 105
14172 10651
14173 34
14173 2
14173 27
14173 109
14173 509
14174 1249
14174 1
14174 3698
14174 3
14174 5
14176 8496
14176 21
14176 12
14176 61
14176 8014
14177 6161
14177 3
14177 100
14177 5
14177 140
14178 96
14178 2673
14178 1796
14178 21
14178 62
14179 3
14179 4
14179 5
14179 840
14179 6748
14180 0
14180 212
14180 4
14180 8953
14180 170
14181 212
14181 5
14181 4104
14181 2650
14181 47
14182 1906
14182 5093
14182 5
14182 119
14182 510
14183 320
14183 3393
14183 212
14183 121
14183 623
14184 5937
14184 1953
14184 3863
14184 11
14184 5724
14185 708
14185 6
14185 2807
14185 29
14185 11039
14188 0
14188 5
14188 86
14188 38
14188 88
14189 176
14189 6
14189 2906
14189 687
14189 623
14190 4
14190 2356
14190 7815
14190 27
14190 11071
14191 2096
14191 480
14191 68
14191 3092
14191 133
14192 3842
14192 756
14192 53
14192 8
14192 623
14193 0
14193 9666
14193 3380
14193 6
14193 13770
14194 336
14194 11553
14194 24
14194 105
14194 27
14195 1
14195 7443
14195 2163
14195 107
14195 11086
14197 11604
14197 37
14197 6
14197 3591
14197 4587
14198 34
14198 2
14198 133
14198 5214
14198 1055
14199 2
14199 9028
14199 5
14199 24
14199 399
14200 3
14200 4227
14200 3620
14200 3915
14200 63
14201 0
14201 2497
14201 4197
14201 7718
14201 4648
14202 1717
14202 135
14202 9
14202 746
14202 13518
14203 2722
14203 24
14203 1930
14203 10
14203 9966
14204 10610
14204 88
14204 5464
14204 2921
14204 10
14205 7904
14205 656
14205 99
14205 3043
14205 5229
14206 5
14206 53
14206 8
14206 59
14206 1391
14207 209
14207 131
14207 644
14207 40
14207 14
14208 12243
14208 148
14208 8213
14208 344
14208 8669
14210 64
14210 630
14210 8
14210 10
14210 1279
14211 2
14211 259
14211 21
14211 25
14211 3230
14212 16
14212 4
14212 3076
14212 6
14212 8
14213 11188
14213 4
14213 10101
14213 5
14213 10
14214 3
14214 36
14214 372
14214 6
14214 250
14215 5392
14215 224
14215 2
14215 5
14215 4523
14216 1
14216 9650
14216 754
14216 2790
14216 2826
14217 179
14217 2692
14217 2741
14217 9372
14217 175
14218 8816
14218 5
14218 6
14218 474
14218 138
14219 3552
14219 13431
14219 91
14219 8236
14219 13
14220 0
14220 293
14220 21
14220 102
14220 27
14221 2
14221 2275
14221 36
14221 151
14221 1068
14222 2
14222 3
14222 51
14222 1462
14222 14
14223 34
14223 3
14223 55
14223 11115
14223 175
14224 16
14224 80
14224 293
14224 8
14224 1262
14225 10913
14225 13378
14225 2146
14225 7607
14225 411
14226 16
14226 0
14226 3618
14226 118
14226 9
14227 3
14227 4773
14227 86
14227 2168
14227 9
14228 210
14228 119
14228 231
14228 13226
14228 12
14229 225
14229 1
14229 13461
14229 9
14229 5625
14230 1
14230 932
14230 7831
14230 13290
14230 91
14232 2
14232 6807
14232 1687
14232 12568
14232 11499
14233 0
14233 1792
14233 36
14233 1320
14233 605
14234 97
14234 129
14234 4
14234 3253
14234 997
14235 1
14235 657
14235 38
14235 3111
14235 23
14236 132
14236 199
14236 2007
14236 747
14236 236
14237 640
14237 1
14237 67
14237 3
14237 10733
14238 2384
14238 131
14238 999
14238 10540
14238 62
14239 1489
14239 3347
14239 21
14239 140
14239 158
14240 13411
14240 5
14240 491
14240 11
14240 12
14241 725
14241 5
14241 8
14241 12666
14241 63
14242 0
14242 6260
14242 6
14242 1495
14242 124
14243 37
14243 5
14243 21
14243 1705
14243 31
14244 2
14244 3
14244 1606
14244 6
14244 5755
14245 258
14245 965
14245 343
14245 9850
14245 222
14246 3136
14246 5
14246 440
14246 5707
14246 31
14247 2
14247 10
14247 13628
14247 3374
14247 175
14248 177
14248 115
14248 869
14248 8716
14248 349
14249 128
14249 197
14249 151
14249 5272
14249 3931
14250 0
14250 464
14250 3
14250 682
14250 124
14251 8594
14251 3
14251 373
14251 217
14251 11978
14252 0
14252 5632
14252 249
14252 206
14252 4319
14253 2
14253 930
14253 4
14253 11576
14253 6732
14254 6994
14254 5
14254 6469
14254 5032
14254 5753
14255 1
14255 5
14255 758
14255 3241
14255 13597
14256 1586
14256 14070
14256 201
14256 12
14256 638
14257 33
14257 1
14257 3089
14257 132
14257 3071
14258 610
14258 34
14258 683
14258 27
14258 11982
14259 3474
14259 4
14259 6
14259 5420
14259 351
14260 4352
14260 2
14260 2630
14260 8
14260 506
14261 1443
14261 4665
14261 665
14261 6059
14261 9916
14262 1076
14262 37
14262 840
14262 2427
14262 6732
14263 0
14263 17
14263 6088
14263 760
14263 6159
14264 1156
14264 1813
14264 6
14264 8922
14264 1899
14265 64
14265 5
14265 118
14265 6
14265 232
14266 7841
14266 13890
14266 1235
14266 6
14266 701
14267 0
14267 5
14267 6
14267 40
14267 1646
14268 1
14268 3380
14268 7524
14268 6
14268 2104
14269 64
14269 4
14269 9
14269 29
14269 174
14270 1
14270 197
14270 4822
14270 5788
14270 63
14271 1
14271 2705
14271 119
14271 187
14271 478
14272 1
14272 2
14272 3
14272 5
14272 606
14273 2
14273 371
14273 4
14273 3253
14273 4726
14274 6624
14274 3121
14274 12657
14274 819
14274 109
14275 4400
14275 33
14275 3
14275 21
14275 23
14276 1
14276 129
14276 2
14276 84
14276 12634
14277 0
14277 2
14277 4
14277 606
14277 1454
14278 1344
14278 3
14278 315
14278 620
14278 1166
14280 32
14280 41
14280 158
14280 14
14280 47
14282 1056
14282 1634
14282 324
14282 3607
14282 11783
14283 128
14283 144
14283 3
14283 228
14283 5
14284 66
14284 10228
14284 116
14284 1615
14284 3439
14285 8832
14285 2
14285 4197
14285 958
14285 719
14286 9569
14286 5
14286 7
14286 11383
14286 187
14287 400
14287 50
14287 1122
14287 3541
14287 5516
14288 2260
14288 4102
14288 1704
14288 4588
14288 2845
14289 753
14289 5570
14289 3125
14289 9
14289 31
14290 1
14290 34
14290 131
14290 6038
14290 536
14291 2611
14291 100
14291 5
14291 53
14291 3966
14292 962
14292 469
14292 1144
14292 5753
14292 12554
14293 2
14293 5
14293 6
14293 349
14293 31
14294 2
14294 2885
14294 6
14294 10475
14294 1372
14295 1893
14295 5
14295 725
14295 10
14295 493
14296 177
14296 3
14296 23
14296 727
14296 2427
14297 1505
14297 2194
14297 12947
14297 7143
14297 12
14299 0
14299 16
14299 18
14299 4
14299 10756
14300 1
14300 953
14300 12
14300 11022
14300 175
14302 1
14302 3
14302 4
14302 40
14302 76
14303 64
14303 4770
14303 297
14303 59
14303 13406
14304 11987
14304 4
14304 702
14304 62
14304 623
14305 5060
14305 662
14305 6
14305 5467
14305 158
14306 1
14306 6629
14306 86
14306 775
14306 12046
14307 2435
14307 1718
14307 249
14307 138
14307 1167
14308 147
14308 598
14308 6
14308 73
14308 10
14309 9072
14309 0
14309 33
14309 5996
14309 124
14311 5
14311 70
14311 12556
14311 13
14311 3070
14312 1313
14312 349
14312 93
14312 831
14312 687
14313 9541
14313 55
14313 10
14313 523
14313 12815
14314 2
14314 1781
14314 4460
14314 749
14314 239
14315 384
14315 1
14315 1448
14315 4026
14315 12
14316 4
14316 746
14316 138
14316 43
14316 604
14317 258
14317 3074
14317 8310
14317 12809
14317 287
14318 0
14318 598
14318 1463
14318 40
14318 31
14320 0
14320 1771
14320 3085
14320 5645
14320 13
14321 0
14321 598
14321 1847
14321 364
14321 989
14322 3
14322 183
14322 3719
14322 523
14322 238
14323 9826
14323 2307
14323 883
14323 1876
14323 5
14324 0
14324 3
14324 2036
14324 40
14324 104
14325 3
14325 5
14325 54
14325 4669
14325 4366
14326 2
14326 179
14326 5
14326 695
14326 2248
14328 131
14328 4
14328 1686
14328 60
14328 14077
14329 193
14329 34
14329 7555
14329 471
14329 121
14330 1
14330 3
14330 243
14330 4843
14330 1487
14331 11706
14331 2202
14331 4186
14331 173
14331 1437
14332 180
14332 3125
14332 439
14332 12
14332 29
14333 0
14333 8
14333 9452
14333 444
14333 8479
14334 6816
14334 626
14334 725
14334 23
14334 8
14335 4465
14335 3
14335 8787
14335 133
14335 5
14336 5088
14336 8432
14336 1477
14336 12
14336 1373
14337 753
14337 1203
14337 21
14337 7365
14337 45
14338 6
14338 25
14338 12
14338 13
14338 46
14339 9393
14339 6
14339 8714
14339 11
14339 491
14340 0
14340 3
14340 665
14340 395
14340 3182
14341 7745
14341 433
14341 6
14341 12
14341 31
14342 0
14342 1
14342 5653
14342 534
14342 3034
14343 6592
14343 930
14343 1013
14343 249
14343 3114
14344 6817
14344 7523
14344 3
14344 1432
14344 124
14345 1320
14345 10969
14345 59
14345 12
14345 13
14346 5
14346 6585
14346 2891
14346 13
14346 31
14347 0
14347 2
14347 37
14347 124
14347 2892
14349 32
14349 36
14349 24
14349 798
14349 1375
14350 64
14350 275
14350 1155
14350 158
14350 143
14351 0
14351 7217
14351 742
14351 666
14351 139
14352 131
14352 170
14352 10748
14352 1836
14352 1903
14353 1
14353 582
14353 74
14353 1164
14353 12
14354 67
14354 21
14354 6
14354 1319
14354 523
14355 450
14355 180
14355 695
14355 11964
14355 1007
14356 9776
14356 8
14356 344
14356 1132
14356 12
14357 625
14357 532
14357 132
14357 13732
14357 2671
14358 5683
14358 11589
14358 4475
14358 59
14358 12
14359 2
14359 1076
14359 136
14359 41
14359 3163
14360 3
14360 6
14360 1255
14360 2923
14360 12
14361 0
14361 1
14361 14081
14361 2931
14361 36
14362 3
14362 37
14362 5
14362 75
14362 142
14363 4
14363 2950
14363 25
14363 2377
14363 43
14364 4848
14364 0
14364 165
14364 22
14364 12
14365 3415
14365 1704
14365 9
14365 297
14365 681
14366 96
14366 2
14366 7204
14366 8600
14366 10665
14367 197
14367 6
14367 1560
14367 1194
14367 3052
14368 124
14368 109
14368 5229
14368 1359
14368 31
14369 0
14369 54
14369 2745
14369 1515
14369 31
14370 1000
14370 3355
14370 29
14370 894
14370 95
14371 97
14371 1460
14371 501
14371 9
14371 427
14372 1
14372 3
14372 2611
14372 11862
14372 12
14373 307
14373 724
14373 4218
14373 317
14373 13
14375 160
14375 2
14375 4613
14375 8
14375 31
14376 0
14376 6
14376 6953
14376 347
14376 299
14378 17
14378 4482
14378 21
14378 3557
14378 300
14379 160
14379 724
14379 8746
14379 6716
14379 463
14380 3
14380 4
14380 53
14380 826
14380 7294
14381 3
14381 9
14381 3739
14381 1900
14381 1838
14382 1538
14382 435
14382 10
14382 155
14382 943
14383 419
14383 2148
14383 548
14383 8
14383 24
14384 1906
14384 3
14384 7884
14384 1149
14384 1966
14385 2
14385 1859
14385 3642
14385 444
14385 31
14386 16
14386 9712
14386 1
14386 1048
14386 186
14387 4
14387 5
14387 12470
14387 3274
14387 12
14388 16
14388 4
14388 3306
14388 1050
14388 11036
14389 16
14389 2
14389 66
14389 3
14389 7645
14390 4452
14390 581
14390 12231
14390 12715
14390 239
14391 18
14391 452
14391 1061
14391 1063
14391 327
14392 241
14392 11834
14392 10139
14392 12
14392 8237
14394 209
14394 371
14394 279
14394 8
14394 75
14395 1
14395 5
14395 8633
14395 3915
14395 158
14396 180
14396 116
14396 1477
14396 6
14396 1806
14397 180
14397 2375
14397 8
14397 237
14397 9983
14398 192
14398 9015
14398 41
14398 5471
14398 31
14399 3
14399 10215
14399 200
14399 41
14399 43
14401 3729
14401 515
14401 53
14401 280
14401 8
14402 1
14402 2
14402 5
14402 444
14402 5406
14403 4
14403 3608
14403 9867
14403 6812
14403 157
14404 11264
14404 2551
14404 43
14404 12
14404 10188
14405 0
14405 721
14405 195
14405 4
14405 103
14406 0
14406 2
14406 307
14406 441
14406 2793
14409 3
14409 5
14409 59
14409 14
14409 31
14410 5
14410 11639
14410 13160
14410 4542
14410 7999
14411 2
14411 4515
14411 181
14411 86
14411 158
14412 10261
14412 10
14412 9338
14412 13
14412 1615
14413 5
14413 1670
14413 43
14413 1676
14413 237
14414 10496
14414 320
14414 8
14414 153
14414 12
14415 0
14415 3876
14415 5
14415 279
14415 4217
14416 4
14416 5
14416 1321
14416 10
14416 59
14417 3
14417 24
14417 139
14417 29
14417 414
14418 272
14418 11091
14418 844
14418 1343
14418 31
14419 38
14419 103
14419 456
14419 12
14419 77
14420 186
14420 282
14420 172
14420 1151
14420 223
14421 5
14421 5543
14421 1416
14421 140
14421 13
14422 7841
14422 1
14422 343
14422 1931
14422 1900
14424 129
14424 1
14424 1955
14424 1958
14424 4761
14425 480
14425 6
14425 43
14425 1806
14425 143
14426 80
14426 899
14426 3
14426 1446
14426 3998
14427 0
14427 209
14427 5
14427 6
14427 31
14428 355
14428 2249
14428 10
14428 413
14428 31
14429 1473
14429 5
14429 5110
14429 4201
14429 59
14430 2176
14430 3234
14430 51
14430 21
14430 11
14431 561
14431 3650
14431 10034
14431 2
14431 7647
14432 1
14432 179
14432 885
14432 6
14432 183
14433 1
14433 66
14433 69
14433 1979
14433 14
14434 9954
14434 340
14434 726
14434 8
14434 1609
14435 6896
14435 3844
14435 54
14435 59
14435 575
14436 0
14436 2
14436 36
14436 1782
14436 9898
14437 2
14437 8259
14437 3043
14437 5
14437 91
14438 722
14438 3255
14438 667
14438 2781
14438 9822
14439 0
14439 1
14439 1031
14439 859
14439 267
14441 131
14441 1062
14441 9159
14441 1113
14441 186
14442 2163
14442 21
14442 8
14442 13737
14442 11
14443 4
14443 4986
14443 2828
14443 14
14443 142
14444 8416
14444 1011
14444 8676
14444 8
14444 9786
14445 7105
14445 4
14445 981
14445 633
14445 2654
14446 162
14446 3
14446 3131
14446 12717
14446 3038
14447 288
14447 9329
14447 25
14447 47
14447 2319
14448 0
14448 2
14448 50
14448 4
14448 10
14449 7282
14449 310
14449 25
14449 29
14449 12990
14450 3
14450 132
14450 86
14450 62
14450 1326
14451 1464
14451 137
14451 41
14451 301
14451 4191
14452 4418
14452 2578
14452 4
14452 390
14452 186
14453 4
14453 310
14453 2525
14453 606
14453 31
14454 16
14454 4
14454 21
14454 813
14454 10271
14455 160
14455 2
14455 9723
14455 12
14455 1629
14456 12883
14456 7140
14456 3669
14456 7326
14456 158
14457 2
14457 2626
14457 979
14457 6
14457 12
14458 1748
14458 5
14458 2364
14458 8189
14458 159
14459 10354
14459 5
14459 295
14459 6265
14459 10
14460 66
14460 197
14460 747
14460 333
14460 7149
14461 1617
14461 2322
14461 6770
14461 2
14461 5
14462 226
14462 23
14462 13145
14462 12140
14462 8028
14463 12960
14463 4
14463 1272
14463 158
14463 1439
14464 243
14464 4021
14464 54
14464 9882
14464 2749
14465 530
14465 8340
14465 953
14465 10235
14465 11
14466 1504
14466 4
14466 71
14466 9418
14466 702
14467 2
14467 5
14467 439
14467 232
14467 1181
14468 3
14468 455
14468 3387
14468 2382
14468 159
14469 128
14469 1637
14469 187
14469 12
14469 13
14470 3440
14470 6112
14470 11986
14470 3
14470 6804
14472 2964
14472 3687
14472 4875
14472 59
14472 237
14473 0
14473 1
14473 5
14473 667
14473 62
14474 3520
14474 769
14474 3987
14474 2019
14474 3945
14475 1682
14475 965
14475 2042
14475 12495
14475 1247
14476 1332
14476 407
14476 14092
14476 12
14476 142
14477 0
14477 402
14477 9541
14477 1212
14477 60
14478 1
14478 3
14478 2531
14478 5
14478 11941
14479 50
14479 10052
14479 6953
14479 1563
14479 2715
14481 21
14481 166
14481 10854
14481 10
14481 59
14482 1072
14482 2
14482 5235
14482 36
14482 8
14483 5
14483 1468
14483 348
14483 1740
14483 12
14484 0
14484 6128
14484 228
14484 1177
14484 124
14485 4592
14485 6561
14485 34
14485 92
14485 2879
14486 50
14486 3
14486 37
14486 5322
14486 30
14487 7280
14487 1712
14487 1
14487 355
14487 889
14488 0
14488 2
14488 40
14488 1803
14488 239
14489 2352
14489 160
14489 7668
14489 8
14489 92
14490 852
14490 532
14490 597
14490 21
14490 247
14491 1270
14491 4152
14491 1018
14491 173
14491 14
14492 51
14492 8
14492 105
14492 12249
14492 75
14493 129
14493 2
14493 3619
14493 6
14493 1051
14494 1
14494 259
14494 3
14494 1044
14494 462
14495 13345
14495 1460
14495 8
14495 395
14495 31
14496 8197
14496 105
14496 4218
14496 379
14496 911
14497 177
14497 51
14497 2344
14497 845
14497 1742
14498 1
14498 3458
14498 4
14498 9
14498 9100
14500 404
14500 2885
14500 2965
14500 869
14500 4111
14501 64
14501 67
14501 4
14501 906
14501 31
14502 80
14502 16
14502 3
14502 230
14502 8317
14503 1
14503 1047
14503 24
14503 10056
14503 12
14504 8322
14504 3
14504 9
14504 8013
14504 31
14505 16
14505 807
14505 10
14505 11483
14505 6093
14506 4
14506 3173
14506 1110
14506 647
14506 1288
14507 3456
14507 16
14507 3474
14507 275
14507 253
14508 1696
14508 10823
14508 12
14508 462
14508 31
14510 0
14510 3672
14510 794
14510 13
14510 6654
14511 10785
14511 37
14511 6
14511 12793
14511 894
14512 0
14512 4
14512 6
14512 5865
14512 587
14513 16
14513 2
14513 51
14513 6
14513 984
14514 1
14514 7523
14514 723
14514 8
14514 12
14515 160
14515 13938
14515 371
14515 2826
14515 14
14516 2578
14516 3987
14516 4
14516 24
14516 1390
14517 1777
14517 1
14517 50
14517 131
14517 647
14518 32
14518 21
14518 6
14518 124
14518 31
14519 4640
14519 976
14519 66
14519 2213
14519 23
14520 1
14520 146
14520 102
14520 170
14520 846
14521 0
14521 1
14521 34
14521 120
14521 2154
14522 177
14522 7394
14522 1779
14522 1017
14522 2477
14523 64
14523 1203
14523 9
14523 31
14523 47
14524 12183
14524 4168
14524 7241
14524 348
14524 2861
14525 0
14525 1170
14525 995
14525 772
14525 333
14526 2352
14526 8899
14526 217
14526 13515
14526 12
14527 0
14527 134
14527 281
14527 8092
14527 78
14528 6562
14528 3
14528 3587
14528 23
14528 297
14529 0
14529 4852
14529 810
14529 12
14529 2671
14530 0
14530 133
14530 54
14530 2281
14530 12
14531 0
14531 1
14531 4
14531 532
14531 9
14532 0
14532 4
14532 4215
14532 57
14532 31
14533 67
14533 4
14533 59
14533 7756
14533 2797
14534 4770
14534 36
14534 21
14534 5
14534 293
14535 11312
14535 1217
14535 82
14535 404
14535 333
14536 2
14536 6
14536 11
14536 126
14536 1214
14537 0
14537 1
14537 6
14537 7
14537 6111
14538 3874
14538 9987
14538 3
14538 598
14538 425
14539 1
14539 1729
14539 11986
14539 179
14539 14533
14540 6785
14540 1
14540 2
14540 279
14540 635
14541 11473
14541 3
14541 104
14541 1132
14541 5517
14542 9680
14542 180
14542 54
14542 3819
14542 12
14544 11570
14544 66
14544 10426
14544 782
14544 910
14545 0
14545 1
14545 5908
14545 85
14545 6329
14546 464
14546 0
14546 5
14546 2233
14546 31
14547 4904
14547 137
14547 12
14547 12206
14547 31
14548 21
14548 2071
14548 8
14548 492
14548 461
14549 912
14549 3
14549 5045
14549 9017
14549 27
14550 1
14550 6
14550 3815
14550 14073
14550 12
14551 97
14551 98
14551 4
14551 37
14551 21
14552 228
14552 4072
14552 172
14552 3886
14552 7935
14553 1623
14553 1975
14553 13978
14553 6381
14553 6494
14554 177
14554 2
14554 14548
14554 397
14554 719
14555 16
14555 4833
14555 1
14555 2
14555 317
14556 10070
14556 9
14556 3387
14556 523
14556 59
14557 1344
14557 99
14557 7542
14557 379
14557 4622
14558 694
14558 246
14558 8
14558 24
14558 27
14559 32
14559 180
14559 7307
14559 3629
14559 2173
14560 162
14560 86
14560 71
14560 12632
14560 478
14561 2
14561 2435
14561 22
14561 506
14561 11758
14562 513
14562 3
14562 4
14562 9433
14562 687
14563 0
14563 816
14563 11895
14563 1391
14563 31
14564 6464
14564 3795
14564 19
14564 59
14564 10527
14565 80
14565 131
14565 7831
14565 217
14565 4810
14566 2993
14566 4
14566 356
14566 1144
14566 1454
14567 11169
14567 242
14567 14326
14567 103
14567 1660
14568 0
14568 1525
14568 2921
14568 12
14568 7709
14569 6881
14569 530
14569 8647
14569 8
14569 41
14570 0
14570 2323
14570 675
14570 292
14570 23
14571 5
14571 6
14571 231
14571 89
14571 1627
14572 659
14572 21
14572 487
14572 284
14572 6335
14574 1
14574 1015
14574 9338
14574 142
14574 9631
14575 1008
14575 1
14575 21
14575 1047
14575 4909
14576 2
14576 103
14576 169
14576 2185
14576 541
14577 2162
14577 2
14577 36
14577 6655
14577 383
14578 1
14578 5
14578 5239
14578 168
14578 40
14579 1797
14579 8
14579 13608
14579 10
14579 798
14580 80
14580 1808
14580 1201
14580 197
14580 430
14581 37
14581 7047
14581 4586
14581 7742
14581 191
14583 128
14583 4017
14583 13522
14583 74
14583 3980
14584 5220
14584 8854
14584 8
14584 8297
14584 10028
14585 11505
14585 219
14585 14396
14585 4221
14585 12174
14586 21
14586 6
14586 104
14586 2601
14586 266
14587 464
14587 177
14587 3138
14587 1875
14587 59
14588 565
14588 1365
14588 6934
14588 55
14588 1356
14589 0
14589 2
14589 390
14589 8810
14589 1786
14590 64
14590 102
14590 6
14590 11
14590 670
14591 7409
14591 2
14591 258
14591 1290
14591 75
14592 11188
14592 885
14592 25
14592 1902
14592 222
14593 0
14593 16
14593 1978
14593 1439
14593 31
14594 2256
14594 0
14594 753
14594 67
14594 5
14595 0
14595 1681
14595 1
14595 3
14595 51
14597 80
14597 561
14597 11795
14597 7288
14597 31
14598 11473
14598 3
14598 677
14598 3400
14598 43
14599 80
14599 2933
14599 6056
14599 12
14599 12973
14600 6626
14600 3
14600 57
14600 619
14600 11023
14601 1251
14601 3
14601 180
14601 24
14601 8
14602 12243
14602 2795
14602 475
14602 92
14602 1773
14603 3490
14603 3
14603 3092
14603 6745
14603 173
14604 115
14604 8934
14604 2279
14604 6602
14604 2364
14605 3
14605 36
14605 5
14605 6
14605 79
14606 3
14606 7286
14606 3402
14606 442
14606 2206
14607 0
14607 50
14607 5
14607 23
14607 456
14608 384
14608 242
14608 21
14608 5494
14608 10
14609 6774
14609 103
14609 5214
14609 1678
14609 47
14610 3
14610 150
14610 9
14610 10
14610 5563
14611 64
14611 13315
14611 265
14611 571
14611 3149
14612 258
14612 4771
14612 1781
14612 12
14612 4717
14613 306
14613 723
14613 3301
14613 518
14613 1293
14614 832
14614 3921
14614 1110
14614 29
14614 11199
14615 1442
14615 9666
14615 4
14615 5000
14615 7390
14616 198
14616 11704
14616 10
14616 12603
14616 14
14617 1
14617 10067
14617 6
14617 1944
14617 463
14618 352
14618 0
14618 946
14618 2980
14618 11
14619 7056
14619 3
14619 5
14619 8
14619 126
14620 0
14620 5441
14620 14490
14620 75
14620 158
14621 10696
14621 89
14621 2138
14621 605
14621 111
14622 1
14622 4513
14622 2
14622 4006
14622 383
14623 5170
14623 5363
14623 21
14623 6636
14623 12
14624 2689
14624 1027
14624 1491
14624 4
14624 1030
14625 1009
14625 2
14625 4405
14625 1255
14625 24
14626 6
14626 10487
14626 1833
14626 12
14626 173
14627 8179
14627 10309
14627 43
14627 1260
14627 782
14628 1488
14628 2849
14628 264
14628 1833
14628 59
14629 640
14629 129
14629 177
14629 2
14629 19
14630 0
14630 5
14630 13286
14630 4103
14630 6312
14632 6
14632 8
14632 378
14632 5788
14632 925
14633 21
14633 6
14633 3451
14633 11180
14633 11614
14634 32
14634 1
14634 2
14634 139
14634 59
14635 80
14635 5892
14635 1460
14635 6
14635 10409
14636 0
14636 1
14636 8
14636 11
14636 109
14637 4834
14637 150
14637 6
14637 2407
14637 41
14638 9184
14638 3233
14638 5892
14638 41
14638 6105
14639 1
14639 290
14639 3
14639 9847
14639 136
14640 0
14640 2931
14640 4
14640 24
14640 45
14641 320
14641 1872
14641 1826
14641 10
14641 12
14642 1
14642 3538
14642 6
14642 10571
14642 204
14643 0
14643 3
14643 6
14643 185
14643 3675
14644 2592
14644 1
14644 103
14644 13721
14644 5469
14645 673
14645 6705
14645 200
14645 4697
14645 10
14646 1140
14646 4
14646 389
14646 681
14646 9884
14647 1472
14647 1556
14647 1400
14647 456
14647 73
14648 180
14648 5
14648 21
14648 24
14648 5871
14650 6
14650 1431
14650 8
14650 9835
14650 383
14651 0
14651 34
14651 23
14651 1304
14651 14
14652 1
14652 3
14652 4
14652 2389
14652 395
14653 3
14653 4
14653 36
14653 2103
14653 13720
14654 115
14654 3238
14654 13177
14654 2569
14654 4221
14655 1
14655 23
14655 264
14655 11291
14655 29
14656 400
14656 881
14656 53
14656 13354
14656 12111
14657 1057
14657 9057
14657 10260
14657 7527
14657 31
14658 5937
14658 6
14658 88
14658 43
14658 925
14659 32
14659 3414
14659 8
14659 3980
14659 8014
14660 36
14660 5
14660 9
14660 5053
14660 351
14661 899
14661 3
14661 5
14661 170
14661 5438
14662 129
14662 21
14662 3894
14662 3511
14662 167
14664 549
14664 2680
14664 7994
14664 315
14664 14
14666 945
14666 1251
14666 5238
14666 10058
14666 43
14667 176
14667 2
14667 4214
14667 10
14667 13
14668 32
14668 1329
14668 197
14668 12053
14668 14410
14669 51
14669 21
14669 278
14669 56
14669 4974
14670 257
14670 259
14670 3
14670 4982
14670 10
14671 64
14671 456
14671 9
14671 3502
14671 7903
14672 513
14672 11925
14672 6
14672 13
14672 14
14673 2744
14673 187
14673 11
14673 604
14673 2015
14674 0
14674 3
14674 1013
14674 5
14674 7359
14675 177
14675 3172
14675 2344
14675 10874
14675 14
14676 4418
14676 180
14676 469
14676 136
14676 3336
14677 5
14677 6
14677 3782
14677 2472
14677 14
14678 1
14678 2
14678 5027
14678 3
14678 2399
14679 32
14679 195
14679 1765
14679 636
14679 2655
14680 96
14680 32
14680 1
14680 1209
14680 333
14682 19
14682 264
14682 2649
14682 9
14682 988
14683 1392
14683 3
14683 5
14683 24
14683 3563
14684 9521
14684 18
14684 181
14684 6
14684 152
14685 6386
14685 14453
14685 86
14685 23
14685 10331
14686 0
14686 3185
14686 5063
14686 12
14686 29
14687 1
14687 3
14687 11075
14687 165
14687 6
14688 7665
14688 3138
14688 115
14688 918
14688 378
14689 64
14689 16
14689 11569
14689 1448
14689 8015
14690 16
14690 1
14690 5651
14690 1654
14690 120
14691 0
14691 53
14691 136
14691 367
14691 3871
14692 160
14692 7
14692 11817
14692 13
14692 6543
14693 80
14693 339
14693 198
14693 3064
14693 185
14694 0
14694 2
14694 4
14694 7194
14694 1292
14695 1680
14695 217
14695 31
14695 6815
14695 143
14696 161
14696 21
14696 5
14696 379
14696 13871
14697 2
14697 357
14697 7238
14697 11720
14697 10
14698 51
14698 116
14698 4
14698 5
14698 2588
14699 50
14699 195
14699 2965
14699 454
14699 54
14700 1456
14700 6227
14700 8293
14700 73
14700 265
14701 416
14701 7266
14701 1703
14701 1610
14701 10810
14702 10768
14702 3506
14702 6547
14702 107
14702 31
14703 6688
14703 0
14703 3155
14703 3741
14703 2270
14704 5
14704 153
14704 12
14704 13
14704 4927
14705 209
14705 661
14705 7
14705 103
14705 8923
14706 3
14706 5
14706 1862
14706 25
14706 3321
14708 1008
14708 12113
14708 50
14708 805
14708 13017
14709 1120
14709 0
14709 5
14709 6
14709 9
14710 5
14710 6965
14710 107
14710 285
14710 14
14711 6161
14711 3
14711 4596
14711 4
14711 9094
14712 6896
14712 3
14712 2628
14712 267
14712 11726
14713 32
14713 2
14713 5
14713 460
14713 2559
14715 6241
14715 34
14715 182
14715 23
14715 31
14716 180
14716 21
14716 2365
14716 29
14716 2558
14717 3
14717 326
14717 185
14717 972
14717 2559
14719 3
14719 12067
14719 389
14719 1173
14719 12634
14720 8514
14720 24
14720 56
14720 170
14720 379
14721 1
14721 10097
14721 11396
14721 10105
14721 9867
14722 1
14722 100
14722 5
14722 150
14722 10
14723 4928
14723 64
14723 2
14723 2629
14723 12
14724 0
14724 1
14724 194
14724 55
14724 205
14725 0
14725 1
14725 53
14725 6
14725 14109
14726 1
14726 3364
14726 4198
14726 107
14726 747
14727 561
14727 342
14727 1064
14727 170
14727 4095
14728 1777
14728 450
14728 12
14728 589
14728 11294
14729 80
14729 14370
14729 1122
14729 3529
14729 2187
14730 1
14730 11618
14730 198
14730 8
14730 89
14731 2722
14731 5588
14731 5
14731 59
14731 191
14734 8548
14734 10933
14734 6357
14734 10
14734 8028
14735 7874
14735 964
14735 405
14735 69
14735 6088
14737 9730
14737 14500
14737 650
14737 507
14737 7309
14738 8881
14738 115
14738 855
14738 7291
14738 510
14739 2791
14739 8
14739 9
14739 2012
14739 2620
14740 4656
14740 0
14740 4354
14740 34
14740 2233
14741 70
14741 154
14741 637
14741 4750
14741 7935
14742 13905
14742 3
14742 179
14742 4
14742 5337
14743 2384
14743 7492
14743 4
14743 404
14743 742
14744 0
14744 82
14744 1191
14744 103
14744 105
14745 4531
14745 4
14745 21
14745 8
14745 91
14746 0
14746 2
14746 183
14746 8
14746 11950
14747 66
14747 41
14747 522
14747 12
14747 446
14748 3936
14748 2899
14748 9190
14748 218
14748 9914
14749 0
14749 1
14749 9892
14749 11226
14749 1356
14750 0
14750 2
14750 3
14750 4324
14750 8695
14751 4
14751 1705
14751 3819
14751 1900
14751 1806
14752 2
14752 3541
14752 10
14752 172
14752 10972
14753 0
14753 2785
14753 67
14753 5
14753 236
14754 2483
14754 403
14754 515
14754 6
14754 186
14755 3
14755 6281
14755 12
14755 13
14755 5790
14756 1488
14756 1
14756 38
14756 7051
14756 31
14757 5701
14757 23
14757 8537
14757 2186
14757 538
14758 3
14758 6856
14758 491
14758 285
14758 638
14759 3845
14759 57
14759 10
14759 2203
14759 158
14760 1761
14760 4
14760 53
14760 7270
14760 2619
14761 128
14761 2
14761 24
14761 1738
14761 10220
14762 10548
14762 393
14762 187
14762 12
14762 4143
14763 2116
14763 4294
14763 13
14763 974
14763 3359
14764 274
14764 501
14764 136
14764 105
14764 12
14765 2
14765 3
14765 6327
14765 633
14765 298
14766 2144
14766 16
14766 228
14766 536
14766 7178
14767 12241
14767 5
14767 440
14767 9466
14767 7199
14768 1
14768 5
14768 200
14768 218
14768 523
14769 0
14769 3
14769 371
14769 330
14769 12
14770 1216
14770 4418
14770 471
14770 204
14770 1247
14771 4388
14771 902
14771 279
14771 24
14771 671
14772 0
14772 6
14772 38
14772 10
14772 223
14773 80
14773 8962
14773 6
14773 840
14773 4713
14774 640
14774 3137
14774 2
14774 1701
14774 2315
14775 1
14775 13178
14775 5357
14775 237
14775 286
14776 3779
14776 4
14776 8
14776 12297
14776 5945
14777 36
14777 996
14777 1110
14777 397
14777 141
14778 1185
14778 1623
14778 4346
14778 8922
14778 14
14779 290
14779 66
14779 8594
14779 1110
14779 4376
14780 6850
14780 2963
14780 2069
14780 742
14780 12188
14781 4848
14781 32
14781 371
14781 55
14781 107
14782 12018
14782 51
14782 4
14782 22
14782 59
14783 672
14783 1
14783 3
14783 1254
14783 2221
14784 0
14784 32
14784 1542
14784 1132
14784 158
14785 0
14785 12193
14785 2099
14785 2982
14785 62
14786 64
14786 3730
14786 166
14786 7355
14786 845
14787 160
14787 1
14787 4
14787 745
14787 4221
14788 3632
14788 2
14788 6
14788 2168
14788 4440
14789 0
14789 1
14789 4451
14789 358
14789 1547
14790 4160
14790 2400
14790 325
14790 453
14790 1018
14791 2
14791 1269
14791 3381
14791 854
14791 2138
14793 6
14793 1225
14793 8010
14793 653
14793 47
14794 21
14794 1511
14794 217
14794 4734
14794 47
14795 12496
14795 3091
14795 90
14795 300
14795 287
14796 1
14796 177
14796 162
14796 9125
14796 1674
14798 34
14798 962
14798 3987
14798 217
14798 3902
14799 0
14799 1
14799 10
14799 11
14799 4365
14800 34
14800 9451
14800 7740
14800 12
14800 5471
14801 0
14801 4083
14801 2515
14801 5
14801 597
14802 2515
14802 14764
14802 11340
14802 1198
14802 2431
14803 1
14803 4
14803 6
14803 2700
14803 14
14804 17
14804 1
14804 9347
14804 1479
14804 285
14805 4260
14805 1418
14805 75
14805 12044
14805 158
14806 4
14806 5060
14806 21
14806 229
14806 12
14807 768
14807 1473
14807 1
14807 24
14807 809
14808 160
14808 4375
14808 3945
14808 30
14808 31
14809 180
14809 4693
14809 678
14809 3675
14809 203
14810 128
14810 2
14810 7058
14810 7783
14810 3592
14811 34
14811 1254
14811 199
14811 12
14811 13
14812 12627
14812 135
14812 25
14812 75
14812 2463
14814 0
14814 1
14814 88
14814 1161
14814 5582
14815 1506
14815 2758
14815 506
14815 14586
14815 13
14816 8065
14816 2
14816 5
14816 3914
14816 13500
14817 64
14817 180
14817 710
14817 9578
14817 4767
14818 2752
14818 1750
14818 6602
14818 12
14818 462
14819 32
14819 753
14819 258
14819 6
14819 40
14820 3
14820 2179
14820 3444
14820 1158
14820 12
14821 3
14821 133
14821 103
14821 3626
14821 1164
14822 370
14822 3
14822 2790
14822 6
14822 1260
14823 466
14823 3
14823 4023
14823 2423
14823 12
14824 80
14824 0
14824 29
14824 14
14824 3582
14825 98
14825 2
14825 4308
14825 198
14825 6559
14826 5027
14826 1267
14826 3
14826 471
14826 2460
14827 5314
14827 358
14827 24
14827 1641
14827 412
14828 1
14828 6
14828 4982
14828 1788
14828 8543
14829 66
14829 4068
14829 20
14829 1946
14829 2126
14830 1392
14830 3380
14830 5
14830 6981
14830 8120
14831 4224
14831 21
14831 6
14831 87
14831 700
14832 5715
14832 197
14832 55
14832 715
14832 109
14833 176
14833 51
14833 3461
14833 217
14833 222
14834 1504
14834 21
14834 230
14834 793
14834 3053
14835 980
14835 793
14835 2233
14835 11
14835 237
14836 0
14836 5
14836 3992
14836 9
14836 13963
14837 2
14837 355
14837 1171
14837 2692
14837 140
14838 3
14838 1830
14838 6
14838 43
14838 1679
14839 128
14839 1696
14839 2291
14839 7406
14839 11391
14840 177
14840 21
14840 5
14840 343
14840 6266
14841 1424
14841 930
14841 5
14841 6
14841 1962
14842 16
14842 2
14842 11688
14842 2795
14842 12621
14843 0
14843 188
14843 237
14843 382
14843 399
14844 338
14844 275
14844 90
14844 12619
14844 333
14845 209
14845 54
14845 6
14845 59
14845 2476
14846 560
14846 0
14846 625
14846 852
14846 89
14847 0
14847 36
14847 5
14847 14741
14847 2951
14849 530
14849 3
14849 1460
14849 11030
14849 92
14850 275
14850 19
14850 11046
14850 7
14850 8
14851 2
14851 1219
14851 6
14851 412
14851 8926
14852 1
14852 21
14852 6
14852 1788
14852 9212
14853 3
14853 979
14853 9031
14853 2759
14853 1405
14854 21
14854 22
14854 119
14854 5114
14854 59
14855 1506
14855 5
14855 298
14855 12219
14855 463
14856 8401
14856 12065
14856 4418
14856 22
14856 456
14858 8849
14858 183
14858 8
14858 24
14858 14
14859 97
14859 5233
14859 43
14859 8235
14859 8797
14860 2
14860 4
14860 981
14860 6
14860 78
14861 113
14861 5746
14861 5
14861 24
14861 2575
14862 114
14862 179
14862 4451
14862 7385
14862 11709
14863 5
14863 6053
14863 743
14863 7
14863 873
14864 962
14864 1539
14864 5
14864 6397
14864 206
14866 16
14866 1958
14866 9
14866 1434
14866 7307
14867 4576
14867 13942
14867 5849
14867 11
14867 3084
14868 352
14868 3874
14868 8
14868 25
14868 687
14869 8097
14869 659
14869 14501
14869 11142
14869 4311
14870 12624
14870 66
14870 11755
14870 239
14870 223
14871 96
14871 177
14871 1717
14871 5
14871 62
14872 1152
14872 3378
14872 41
14872 4137
14872 140
14873 817
14873 8819
14873 1188
14873 8
14873 126
14874 179
14874 3
14874 21
14874 57
14874 47
14875 6480
14875 1
14875 6181
14875 6599
14875 12
14876 80
14876 12496
14876 0
14876 40
14876 9453
14877 2658
14877 3059
14877 14232
14877 89
14877 1133
14878 2
14878 5883
14878 11
14878 8605
14878 637
14879 51
14879 293
14879 230
14879 2552
14879 13949
14880 17
14880 1890
14880 13683
14880 1219
14880 10046
14881 6785
14881 13602
14881 8
14881 12922
14881 2636
14882 16
14882 2900
14882 1013
14882 10251
14882 623
14883 4848
14883 4
14883 1030
14883 8
14883 972
14884 226
14884 3
14884 4
14884 53
14884 170
14885 0
14885 9748
14885 10
14885 12
14885 317
14886 50
14886 826
14886 10554
14886 1211
14886 5551
14887 6896
14887 5
14887 86
14887 238
14887 31
14888 2
14888 248
14888 137
14888 8156
14888 158
14889 948
14889 551
14889 9
14889 4940
14889 13
14890 176
14890 4786
14890 3012
14890 902
14890 6938
14891 1
14891 2934
14891 1526
14891 152
14891 9
14892 1041
14892 658
14892 2802
14892 13704
14892 681
14893 4401
14893 3
14893 165
14893 2794
14893 2159
14894 371
14894 7605
14894 122
14894 43
14894 11469
14895 2144
14895 13376
14895 0
14895 59
14895 3979
14896 1
14896 678
14896 6152
14896 187
14896 12
14897 0
14897 307
14897 164
14897 1721
14897 10
14898 257
14898 274
14898 3
14898 13973
14898 1003
14899 1691
14899 12
14899 62
14899 12110
14899 239
14902 2
14902 84
14902 22
14902 11512
14902 6093
14903 3456
14903 228
14903 3672
14903 13
14903 31
14904 14112
14904 1889
14904 4435
14904 8
14904 687
14905 3378
14905 307
14905 4
14905 7030
14905 733
14907 1
14907 3
14907 1018
14907 59
14907 2063
14908 2673
14908 2177
14908 40
14908 683
14908 91
14909 5360
14909 21
14909 10
14909 4796
14909 2044
14910 274
14910 981
14910 6
14910 536
14910 891
14911 384
14911 2323
14911 9
14911 25
14911 59
14912 12629
14912 6
14912 9
14912 6875
14912 2494
14913 128
14913 2
14913 2311
14913 10
14913 12
14914 12002
14914 132
14914 3957
14914 1047
14914 10
14915 625
14915 1285
14915 4341
14915 124
14915 333
14916 0
14916 32
14916 9170
14916 3
14916 4
14917 97
14917 4
14917 2185
14917 425
14917 10046
14918 4240
14918 12675
14918 12647
14918 8
14918 5194
14919 225
14919 14818
14919 8738
14919 4968
14919 845
14920 3506
14920 82
14920 8915
14920 4616
14920 248
14921 64
14921 2
14921 2765
14921 447
14921 687
14922 66
14922 6
14922 3658
14922 6522
14922 253
14923 0
14923 36
14923 491
14923 12
14923 5710
14924 0
14924 4
14924 1178
14924 444
14924 31
14925 96
14925 1
14925 1219
14925 6
14925 87
14926 16
14926 19
14926 4
14926 3148
14926 5615
14927 0
14927 1728
14927 1736
14927 77
14927 654
14928 1
14928 1013
14928 952
14928 10379
14928 10093
14929 2210
14929 6
14929 3292
14929 14926
14929 7198
14930 9186
14930 899
14930 5429
14930 373
14930 315
14931 1507
14931 983
14931 24
14931 6457
14931 461
14932 32
14932 6817
14932 2
14932 5987
14932 14
14933 2
14933 259
14933 7
14933 31
14933 10015
14935 464
14935 1811
14935 5
14935 89
14935 8879
14936 385
14936 13938
14936 3061
14936 1181
14936 31
14937 513
14937 134
14937 7558
14937 2072
14937 1754
14938 11280
14938 0
14938 1392
14938 38
14938 1255
14939 5731
14939 213
14939 5015
14939 395
14939 1534
14940 0
14940 8194
14940 40
14940 5325
14940 1471
14941 3
14941 24
14941 105
14941 1003
14941 4891
14942 112
14942 5
14942 1367
14942 4697
14942 12
14943 512
14943 780
14943 1854
14943 95
14943 143
14944 64
14944 97
14944 6
14944 8471
14944 105
14945 0
14945 4561
14945 57
14945 747
14945 5167
14946 21
14946 8585
14946 12
14946 5068
14946 31
14947 148
14947 757
14947 6
14947 937
14947 4458
14948 395
14948 9100
14948 14
14948 31
14948 623
14949 0
14949 5136
14949 513
14949 19
14949 1288
14950 400
14950 3073
14950 150
14950 1304
14950 24
14951 21
14951 88
14951 8
14951 1053
14951 238
14952 2
14952 84
14952 5
14952 43
14952 12524
14953 11667
14953 4
14953 5
14953 217
14953 10
14954 2
14954 8612
14954 438
14954 1047
14954 2652
14955 2
14955 730
14955 1868
14955 1116
14955 11501
14956 6864
14956 850
14956 183
14956 5434
14956 31
14957 97
14957 1
14957 3666
14957 5863
14957 6761
14959 2
14959 7428
14959 693
14959 7575
14959 281
14960 1
14960 529
14960 1314
14960 21
14960 2679
14961 1
14961 1091
14961 4
14961 140
14961 6029
14962 2020
14962 183
14962 2440
14962 1659
14962 1691
14963 256
14963 274
14963 788
14963 605
14963 4029
14964 2400
14964 3
14964 5
14964 12
14964 14
14965 161
14965 66
14965 3
14965 1347
14965 200
14966 5
14966 8
14966 59
14966 1022
14966 1679
14967 2275
14967 2632
14967 906
14967 43
14967 2588
14968 9506
14968 4
14968 5513
14968 14
14968 2463
14969 21
14969 6
14969 8903
14969 23
14969 31
14970 21
14970 2214
14970 86
14970 12890
14970 1309
14971 2
14971 2899
14971 21
14971 4494
14971 95
14972 1159
14972 11639
14972 59
14972 9135
14972 1679
14973 5618
14973 51
14973 12811
14973 2892
14973 29
14974 0
14974 1
14974 5
14974 1352
14974 12
14975 32
14975 3
14975 538
14975 10
14975 2606
14976 112
14976 1
14976 12
14976 13
14976 2303
14977 1
14977 6
14977 73
14977 25
14977 12591
14978 9827
14978 4339
14978 21
14978 103
14978 1241
14979 64
14979 2
14979 786
14979 7093
14979 1805
14980 1632
14980 6241
14980 5331
14980 435
14980 638
14981 0
14981 1
14981 2578
14981 12
14981 140
14983 752
14983 1127
14983 2606
14983 5982
14983 175
14984 3633
14984 361
14984 10813
14984 14
14984 958
14985 2133
14985 279
14985 2248
14985 360
14985 1997
14986 8
14986 89
14986 282
14986 12
14986 670
14987 0
14987 881
14987 11235
14987 2117
14987 8
14988 0
14988 794
14988 1308
14988 8429
14988 31
14989 10464
14989 3
14989 181
14989 4346
14989 175
14990 0
14990 3
14990 13909
14990 570
14990 4478
14991 0
14991 1
14991 1523
14991 7718
14991 1483
14993 576
14993 2
14993 6692
14993 5412
14993 10309
14994 400
14994 3
14994 4
14994 103
14994 11502
14995 32
14995 305
14995 2
14995 4389
14995 2317
14996 1
14996 3
14996 13158
14996 9
14996 874
14997 0
14997 480
14997 1
14997 5094
14997 2923
14998 10512
14998 193
14998 2
14998 6
14998 2044
14999 16
14999 148
14999 8279
14999 31
14999 287
