8000 30400
0 1
0 2
0 3
0 4
1 0
1 2
1 3
1 4
2 0
2 1
2 3
2 4
3 0
3 1
3 2
3 4
4 0
4 1
4 2
4 3
6 1
6 2
6 3
6 4
7 0
7 3
7 4
7 6
8 0
8 1
8 2
8 3
9 0
9 1
9 3
9 4
10 2
10 3
10 5
10 8
11 0
11 1
11 3
11 5
13 2
13 3
13 4
13 10
14 1
14 2
14 3
14 4
15 0
15 3
15 4
15 13
16 0
16 2
16 7
16 14
17 0
17 2
17 3
17 4
18 2
18 3
18 4
18 6
20 1
20 3
20 4
20 14
21 1
21 2
21 6
21 14
22 1
22 4
22 7
22 14
24 1
24 2
24 3
24 5
25 2
25 3
25 6
25 15
26 3
26 22
26 6
26 10
27 2
27 3
27 5
27 8
28 3
28 5
28 6
28 14
29 0
29 1
29 2
29 10
30 1
30 3
30 6
30 8
32 0
32 1
32 2
32 3
33 2
33 6
33 27
33 14
34 1
34 5
34 7
34 28
35 1
35 18
35 2
35 4
36 3
36 4
36 22
36 6
37 0
37 1
37 2
37 4
38 32
38 0
38 27
38 14
39 0
39 1
39 6
39 10
40 1
40 18
40 3
40 14
41 34
41 5
41 6
41 14
42 2
42 3
42 6
42 28
44 2
44 3
44 5
44 7
45 16
45 2
45 41
45 10
46 1
46 19
46 5
46 28
47 1
47 34
47 4
47 5
48 2
48 3
48 35
48 19
49 2
49 4
49 10
49 12
50 0
50 2
50 26
50 15
51 3
51 4
51 9
51 14
52 0
52 23
52 12
52 30
53 37
53 22
53 9
53 10
54 1
54 2
54 5
54 12
55 1
55 2
55 3
55 19
56 2
56 3
56 5
56 6
57 2
57 4
57 22
57 42
58 1
58 3
58 10
58 12
59 34
59 3
59 5
59 12
60 1
60 4
60 6
60 15
61 2
61 3
61 27
61 43
62 1
62 3
62 5
62 26
63 19
63 5
63 6
63 12
64 32
64 3
64 4
64 55
65 2
65 34
65 7
65 12
66 1
66 21
66 37
66 12
67 1
67 2
67 3
67 61
68 17
68 2
68 5
68 28
69 2
69 34
69 6
69 10
70 0
70 3
70 4
70 44
71 33
71 2
71 5
71 27
72 37
72 5
72 9
72 13
74 1
74 18
74 2
74 62
75 0
75 2
75 3
75 4
76 0
76 1
76 54
76 15
77 1
77 18
77 3
77 5
78 0
78 1
78 37
78 5
79 0
79 1
79 4
79 46
81 1
81 2
81 59
81 43
82 2
82 50
82 3
82 13
83 0
83 49
83 3
83 14
84 0
84 1
84 3
84 51
85 32
85 1
85 28
85 14
86 2
86 3
86 10
86 15
87 4
87 5
87 73
87 10
88 0
88 5
88 14
88 30
89 0
89 1
89 4
89 45
90 2
90 3
90 4
90 6
91 3
91 10
91 60
91 15
92 32
92 34
92 38
92 23
93 1
93 19
93 3
93 14
94 81
94 18
94 3
94 6
95 0
95 18
95 27
95 94
96 2
96 88
96 10
96 30
97 82
97 34
97 3
97 4
98 0
98 49
98 10
98 12
99 0
99 35
99 3
99 23
100 0
100 2
100 3
100 28
101 2
101 18
101 5
101 6
102 0
102 2
102 3
102 4
103 49
103 3
103 4
103 5
104 6
104 7
104 57
104 14
105 32
105 1
105 49
105 7
106 81
106 3
106 5
106 54
107 3
107 4
107 62
107 14
109 3
109 4
109 5
109 14
110 0
110 5
110 22
110 10
111 80
111 2
111 5
111 15
112 0
112 10
112 90
112 28
113 32
113 1
113 2
113 4
114 1
114 6
114 23
114 94
115 0
115 3
115 5
115 14
116 0
116 2
116 67
116 5
117 18
117 85
117 42
117 46
118 0
118 49
118 1
118 3
119 1
119 2
119 35
119 83
120 1
120 3
120 4
120 5
121 2
121 3
121 5
121 15
123 2
123 18
123 35
123 3
124 1
124 34
124 3
124 94
125 1
125 2
125 5
125 7
126 0
126 4
126 25
126 12
127 1
127 3
127 6
127 14
128 2
128 3
128 22
128 46
129 1
129 5
129 40
129 61
130 34
130 6
130 24
130 12
131 3
131 4
131 21
131 53
132 10
132 92
132 12
132 62
133 5
133 6
133 106
133 12
134 0
134 22
134 7
134 14
135 112
135 1
135 2
135 75
136 32
136 2
136 22
136 14
137 1
137 2
137 3
137 30
138 35
138 19
138 62
138 47
139 2
139 59
139 12
139 47
140 1
140 17
140 2
140 3
141 1
141 4
141 5
141 22
142 1
142 81
142 3
142 111
143 1
143 4
143 135
143 12
144 49
144 2
144 9
144 28
145 3
145 19
145 135
145 14
146 0
146 2
146 3
146 121
147 2
147 4
147 5
147 41
148 1
148 2
148 99
148 4
149 32
149 2
149 35
149 3
150 18
150 5
150 102
150 77
151 1
151 5
151 87
151 75
152 18
152 3
152 83
152 122
153 1
153 2
153 19
153 62
154 1
154 82
154 3
154 87
155 0
155 1
155 18
155 8
156 2
156 3
156 5
156 12
157 0
157 18
157 134
157 12
158 0
158 2
158 90
158 157
159 3
159 116
159 69
159 119
160 1
160 10
160 14
160 15
161 0
161 3
161 85
161 5
162 2
162 6
162 135
162 122
163 2
163 34
163 4
163 15
164 2
164 22
164 6
164 13
165 3
165 24
165 14
165 95
166 1
166 23
166 10
166 93
167 130
167 69
167 22
167 14
168 2
168 3
168 7
168 9
169 2
169 3
169 67
169 22
170 2
170 3
170 115
170 5
171 1
171 22
171 10
171 59
172 20
172 4
172 14
172 47
173 35
173 119
173 28
173 14
174 17
174 2
174 4
174 8
175 1
175 22
175 42
175 12
176 34
176 3
176 85
176 108
177 1
177 4
177 86
177 14
178 0
178 1
178 3
178 22
179 0
179 4
179 6
179 14
180 112
180 2
180 60
180 62
181 1
181 41
181 12
181 28
182 3
182 4
182 5
182 134
183 5
183 108
183 12
183 15
184 0
184 3
184 4
184 10
185 3
185 4
185 134
185 14
186 100
186 148
186 61
186 14
187 3
187 5
187 43
187 62
188 2
188 3
188 52
188 23
189 131
189 5
189 87
189 26
190 3
190 4
190 22
190 15
191 8
191 41
191 27
191 108
192 35
192 10
192 45
192 15
193 0
193 1
193 2
193 141
194 2
194 4
194 23
194 27
195 1
195 3
195 5
195 95
196 0
196 2
196 3
196 119
198 2
198 3
198 4
198 175
199 2
199 3
199 44
199 15
200 34
200 4
200 23
200 10
201 1
201 34
201 3
201 8
203 1
203 2
203 121
203 94
204 0
204 34
204 184
204 14
205 3
205 23
205 28
205 12
206 1
206 18
206 5
206 127
207 2
207 4
207 157
207 14
208 0
208 2
208 3
208 27
209 32
209 2
209 14
209 142
210 2
210 6
210 7
210 28
211 0
211 34
211 2
211 3
212 0
212 1
212 35
212 68
213 8
213 203
213 12
213 205
214 32
214 98
214 34
214 3
215 1
215 6
215 40
215 15
216 0
216 3
216 12
216 141
217 67
217 37
217 204
217 46
218 49
218 2
218 6
218 56
219 17
219 18
219 7
219 151
220 2
220 22
220 119
220 59
221 1
221 119
221 14
221 15
222 0
222 3
222 35
222 37
223 34
223 3
223 9
223 77
224 1
224 3
224 4
224 14
225 1
225 5
225 7
225 56
226 193
226 51
226 22
226 62
227 2
227 12
227 14
227 15
228 1
228 17
228 2
228 47
229 0
229 32
229 22
229 127
230 2
230 5
230 56
230 14
231 2
231 4
231 6
231 25
232 2
232 3
232 6
232 14
233 3
233 5
233 42
233 123
234 6
234 106
234 10
234 14
235 87
235 121
235 10
235 206
236 1
236 2
236 19
236 68
237 3
237 22
237 27
237 14
238 1
238 194
238 59
238 62
239 0
239 3
239 4
239 22
240 1
240 18
240 12
240 237
241 82
241 3
241 133
241 120
242 34
242 9
242 10
242 27
243 0
243 1
243 18
243 3
244 0
244 17
244 1
244 2
245 1
245 6
245 12
245 157
246 2
246 22
246 111
246 95
247 34
247 3
247 220
247 46
248 32
248 1
248 2
248 5
249 5
249 22
249 151
249 73
250 3
250 68
250 4
250 5
251 69
251 5
251 73
251 28
252 32
252 129
252 2
252 28
253 178
253 52
253 7
253 10
254 0
254 2
254 6
254 220
255 67
255 3
255 5
255 62
256 176
256 5
256 133
256 105
257 2
257 50
257 3
257 6
258 1
258 135
258 10
258 92
259 32
259 1
259 5
259 25
260 176
260 2
260 106
260 206
261 67
261 5
261 9
261 204
263 2
263 3
263 6
263 9
264 1
264 34
264 4
264 152
265 6
265 123
265 77
265 30
266 3
266 85
266 261
266 28
267 0
267 2
267 3
267 5
268 1
268 49
268 130
268 77
269 2
269 6
269 141
269 14
270 34
270 35
270 3
270 234
271 19
271 35
271 6
271 14
272 2
272 51
272 35
272 14
273 2
273 18
273 86
273 123
274 2
274 35
274 139
274 267
275 1
275 2
275 28
275 12
277 18
277 3
277 142
277 15
278 1
278 4
278 5
278 6
279 1
279 2
279 37
279 24
280 1
280 3
280 123
280 12
281 81
281 3
281 39
281 59
282 82
282 35
282 37
282 31
283 37
283 105
283 157
283 15
284 0
284 3
284 5
284 9
285 80
285 32
285 22
285 222
286 0
286 1
286 23
286 41
288 18
288 2
288 171
288 12
289 0
289 1
289 21
289 94
290 49
290 3
290 13
290 15
291 52
291 5
291 9
291 27
292 1
292 82
292 4
292 10
293 32
293 114
293 119
293 175
294 131
294 37
294 38
294 14
295 135
295 42
295 141
295 14
296 1
296 22
296 283
296 123
297 0
297 3
297 23
297 14
298 50
298 115
298 3
298 10
299 35
299 119
299 123
299 15
300 0
300 3
300 25
300 125
301 0
301 1
301 2
301 14
302 2
302 92
302 141
302 14
303 32
303 1
303 205
303 13
304 2
304 248
304 41
304 12
305 241
305 1
305 3
305 56
306 32
306 4
306 37
306 6
307 34
307 67
307 5
307 59
308 3
308 10
308 92
308 46
309 50
309 130
309 10
309 111
310 85
310 119
310 59
310 139
311 0
311 2
311 34
311 228
312 114
312 4
312 5
312 23
313 241
313 115
313 122
313 10
314 1
314 35
314 42
314 191
315 0
315 49
315 204
315 253
316 23
316 139
316 204
316 14
317 3
317 5
317 135
317 138
318 274
318 130
318 3
318 5
319 2
319 18
319 4
319 59
320 32
320 226
320 8
320 238
321 208
321 5
321 88
321 14
324 32
324 51
324 4
324 121
325 1
325 3
325 237
325 14
326 3
326 89
326 10
326 43
327 18
327 3
327 211
327 85
328 4
328 59
328 14
328 15
330 0
330 2
330 18
330 123
331 0
331 2
331 35
331 105
332 176
332 0
332 6
332 42
333 0
333 49
333 2
333 261
334 4
334 6
334 89
334 121
335 3
335 4
335 5
335 249
336 1
336 3
336 152
336 12
337 16
337 1
337 134
337 23
338 18
338 312
338 333
338 14
339 17
339 2
339 4
339 8
340 2
340 180
340 134
340 271
341 6
341 134
341 121
341 12
342 3
342 53
342 27
342 204
343 2
343 4
343 9
343 191
345 3
345 5
345 23
345 122
346 2
346 4
346 37
346 10
347 2
347 149
347 12
347 60
348 17
348 98
348 251
348 61
350 1
350 2
350 51
350 142
351 83
351 3
351 278
351 27
352 134
352 86
352 119
352 9
353 80
353 1
353 3
353 271
354 0
354 1
354 115
354 151
355 1
355 5
355 237
355 15
356 65
356 19
356 155
356 12
357 1
357 37
357 22
357 141
358 18
358 22
358 7
358 14
359 35
359 19
359 21
359 88
360 320
360 1
360 51
360 12
361 0
361 176
361 2
361 3
362 176
362 51
362 246
362 171
363 5
363 23
363 121
363 57
364 2
364 114
364 4
364 119
365 17
365 5
365 267
365 14
366 18
366 323
366 5
366 6
367 208
367 3
367 195
367 27
368 5
368 134
368 88
368 170
369 1
369 98
369 165
369 102
370 18
370 4
370 238
370 79
371 49
371 22
371 42
371 253
373 1
373 4
373 37
373 5
374 2
374 3
374 43
374 175
375 0
375 208
375 2
375 34
376 2
376 163
376 119
376 77
378 2
378 4
378 22
378 58
379 32
379 4
379 5
379 14
380 257
380 22
380 134
380 14
381 34
381 39
381 13
381 15
382 51
382 35
382 6
382 15
383 17
383 49
383 163
383 121
384 4
384 5
384 10
384 62
385 4
385 328
385 187
385 59
386 34
386 228
386 53
386 15
387 0
387 2
387 23
387 142
388 0
388 3
388 5
388 329
389 1
389 337
389 3
389 122
390 0
390 3
390 180
390 6
391 1
391 34
391 3
391 51
392 150
392 23
392 73
392 14
393 2
393 5
393 22
393 327
394 84
394 22
394 14
394 31
395 1
395 68
395 4
395 23
396 0
396 2
396 38
396 14
397 32
397 3
397 134
397 46
398 2
398 83
398 10
398 335
399 80
399 2
399 3
399 38
400 2
400 41
400 28
400 46
401 48
401 1
401 135
401 15
402 1
402 342
402 23
402 122
403 128
403 27
403 75
403 12
404 49
404 136
404 10
404 298
405 22
405 126
405 14
405 142
406 0
406 1
406 34
406 12
407 1
407 116
407 22
407 106
408 0
408 19
408 267
408 14
409 51
409 5
409 22
409 301
410 2
410 186
410 45
410 254
411 193
411 135
411 77
411 14
412 1
412 3
412 27
412 30
413 5
413 53
413 111
413 191
414 98
414 3
414 51
414 4
415 4
415 23
415 28
415 15
416 0
416 2
416 3
416 148
417 0
417 256
417 3
417 69
418 2
418 4
418 28
418 29
420 2
420 3
420 35
420 9
421 2
421 134
421 38
421 135
422 257
422 2
422 67
422 313
423 32
423 0
423 2
423 3
424 4
424 228
424 22
424 237
425 0
425 2
425 313
425 14
426 0
426 1
426 51
426 222
427 193
427 3
427 37
427 23
428 32
428 46
428 175
428 255
429 256
429 2
429 3
429 5
430 1
430 163
430 19
430 90
431 3
431 4
431 5
431 395
432 35
432 4
432 5
432 8
433 0
433 17
433 27
433 13
434 0
434 3
434 19
434 53
435 2
435 5
435 59
435 238
436 3
436 373
436 22
436 204
438 4
438 53
438 237
438 14
439 0
439 34
439 3
439 4
440 0
440 2
440 4
440 14
441 2
441 18
441 372
441 121
442 32
442 2
442 12
442 62
443 0
443 1
443 88
443 93
444 278
444 25
444 12
444 255
445 2
445 245
445 134
445 14
446 418
446 5
446 204
446 255
447 5
447 278
447 185
447 15
448 0
448 115
448 57
448 157
449 32
449 3
449 4
449 88
451 2
451 3
451 185
451 121
452 0
452 119
452 14
452 15
453 161
453 14
453 15
453 31
454 352
454 33
454 259
454 4
455 115
455 166
455 121
455 15
456 1
456 120
456 121
456 62
457 34
457 116
457 21
457 59
458 2
458 3
458 388
458 93
459 0
459 2
459 38
459 61
461 67
461 22
461 23
461 447
462 112
462 3
462 41
462 15
463 34
463 5
463 10
463 15
465 2
465 51
465 3
465 119
466 258
466 3
466 23
466 138
467 0
467 132
467 436
467 299
468 51
468 21
468 60
468 13
469 2
469 34
469 4
469 119
470 0
470 146
470 3
470 14
471 162
471 146
471 19
471 4
472 32
472 2
472 4
472 205
473 5
473 106
473 123
473 14
474 1
474 18
474 15
474 207
475 176
475 1
475 35
475 5
476 3
476 51
476 4
476 109
477 1
477 119
477 152
477 120
478 176
478 1
478 105
478 191
479 337
479 3
479 5
479 42
480 3
480 108
480 109
480 14
481 401
481 2
481 152
481 472
482 0
482 291
482 5
482 136
483 18
483 284
483 14
483 142
484 50
484 2
484 3
484 24
485 2
485 4
485 38
485 136
486 18
486 22
486 23
486 24
487 119
487 7
487 11
487 430
488 3
488 166
488 27
488 478
489 64
489 1
489 2
489 195
490 2
490 53
490 341
490 61
491 5
491 106
491 59
491 12
492 2
492 27
492 14
492 191
493 17
493 2
493 3
493 187
494 18
494 35
494 22
494 23
495 0
495 292
495 10
495 237
496 176
496 22
496 25
496 60
497 6
497 249
497 157
497 62
498 18
498 5
498 122
498 14
499 2
499 3
499 134
499 12
500 129
500 34
500 67
500 266
501 3
501 4
501 100
501 184
502 3
502 37
502 204
502 462
503 4
503 5
503 6
503 41
504 87
504 360
504 12
504 189
505 163
505 150
505 39
505 10
506 448
506 3
506 115
506 196
507 1
507 5
507 23
507 15
508 33
508 3
508 75
508 175
509 32
509 132
509 5
509 202
510 1
510 3
510 503
510 10
511 3
511 135
511 75
511 381
513 33
513 106
513 206
513 62
514 0
514 2
514 55
514 108
515 258
515 22
515 23
515 47
516 1
516 3
516 126
516 79
517 3
517 27
517 125
517 30
518 4
518 100
518 5
518 470
519 128
519 4
519 6
519 504
520 0
520 49
520 2
520 4
521 23
521 10
521 123
521 204
522 161
522 181
522 23
522 510
523 176
523 132
523 54
523 142
524 2
524 3
524 6
524 10
525 451
525 278
525 87
525 43
526 2
526 23
526 360
526 60
527 2
527 5
527 24
527 463
528 1
528 97
528 2
528 228
529 1
529 4
529 10
529 94
530 2
530 313
530 12
530 15
531 0
531 293
531 152
531 253
532 18
532 354
532 3
532 406
533 329
533 237
533 47
533 15
534 2
534 4
534 41
534 14
535 208
535 4
535 5
535 157
536 2
536 3
536 46
536 15
537 291
537 215
537 59
537 204
538 112
538 100
538 313
538 44
539 2
539 3
539 4
539 8
540 258
540 6
540 440
540 457
541 162
541 357
541 22
541 62
542 2
542 35
542 234
542 191
543 449
543 5
543 22
543 44
544 0
544 119
544 313
544 14
545 32
545 227
545 3
545 269
546 49
546 1
546 34
546 460
547 1
547 2
547 68
547 279
548 32
548 85
548 12
548 14
549 112
549 4
549 68
549 189
550 1
550 3
550 136
550 127
551 305
551 2
551 3
551 10
553 49
553 210
553 37
553 95
555 51
555 535
555 43
555 15
556 0
556 144
556 19
556 132
557 371
557 5
557 14
557 175
558 51
558 534
558 204
558 28
559 1
559 2
559 4
559 7
560 1
560 49
560 498
560 5
561 3
561 251
561 204
561 47
562 0
562 128
562 401
562 430
563 4
563 10
563 11
563 12
564 0
564 2
564 53
564 10
565 1
565 261
565 6
565 10
566 1
566 4
566 138
566 301
567 34
567 82
567 3
567 14
568 2
568 4
568 21
568 14
569 32
569 2
569 23
569 11
570 0
570 18
570 34
570 10
571 5
571 309
571 28
571 12
572 16
572 130
572 121
572 26
573 2
573 293
573 152
573 14
574 385
574 2
574 135
574 350
575 3
575 4
575 7
575 14
576 2
576 3
576 123
576 14
577 372
577 10
577 268
577 13
579 48
579 0
579 210
579 28
580 2
580 35
580 331
580 12
581 1
581 323
581 9
581 463
582 128
582 51
582 68
582 309
583 2
583 27
583 237
583 14
584 3
584 85
584 5
584 142
585 3
585 10
585 14
585 447
586 1
586 258
586 2
586 3
587 1
587 3
587 247
587 475
588 0
588 3
588 135
588 175
589 18
589 35
589 227
589 4
590 3
590 83
590 22
590 15
591 1
591 4
591 140
591 319
592 97
592 310
592 12
592 191
593 337
593 3
593 22
593 27
594 1
594 2
594 499
594 185
595 5
595 10
595 75
595 157
596 49
596 3
596 4
596 13
598 2
598 3
598 4
598 171
599 162
599 2
599 82
599 5
600 0
600 67
600 4
600 474
601 0
601 1
601 4
601 277
602 2
602 452
602 22
602 12
603 0
603 1
603 5
603 22
604 1
604 5
604 10
604 507
605 117
605 6
605 15
605 191
606 0
606 161
606 18
606 134
607 208
607 2
607 134
607 14
608 1
608 3
608 4
608 57
609 128
609 54
609 278
609 185
610 0
610 305
610 35
610 325
611 34
611 450
611 11
611 31
612 49
612 3
612 37
612 86
613 34
613 3
613 7
613 12
614 1
614 9
614 204
614 14
615 5
615 475
615 46
615 62
616 0
616 34
616 27
616 15
617 146
617 275
617 10
617 493
618 34
618 3
618 6
618 283
619 2
619 3
619 22
619 24
620 1
620 538
620 204
620 12
621 584
621 10
621 12
621 479
622 2
622 211
622 4
622 88
623 165
623 203
623 188
623 62
624 4
624 6
624 41
624 315
625 0
625 489
625 27
625 14
627 2
627 4
627 251
627 94
628 2
628 3
628 204
628 14
629 4
629 599
629 152
629 15
630 5
630 330
630 45
630 46
631 34
631 56
631 9
631 15
632 2
632 6
632 43
632 204
633 1
633 18
633 100
633 6
634 4
634 533
634 69
634 25
635 0
635 152
635 73
635 77
636 2
636 194
636 4
636 62
637 3
637 6
637 23
637 105
638 2
638 4
638 42
638 14
639 112
639 85
639 46
639 382
640 5
640 442
640 28
640 78
641 0
641 134
641 8
641 14
642 3
642 5
642 121
642 27
643 1
643 161
643 4
643 582
644 2
644 342
644 59
644 431
645 2
645 8
645 10
645 239
646 1
646 147
646 5
646 61
647 336
647 32
647 369
647 14
649 580
649 22
649 7
649 248
650 119
650 8
650 29
650 527
651 0
651 161
651 123
651 14
652 128
652 2
652 4
652 22
653 436
653 69
653 134
653 10
654 49
654 2
654 135
654 109
655 441
655 62
655 142
655 447
656 33
656 337
656 5
656 14
657 2
657 100
657 613
657 6
658 17
658 184
658 175
658 239
659 83
659 22
659 62
659 14
660 18
660 213
660 149
660 238
661 2
661 35
661 37
661 313
662 96
662 1
662 2
662 3
663 130
663 22
663 23
663 399
664 4
664 133
664 152
664 190
665 18
665 3
665 534
665 111
666 0
666 218
666 202
666 223
667 112
667 67
667 3
667 14
668 400
668 5
668 22
668 28
669 112
669 448
669 3
669 253
670 2
670 52
670 5
670 253
671 481
671 86
671 218
671 44
672 208
672 3
672 22
672 47
673 32
673 669
673 30
673 270
674 501
674 5
674 38
674 31
675 0
675 426
675 191
675 431
676 1
676 359
676 10
676 14
677 0
677 2
677 28
677 15
678 41
678 27
678 653
678 333
679 534
679 22
679 12
679 14
680 32
680 3
680 5
680 238
681 0
681 1
681 3
681 19
682 6
682 56
682 456
682 46
683 0
683 65
683 2
683 35
684 2
684 34
684 54
684 59
685 2
685 3
685 248
685 10
687 130
687 2
687 6
687 26
688 160
688 51
688 3
688 119
689 208
689 2
689 25
689 90
690 3
690 627
690 86
690 12
691 32
691 4
691 102
691 90
692 0
692 3
692 35
692 15
693 449
693 85
693 267
693 79
695 499
695 244
695 152
695 127
696 65
696 2
696 660
696 204
697 34
697 4
697 5
697 9
698 416
698 2
698 426
698 206
699 1
699 2
699 4
699 14
701 1
701 258
701 85
701 489
702 0
702 2
702 6
702 41
703 3
703 4
703 121
703 14
704 1
704 545
704 6
704 10
705 161
705 254
705 351
705 255
706 23
706 648
706 26
706 77
707 321
707 35
707 6
707 23
708 3
708 4
708 244
708 171
709 3
709 404
709 21
709 249
710 401
710 3
710 23
710 14
711 274
711 342
711 26
711 174
712 51
712 28
712 14
712 175
713 422
713 134
713 22
713 15
714 0
714 112
714 134
714 447
715 7
715 263
715 237
715 62
716 34
716 2
716 3
716 94
717 0
717 50
717 2
717 171
718 0
718 121
718 12
718 15
719 3
719 6
719 204
719 637
720 2
720 3
720 158
720 46
721 5
721 121
721 10
721 27
722 720
722 53
722 42
722 174
723 321
723 3
723 231
723 10
724 341
724 85
724 252
724 173
725 54
725 585
725 187
725 62
726 1
726 450
726 135
726 248
727 193
727 5
727 6
727 598
728 528
728 0
728 4
728 53
730 18
730 149
730 105
730 14
731 5
731 57
731 539
731 447
732 3
732 629
732 197
732 554
733 1
733 289
733 163
733 28
734 80
734 5
734 268
734 14
735 263
735 90
735 43
735 108
736 49
736 3
736 5
736 312
737 0
737 3
737 11
737 427
738 5
738 406
738 120
738 191
739 2
739 162
739 5
739 12
740 2
740 67
740 121
740 15
741 337
741 2
741 18
741 15
742 193
742 1
742 373
742 422
743 738
743 3
743 5
743 553
744 67
744 3
744 5
744 296
745 81
745 2
745 4
745 5
746 4
746 133
746 102
746 15
747 609
747 2
747 82
747 152
748 400
748 35
748 152
748 94
749 0
749 49
749 97
749 120
750 195
750 3
750 121
750 14
751 17
751 6
751 10
751 95
752 96
752 3
752 5
752 133
753 3
753 5
753 41
753 348
754 2
754 51
754 4
754 539
755 160
755 2
755 3
755 205
756 49
756 67
756 3
756 22
757 0
757 22
757 27
757 126
758 3
758 148
758 56
758 123
759 2
759 21
759 133
759 26
760 1
760 23
760 15
760 79
761 2
761 3
761 38
761 364
762 32
762 131
762 5
762 87
763 176
763 0
763 400
763 5
764 464
764 160
764 18
764 251
766 3
766 4
766 22
766 110
767 258
767 85
767 521
767 14
768 0
768 18
768 19
768 362
769 1
769 4
769 54
769 26
770 51
770 645
770 6
770 22
771 323
771 3
771 10
771 301
772 257
772 2
772 3
772 23
773 16
773 6
773 646
773 630
775 1
775 3
775 148
775 105
777 49
777 68
777 28
777 12
778 119
778 7
778 12
778 719
779 34
779 7
779 119
779 175
780 1
780 2
780 4
780 14
781 8
781 186
781 12
781 15
782 722
782 754
782 3
782 102
783 5
783 23
783 10
783 14
784 3
784 725
784 471
784 8
785 0
785 416
785 23
785 12
786 1
786 593
786 35
786 5
787 18
787 2
787 296
787 10
788 3
788 119
788 174
788 14
789 67
789 217
789 106
789 122
790 2
790 35
790 314
790 62
791 128
791 755
791 6
791 14
792 369
792 28
792 30
792 14
793 208
793 49
793 3
793 12
794 1
794 17
794 5
794 14
795 3
795 324
795 234
795 59
796 3
796 105
796 10
796 12
797 17
797 35
797 6
797 14
798 0
798 1
798 3
798 5
799 2
799 4
799 11
799 141
800 1
800 100
800 142
800 174
801 208
801 3
801 116
801 119
802 2
802 51
802 3
802 567
803 257
803 3
803 51
803 441
804 128
804 1
804 2
804 35
805 3
805 171
805 12
805 527
806 0
806 323
806 444
806 431
807 1
807 151
807 535
807 28
808 515
808 422
808 23
808 586
809 2
809 330
809 187
809 91
810 563
810 41
810 682
810 15
811 691
811 10
811 28
811 14
812 40
812 88
812 237
812 733
813 2
813 530
813 10
813 126
814 2
814 3
814 37
814 301
815 69
815 12
815 13
815 30
816 32
816 1
816 5
816 119
817 0
817 18
817 6
817 14
818 1
818 7
818 78
818 511
819 2
819 115
819 90
819 15
821 2
821 660
821 6
821 22
823 1
823 34
823 88
823 12
824 6
824 41
824 12
824 15
825 51
825 549
825 25
825 366
826 2
826 51
826 28
826 62
827 305
827 485
827 15
827 447
828 115
828 499
828 3
828 100
829 3
829 166
829 728
829 90
830 754
830 2
830 441
830 41
831 98
831 2
831 51
831 14
832 464
832 2
832 776
832 298
833 0
833 1
833 2
833 5
834 0
834 2
834 5
834 90
835 304
835 136
835 108
835 14
837 1
837 34
837 4
837 701
838 2
838 163
838 204
838 93
839 816
839 98
839 296
839 123
840 2
840 87
840 90
840 686
841 4
841 230
841 313
841 283
842 96
842 1
842 260
842 649
845 32
845 1
845 722
845 553
846 3
846 22
846 41
846 14
847 1
847 4
847 10
847 171
848 2
848 51
848 535
848 92
849 7
849 426
849 284
849 220
850 18
850 2
850 810
850 10
851 400
851 96
851 3
851 755
852 1
852 4
852 22
852 139
853 34
853 5
853 105
853 191
854 69
854 152
854 521
854 14
855 115
855 9
855 284
855 12
856 0
856 3
856 155
856 13
857 2
857 4
857 254
857 207
858 1
858 35
858 821
858 427
859 1
859 37
859 134
859 14
860 0
860 3
860 204
860 14
861 2
861 4
861 436
861 27
862 241
862 5
862 519
862 843
863 3
863 293
863 28
863 47
864 128
864 825
864 46
864 127
865 1
865 65
865 310
865 204
866 18
866 3
866 28
866 462
867 208
867 163
867 5
867 22
868 1
868 2
868 258
868 121
869 0
869 51
869 4
869 425
870 2
870 3
870 675
870 6
871 18
871 3
871 254
871 47
872 34
872 2
872 38
872 135
873 4
873 6
873 13
873 14
874 1
874 697
874 511
874 447
875 358
875 134
875 694
875 174
876 1
876 691
876 22
876 15
877 259
877 6
877 646
877 748
878 2
878 5
878 855
878 376
879 1
879 4
879 77
879 94
880 680
880 43
880 845
880 78
881 128
881 193
881 27
881 12
882 1
882 2
882 87
882 123
883 51
883 69
883 23
883 237
884 389
884 22
884 7
884 14
886 4
886 5
886 9
886 44
887 691
887 510
887 111
887 351
888 352
888 0
888 524
888 237
889 257
889 162
889 163
889 108
890 176
890 3
890 6
890 90
891 1
891 3
891 115
891 15
892 0
892 433
892 134
892 28
893 128
893 119
893 10
893 187
894 0
894 34
894 6
894 8
895 80
895 2
895 6
895 8
896 3
896 5
896 342
896 184
897 3
897 580
897 73
897 14
898 305
898 35
898 67
898 14
899 2
899 22
899 859
899 14
900 128
900 5
900 13
900 14
901 881
901 2
901 3
901 59
902 82
902 35
902 5
902 14
903 323
903 725
903 73
903 653
904 22
904 6
904 134
904 62
905 0
905 1
905 357
905 141
906 9
906 844
906 108
906 254
907 163
907 84
907 22
907 136
908 176
908 1
908 611
908 838
909 354
909 821
909 296
909 14
910 22
910 648
910 171
910 15
911 754
911 3
911 35
911 191
912 2
912 489
912 14
912 62
913 464
913 449
913 3
913 231
914 1
914 19
914 3
914 95
916 640
916 258
916 6
916 342
917 34
917 3
917 9
917 73
918 2
918 4
918 87
918 667
919 0
919 3
919 155
919 28
920 1
920 2
920 4
920 613
921 33
921 306
921 6
921 22
922 130
922 4
922 5
922 299
923 1
923 323
923 4
923 87
924 176
924 308
924 357
924 41
925 803
925 99
925 248
925 12
926 4
926 22
926 23
926 697
927 0
927 6
927 75
927 13
928 2
928 35
928 660
928 37
929 134
929 119
929 220
929 462
930 0
930 321
930 193
930 62
931 5
931 6
931 825
931 15
932 0
932 1
932 18
932 4
933 0
933 837
933 23
933 14
934 1
934 50
934 659
934 62
935 530
935 3
935 4
935 5
936 1
936 418
936 219
936 123
937 3
937 5
937 22
937 7
938 18
938 357
938 6
938 863
939 208
939 2
939 85
939 553
940 54
940 135
940 12
940 925
941 3
941 23
941 489
941 223
942 2
942 4
942 6
942 28
943 4
943 24
943 9
943 10
944 1
944 4
944 472
944 223
945 1
945 274
945 2
945 15
946 49
946 2
946 266
946 14
947 2
947 38
947 679
947 12
948 18
948 22
948 633
948 237
949 130
949 5
949 248
949 191
950 195
950 4
950 136
950 941
951 2
951 266
951 10
951 427
952 822
952 139
952 317
952 175
953 2
953 6
953 56
953 27
954 2
954 3
954 4
954 663
955 1
955 2
955 936
955 62
956 1
956 5
956 7
956 14
957 336
957 41
957 185
957 79
958 208
958 401
958 134
958 7
959 528
959 180
959 472
959 204
960 208
960 2
960 92
960 46
961 51
961 69
961 6
961 950
962 2
962 100
962 838
962 15
963 261
963 135
963 727
963 12
964 1
964 2
964 548
964 5
965 225
965 274
965 18
965 4
966 195
966 5
966 204
966 237
967 647
967 10
967 42
967 622
968 2
968 931
968 195
968 255
969 0
969 32
969 6
969 22
970 2
970 23
970 14
970 15
971 528
971 873
971 28
971 46
972 3
972 37
972 59
972 427
973 337
973 23
973 12
973 350
974 3
974 5
974 254
974 47
975 516
975 134
975 94
975 14
976 2
976 89
976 250
976 157
977 1
977 3
977 69
977 5
978 241
978 450
978 3
978 822
979 3
979 844
979 12
979 62
980 3
980 23
980 42
980 362
981 3
981 515
981 59
981 540
982 866
982 547
982 19
982 9
984 790
984 956
984 30
984 47
985 51
985 5
985 231
985 14
986 1
986 659
986 6
986 406
987 128
987 950
987 28
987 127
988 0
988 2
988 3
988 248
989 272
989 59
989 62
989 559
990 0
990 436
990 12
990 301
991 1
991 3
991 5
991 269
992 160
992 2
992 3
992 270
993 3
993 22
993 10
993 122
994 0
994 69
994 310
994 938
995 2
995 8
995 10
995 413
996 1
996 18
996 3
996 85
997 51
997 4
997 308
997 599
998 802
998 68
998 966
998 710
999 41
999 171
999 12
999 188
1000 1
1000 900
1000 121
1000 92
1001 35
1001 291
1001 9
1001 26
1002 193
1002 225
1002 2
1002 14
1003 208
1003 4
1003 119
1003 829
1004 1
1004 764
1004 30
1004 62
1005 296
1005 26
1005 191
1005 863
1006 3
1006 309
1006 37
1006 9
1007 34
1007 162
1007 35
1007 90
1008 19
1008 22
1008 27
1008 14
1009 17
1009 2
1009 3
1009 10
1010 2
1010 4
1010 41
1010 93
1011 2
1011 3
1011 4
1011 119
1012 1
1012 17
1012 2
1012 14
1013 0
1013 85
1013 6
1013 12
1014 0
1014 34
1014 3
1014 109
1016 32
1016 978
1016 650
1016 669
1017 32
1017 2
1017 51
1017 616
1018 49
1018 5
1018 909
1018 14
1019 1
1019 3
1019 5
1019 31
1020 1
1020 193
1020 134
1020 422
1021 0
1021 1
1021 9
1021 14
1022 83
1022 393
1022 12
1022 94
1023 200
1023 238
1023 798
1023 15
1024 818
1024 1011
1024 9
1024 41
1025 0
1025 32
1025 374
1025 22
1026 2
1026 146
1026 6
1026 238
1027 242
1027 194
1027 4
1027 10
1028 560
1028 160
1028 961
1028 2
1029 3
1029 23
1029 121
1029 335
1030 17
1030 1
1030 2
1030 28
1031 1
1031 3
1031 12
1031 61
1032 0
1032 2
1032 962
1032 53
1033 0
1033 18
1033 427
1033 14
1034 418
1034 4
1034 77
1034 15
1035 2
1035 4
1035 166
1035 475
1036 1
1036 258
1036 3
1036 22
1037 1
1037 2
1037 195
1037 380
1038 33
1038 18
1038 2
1038 157
1039 241
1039 3
1039 420
1039 8
1040 274
1040 778
1040 28
1040 540
1041 4
1041 53
1041 5
1041 22
1042 18
1042 28
1042 77
1042 621
1043 1
1043 2
1043 3
1043 9
1044 193
1044 5
1044 985
1044 28
1045 816
1045 19
1045 936
1045 206
1046 87
1046 41
1046 138
1046 298
1047 18
1047 261
1047 809
1047 204
1048 672
1048 0
1048 4
1048 57
1049 0
1049 823
1049 251
1049 28
1050 163
1050 6
1050 22
1050 12
1051 593
1051 513
1051 210
1051 134
1052 2
1052 747
1052 14
1052 111
1053 2
1053 3
1053 25
1053 14
1054 3
1054 599
1054 23
1054 93
1055 454
1055 152
1055 92
1055 750
1056 0
1056 420
1056 837
1056 220
1057 2
1057 163
1057 38
1057 140
1058 1
1058 5
1058 59
1058 204
1059 3
1059 35
1059 6
1059 397
1060 1
1060 230
1060 23
1060 125
1061 499
1061 197
1061 86
1061 139
1062 1
1062 407
1062 231
1062 10
1063 3
1063 234
1063 586
1063 255
1064 336
1064 3
1064 122
1064 427
1065 995
1065 3
1065 91
1065 14
1066 544
1066 3
1066 4
1066 135
1067 753
1067 3
1067 6
1067 543
1068 609
1068 18
1068 35
1068 248
1069 324
1069 980
1069 43
1069 47
1070 4
1070 84
1070 23
1070 718
1071 2
1071 5
1071 10
1071 28
1072 0
1072 837
1072 829
1072 14
1073 3
1073 135
1073 10
1073 780
1074 97
1074 2
1074 515
1074 191
1075 32
1075 49
1075 471
1075 14
1076 64
1076 3
1076 6
1076 813
1077 1
1077 2
1077 3
1077 55
1078 100
1078 645
1078 298
1078 924
1079 17
1079 837
1079 134
1079 93
1080 0
1080 85
1080 86
1080 152
1081 837
1081 7
1081 426
1081 14
1082 2
1082 1059
1082 132
1082 301
1083 32
1083 401
1083 2
1083 953
1084 1
1084 51
1084 310
1084 430
1085 176
1085 401
1085 2
1085 40
1086 450
1086 27
1086 14
1086 95
1087 148
1087 173
1087 13
1087 77
1088 2
1088 580
1088 885
1088 157
1089 49
1089 342
1089 8
1089 12
1092 837
1092 23
1092 474
1092 15
1093 7
1093 600
1093 393
1093 222
1094 17
1094 193
1094 4
1094 28
1095 67
1095 499
1095 23
1095 27
1096 273
1096 4
1096 580
1096 37
1097 51
1097 131
1097 87
1097 316
1098 146
1098 34
1098 67
1098 759
1099 0
1099 4
1099 379
1099 14
1100 82
1100 388
1100 246
1100 102
1101 1
1101 135
1101 121
1101 427
1102 418
1102 3
1102 4
1102 62
1103 2
1103 3
1103 218
1103 142
1104 2
1104 83
1104 4
1104 523
1105 1
1105 3
1105 680
1105 9
1106 2
1106 3
1106 27
1106 923
1107 17
1107 3
1107 37
1107 141
1108 2
1108 3
1108 313
1108 238
1109 3
1109 8
1109 9
1109 412
1111 450
1111 2
1111 69
1111 230
1112 2
1112 35
1112 5
1112 107
1113 7
1113 75
1113 366
1113 479
1114 2
1114 296
1114 105
1114 15
1116 0
1116 34
1116 5
1116 28
1118 3
1118 244
1118 1064
1118 14
1119 226
1119 456
1119 122
1119 12
1120 244
1120 1068
1120 268
1120 1007
1121 5
1121 986
1121 12
1121 238
1122 3
1122 764
1122 12
1122 14
1123 1
1123 3
1123 331
1123 1051
1124 1
1124 49
1124 2
1124 196
1125 6
1125 999
1125 93
1125 286
1127 19
1127 23
1127 808
1127 9
1128 244
1128 279
1128 204
1128 45
1129 1030
1129 119
1129 12
1129 270
1130 50
1130 3
1130 4
1130 10
1131 0
1131 28
1131 109
1131 447
1132 369
1132 3
1132 59
1132 14
1133 274
1133 3
1133 5
1133 11
1134 0
1134 3
1134 524
1134 15
1136 276
1136 37
1136 812
1136 14
1137 208
1137 553
1137 204
1137 14
1138 3
1138 68
1138 5
1138 42
1139 32
1139 5
1139 92
1139 14
1140 4
1140 23
1140 12
1140 28
1141 0
1141 33
1141 51
1141 3
1142 2
1142 132
1142 790
1142 220
1143 0
1143 2
1143 712
1143 238
1144 3
1144 187
1144 108
1144 237
1145 4
1145 166
1145 7
1145 185
1146 1
1146 67
1146 980
1146 878
1147 1089
1147 371
1147 28
1147 92
1148 208
1148 50
1148 67
1148 968
1149 2
1149 122
1149 539
1149 668
1150 0
1150 2
1150 38
1150 174
1152 612
1152 56
1152 90
1152 959
1153 33
1153 2
1153 403
1153 6
1154 0
1154 129
1154 837
1154 574
1155 647
1155 23
1155 56
1155 142
1156 5
1156 524
1156 829
1156 111
1157 0
1157 337
1157 82
1157 4
1158 19
1158 549
1158 90
1158 142
1159 1
1159 581
1159 22
1159 790
1160 4
1160 27
1160 509
1160 223
1161 2
1161 659
1161 85
1161 119
1162 180
1162 440
1162 14
1162 111
1163 470
1163 392
1163 10
1163 335
1164 1
1164 35
1164 3
1164 441
1165 2
1165 4
1165 41
1165 414
1166 881
1166 28
1166 557
1166 846
1167 3
1167 211
1167 350
1167 15
1168 1
1168 5
1168 538
1168 1066
1169 0
1169 900
1169 87
1169 171
1170 67
1170 1144
1170 121
1170 28
1171 2
1171 5
1171 1077
1171 348
1172 3
1172 408
1172 152
1172 10
1173 35
1173 52
1173 23
1173 28
1174 8
1174 41
1174 749
1174 447
1175 32
1175 2
1175 6
1175 10
1176 34
1176 4
1176 603
1176 12
1178 1
1178 627
1178 5
1178 14
1179 499
1179 85
1179 202
1179 379
1180 337
1180 1
1180 18
1180 45
1181 2
1181 3
1181 37
1181 62
1182 4
1182 422
1182 1111
1182 8
1183 35
1183 105
1183 57
1183 315
1184 337
1184 3
1184 22
1184 190
1185 17
1185 2
1185 116
1185 41
1186 115
1186 55
1186 12
1186 621
1187 1
1187 3
1187 633
1187 427
1188 97
1188 5
1188 825
1188 14
1189 67
1189 3
1189 51
1189 10
1190 80
1190 92
1190 830
1190 686
1191 84
1191 6
1191 343
1191 9
1192 2
1192 933
1192 14
1192 46
1193 1
1193 3
1193 4
1193 6
1194 753
1194 997
1194 1016
1194 1006
1195 3
1195 664
1195 42
1195 351
1196 81
1196 37
1196 42
1196 14
1197 32
1197 49
1197 9
1197 90
1198 2
1198 1158
1198 60
1198 94
1199 2
1199 324
1199 694
1199 10
1200 2
1200 51
1200 3
1200 6
1201 208
1201 2
1201 3
1201 359
1202 19
1202 563
1202 126
1202 14
1203 67
1203 5
1203 837
1203 584
1204 0
1204 5
1204 380
1204 847
1205 1
1205 3
1205 790
1205 8
1206 2
1206 5
1206 22
1206 138
1207 54
1207 599
1207 152
1207 171
1208 403
1208 53
1208 341
1208 14
1209 371
1209 134
1209 539
1209 13
1210 18
1210 152
1210 62
1210 46
1211 3
1211 5
1211 633
1211 14
1212 160
1212 887
1212 42
1212 14
1213 128
1213 92
1213 237
1213 14
1214 5
1214 87
1214 57
1214 878
1215 4
1215 105
1215 121
1215 12
1216 323
1216 12
1216 141
1216 14
1217 7
1217 136
1217 123
1217 108
1218 786
1218 3
1218 5
1218 43
1219 6
1219 40
1219 10
1219 14
1220 1027
1220 406
1220 27
1220 12
1221 67
1221 165
1221 186
1221 170
1222 16
1222 3
1222 100
1222 271
1223 33
1223 5
1223 1110
1223 13
1224 178
1224 406
1224 327
1224 825
1225 2
1225 42
1225 638
1225 15
1226 257
1226 3
1226 341
1226 15
1227 34
1227 3
1227 758
1227 94
1229 1
1229 226
1229 852
1229 10
1230 2
1230 3
1230 836
1230 380
1231 144
1231 1
1231 2
1231 22
1232 1
1232 2
1232 18
1232 680
1233 738
1233 2
1233 398
1233 95
1234 65
1234 754
1234 2
1234 245
1235 1046
1235 329
1235 14
1235 47
1236 1
1236 418
1236 18
1236 141
1237 34
1237 180
1237 9
1237 431
1238 673
1238 33
1238 14
1238 191
1239 1
1239 786
1239 450
1239 147
1240 2
1240 818
1240 1220
1240 119
1241 2
1241 132
1241 1159
1241 106
1242 547
1242 6
1242 10
1242 397
1243 32
1243 1
1243 35
1243 441
1244 75
1244 157
1244 46
1244 14
1245 2
1245 34
1245 829
1245 47
1246 1
1246 786
1246 613
1246 90
1247 1
1247 178
1247 18
1247 22
1248 85
1248 215
1248 540
1248 94
1249 0
1249 35
1249 10
1249 15
1250 51
1250 247
1250 234
1250 300
1251 2
1251 1123
1251 262
1251 647
1252 176
1252 129
1252 296
1252 28
1253 0
1253 35
1253 357
1253 284
1254 528
1254 4
1254 22
1254 42
1255 64
1255 640
1255 5
1255 326
1256 3
1256 185
1256 205
1256 958
1257 208
1257 2
1257 253
1257 669
1258 18
1258 723
1258 4
1258 108
1261 2
1261 3
1261 602
1261 28
1262 18
1262 3
1262 553
1262 493
1263 562
1263 323
1263 485
1263 15
1264 3
1264 10
1264 1116
1264 62
1265 1
1265 22
1265 650
1265 207
1266 2
1266 926
1266 1103
1266 895
1267 10
1267 106
1267 28
1267 668
1268 1248
1268 40
1268 312
1268 284
1269 498
1269 1074
1269 299
1269 636
1270 54
1270 56
1270 1211
1270 267
1271 836
1271 4
1271 85
1271 119
1272 448
1272 2
1272 242
1272 42
1273 2
1273 19
1273 712
1273 14
1274 3
1274 228
1274 4
1274 12
1275 3
1275 919
1275 141
1275 318
1276 2
1276 22
1276 843
1276 1260
1277 336
1277 258
1277 2
1277 300
1278 1
1278 165
1278 1081
1278 238
1279 1012
1279 393
1279 9
1279 1215
1280 18
1280 8
1280 861
1280 61
1281 129
1281 2
1281 34
1281 966
1282 256
1282 2
1282 919
1282 14
1283 160
1283 1
1283 3
1283 15
1284 100
1284 6
1284 1260
1284 479
1285 0
1285 244
1285 230
1285 9
1286 18
1286 3
1286 6
1286 7
1288 165
1288 7
1288 27
1288 430
1289 758
1289 359
1289 9
1289 223
1290 352
1290 2
1290 9
1290 127
1291 1072
1291 49
1291 5
1291 23
1292 227
1292 380
1292 493
1292 62
1293 17
1293 2
1293 5
1293 216
1294 96
1294 2
1294 42
1294 479
1295 2
1295 3
1295 380
1295 14
1296 0
1296 274
1296 1269
1296 6
1297 198
1297 647
1297 123
1297 62
1298 0
1298 2
1298 4
1298 24
1299 481
1299 2
1299 450
1299 10
1300 19
1300 67
1300 119
1300 121
1301 32
1301 67
1301 19
1301 341
1302 5
1302 472
1302 27
1302 255
1304 1
1304 545
1304 3
1304 740
1305 161
1305 148
1305 8
1305 15
1306 38
1306 22
1306 507
1306 462
1307 1059
1307 263
1307 919
1307 109
1308 336
1308 3
1308 85
1308 108
1309 258
1309 3
1309 4
1309 121
1310 1142
1310 9
1310 10
1310 362
1311 73
1311 907
1311 12
1311 767
1313 162
1313 3
1313 5
1313 680
1314 80
1314 3
1314 5
1314 342
1315 739
1315 836
1315 119
1315 93
1316 49
1316 2
1316 5
1316 553
1317 18
1317 834
1317 120
1317 62
1318 5
1318 150
1318 122
1318 717
1319 3
1319 5
1319 7
1319 329
1320 0
1320 1
1320 194
1320 658
1321 3
1321 5
1321 22
1321 26
1322 405
1322 406
1322 92
1322 574
1323 192
1323 802
1323 53
1323 1274
1324 258
1324 2
1324 7
1324 46
1325 39
1325 10
1325 237
1325 46
1326 226
1326 3
1326 182
1326 15
1327 0
1327 2
1327 1141
1327 15
1328 6
1328 7
1328 9
1328 255
1329 2
1329 3
1329 152
1329 1098
1330 1124
1330 278
1330 1096
1330 14
1331 1030
1331 1047
1331 9
1331 30
1332 485
1332 134
1332 135
1332 59
1333 0
1333 2
1333 996
1333 171
1334 0
1334 136
1334 14
1334 447
1335 3
1335 67
1335 83
1335 59
1336 34
1336 403
1336 213
1336 218
1337 1
1337 6
1337 647
1337 15
1338 0
1338 2
1338 5
1338 329
1339 35
1339 23
1339 205
1339 606
1341 4
1341 165
1341 518
1341 42
1342 0
1342 2
1342 1079
1342 62
1343 3
1343 7
1343 919
1343 152
1344 2
1344 6
1344 729
1344 234
1345 24
1345 538
1345 10
1345 111
1346 1
1346 489
1346 43
1346 15
1347 3
1347 84
1347 53
1347 5
1348 1
1348 10
1348 251
1348 47
1349 176
1349 417
1349 584
1349 536
1350 0
1350 2
1350 6
1350 1079
1351 960
1351 6
1351 75
1351 364
1352 161
1352 67
1352 6
1352 108
1353 2
1353 6
1353 296
1353 826
1354 32
1354 0
1354 83
1354 46
1355 417
1355 34
1355 197
1355 23
1356 2
1356 3
1356 5
1356 206
1357 961
1357 3
1357 19
1357 85
1358 2
1358 123
1358 12
1358 542
1359 100
1359 10
1359 206
1359 271
1360 3
1360 4
1360 100
1360 55
1361 837
1361 615
1361 808
1361 413
1362 18
1362 3
1362 821
1362 1259
1363 163
1363 538
1363 794
1363 12
1364 34
1364 162
1364 5
1364 77
1365 0
1365 323
1365 3
1365 1177
1366 176
1366 706
1366 436
1366 14
1367 0
1367 613
1367 281
1367 138
1368 1
1368 3
1368 313
1368 11
1369 1
1369 28
1369 108
1369 15
1370 2
1370 34
1370 740
1370 76
1371 1205
1371 9
1371 10
1371 27
1372 2
1372 35
1372 100
1372 73
1373 163
1373 605
1373 62
1373 399
1374 274
1374 4
1374 41
1374 653
1375 162
1375 3
1375 37
1375 22
1376 1
1376 4
1376 9
1376 14
1377 208
1377 1104
1377 3
1377 403
1378 3
1378 10
1378 42
1378 139
1379 3
1379 6
1379 999
1379 1127
1380 18
1380 228
1380 1268
1380 267
1381 34
1381 2
1381 357
1381 206
1382 976
1382 2
1382 135
1382 59
1383 33
1383 1142
1383 22
1383 12
1384 976
1384 337
1384 3
1384 479
1385 1
1385 185
1385 1163
1385 460
1386 279
1386 27
1386 1005
1386 430
1387 451
1387 106
1387 42
1387 14
1388 0
1388 5
1388 1242
1388 574
1389 337
1389 644
1389 9
1389 204
1390 369
1390 1
1390 121
1390 14
1391 2
1391 28
1391 220
1391 14
1392 1
1392 23
1392 27
1392 60
1393 225
1393 5
1393 266
1393 77
1395 992
1395 416
1395 5
1395 46
1396 32
1396 1
1396 737
1396 255
1397 102
1397 156
1397 62
1397 447
1398 0
1398 5
1398 22
1398 10
1399 161
1399 1
1399 5
1399 6
1400 17
1400 55
1400 23
1400 985
1401 2
1401 168
1401 41
1401 62
1402 19
1402 981
1402 85
1402 10
1403 0
1403 5
1403 23
1403 191
1404 675
1404 484
1404 119
1404 1226
1405 0
1405 34
1405 247
1405 135
1406 67
1406 54
1406 12
1406 414
1407 258
1407 6
1407 774
1407 23
1408 34
1408 5
1408 6
1408 280
1409 5
1409 42
1409 62
1409 142
1410 17
1410 7
1410 925
1410 94
1411 1
1411 34
1411 749
1411 317
1413 1
1413 18
1413 37
1413 8
1414 0
1414 35
1414 644
1414 254
1415 3
1415 244
1415 485
1415 14
1416 32
1416 0
1416 560
1416 835
1417 0
1417 406
1417 1339
1417 764
1418 18
1418 1251
1418 245
1418 248
1419 2
1419 27
1419 12
1419 460
1420 0
1420 10
1420 123
1420 12
1421 560
1421 3
1421 4
1421 1098
1422 53
1422 87
1422 427
1422 12
1423 672
1423 2
1423 420
1423 100
1424 0
1424 1
1424 3
1424 790
1425 128
1425 34
1425 162
1425 1176
1426 176
1426 2
1426 235
1426 15
1427 2
1427 34
1427 1364
1427 278
1428 2
1428 4
1428 27
1428 14
1429 0
1429 32
1429 176
1429 5
1430 2
1430 5
1430 248
1430 1118
1431 0
1431 673
1431 10
1431 234
1432 19
1432 20
1432 54
1432 46
1433 426
1433 1387
1433 62
1433 47
1434 1
1434 3
1434 134
1434 619
1435 881
1435 835
1435 323
1435 121
1436 257
1436 100
1436 710
1436 1004
1437 976
1437 1
1437 22
1437 138
1438 3
1438 220
1438 1005
1438 46
1439 0
1439 18
1439 69
1439 431
1440 274
1440 2
1440 5
1440 204
1441 2
1441 3
1441 155
1441 1149
1443 2
1443 115
1443 67
1443 1316
1444 18
1444 195
1444 613
1444 362
1445 0
1445 4
1445 41
1445 751
1446 2
1446 3
1446 436
1446 55
1447 0
1447 2
1447 22
1447 59
1448 176
1448 114
1448 4
1448 15
1449 1
1449 4
1449 218
1449 10
1450 1
1450 4
1450 6
1450 342
1451 309
1451 6
1451 23
1451 109
1452 3
1452 950
1452 204
1452 93
1453 2
1453 997
1453 22
1453 43
1454 274
1454 21
1454 697
1454 27
1455 1233
1455 7
1455 504
1455 1355
1456 464
1456 2
1456 4
1456 200
1457 1168
1457 2
1457 3
1457 14
1458 0
1458 34
1458 3
1458 93
1459 0
1459 87
1459 14
1459 238
1460 673
1460 2
1460 142
1460 46
1461 0
1461 33
1461 41
1461 10
1462 2
1462 850
1462 195
1462 299
1463 208
1463 0
1463 797
1463 15
1464 1
1464 403
1464 1162
1464 27
1465 977
1465 683
1465 62
1465 191
1466 112
1466 37
1466 5
1466 878
1467 22
1467 135
1467 1257
1467 10
1468 1
1468 630
1468 538
1468 27
1469 0
1469 1123
1469 8
1469 1021
1470 2
1470 547
1470 59
1470 28
1471 2
1471 5
1471 230
1471 41
1473 1281
1473 323
1473 92
1473 479
1474 0
1474 480
1474 1
1474 25
1475 32
1475 33
1475 2
1475 67
1476 2
1476 19
1476 999
1476 109
1477 1
1477 1073
1477 4
1477 89
1478 1077
1478 22
1478 27
1478 12
1479 4
1479 133
1479 1384
1479 75
1480 0
1480 2
1480 342
1480 56
1481 5
1481 38
1481 25
1481 204
1482 32
1482 261
1482 5
1482 62
1483 3
1483 553
1483 861
1483 142
1484 145
1484 2
1484 8
1484 27
1485 32
1485 193
1485 518
1485 807
1486 4
1486 100
1486 715
1486 44
1487 1232
1487 2
1487 3
1487 4
1488 2
1488 3
1488 740
1488 43
1489 69
1489 1318
1489 121
1489 238
1490 17
1490 354
1490 198
1490 399
1491 800
1491 2
1491 1031
1491 376
1492 3
1492 6
1492 966
1492 14
1493 3
1493 5
1493 25
1493 46
1494 6
1494 119
1494 553
1494 47
1495 32
1495 130
1495 180
1495 5
1496 5
1496 1061
1496 329
1496 122
1497 0
1497 2
1497 5
1497 152
1498 22
1498 6
1498 7
1498 11
1499 0
1499 1173
1499 135
1499 539
1500 1
1500 389
1500 10
1500 399
1501 4
1501 8
1501 12
1501 669
1503 114
1503 3
1503 41
1503 1228
1504 849
1504 449
1504 101
1504 518
1505 1
1505 337
1505 100
1505 132
1506 2
1506 135
1506 28
1506 126
1507 337
1507 5
1507 10
1507 718
1508 3
1508 8
1508 267
1508 174
1509 0
1509 2
1509 1464
1509 10
1510 3
1510 4
1510 166
1510 988
1511 2
1511 69
1511 43
1511 141
1512 580
1512 139
1512 12
1512 15
1513 1
1513 263
1513 171
1513 12
1514 2
1514 68
1514 427
1514 845
1515 0
1515 433
1515 4
1515 111
1516 1
1516 2
1516 780
1516 718
1517 176
1517 42
1517 1004
1517 365
1518 2
1518 35
1518 1238
1518 380
1519 80
1519 3
1519 6
1519 10
1520 2
1520 418
1520 10
1520 650
1521 115
1521 6
1521 157
1521 750
1522 69
1522 135
1522 75
1522 191
1523 5
1523 27
1523 12
1523 15
1524 193
1524 2
1524 6
1524 95
1525 2
1525 85
1525 553
1525 25
1526 19
1526 964
1526 84
1526 42
1528 2
1528 262
1528 1079
1528 46
1529 165
1529 759
1529 40
1529 941
1530 535
1530 1179
1530 1517
1530 62
1531 2
1531 4
1531 5
1531 70
1532 5
1532 806
1532 14
1532 79
1533 4
1533 7
1533 105
1533 283
1534 1
1534 2
1534 4
1534 790
1535 2
1535 5
1535 24
1535 191
1536 2
1536 115
1536 1162
1536 427
1537 3
1537 88
1537 251
1537 319
1538 1
1538 19
1538 67
1538 776
1539 17
1539 3
1539 4
1539 12
1540 98
1540 2
1540 223
1540 431
1541 161
1541 5
1541 1099
1541 238
1542 2
1542 35
1542 84
1542 14
1543 0
1543 34
1543 3
1543 184
1544 1014
1544 937
1544 12
1544 1148
1545 1
1545 35
1545 121
1545 127
1546 1
1546 2
1546 258
1546 85
1547 720
1547 8
1547 1192
1547 298
1548 34
1548 5
1548 22
1548 92
1549 4
1549 10
1549 909
1549 159
1550 32
1550 1
1550 114
1550 152
1551 274
1551 19
1551 485
1551 220
1552 18
1552 37
1552 22
1552 30
1553 208
1553 0
1553 3
1553 5
1554 3
1554 35
1554 12
1554 62
1555 35
1555 4
1555 8
1555 953
1556 53
1556 22
1556 584
1556 812
1557 3
1557 5
1557 136
1557 12
1558 67
1558 6
1558 73
1558 93
1559 0
1559 3
1559 314
1559 926
1560 2
1560 195
1560 22
1560 121
1561 528
1561 6
1561 267
1561 238
1563 18
1563 228
1563 10
1563 766
1564 179
1564 3
1564 22
1564 12
1565 1106
1565 4
1565 183
1565 157
1566 3
1566 5
1566 119
1566 60
1567 2
1567 1062
1567 1063
1567 760
1568 369
1568 2
1568 3
1568 44
1569 2
1569 786
1569 51
1569 5
1570 1
1570 258
1570 406
1570 45
1571 32
1571 450
1571 788
1571 524
1572 803
1572 9
1572 299
1572 238
1573 98
1573 130
1573 22
1573 394
1574 3
1574 19
1574 1110
1574 119
1575 2
1575 3
1575 872
1575 10
1576 208
1576 22
1576 602
1576 126
1577 1
1577 850
1577 2
1577 5
1578 2
1578 5
1578 22
1578 92
1579 192
1579 289
1579 341
1579 332
1580 754
1580 567
1580 41
1580 479
1581 209
1581 3
1581 1165
1581 974
1582 640
1582 0
1582 1482
1582 1323
1583 1329
1583 802
1583 244
1583 790
1584 112
1584 1089
1584 274
1584 21
1585 257
1585 3
1585 1445
1585 22
1586 34
1586 3
1586 4
1586 774
1587 1
1587 34
1587 22
1587 203
1588 51
1588 100
1588 263
1588 313
1589 17
1589 834
1589 380
1589 447
1590 388
1590 100
1590 6
1590 509
1591 18
1591 2
1591 4
1591 567
1592 449
1592 164
1592 23
1592 92
1593 0
1593 37
1593 135
1593 861
1594 1
1594 3
1594 139
1594 12
1595 51
1595 27
1595 62
1595 14
1596 1153
1596 4
1596 1397
1596 28
1597 133
1597 505
1597 220
1597 988
1598 0
1598 83
1598 9
1598 399
1599 18
1599 85
1599 6
1599 12
1600 0
1600 180
1600 4
1600 460
1601 1
1601 644
1601 30
1601 447
1602 3
1602 1127
1602 1304
1602 14
1603 0
1603 915
1603 835
1603 330
1604 256
1604 165
1604 6
1604 1065
1605 17
1605 3
1605 22
1605 255
1606 146
1606 18
1606 3
1606 75
1607 2
1607 195
1607 4
1607 237
1608 0
1608 22
1608 1000
1608 46
1609 112
1609 563
1609 1469
1609 1165
1610 1025
1610 1041
1610 91
1610 1260
1611 4
1611 584
1611 204
1611 12
1612 3
1612 4
1612 5
1612 77
1613 2
1613 6
1613 23
1613 123
1614 128
1614 274
1614 139
1614 28
1615 32
1615 3
1615 134
1615 679
1616 352
1616 34
1616 3
1616 55
1617 1
1617 2
1617 106
1617 141
1618 2
1618 3
1618 22
1618 472
1619 640
1619 81
1619 40
1619 669
1620 1
1620 1490
1620 2
1620 204
1621 417
1621 35
1621 108
1621 126
1622 80
1622 51
1622 499
1622 4
1623 3
1623 69
1623 1269
1623 844
1624 2
1624 1046
1624 698
1624 654
1625 128
1625 5
1625 23
1625 126
1626 18
1626 3
1626 5
1626 59
1627 176
1627 50
1627 1593
1627 62
1628 2
1628 4
1628 441
1628 27
1629 3
1629 294
1629 188
1629 271
1630 34
1630 669
1630 1279
1630 79
1631 401
1631 5
1631 14
1631 399
1632 1
1632 19
1632 9
1632 223
1633 0
1633 2
1633 454
1633 62
1634 4
1634 5
1634 342
1634 42
1635 1601
1635 152
1635 329
1635 668
1636 34
1636 119
1636 43
1636 92
1637 0
1637 5
1637 202
1637 62
1638 49
1638 979
1638 4
1638 316
1639 960
1639 4
1639 1543
1639 1229
1640 18
1640 403
1640 4
1640 12
1641 257
1641 24
1641 250
1641 622
1642 2
1642 67
1642 27
1642 15
1643 3
1643 580
1643 133
1643 106
1644 0
1644 1355
1644 94
1644 1086
1645 1136
1645 1110
1645 23
1645 1226
1646 1025
1646 3
1646 198
1646 138
1647 1
1647 1601
1647 22
1647 397
1648 17
1648 3
1648 9
1648 447
1649 102
1649 70
1649 75
1649 158
1650 1648
1650 4
1650 237
1650 1247
1652 3
1652 999
1652 251
1652 15
1653 3
1653 778
1653 14
1653 15
1654 3
1654 244
1654 1382
1654 12
1655 258
1655 1011
1655 403
1655 109
1656 32
1656 2
1656 5
1656 553
1657 0
1657 1
1657 35
1657 37
1658 258
1658 3
1658 5
1658 251
1659 3
1659 83
1659 90
1659 10
1660 0
1660 82
1660 3
1660 10
1661 129
1661 3
1661 51
1661 14
1662 947
1662 41
1662 12
1662 61
1663 1
1663 403
1663 75
1663 668
1664 2
1664 4
1664 1543
1664 204
1665 1
1665 5
1665 119
1665 24
1666 306
1666 3
1666 341
1666 79
1667 2
1667 5
1667 1079
1667 12
1668 0
1668 162
1668 5
1668 40
1669 2
1669 354
1669 8
1669 255
1670 809
1670 1547
1670 46
1670 1199
1671 2
1671 67
1671 965
1671 1352
1672 2
1672 197
1672 42
1672 46
1673 32
1673 49
1673 10
1673 237
1674 0
1674 18
1674 6
1674 23
1675 1472
1675 4
1675 189
1675 590
1676 2
1676 3
1676 1018
1676 301
1677 2
1677 5
1677 126
1677 463
1678 1
1678 4
1678 293
1678 142
1679 1329
1679 5
1679 510
1679 14
1680 98
1680 855
1680 858
1680 747
1681 3
1681 549
1681 136
1681 572
1682 0
1682 2
1682 533
1682 168
1683 3
1683 67
1683 108
1683 31
1684 1
1684 5
1684 26
1684 175
1685 305
1685 3
1685 5
1685 185
1686 2
1686 263
1686 990
1686 991
1687 6
1687 22
1687 152
1687 15
1688 640
1688 1
1688 9
1688 1087
1689 2
1689 3
1689 584
1689 139
1690 0
1690 2
1690 4
1690 104
1691 2
1691 152
1691 9
1691 347
1692 0
1692 28
1692 557
1692 829
1693 2
1693 3
1693 1684
1693 13
1694 400
1694 256
1694 5
1694 175
1695 273
1695 55
1695 317
1695 829
1696 178
1696 54
1696 347
1696 171
1697 256
1697 82
1697 2
1697 106
1698 64
1698 2
1698 194
1698 210
1699 226
1699 5
1699 102
1699 839
1700 32
1700 2
1700 23
1700 1449
1701 3
1701 4
1701 141
1701 895
1702 0
1702 337
1702 5
1702 535
1703 3
1703 100
1703 664
1703 732
1704 121
1704 1145
1704 12
1704 1644
1705 0
1705 32
1705 19
1705 793
1706 83
1706 1332
1706 1433
1706 10
1707 32
1707 2
1707 14
1707 238
1708 99
1708 102
1708 23
1708 88
1709 146
1709 694
1709 186
1709 830
1710 160
1710 3
1710 456
1710 27
1711 1
1711 1585
1711 627
1711 826
1712 2
1712 518
1712 27
1712 271
1713 2
1713 52
1713 679
1713 111
1714 6
1714 59
1714 463
1714 15
1715 1316
1715 980
1715 759
1715 463
1716 1681
1716 821
1716 1110
1716 204
1717 3
1717 4
1717 105
1717 203
1718 913
1718 1010
1718 195
1718 8
1719 336
1719 1
1719 3
1719 645
1720 4
1720 1301
1720 360
1720 750
1721 993
1721 22
1721 8
1721 127
1722 2
1722 135
1722 121
1722 460
1723 2
1723 136
1723 9
1723 1387
1724 3
1724 406
1724 860
1724 110
1725 18
1725 185
1725 12
1725 270
1726 4
1726 5
1726 6
1726 9
1727 2
1727 3
1727 524
1727 45
1728 2
1728 584
1728 296
1728 380
1729 119
1729 248
1729 10
1729 123
1730 2
1730 4
1730 37
1730 6
1731 0
1731 1248
1731 109
1731 174
1732 306
1732 2
1732 73
1732 138
1733 2
1733 4
1733 245
1733 695
1734 1136
1734 105
1734 138
1734 750
1735 34
1735 2
1735 67
1735 1640
1736 1
1736 5
1736 22
1736 14
1737 0
1737 3
1737 10
1737 15
1738 51
1738 1046
1738 7
1738 991
1739 400
1739 2
1739 75
1739 590
1740 33
1740 226
1740 2
1740 227
1742 2
1742 1507
1742 19
1742 46
1743 1473
1743 18
1743 105
1743 138
1744 0
1744 1384
1744 1372
1744 12
1745 1
1745 1622
1745 392
1745 46
1746 1
1746 33
1746 162
1746 2
1747 17
1747 98
1747 930
1747 152
1748 2
1748 18
1748 59
1748 14
1750 32
1750 4
1750 87
1750 845
1751 2
1751 3
1751 1127
1751 15
1752 1361
1752 403
1752 46
1752 14
1753 1091
1753 12
1753 462
1753 14
1754 33
1754 5
1754 10
1754 991
1755 68
1755 6
1755 12
1755 1132
1756 4
1756 9
1756 28
1756 317
1757 34
1757 514
1757 1123
1757 820
1758 772
1758 246
1758 12
1758 557
1759 1
1759 5
1759 759
1759 205
1760 2
1760 3
1760 4
1760 21
1761 372
1761 5
1761 998
1761 1272
1762 1
1762 965
1762 1594
1762 14
1763 5
1763 119
1763 41
1763 859
1764 2
1764 245
1764 88
1764 121
1765 2
1765 35
1765 4
1765 859
1766 3
1766 4
1766 69
1766 426
1767 0
1767 354
1767 5
1767 105
1768 2
1768 5
1768 249
1768 1705
1769 1073
1769 642
1769 115
1769 323
1770 34
1770 2
1770 22
1770 111
1771 85
1771 747
1771 28
1771 174
1772 49
1772 34
1772 23
1772 329
1774 17
1774 490
1774 42
1774 202
1775 1
1775 34
1775 451
1775 4
1776 3
1776 1124
1776 151
1776 89
1777 3
1777 85
1777 837
1777 253
1778 17
1778 50
1778 21
1778 538
1779 772
1779 453
1779 5
1779 379
1780 2
1780 981
1780 1256
1780 715
1781 1185
1781 2
1781 51
1781 166
1782 2
1782 87
1782 589
1782 399
1783 112
1783 901
1783 6
1783 430
1784 33
1784 6
1784 73
1784 10
1785 1
1785 258
1785 262
1785 126
1786 0
1786 5
1786 53
1786 39
1787 673
1787 578
1787 69
1787 41
1788 1
1788 67
1788 394
1788 1198
1789 1
1789 744
1789 1641
1789 10
1790 2
1790 4
1790 10
1790 957
1791 0
1791 1508
1791 119
1791 301
1792 2
1792 1427
1792 135
1792 23
1793 69
1793 42
1793 14
1793 814
1794 1206
1794 1304
1794 157
1794 14
1795 19
1795 501
1795 1461
1795 14
1796 1
1796 162
1796 1299
1796 567
1797 245
1797 5
1797 121
1797 10
1798 498
1798 1304
1798 1562
1798 267
1799 529
1799 628
1799 10
1799 27
1800 114
1800 165
1800 535
1800 14
1801 1
1801 67
1801 950
1801 90
1802 1073
1802 3
1802 44
1802 15
1803 49
1803 171
1803 12
1803 237
1804 514
1804 3
1804 675
1804 893
1805 950
1805 25
1805 108
1805 1101
1806 306
1806 900
1806 263
1806 12
1807 3
1807 22
1807 123
1807 157
1810 49
1810 231
1810 204
1810 1068
1811 17
1811 2
1811 284
1811 941
1812 1281
1812 4
1812 602
1812 27
1813 67
1813 38
1813 538
1813 14
1814 114
1814 132
1814 185
1814 826
1815 1
1815 194
1815 4
1815 25
1816 1
1816 22
1816 121
1816 686
1817 64
1817 213
1817 1227
1817 220
1818 242
1818 2
1818 5
1818 155
1819 2
1819 3
1819 109
1819 14
1820 0
1820 69
1820 589
1820 238
1821 34
1821 323
1821 436
1821 28
1823 19
1823 3
1823 5
1823 42
1824 176
1824 22
1824 823
1824 93
1825 2
1825 121
1825 123
1825 62
1826 1633
1826 3
1826 27
1826 94
1827 1141
1827 5
1827 205
1827 15
1828 2
1828 1812
1828 42
1828 268
1829 1280
1829 6
1829 12
1829 1068
1830 3
1830 85
1830 668
1830 45
1831 50
1831 962
1831 501
1831 12
1832 580
1832 516
1832 1462
1832 14
1833 1
1833 34
1833 4
1833 5
1834 176
1834 2
1834 122
1834 12
1835 1
1835 3
1835 61
1835 14
1836 1
1836 4
1836 5
1836 263
1837 0
1837 176
1837 1
1837 6
1838 0
1838 9
1838 1338
1838 379
1839 1
1839 50
1839 123
1839 12
1840 1008
1840 380
1840 1229
1840 14
1841 1
1841 1141
1841 22
1841 27
1842 754
1842 19
1842 43
1842 190
1843 32
1843 3
1843 22
1843 46
1844 3
1844 515
1844 4
1844 767
1845 33
1845 218
1845 10
1845 45
1846 1670
1846 795
1846 123
1846 1339
1847 1136
1847 1716
1847 7
1847 59
1848 1392
1848 132
1848 123
1848 12
1849 1
1849 53
1849 6
1849 463
1850 33
1850 323
1850 4
1850 5
1851 369
1851 436
1851 85
1851 22
1852 2
1852 204
1852 397
1852 30
1853 35
1853 342
1853 1532
1853 62
1854 337
1854 51
1854 1574
1854 1709
1855 643
1855 54
1855 22
1855 589
1856 640
1856 237
1856 191
1856 175
1857 209
1857 405
1857 6
1857 30
1858 2
1858 5
1858 781
1858 15
1859 1633
1859 2
1859 388
1859 59
1860 40
1860 1676
1860 46
1860 879
1861 440
1861 171
1861 59
1861 62
1862 50
1862 659
1862 6
1862 712
1863 80
1863 1649
1863 97
1863 231
1864 0
1864 38
1864 10
1864 46
1865 18
1865 4
1865 25
1865 238
1866 258
1866 1414
1866 142
1866 191
1867 0
1867 18
1867 11
1867 142
1868 0
1868 1
1868 2
1868 427
1869 352
1869 3
1869 121
1869 1468
1870 1
1870 2
1870 3
1870 356
1871 6
1871 23
1871 888
1871 9
1872 672
1872 208
1872 49
1872 1277
1873 38
1873 185
1873 27
1873 380
1874 131
1874 3
1874 133
1874 14
1875 0
1875 146
1875 5
1875 238
1876 34
1876 2
1876 51
1876 10
1877 4
1877 23
1877 823
1877 313
1878 1648
1878 2
1878 774
1878 397
1879 1425
1879 5
1879 313
1879 286
1880 0
1880 1379
1880 1571
1880 22
1881 33
1881 34
1881 87
1881 62
1882 18
1882 1714
1882 1015
1882 471
1883 2
1883 466
1883 98
1883 135
1884 1
1884 3
1884 4
1884 427
1885 68
1885 5
1885 27
1885 284
1886 0
1886 22
1886 135
1886 61
1887 2
1887 310
1887 22
1887 1064
1888 3
1888 598
1888 30
1888 46
1889 2
1889 1779
1889 4
1889 878
1890 146
1890 499
1890 846
1890 191
1891 1
1891 53
1891 25
1891 715
1892 53
1892 134
1892 27
1892 317
1893 4
1893 293
1893 953
1893 28
1894 1
1894 577
1894 2
1894 1492
1896 0
1896 1
1896 4
1896 1068
1897 134
1897 647
1897 11
1897 31
1898 18
1898 274
1898 22
1898 62
1899 32
1899 5
1899 120
1899 46
1900 1
1900 2
1900 821
1900 171
1901 401
1901 18
1901 450
1901 940
1902 416
1902 35
1902 1541
1902 14
1904 0
1904 6
1904 748
1904 14
1905 1
1905 35
1905 1716
1905 1734
1906 50
1906 4
1906 37
1906 47
1907 2
1907 3
1907 323
1907 75
1908 2
1908 3
1908 119
1908 1130
1909 1
1909 34
1909 28
1909 125
1910 4
1910 6
1910 89
1910 175
1911 115
1911 1854
1911 30
1911 15
1912 0
1912 992
1912 2
1912 227
1913 18
1913 1091
1913 5
1913 598
1914 161
1914 17
1914 9
1914 1165
1915 577
1915 2
1915 27
1915 428
1916 2
1916 3
1916 5
1916 207
1917 0
1917 81
1917 22
1917 38
1920 2
1920 5
1920 204
1920 590
1921 184
1921 10
1921 715
1921 12
1922 128
1922 32
1922 98
1922 3
1923 3
1923 35
1923 645
1923 219
1924 2
1924 4
1924 9
1924 140
1925 18
1925 38
1925 41
1925 716
1926 257
1926 851
1926 1843
1926 56
1927 128
1927 0
1927 2
1927 28
1928 881
1928 6
1928 12
1928 76
1929 32
1929 3
1929 5
1929 534
1930 1618
1930 1198
1930 926
1930 46
1931 0
1931 2
1931 422
1931 41
1932 2
1932 995
1932 645
1932 887
1933 660
1933 4
1933 436
1933 46
1934 1
1934 821
1934 70
1934 814
1935 178
1935 1634
1935 68
1935 5
1936 305
1936 2
1936 3
1936 41
1937 464
1937 1281
1937 4
1937 203
1938 5
1938 263
1938 1783
1938 1694
1939 1108
1939 85
1939 249
1939 41
1940 645
1940 1352
1940 141
1940 254
1941 4
1941 246
1941 185
1941 890
1942 737
1942 2
1942 23
1942 9
1943 1
1943 34
1943 86
1943 135
1944 1153
1944 3
1944 45
1944 111
1945 1233
1945 47
1945 1151
1945 863
1946 2
1946 135
1946 220
1946 62
1947 81
1947 691
1947 357
1947 41
1948 4
1948 324
1948 427
1948 975
1949 2
1949 195
1949 1321
1949 473
1950 34
1950 552
1950 1625
1950 9
1951 18
1951 1746
1951 1162
1951 427
1952 22
1952 790
1952 11
1952 254
1953 0
1953 258
1953 1400
1953 781
1954 675
1954 4
1954 5
1954 1150
1955 5
1955 22
1955 41
1955 431
1956 128
1956 1077
1956 62
1956 702
1957 0
1957 4
1957 1078
1957 135
1958 1392
1958 949
1958 90
1958 843
1959 341
1959 1388
1959 60
1959 1325
1960 1530
1960 1259
1960 908
1960 174
1961 146
1961 293
1961 1531
1961 829
1962 34
1962 2
1962 616
1962 237
1963 2
1963 547
1963 7
1963 15
1964 196
1964 6
1964 92
1964 237
1965 1014
1965 760
1965 955
1965 319
1966 960
1966 69
1966 23
1966 152
1969 3
1969 5
1969 473
1969 637
1970 0
1970 3
1970 22
1970 205
1971 3
1971 67
1971 776
1971 573
1972 227
1972 867
1972 23
1972 218
1973 18
1973 2
1973 94
1973 430
1974 1696
1974 0
1974 149
1974 13
1975 1332
1975 310
1975 317
1975 14
1976 80
1976 274
1976 966
1976 414
1977 18
1977 3
1977 1547
1977 301
1978 32
1978 275
1978 261
1978 119
1979 675
1979 3
1979 1064
1979 475
1980 5
1980 101
1980 6
1980 77
1981 2
1981 1108
1981 844
1981 1068
1982 0
1982 48
1982 2
1982 553
1983 1
1983 3
1983 25
1983 10
1984 512
1984 324
1984 9
1984 15
1985 1
1985 1526
1985 23
1985 10
1986 0
1986 2
1986 3
1986 15
1987 1187
1987 6
1987 171
1987 27
1988 176
1988 35
1988 3
1988 23
1989 80
1989 1
1989 851
1989 5
1990 41
1990 794
1990 28
1990 14
1991 32
1991 2
1991 230
1991 28
1992 50
1992 900
1992 5
1992 6
1993 1
1993 866
1993 6
1993 1079
1994 640
1994 2
1994 452
1994 1292
1995 371
1995 35
1995 237
1995 14
1996 707
1996 4
1996 518
1996 10
1997 1132
1997 220
1997 668
1997 351
1998 1875
1998 22
1998 121
1998 267
1999 1
1999 35
1999 4
1999 142
2000 49
2000 98
2000 135
2000 766
2001 32
2001 51
2001 5
2001 7
2002 1777
2002 22
2002 6
2002 27
2003 148
2003 4
2003 1607
2003 8
2004 18
2004 211
2004 148
2004 22
2005 2
2005 3
2005 35
2005 750
2006 145
2006 3
2006 234
2006 14
2007 258
2007 51
2007 77
2007 46
2009 306
2009 115
2009 23
2009 171
2010 4
2010 53
2010 5
2010 808
2011 18
2011 786
2011 131
2011 275
2012 3
2012 1140
2012 648
2012 31
2013 49
2013 5
2013 14
2013 110
2014 2
2014 916
2014 1261
2014 14
2015 2
2015 3
2015 6
2015 296
2016 272
2016 19
2016 1369
2016 45
2017 258
2017 37
2017 5
2017 9
2018 2
2018 34
2018 18
2018 4
2019 1
2019 34
2019 18
2019 1387
2020 1584
2020 1619
2020 936
2020 12
2021 10
2021 398
2021 447
2021 879
2022 69
2022 1452
2022 654
2022 1150
2023 3
2023 309
2023 85
2023 27
2024 947
2024 613
2024 237
2024 14
2025 2
2025 133
2025 549
2025 2015
2026 1
2026 22
2026 55
2026 60
2027 4
2027 7
2027 57
2027 1627
2028 1687
2028 11
2028 908
2028 14
2029 384
2029 1123
2029 123
2029 28
2030 534
2030 889
2030 14
2030 1583
2031 1
2031 3
2031 855
2031 1486
2032 2
2032 342
2032 569
2032 553
2033 134
2033 396
2033 14
2033 558
2034 0
2034 2
2034 51
2034 4
2035 52
2035 6
2035 215
2035 427
2036 1520
2036 52
2036 69
2036 485
2037 3
2037 37
2037 187
2037 687
2038 2
2038 19
2038 5
2038 1096
2039 371
2039 6
2039 296
2039 60
2040 1
2040 1861
2040 234
2040 13
2041 18
2041 34
2041 106
2041 447
2042 2
2042 1699
2042 427
2042 12
2043 344
2043 187
2043 685
2043 639
2044 401
2044 54
2044 73
2044 158
2045 1427
2045 549
2045 647
2045 42
2046 1
2046 20
2046 250
2046 238
2047 499
2047 725
2047 1274
2047 447
2048 0
2048 1
2048 4
2048 717
2049 1770
2049 1947
2049 14
2049 815
2050 2
2050 3
2050 22
2050 1145
2051 0
2051 485
2051 22
2051 174
2052 3
2052 21
2052 61
2052 975
2053 193
2053 5
2053 472
2053 2031
2054 35
2054 1380
2054 53
2054 207
2055 1
2055 98
2055 2
2055 316
2056 1648
2056 835
2056 28
2056 430
2057 770
2057 3
2057 59
2057 28
2058 2
2058 4
2058 120
2058 90
2059 3
2059 597
2059 1048
2059 46
2060 257
2060 1793
2060 22
2060 44
2061 500
2061 5
2061 7
2061 27
2062 80
2062 865
2062 2
2062 46
2063 146
2063 4
2063 741
2063 153
2064 1
2064 341
2064 590
2064 654
2065 64
2065 1
2065 356
2065 12
2066 1
2066 34
2066 178
2066 1719
2067 400
2067 2
2067 27
2067 191
2068 32
2068 810
2068 77
2068 14
2069 3
2069 5
2069 327
2069 10
2070 0
2070 516
2070 267
2070 14
2071 2
2071 837
2071 6
2071 105
2072 992
2072 593
2072 2
2072 712
2073 32
2073 1545
2073 26
2073 14
2074 16
2074 1842
2074 18
2074 141
2075 34
2075 4
2075 244
2075 14
2076 257
2076 5
2076 472
2076 62
2077 0
2077 22
2077 6
2077 1215
2078 0
2078 293
2078 248
2078 14
2079 32
2079 4
2079 934
2079 319
2080 18
2080 35
2080 359
2080 10
2081 978
2081 2
2081 22
2081 6
2082 5
2082 278
2082 7
2082 27
2084 32
2084 0
2084 312
2084 42
2085 258
2085 1426
2085 3
2085 1176
2086 0
2086 247
2086 23
2086 78
2087 1
2087 2
2087 10
2087 414
2088 786
2088 7
2088 1561
2088 61
2089 0
2089 193
2089 19
2089 74
2090 1939
2090 135
2090 348
2090 317
2091 0
2091 33
2091 291
2091 1174
2092 98
2092 182
2092 10
2092 479
2094 369
2094 1906
2094 246
2094 1174
2095 1745
2095 3
2095 5
2095 1622
2096 1126
2096 119
2096 57
2096 92
2097 400
2097 17
2097 3
2097 1224
2098 146
2098 4
2098 406
2098 14
2099 3
2099 4
2099 73
2099 14
2100 38
2100 27
2100 1899
2100 15
2101 162
2101 4
2101 12
2101 157
2102 1184
2102 22
2102 14
2102 46
2103 241
2103 3
2103 580
2103 204
2104 96
2104 19
2104 3
2104 1061
2105 67
2105 1817
2105 41
2105 255
2106 2
2106 227
2106 860
2106 62
2107 0
2107 2
2107 3
2107 24
2108 2
2108 3
2108 40
2108 991
2110 2
2110 197
2110 6
2110 204
2111 3
2111 148
2111 86
2111 15
2112 1184
2112 915
2112 230
2112 602
2113 0
2113 6
2113 28
2113 109
2114 369
2114 166
2114 710
2114 28
2115 3
2115 5
2115 249
2115 330
2116 83
2116 1893
2116 1817
2116 1003
2117 5
2117 645
2117 422
2117 15
2118 226
2118 3
2118 59
2118 781
2119 3
2119 1652
2119 5
2119 504
2120 305
2120 9
2120 62
2120 462
2121 1073
2121 98
2121 22
2121 248
2122 451
2122 185
2122 75
2122 12
2123 8
2123 1402
2123 475
2123 1516
2124 8
2124 105
2124 123
2124 781
2125 6
2125 2103
2125 135
2125 2057
2126 5
2126 121
2126 109
2126 46
2127 472
2127 121
2127 442
2127 43
2128 464
2128 49
2128 2
2128 4
2129 337
2129 819
2129 3
2129 553
2130 1205
2130 41
2130 874
2130 860
2131 0
2131 18
2131 668
2131 1614
2132 144
2132 35
2132 1051
2132 941
2133 1617
2133 1141
2133 14
2133 127
2134 17
2134 34
2134 471
2134 1629
2135 2
2135 4
2135 1771
2135 2060
2136 2
2136 867
2136 9
2136 15
2137 2
2137 4
2137 997
2137 248
2138 1392
2138 1793
2138 5
2138 1127
2139 4
2139 6
2139 1065
2139 175
2140 18
2140 1267
2140 7
2140 1241
2141 1098
2141 12
2141 1964
2141 46
2142 1
2142 88
2142 10
2142 30
2143 198
2143 647
2143 43
2143 1052
2144 176
2144 3
2144 248
2144 509
2145 0
2145 1
2145 22
2145 1789
2147 32
2147 5
2147 27
2147 413
2148 48
2148 12
2148 814
2148 751
2149 1696
2149 35
2149 74
2149 1852
2150 449
2150 3
2150 1733
2150 1526
2152 2
2152 84
2152 1397
2152 22
2153 3
2153 51
2153 1557
2153 121
2154 1345
2154 5
2154 27
2154 14
2155 2
2155 1141
2155 1901
2155 206
2156 306
2156 2
2156 436
2156 57
2157 148
2157 364
2157 13
2157 46
2158 1
2158 23
2158 1099
2158 460
2160 0
2160 17
2160 995
2160 121
2161 19
2161 1047
2161 663
2161 27
2162 0
2162 3
2162 563
2162 94
2163 0
2163 162
2163 1989
2163 1627
2164 128
2164 691
2164 3
2164 23
2165 1
2165 248
2165 252
2165 28
2166 1
2166 134
2166 1145
2166 237
2167 0
2167 132
2167 52
2167 10
2168 514
2168 162
2168 341
2168 1384
2169 960
2169 108
2169 46
2169 15
2170 466
2170 616
2170 1229
2170 62
2171 2
2171 1843
2171 567
2171 11
2173 1
2173 4
2173 6
2173 46
2174 2
2174 18
2174 41
2174 12
2175 1380
2175 1369
2175 10
2175 253
2176 22
2176 1368
2176 109
2176 238
2177 35
2177 1318
2177 12
2177 238
2178 1314
2178 602
2178 187
2178 14
2179 69
2179 615
2179 106
2179 28
2180 2
2180 6
2180 1414
2180 92
2181 2
2181 1475
2181 826
2181 139
2182 1649
2182 2115
2182 22
2182 24
2183 850
2183 130
2183 679
2183 12
2184 839
2184 10
2184 364
2184 14
2185 5
2185 166
2185 10
2185 14
2186 176
2186 945
2186 85
2186 254
2187 3
2187 6
2187 43
2187 14
2188 514
2188 35
2188 716
2188 605
2189 369
2189 1905
2189 1506
2189 79
2190 18
2190 22
2190 1111
2190 664
2191 80
2191 357
2191 56
2191 12
2192 18
2192 5
2192 7
2192 75
2193 865
2193 1493
2193 23
2193 599
2194 1
2194 1207
2194 25
2194 10
2195 354
2195 22
2195 88
2195 141
2196 809
2196 554
2196 60
2196 845
2197 0
2197 4
2197 248
2197 539
2198 1
2198 5
2198 8
2198 175
2199 1173
2199 22
2199 666
2199 14
2201 0
2201 2
2201 3
2201 426
2202 2148
2202 92
2202 14
2202 2095
2203 227
2203 133
2203 38
2203 41
2204 1649
2204 147
2204 3
2204 574
2205 1856
2205 1527
2205 408
2205 8
2206 5
2206 21
2206 491
2206 45
2207 4
2207 84
2207 12
2207 174
2208 176
2208 2121
2208 590
2208 14
2209 1064
2209 1609
2209 237
2209 1518
2210 193
2210 3
2210 54
2210 422
2211 4
2211 100
2211 93
2211 157
2212 1713
2212 2
2212 52
2212 826
2213 0
2213 165
2213 646
2213 62
2214 3
2214 230
2214 317
2214 206
2215 2098
2215 100
2215 59
2215 125
2216 4
2216 22
2216 381
2216 14
2217 224
2217 1585
2217 3
2217 406
2219 0
2219 2
2219 3
2219 37
2220 64
2220 2
2220 835
2220 73
2221 80
2221 34
2221 809
2221 12
2222 2178
2222 100
2222 55
2222 505
2223 81
2223 1141
2223 1640
2223 524
2224 3
2224 228
2224 6
2224 262
2225 2
2225 18
2225 34
2225 1437
2226 976
2226 1971
2226 598
2226 2088
2227 67
2227 680
2227 187
2227 845
2228 128
2228 2
2228 10
2228 77
2229 1735
2229 442
2229 59
2229 92
2230 3
2230 5
2230 6
2230 204
2231 100
2231 4
2231 246
2231 12
2232 6
2232 27
2232 750
2232 127
2233 22
2233 343
2233 105
2233 251
2234 1207
2234 679
2234 1402
2234 1259
2235 2160
2235 34
2235 83
2235 675
2236 1506
2236 1811
2236 1267
2236 1732
2238 82
2238 83
2238 953
2238 636
2239 32
2239 22
2239 77
2239 1166
2240 51
2240 121
2240 827
2240 191
2241 1938
2241 3
2241 1481
2241 43
2242 960
2242 35
2242 3
2242 781
2243 1062
2243 7
2243 43
2243 78
2244 2
2244 5
2244 829
2244 543
2245 49
2245 1
2245 3
2245 9
2246 1507
2246 612
2246 426
2246 267
2247 17
2247 1144
2247 414
2247 383
2248 1
2248 613
2248 380
2248 14
2249 193
2249 18
2249 115
2249 589
2250 16
2250 80
2250 51
2250 2171
2251 597
2251 5
2251 360
2251 28
2252 34
2252 2
2252 937
2252 14
2253 5
2253 248
2253 1033
2253 92
2254 80
2254 930
2254 228
2254 10
2255 3
2255 1061
2255 2073
2255 123
2256 562
2256 1593
2256 266
2256 426
2257 2212
2257 261
2257 37
2257 441
2259 1586
2259 611
2259 5
2259 331
2260 3
2260 707
2260 1163
2260 431
2261 1
2261 1591
2261 1816
2261 1724
2262 2210
2262 2
2262 1332
2262 1325
2263 2
2263 371
2263 14
2263 31
2264 257
2264 2
2264 35
2264 15
2265 18
2265 34
2265 851
2265 1902
2266 3
2266 5
2266 7
2266 10
2267 0
2267 163
2267 933
2267 126
2268 1189
2268 5
2268 246
2268 1612
2269 0
2269 2
2269 3
2269 5
2270 6
2270 2183
2270 59
2270 46
2271 1488
2271 2
2271 5
2271 184
2272 2
2272 68
2272 1463
2272 222
2273 32
2273 18
2273 35
2273 297
2274 762
2274 587
2274 238
2274 46
2275 837
2275 6
2275 10
2275 413
2276 227
2276 744
2276 12
2276 926
2277 178
2277 1746
2277 5
2277 647
2278 4
2278 1685
2278 121
2278 493
2279 404
2279 8
2279 427
2279 316
2280 3
2280 115
2280 1382
2280 14
2281 145
2281 23
2281 284
2281 207
2282 451
2282 165
2282 440
2282 174
2283 128
2283 1603
2283 776
2283 8
2284 1
2284 2
2284 83
2284 4
2285 128
2285 1
2285 82
2285 2203
2286 1825
2286 5
2286 6
2286 10
2289 400
2289 1281
2289 2
2289 9
2290 0
2290 98
2290 41
2290 447
2291 34
2291 3
2291 5
2291 106
2292 1251
2292 803
2292 278
2292 1226
2293 227
2293 59
2293 253
2293 93
2294 160
2294 485
2294 5
2294 126
2295 2
2295 3
2295 213
2295 249
2297 256
2297 246
2297 41
2297 62
2298 321
2298 2
2298 34
2298 19
2299 1
2299 323
2299 87
2299 14
2300 34
2300 6
2300 119
2300 748
2301 803
2301 5
2301 9
2301 251
2302 34
2302 35
2302 12
2302 1903
2303 1393
2303 1128
2303 41
2303 238
2304 4
2304 356
2304 1732
2304 25
2305 405
2305 933
2305 5
2305 2175
2306 5
2306 135
2306 204
2306 494
2307 274
2307 115
2307 42
2307 12
2308 401
2308 34
2308 2199
2308 1116
2309 0
2309 208
2309 21
2309 171
2310 0
2310 49
2310 2
2310 1269
2311 3
2311 5
2311 919
2311 2142
2312 2
2312 68
2312 5
2312 1051
2313 1952
2313 10
2313 26
2313 28
2314 1488
2314 210
2314 613
2314 108
2315 560
2315 112
2315 2004
2315 1582
2316 450
2316 2
2316 5
2316 217
2317 1
2317 518
2317 535
2317 1967
2318 2050
2318 4
2318 5
2318 712
2319 22
2319 121
2319 1322
2319 14
2320 1745
2320 6
2320 1862
2320 175
2321 32
2321 69
2321 1607
2321 42
2322 17
2322 662
2322 61
2322 830
2323 37
2323 1255
2323 12
2323 1004
2324 1
2324 257
2324 67
2324 180
2325 3
2325 6
2325 855
2325 15
2327 67
2327 99
2327 3
2327 69
2328 17
2328 81
2328 244
2328 1173
2329 208
2329 98
2329 4
2329 108
2330 1
2330 2
2330 3
2330 251
2331 1010
2331 501
2331 62
2331 15
2332 0
2332 690
2332 853
2332 1944
2333 1136
2333 2
2333 1272
2333 12
2334 16
2334 4
2334 135
2334 220
2335 144
2335 128
2335 3
2335 87
2336 129
2336 3
2336 5
2336 22
2337 176
2337 4
2337 284
2337 127
2338 49
2338 148
2338 109
2338 669
2339 1
2339 835
2339 35
2339 1798
2340 1393
2340 577
2340 1842
2340 7
2341 48
2341 2
2341 3
2341 42
2342 3
2342 125
2342 941
2342 30
2343 3
2343 4
2343 46
2343 1246
2344 0
2344 401
2344 5
2344 940
2345 0
2345 1
2345 1110
2345 15
2346 1843
2346 1477
2346 1206
2346 142
2347 34
2347 691
2347 602
2347 750
2348 19
2348 499
2348 1803
2348 397
2349 32
2349 1569
2349 1623
2349 1272
2350 160
2350 514
2350 275
2350 447
2351 2
2351 250
2351 2349
2351 15
2352 1090
2352 2243
2352 166
2352 399
2353 305
2353 514
2353 297
2353 75
2354 800
2354 1
2354 2
2354 3
2355 32
2355 1280
2355 696
2355 204
2356 49
2356 4
2356 121
2356 10
2357 0
2357 51
2357 346
2357 46
2358 67
2358 6
2358 553
2358 62
2359 2
2359 1609
2359 510
2359 95
2360 35
2360 4
2360 472
2360 750
2361 1744
2361 386
2361 15
2361 639
2362 23
2362 602
2362 203
2362 141
2363 0
2363 1
2363 324
2363 1752
2364 148
2364 981
2364 22
2364 270
2366 1
2366 3
2366 22
2366 219
2367 1
2367 2
2367 87
2367 138
2368 276
2368 296
2368 874
2368 234
2369 322
2369 5
2369 1352
2369 316
2370 337
2370 3
2370 261
2370 1545
2371 19
2371 1827
2371 3
2371 116
2372 5
2372 1830
2372 23
2372 231
2373 2
2373 4
2373 598
2373 1434
2374 993
2374 950
2374 1190
2374 10
2375 224
2375 788
2375 5
2375 857
2376 4
2376 645
2376 6
2376 121
2377 835
2377 4
2377 12
2377 204
2378 18
2378 98
2378 5
2378 135
2379 1111
2379 823
2379 1705
2379 62
2380 3
2380 35
2380 4
2380 637
2381 436
2381 5
2381 647
2381 121
2382 3
2382 53
2382 6
2382 15
2383 2362
2383 122
2383 27
2383 14
2384 67
2384 3
2384 198
2384 2334
2385 178
2385 35
2385 3
2385 2261
2386 0
2386 1904
2386 19
2386 319
2387 323
2387 85
2387 1110
2387 7
2388 449
2388 1
2388 2
2388 403
2389 1
2389 2
2389 4
2389 238
2390 146
2390 916
2390 133
2390 15
2392 2
2392 100
2392 6
2392 647
2393 34
2393 18
2393 5
2393 2117
2394 1
2394 2
2394 859
2394 175
2395 2
2395 2061
2395 253
2395 238
2396 0
2396 4
2396 251
2396 27
2397 0
2397 5
2397 230
2397 1199
2398 1174
2398 7
2398 284
2398 14
2399 3
2399 1700
2399 647
2399 8
2400 401
2400 5
2400 539
2400 284
2401 0
2401 21
2401 6
2401 59
2402 1010
2402 3
2402 598
2402 15
2403 2
2403 1958
2403 90
2403 139
2405 1
2405 387
2405 4
2405 6
2406 545
2406 3
2406 499
2406 1982
2407 17
2407 5
2407 171
2407 991
2408 0
2408 35
2408 5
2408 9
2409 98
2409 243
2409 42
2409 767
2410 1
2410 10
2410 43
2410 237
2411 3
2411 1940
2411 7
2411 106
2412 1281
2412 2
2412 146
2412 15
2413 1
2413 629
2413 40
2413 30
2415 0
2415 514
2415 185
2415 30
2416 3
2416 2088
2416 12
2416 79
2417 4
2417 40
2417 10
2417 1276
2418 2
2418 296
2418 92
2418 447
2419 5
2419 42
2419 10
2419 75
2420 34
2420 3
2420 1622
2420 10
2421 1
2421 34
2421 267
2421 127
2422 544
2422 22
2422 860
2422 909
2423 32
2423 1562
2423 668
2423 253
2424 18
2424 547
2424 1608
2424 444
2425 2404
2425 74
2425 108
2425 830
2426 128
2426 2
2426 165
2426 46
2427 17
2427 1537
2427 162
2427 41
2428 208
2428 6
2428 10
2428 46
2429 17
2429 5
2429 538
2429 669
2430 0
2430 119
2430 73
2430 28
2431 672
2431 881
2431 1
2431 1325
2432 3
2432 936
2432 844
2432 31
2433 2
2433 867
2433 279
2433 62
2434 481
2434 1077
2434 11
2434 31
2435 192
2435 2179
2435 10
2435 270
2436 337
2436 53
2436 135
2436 42
2437 3
2437 836
2437 7
2437 334
2438 2
2438 35
2438 669
2438 14
2439 0
2439 963
2439 675
2439 2090
2440 1
2440 49
2440 2088
2440 607
2441 3
2441 84
2441 12
2441 1581
2442 49
2442 1
2442 109
2442 2190
2443 67
2443 10
2443 138
2443 991
2444 1
2444 1108
2444 4
2444 12
2445 128
2445 1393
2445 3
2445 1517
2446 18
2446 41
2446 1593
2446 62
2447 121
2447 362
2447 638
2447 15
2448 1812
2448 92
2448 14
2448 863
2449 3
2449 22
2449 1208
2449 351
2450 35
2450 668
2450 13
2450 1022
2451 2
2451 307
2451 3
2451 5
2452 98
2452 776
2452 28
2452 845
2453 18
2453 69
2453 108
2453 654
2454 1299
2454 22
2454 343
2454 15
2455 0
2455 4
2455 265
2455 28
2456 1
2456 291
2456 153
2456 317
2458 37
2458 230
2458 237
2458 206
2459 0
2459 1
2459 2
2459 28
2460 1762
2460 1348
2460 1892
2460 11
2461 978
2461 98
2461 42
2461 1116
2462 675
2462 5
2462 6
2462 471
2463 162
2463 18
2463 1126
2463 1167
2465 5
2465 247
2465 1482
2465 2270
2466 2
2466 1573
2466 23
2466 447
2467 32
2467 499
2467 4
2467 204
2468 258
2468 371
2468 357
2468 6
2469 1
2469 34
2469 1363
2469 79
2470 119
2470 312
2470 41
2470 42
2471 0
2471 337
2471 386
2471 14
2472 16
2472 98
2472 1684
2472 2335
2473 17
2473 23
2473 75
2473 14
2474 176
2474 912
2474 22
2474 1705
2475 1
2475 2
2475 3
2475 4
2476 640
2476 54
2476 10
2476 14
2477 2
2477 258
2477 3
2477 1590
2478 1
2478 146
2478 10
2478 204
2479 32
2479 870
2479 602
2479 12
2480 1
2480 873
2480 77
2480 238
2481 19
2481 4
2481 105
2481 762
2482 112
2482 130
2482 3
2482 23
2483 881
2483 1
2483 5
2483 319
2484 1489
2484 129
2484 2
2484 553
2485 4
2485 598
2485 669
2485 14
2486 0
2486 83
2486 1644
2486 254
2487 119
2487 9
2487 60
2487 829
2488 80
2488 3
2488 6
2488 62
2489 823
2489 1977
2489 14
2489 254
2490 1699
2490 3
2490 1716
2490 1912
2491 1648
2491 6
2491 41
2491 45
2492 0
2492 2
2492 230
2492 46
2493 0
2493 1
2493 3
2493 135
2494 2
2494 22
2494 524
2494 14
2496 1
2496 837
2496 187
2496 12
2497 4
2497 5
2497 6
2497 248
2498 1892
2498 1108
2498 1272
2498 14
2499 22
2499 23
2499 9
2499 1310
2500 2
2500 149
2500 22
2500 142
2501 755
2501 407
2501 189
2501 15
2502 1473
2502 35
2502 27
2502 77
2503 2288
2503 18
2503 1690
2503 2462
2504 0
2504 34
2504 100
2504 94
2505 2
2505 1574
2505 205
2505 110
2506 2
2506 23
2506 442
2506 61
2507 3
2507 198
2507 108
2507 1581
2508 2420
2508 40
2508 8
2508 781
2510 1010
2510 98
2510 3
2510 553
2511 18
2511 3
2511 280
2511 1034
2512 116
2512 637
2512 2078
2512 494
2513 2
2513 3
2513 379
2513 14
2514 2
2514 35
2514 22
2514 15
2515 1
2515 278
2515 23
2515 141
2516 34
2516 2503
2516 28
2516 2093
2517 3
2517 598
2517 22
2517 1014
2518 2
2518 499
2518 3
2518 106
2519 18
2519 22
2519 135
2519 574
2520 128
2520 67
2520 37
2520 28
2521 401
2521 900
2521 820
2521 14
2522 1489
2522 2
2522 441
2522 12
2523 258
2523 435
2523 2412
2523 1148
2524 3
2524 310
2524 1961
2524 31
2525 2
2525 18
2525 68
2525 426
2526 4
2526 165
2526 380
2526 572
2527 1488
2527 337
2527 2323
2527 23
2528 162
2528 1128
2528 988
2528 909
2529 197
2529 598
2529 108
2529 14
2530 16
2530 1
2530 2
2530 505
2531 1
2531 3
2531 1414
2531 1759
2532 51
2532 119
2532 24
2532 12
2533 0
2533 85
2533 2284
2533 991
2535 1
2535 1830
2535 22
2535 105
2536 2
2536 34
2536 4
2536 69
2537 309
2537 5
2537 534
2537 1177
2538 35
2538 2117
2538 440
2538 315
2539 49
2539 258
2539 100
2539 14
2540 32
2540 6
2540 46
2540 15
2541 1
2541 2309
2541 12
2541 1519
2543 3
2543 393
2543 93
2543 14
2545 672
2545 69
2545 470
2545 76
2546 0
2546 49
2546 14
2546 2447
2547 760
2547 122
2547 266
2547 28
2548 6
2548 521
2548 2461
2548 589
2549 1060
2549 1253
2549 37
2549 10
2550 193
2550 6
2550 1447
2550 1390
2551 244
2551 138
2551 666
2551 12
2552 720
2552 133
2552 119
2552 46
2553 6
2553 520
2553 1229
2553 14
2554 17
2554 1473
2554 5
2554 25
2555 1361
2555 273
2555 450
2555 86
2556 2
2556 2467
2556 357
2556 90
2557 163
2557 85
2557 2153
2557 141
2558 128
2558 2
2558 121
2558 253
2559 1059
2559 133
2559 126
2559 2303
2560 1
2560 673
2560 3
2560 1176
2561 0
2561 1732
2561 8
2561 781
2562 1
2562 3
2562 41
2562 9
2563 0
2563 3
2563 1020
2563 46
2564 178
2564 3
2564 74
2564 14
2565 1424
2565 2
2565 6
2565 1996
2566 129
2566 98
2566 3
2566 263
2567 2
2567 1347
2567 297
2567 27
2568 227
2568 67
2568 23
2568 749
2569 1
2569 4
2569 278
2569 206
2570 49
2570 51
2570 4
2570 125
2571 2
2571 743
2571 253
2571 14
2572 192
2572 842
2572 14
2572 175
2574 2
2574 146
2574 3
2574 810
2575 0
2575 2
2575 18
2575 2019
2576 3
2576 2245
2576 1079
2576 79
2577 2
2577 1718
2577 234
2577 14
2578 1618
2578 844
2578 14
2578 15
2579 1
2579 3
2579 1515
2579 796
2580 32
2580 18
2580 553
2580 268
2581 2
2581 37
2581 1126
2581 41
2582 19
2582 534
2582 553
2582 2236
2583 643
2583 7
2583 202
2583 239
2584 4
2584 7
2584 12
2584 15
2585 0
2585 481
2585 2
2585 28
2586 32
2586 577
2586 189
2586 15
2587 67
2587 4
2587 6
2587 527
2588 2
2588 227
2588 1366
2588 41
2589 426
2589 317
2589 142
2589 991
2590 82
2590 4
2590 298
2590 77
2591 1200
2591 673
2591 1604
2591 43
2592 132
2592 100
2592 22
2592 527
2593 146
2593 4
2593 734
2593 2127
2594 0
2594 32
2594 1
2594 23
2595 0
2595 35
2595 5
2595 284
2596 2
2596 3
2596 35
2596 1079
2597 71
2597 1864
2597 27
2597 1100
2598 289
2598 3
2598 4
2598 6
2599 5
2599 935
2599 872
2599 460
2600 3
2600 1667
2600 133
2600 1390
2601 133
2601 409
2601 1610
2601 1402
2602 817
2602 1
2602 181
2602 860
2603 18
2603 965
2603 839
2603 42
2604 1
2604 3
2604 204
2604 92
2605 258
2605 34
2605 2533
2605 22
2606 400
2606 341
2606 345
2606 14
2607 144
2607 3
2607 4
2607 28
2608 0
2608 3
2608 489
2608 204
2609 432
2609 202
2609 74
2609 271
2610 129
2610 1
2610 90
2610 973
2611 3
2611 807
2611 155
2611 1803
2612 1
2612 34
2612 3
2612 12
2613 1
2613 77
2613 2031
2613 15
2614 17
2614 1150
2614 142
2614 15
2615 432
2615 160
2615 278
2615 813
2616 37
2616 57
2616 46
2616 191
2617 1
2617 3
2617 115
2617 15
2618 214
2618 23
2618 73
2618 330
2619 40
2619 11
2619 141
2619 1087
2620 17
2620 4
2620 1815
2620 14
2621 0
2621 1926
2621 333
2621 237
2622 2
2622 5
2622 7
2622 364
2623 307
2623 120
2623 1931
2623 1211
2624 818
2624 547
2624 1062
2624 27
2625 100
2625 263
2625 347
2625 1355
2626 313
2626 41
2626 861
2626 2142
2627 1110
2627 217
2627 493
2627 110
2628 1
2628 51
2628 1029
2628 15
2629 2
2629 2549
2629 826
2629 1356
2630 1
2630 1089
2630 238
2630 2447
2631 34
2631 758
2631 360
2631 2173
2632 2
2632 5
2632 297
2632 59
2634 130
2634 274
2634 18
2634 122
2635 0
2635 18
2635 1558
2635 27
2636 18
2636 2
2636 4
2636 796
2637 274
2637 83
2637 524
2637 94
2638 337
2638 3
2638 122
2638 444
2639 2467
2639 1547
2639 46
2639 1967
2640 1
2640 436
2640 85
2640 342
2641 2
2641 3
2641 4
2641 1436
2643 32
2643 837
2643 11
2643 204
2644 416
2644 1
2644 197
2644 300
2645 0
2645 1
2645 67
2645 2516
2646 352
2646 2497
2646 549
2646 1352
2647 0
2647 2
2647 5
2647 1420
2648 1
2648 2
2648 138
2648 1259
2649 36
2649 1701
2649 23
2649 1791
2650 2
2650 3
2650 995
2650 1694
2651 160
2651 34
2651 3
2651 4
2652 65
2652 215
2652 7
2652 28
2653 1618
2653 1353
2653 634
2653 1740
2654 754
2654 121
2654 553
2654 12
2655 2
2655 1843
2655 74
2655 108
2656 961
2656 1
2656 3
2656 5
2657 2
2657 3
2657 963
2657 119
2658 1745
2658 586
2658 45
2658 974
2659 0
2659 1338
2659 14
2659 15
2660 594
2660 2212
2660 23
2660 42
2661 3
2661 24
2661 249
2661 524
2662 3
2662 725
2662 230
2662 922
2663 32
2663 100
2663 1543
2663 41
2664 756
2664 1252
2664 238
2664 207
2665 1
2665 2497
2665 2198
2665 12
2666 0
2666 2
2666 905
2666 318
2667 258
2667 3
2667 93
2667 222
2668 4
2668 71
2668 10
2668 605
2669 1202
2669 89
2669 1614
2669 15
2670 5
2670 37
2670 647
2670 12
2671 1
2671 38
2671 22
2671 12
2673 5
2673 1206
2673 230
2673 584
2674 42
2674 44
2674 46
2674 15
2675 2321
2675 5
2675 22
2675 79
2676 0
2676 3
2676 4
2676 430
2677 1
2677 3
2677 776
2677 62
2678 33
2678 2
2678 323
2678 119
2679 2
2679 35
2679 2237
2679 575
2680 32
2680 3
2680 125
2680 254
2681 1
2681 3
2681 38
2681 859
2682 1
2682 673
2682 108
2682 175
2683 133
2683 1130
2683 222
2683 846
2684 80
2684 88
2684 1274
2684 62
2685 1075
2685 4
2685 2389
2685 8
2686 272
2686 3
2686 19
2686 74
2687 640
2687 1
2687 598
2687 204
2688 1090
2688 22
2688 204
2688 317
2689 23
2689 428
2689 365
2689 157
2690 3
2690 981
2690 5
2690 2280
2691 1
2691 793
2691 122
2691 684
2692 1
2692 598
2692 23
2692 747
2694 501
2694 936
2694 280
2694 238
2695 224
2695 417
2695 1722
2695 14
2696 545
2696 1
2696 1267
2696 460
2697 176
2697 51
2697 53
2697 27
2698 1
2698 3
2698 1141
2698 119
2699 563
2699 67
2699 299
2699 157
2700 0
2700 2
2700 712
2700 237
2701 1
2701 1283
2701 5
2701 1690
2703 193
2703 227
2703 23
2703 27
2704 0
2704 1843
2704 10
2704 494
2705 2
2705 821
2705 53
2705 422
2706 19
2706 6
2706 1642
2706 75
2707 352
2707 501
2707 537
2707 9
2708 1
2708 34
2708 22
2708 2380
2709 4
2709 758
2709 41
2709 10
2710 1281
2710 2
2710 93
2710 14
2711 2544
2711 2035
2711 1068
2711 1661
2712 1
2712 130
2712 4
2712 171
2713 1623
2713 1399
2713 27
2713 108
2714 98
2714 1850
2714 653
2714 271
2715 3
2715 19
2715 197
2715 105
2716 2
2716 67
2716 122
2716 10
2717 18
2717 19
2717 837
2717 255
2718 448
2718 4
2718 5
2718 59
2719 1
2719 3
2719 138
2719 47
2720 149
2720 120
2720 1612
2720 62
2721 1952
2721 354
2721 1835
2721 107
2722 34
2722 3
2722 10
2722 1567
2723 1
2723 100
2723 988
2723 125
2724 148
2724 5
2724 1015
2724 414
2725 49
2725 87
2725 92
2725 1966
2726 977
2726 2242
2726 2041
2726 762
2727 18
2727 274
2727 220
2727 15
2728 2
2728 4
2728 5
2728 585
2729 4
2729 389
2729 2071
2729 1368
2730 18
2730 342
2730 345
2730 62
2731 3
2731 2199
2731 1065
2731 991
2732 226
2732 6
2732 246
2732 43
2733 2
2733 358
2733 600
2733 251
2734 22
2734 28
2734 381
2734 702
2735 1586
2735 3
2735 790
2735 712
2736 4
2736 1674
2736 109
2736 238
2738 257
2738 2166
2738 22
2738 988
2739 354
2739 4
2739 168
2739 25
2740 0
2740 258
2740 102
2740 12
2741 2160
2741 304
2741 34
2741 1432
2742 3
2742 35
2742 1564
2742 796
2743 1
2743 35
2743 1414
2743 585
2744 34
2744 4
2744 77
2744 702
2745 3
2745 6
2745 87
2745 843
2747 3
2747 14
2747 46
2747 766
2748 2
2748 5
2748 120
2748 10
2749 10
2749 1068
2749 2174
2749 2414
2750 816
2750 539
2750 2670
2750 879
2751 577
2751 211
2751 1192
2751 380
2752 2690
2752 3
2752 9
2752 14
2753 32
2753 4
2753 441
2753 1258
2754 1601
2754 2
2754 35
2754 142
2755 2675
2755 35
2755 1723
2755 878
2756 2
2756 2034
2756 34
2756 12
2757 1
2757 2292
2757 246
2757 2650
2758 49
2758 213
2758 1304
2758 92
2759 534
2759 6
2759 28
2759 479
2760 1
2760 108
2760 2221
2760 510
2761 641
2761 4
2761 69
2761 134
2762 980
2762 152
2762 313
2762 2239
2763 98
2763 84
2763 119
2763 206
2764 1
2764 6
2764 12
2764 476
2765 35
2765 53
2765 5
2765 431
2766 163
2766 35
2766 22
2766 60
2767 1
2767 577
2767 406
2767 6
2768 418
2768 389
2768 41
2768 539
2769 4
2769 1384
2769 8
2769 139
2770 0
2770 499
2770 5
2770 1627
2772 2
2772 227
2772 100
2772 23
2773 881
2773 1619
2773 249
2773 189
2774 34
2774 2
2774 194
2774 10
2775 754
2775 22
2775 28
2775 366
2776 98
2776 85
2776 873
2776 14
2777 672
2777 899
2777 2227
2777 1207
2778 32
2778 1266
2778 789
2778 44
2779 560
2779 5
2779 6
2779 379
2782 180
2782 2548
2782 569
2782 10
2783 807
2783 10
2783 509
2783 175
2784 2386
2784 27
2784 14
2784 255
2785 1392
2785 563
2785 2491
2785 92
2786 0
2786 1
2786 424
2786 171
2787 2
2787 4
2787 37
2787 6
2788 776
2788 56
2788 9
2788 59
2789 834
2789 936
2789 121
2789 13
2790 0
2790 2
2790 744
2790 317
2791 1808
2791 35
2791 2695
2791 1118
2792 34
2792 2
2792 1283
2792 28
2793 1794
2793 4
2793 123
2793 254
2794 82
2794 53
2794 22
2794 2155
2795 0
2795 17
2795 67
2795 90
2796 81
2796 67
2796 22
2796 423
2797 130
2797 100
2797 605
2797 14
2798 2
2798 83
2798 23
2798 121
2799 81
2799 98
2799 6
2799 46
2800 18
2800 2
2800 4
2800 399
2801 2
2801 3
2801 534
2801 14
2802 2
2802 345
2802 1372
2802 174
2803 346
2803 843
2803 61
2803 79
2804 1
2804 52
2804 6
2804 185
2805 786
2805 1096
2805 313
2805 1806
2806 547
2806 2580
2806 732
2806 1068
2807 2002
2807 1145
2807 12
2807 317
2808 1
2808 1108
2808 5
2808 61
2809 244
2809 37
2809 1127
2809 636
2810 976
2810 2
2810 135
2810 41
2811 1696
2811 584
2811 12
2811 204
2812 640
2812 273
2812 2060
2812 12
2813 0
2813 52
2813 487
2813 41
2814 208
2814 2272
2814 35
2814 3
2815 112
2815 3
2815 28
2815 14
2816 0
2816 1124
2816 697
2816 493
2817 2
2817 22
2817 23
2817 329
2818 567
2818 440
2818 940
2818 255
2819 352
2819 1
2819 794
2819 27
2821 82
2821 5
2821 919
2821 12
2823 98
2823 2486
2823 59
2823 589
2824 32
2824 754
2824 34
2824 351
2825 2592
2825 2
2825 1259
2825 28
2826 180
2826 22
2826 14
2826 15
2827 5
2827 616
2827 10
2827 174
2828 18
2828 123
2828 109
2828 253
2829 100
2829 5
2829 120
2829 589
2830 1
2830 4
2830 280
2830 139
2831 3
2831 1411
2831 185
2831 15
2832 2
2832 647
2832 841
2832 2766
2833 18
2833 67
2833 3
2833 2279
2834 80
2834 518
2834 1447
2834 77
2835 2321
2835 1
2835 119
2835 1899
2837 112
2837 327
2837 93
2837 126
2838 3
2838 803
2838 21
2838 267
2839 725
2839 13
2839 477
2839 1198
2840 32
2840 176
2840 2522
2840 59
2841 1794
2841 180
2841 165
2841 6
2842 2
2842 3
2842 633
2842 1069
2843 2098
2843 2
2843 1716
2843 12
2844 1621
2844 1334
2844 23
2844 141
2845 401
2845 68
2845 2077
2845 2751
2846 1074
2846 4
2846 1896
2846 1609
2847 1
2847 3
2847 2183
2847 2831
2848 1
2848 18
2848 3
2848 67
2849 49
2849 210
2849 615
2849 267
2850 1
2850 3
2850 134
2850 152
2851 135
2851 59
2851 1244
2851 1356
2852 1
2852 481
2852 914
2852 185
2853 38
2853 56
2853 685
2853 191
2854 0
2854 3
2854 291
2854 30
2855 34
2855 5
2855 7
2855 139
2856 1
2856 2115
2856 312
2856 15
2857 1
2857 5
2857 7
2857 441
2858 0
2858 134
2858 43
2858 1422
2859 178
2859 84
2859 1051
2859 2302
2860 22
2860 1111
2860 152
2860 79
2861 0
2861 4
2861 1548
2861 14
2862 337
2862 1
2862 5
2862 1387
2863 1
2863 2115
2863 1260
2863 109
2864 227
2864 5
2864 493
2864 1183
2865 82
2865 35
2865 712
2865 1050
2866 1090
2866 3
2866 119
2866 13
2867 772
2867 5
2867 123
2867 175
2868 881
2868 2
2868 2115
2868 171
2869 675
2869 691
2869 5
2869 141
2870 257
2870 1475
2870 2228
2870 316
2871 1414
2871 710
2871 859
2871 749
2872 161
2872 305
2872 86
2872 15
2873 165
2873 905
2873 2217
2873 266
2874 501
2874 406
2874 153
2874 123
2875 34
2875 1314
2875 1803
2875 2827
2876 163
2876 12
2876 94
2876 15
2877 2
2877 3
2877 41
2877 13
2878 98
2878 247
2878 1133
2878 847
2879 23
2879 135
2879 92
2879 62
2880 1207
2880 2489
2880 187
2880 14
2881 1812
2881 2053
2881 231
2881 43
2882 2176
2882 919
2882 23
2882 2127
2883 86
2883 184
2883 26
2883 27
2884 3
2884 7
2884 2375
2884 524
2885 176
2885 737
2885 3
2885 1455
2886 2
2886 5
2886 10
2886 954
2887 0
2887 2
2887 1690
2887 794
2888 1108
2888 842
2888 46
2888 431
2889 32
2889 2640
2889 477
2889 1886
2890 0
2890 19
2890 2150
2890 10
2891 640
2891 3
2891 846
2891 494
2892 2
2892 34
2892 584
2892 10
2893 1
2893 387
2893 148
2893 2071
2896 993
2896 195
2896 1996
2896 589
2897 0
2897 49
2897 69
2897 2088
2898 3
2898 230
2898 2238
2898 2494
2899 73
2899 619
2899 141
2899 14
2900 0
2900 32
2900 901
2900 6
2902 1
2902 514
2902 53
2902 505
2903 0
2903 162
2903 25
2903 14
2904 2033
2904 2
2904 3
2904 280
2905 547
2905 293
2905 22
2905 185
2906 0
2906 2
2906 165
2906 5
2907 1
2907 2
2907 59
2907 28
2908 2
2908 323
2908 516
2908 1051
2909 0
2909 161
2909 3
2909 90
2910 0
2910 2658
2910 1557
2910 1449
2911 5
2911 1064
2911 138
2911 379
2912 1
2912 34
2912 406
2912 2488
2913 3
2913 119
2913 42
2913 223
2914 1238
2914 119
2914 1676
2914 1708
2915 256
2915 452
2915 121
2915 1775
2916 119
2916 11
2916 13
2916 2382
2917 49
2917 3
2917 21
2917 107
2918 2
2918 2675
2918 5
2918 965
2919 1667
2919 21
2919 2070
2919 1438
2920 2
2920 452
2920 22
2920 2782
2921 1939
2921 67
2921 803
2921 207
2922 2
2922 1637
2922 1629
2922 15
2923 2
2923 100
2923 76
2923 12
2924 417
2924 73
2924 141
2924 205
2925 0
2925 6
2925 119
2925 46
2926 337
2926 24
2926 520
2926 633
2927 3
2927 204
2927 268
2927 15
2928 1619
2928 100
2928 823
2928 14
2929 49
2929 2066
2929 106
2929 1004
2930 3
2930 23
2930 1401
2930 41
2931 850
2931 323
2931 5
2931 102
2932 2
2932 3
2932 21
2932 14
2933 5
2933 790
2933 6
2933 238
2934 1856
2934 230
2934 7
2934 108
2935 67
2935 6
2935 139
2935 1069
2936 401
2936 1652
2936 23
2936 238
2937 2755
2937 357
2937 1480
2937 616
2938 2224
2938 152
2938 1259
2938 269
2939 3
2939 7
2939 2488
2939 668
2940 0
2940 1155
2940 504
2940 14
2941 1
2941 4
2941 2773
2941 2203
2942 163
2942 134
2942 998
2942 15
2943 3
2943 69
2943 2613
2943 5
2944 352
2944 1
2944 22
2944 62
2945 128
2945 1142
2945 237
2945 447
2946 2
2946 5
2946 28
2946 908
2947 1
2947 18
2947 2
2947 4
2948 0
2948 1
2948 10
2948 2635
2949 1
2949 1617
2949 19
2949 28
2950 2
2950 23
2950 504
2950 878
2951 1185
2951 1
2951 4
2951 263
2952 0
2952 323
2952 326
2952 126
2953 2034
2953 747
2953 187
2953 92
2954 2496
2954 85
2954 234
2954 459
2955 2
2955 1507
2955 1236
2955 1116
2956 2949
2956 2661
2956 22
2956 56
2957 161
2957 1592
2957 11
2957 61
2958 342
2958 1321
2958 30
2958 1694
2959 1
2959 195
2959 22
2959 14
2960 112
2960 566
2960 90
2960 79
2961 1
2961 1025
2961 2033
2961 7
2962 2
2962 18
2962 53
2962 646
2963 2
2963 22
2963 12
2963 126
2964 2
2964 121
2964 61
2964 462
2965 4
2965 631
2965 8
2965 12
2966 1843
2966 69
2966 629
2966 425
2967 1
2967 2
2967 59
2967 14
2968 512
2968 1545
2968 10
2968 13
2969 1
2969 2
2969 1275
2969 15
2970 3
2970 6
2970 23
2970 2235
2971 2
2971 3
2971 5
2971 22
2972 5
2972 88
2972 10
2972 14
2973 52
2973 437
2973 380
2973 383
2974 2
2974 597
2974 5
2974 278
2975 1
2975 953
2975 2361
2975 827
2976 544
2976 3
2976 6
2976 248
2978 49
2978 163
2978 92
2978 668
2979 18
2979 162
2979 37
2979 837
2980 2
2980 3
2980 518
2980 447
2981 34
2981 4
2981 5
2981 1789
2982 98
2982 963
2982 19
2982 725
2983 640
2983 1
2983 246
2983 279
2984 2
2984 83
2984 404
2984 919
2985 64
2985 945
2985 41
2985 2203
2986 707
2986 5
2986 2269
2986 14
2987 5
2987 7
2987 1209
2987 411
2988 0
2988 305
2988 1556
2988 6
2989 3
2989 6
2989 9
2989 79
2990 162
2990 152
2990 2622
2990 430
2991 49
2991 515
2991 134
2991 329
2992 5
2992 489
2992 1819
2992 798
2994 193
2994 3
2994 10
2994 14
2996 3
2996 1187
2996 10
2996 379
2997 0
2997 627
2997 35
2997 59
2998 258
2998 9
2998 2988
2998 2030
2999 1
2999 450
2999 1372
2999 845
3000 6
3000 2810
3000 1515
3000 29
3001 18
3001 121
3001 174
3001 2335
3002 1
3002 5
3002 837
3002 589
3004 611
3004 1098
3004 1791
3004 175
3005 1
3005 146
3005 2360
3005 2425
3006 18
3006 279
3006 25
3006 77
3007 32
3007 1077
3007 392
3007 12
3008 369
3008 3
3008 8
3008 157
3009 55
3009 27
3009 62
3009 95
3010 293
3010 105
3010 10
3010 2827
3011 0
3011 4
3011 23
3011 73
3012 1926
3012 234
3012 27
3012 861
3013 35
3013 1110
3013 10
3013 317
3014 2
3014 1545
3014 1530
3014 2270
3015 1
3015 68
3015 85
3015 1064
3016 153
3016 12
3016 1469
3016 254
3017 2016
3017 1317
3017 248
3017 14
3018 3
3018 135
3018 168
3018 2794
3019 0
3019 1090
3019 1700
3019 2219
3021 0
3021 1508
3021 313
3021 267
3023 0
3023 337
3023 705
3023 2
3025 2
3025 1321
3025 13
3025 62
3026 1
3026 22
3026 1304
3026 42
3027 161
3027 1209
3027 265
3027 10
3028 4
3028 37
3028 406
3028 454
3030 54
3030 249
3030 284
3030 1597
3031 1843
3031 35
3031 61
3031 653
3032 3
3032 6
3032 7
3032 1592
3033 512
3033 68
3033 1140
3033 93
3034 1
3034 69
3034 823
3034 668
3035 1
3035 18
3035 342
3035 524
3036 112
3036 626
3036 3
3036 1079
3037 0
3037 1
3037 135
3037 1198
3038 18
3038 323
3038 1545
3038 14
3039 1794
3039 3
3039 100
3039 59
3040 0
3040 146
3040 1410
3040 15
3041 129
3041 2
3041 10
3041 15
3042 98
3042 1909
3042 135
3042 463
3043 0
3043 2419
3043 23
3043 2910
3045 5
3045 838
3045 427
3045 1070
3046 128
3046 625
3046 5
3046 79
3047 0
3047 1
3047 6
3047 493
3048 1
3048 3
3048 108
3048 254
3049 321
3049 305
3049 105
3049 9
3050 386
3050 999
3050 9
3050 27
3051 360
3051 1640
3051 27
3051 270
3052 1073
3052 291
3052 1352
3052 171
3053 2
3053 6
3053 2093
3053 237
3054 176
3054 1649
3054 2
3054 91
3055 1
3055 2
3055 662
3055 59
3056 4
3056 100
3056 2441
3056 380
3057 930
3057 534
3057 1447
3057 27
3058 2176
3058 667
3058 204
3058 157
3059 0
3059 580
3059 2982
3059 825
3061 32
3061 830
3061 510
3061 223
3062 3024
3062 804
3062 681
3062 505
3063 2
3063 931
3063 10
3063 334
3064 4
3064 1813
3064 104
3064 62
3065 100
3065 2473
3065 1641
3065 108
3066 160
3066 993
3066 1931
3066 15
3067 18
3067 146
3067 6
3067 59
3068 660
3068 2454
3068 1740
3068 47
3069 22
3069 23
3069 712
3069 46
3070 1
3070 4
3070 44
3070 79
3071 2
3071 1127
3071 473
3071 249
3072 787
3072 922
3072 62
3072 14
3073 134
3073 1206
3073 184
3073 447
3074 1633
3074 3
3074 134
3074 88
3075 49
3075 501
3075 85
3075 8
3076 3
3076 790
3076 2952
3076 47
3077 4
3077 100
3077 1228
3077 959
3078 837
3078 119
3078 12
3078 14
3079 1136
3079 1
3079 2595
3079 15
3080 4
3080 5
3080 806
3080 108
3081 32
3081 4
3081 5
3081 815
3082 96
3082 41
3082 9
3082 175
3083 1
3083 75
3083 460
3083 157
3084 675
3084 100
3084 156
3084 750
3085 181
3085 22
3085 1734
3085 62
3086 58
3086 138
3086 910
3086 15
3087 384
3087 2
3087 6
3087 7
3088 22
3088 988
3088 2060
3088 13
3089 2
3089 341
3089 230
3089 1070
3090 2384
3090 5
3090 790
3090 2088
3091 3
3091 1382
3091 1414
3091 135
3092 34
3092 3078
3092 1769
3092 1711
3093 2
3093 121
3093 10
3093 62
3094 3
3094 408
3094 171
3094 108
3095 371
3095 2489
3095 171
3095 494
3096 0
3096 4
3096 169
3096 12
3097 68
3097 22
3097 42
3097 956
3098 168
3098 1352
3098 462
3098 15
3099 0
3099 2
3099 3029
3099 654
3100 291
3100 4
3100 28
3100 3038
3101 2
3101 4
3101 23
3101 14
3102 1
3102 146
3102 563
3102 231
3103 960
3103 0
3103 803
3103 1817
3105 675
3105 3
3105 1912
3105 25
3106 1
3106 2
3106 83
3106 895
3107 1010
3107 3
3107 5
3107 2317
3108 1649
3108 22
3108 2455
3108 2414
3109 1329
3109 4
3109 24
3109 47
3110 2
3110 134
3110 23
3110 987
3111 2
3111 4
3111 6
3111 1258
3112 3
3112 756
3112 109
3112 510
3113 3
3113 5
3113 743
3113 12
3114 67
3114 4
3114 6
3114 62
3115 6
3115 2488
3115 440
3115 1087
3116 0
3116 226
3116 41
3116 142
3117 1
3117 2084
3117 1259
3117 267
3118 1318
3118 2028
3118 2175
3118 847
3119 2
3119 35
3119 21
3119 42
3121 128
3121 1
3121 18
3121 46
3122 580
3122 8
3122 10
3122 1375
3123 560
3123 1024
3123 1
3123 813
3124 2
3124 489
3124 427
3124 12
3126 2
3126 3
3126 4
3126 1145
3127 150
3127 216
3127 152
3127 123
3128 534
3128 10
3128 141
3128 142
3129 627
3129 5
3129 1065
3129 1343
3130 5
3130 1110
3130 859
3130 284
3131 1872
3131 0
3131 1064
3131 2622
3132 4
3132 6
3132 8
3132 12
3133 3
3133 997
3133 168
3133 238
3134 645
3134 2888
3134 2136
3134 15
3135 881
3135 18
3135 7
3135 2553
3136 258
3136 1223
3136 215
3136 1674
3137 1
3137 737
3137 33
3137 30
3138 0
3138 5
3138 59
3138 879
3139 17
3139 837
3139 646
3139 447
3140 1
3140 4
3140 85
3140 330
3141 5
3141 357
3141 152
3141 477
3142 32
3142 5
3142 135
3142 1709
3143 1
3143 1379
3143 547
3143 2090
3144 305
3144 67
3144 4
3144 9
3145 0
3145 35
3145 4
3145 327
3146 32
3146 1010
3146 195
3146 440
3147 1984
3147 704
3147 961
3147 92
3148 2992
3148 1077
3148 1030
3148 364
3149 0
3149 2
3149 18
3149 5
3150 0
3150 4
3150 22
3150 237
3151 0
3151 32
3151 3
3151 1685
3152 0
3152 323
3152 24
3152 12
3153 208
3153 37
3153 119
3153 1017
3154 17
3154 163
3154 859
3154 14
3155 2
3155 3
3155 1657
3155 2859
3156 121
3156 10
3156 1165
3156 238
3157 2
3157 323
3157 3
3157 62
3158 18
3158 2
3158 563
3158 27
3159 2
3159 6
3159 2652
3159 127
3160 978
3160 499
3160 41
3160 428
3161 337
3161 2
3161 1623
3161 412
3162 0
3162 323
3162 237
3162 30
3163 1713
3163 34
3163 100
3163 62
3164 17
3164 1025
3164 1620
3164 198
3165 6
3165 105
3165 284
3165 206
3166 35
3166 148
3166 22
3166 1481
3167 81
3167 3
3167 2538
3167 1259
3168 560
3168 2
3168 1420
3168 78
3169 128
3169 625
3169 18
3169 14
3170 0
3170 2529
3170 67
3170 190
3171 1
3171 1494
3171 1755
3171 319
3172 161
3172 2996
3172 141
3172 989
3173 648
3173 1870
3173 30
3173 574
3174 0
3174 3
3174 348
3174 46
3175 388
3175 1592
3175 2346
3175 10
3176 1
3176 3
3176 122
3176 2571
3177 1156
3177 469
3177 2892
3177 431
3178 867
3178 3
3178 27
3178 239
3179 0
3179 160
3179 794
3179 251
3180 881
3180 2
3180 3
3180 5
3181 2097
3181 521
3181 90
3181 2604
3182 208
3182 2868
3182 613
3182 845
3183 33
3183 2389
3183 1478
3183 38
3185 0
3185 520
3185 2522
3185 431
3186 675
3186 1077
3186 535
3186 203
3187 3
3187 1843
3187 727
3187 156
3188 3170
3188 3
3188 9
3188 15
3189 32
3189 2
3189 19
3189 27
3190 1
3190 4
3190 87
3190 1821
3191 4
3191 117
3191 121
3191 94
3192 5
3192 22
3192 8
3192 191
3193 3
3193 1989
3193 2125
3193 142
3194 1248
3194 5
3194 42
3194 126
3195 2
3195 1305
3195 141
3195 381
3196 245
3196 6
3196 22
3196 493
3197 258
3197 227
3197 19
3197 14
3198 3
3198 67
3198 230
3198 2459
3199 2
3199 1843
3199 489
3199 46
3200 112
3200 1557
3200 9
3200 1807
3201 32
3201 23
3201 59
3201 27
3202 2
3202 67
3202 37
3202 540
3203 2470
3203 12
3203 1150
3203 351
3204 49
3204 1652
3204 22
3204 831
3206 34
3206 87
3206 152
3206 62
3207 22
3207 10
3207 206
3207 142
3208 1223
3208 12
3208 1804
3208 62
3209 384
3209 5
3209 2136
3209 475
3210 1264
3210 6
3210 875
3210 126
3211 611
3211 3
3211 247
3211 631
3212 193
3212 21
3212 645
3212 2314
3213 0
3213 2
3213 310
3213 1400
3214 1123
3214 4
3214 9
3214 1309
3215 0
3215 35
3215 5
3215 1068
3216 1
3216 2
3216 92
3216 14
3217 34
3217 344
3217 2857
3217 267
3218 18
3218 4
3218 23
3218 24
3219 4
3219 27
3219 1709
3219 447
3220 226
3220 25
3220 234
3220 42
3221 0
3221 258
3221 123
3221 77
3222 3
3222 245
3222 6
3222 95
3223 85
3223 1142
3223 23
3223 24
3224 2115
3224 5
3224 22
3224 62
3225 4
3225 40
3225 14
3225 255
3226 3
3226 1972
3226 1609
3226 46
3227 464
3227 642
3227 998
3227 14
3228 1797
3228 22
3228 1064
3228 94
3229 640
3229 128
3229 1
3229 11
3230 2406
3230 535
3230 23
3230 10
3231 130
3231 85
3231 121
3231 605
3232 2
3232 3
3232 485
3232 1951
3233 1
3233 2
3233 5
3233 540
3234 659
3234 119
3234 10
3234 1355
3235 1
3235 134
3235 712
3235 3181
3236 34
3236 1155
3236 4
3236 2406
3237 49
3237 755
3237 4
3237 2491
3238 1
3238 2
3238 46
3238 3039
3239 978
3239 5
3239 23
3239 125
3240 3
3240 3093
3240 1017
3240 329
3241 2
3241 675
3241 1174
3241 1096
3243 65
3243 2
3243 3
3243 10
3244 4
3244 52
3244 1174
3244 507
3245 3
3245 548
3245 584
3245 138
3246 0
3246 3
3246 148
3246 3179
3247 679
3247 493
3247 685
3247 15
3248 5
3248 23
3248 106
3248 109
3249 100
3249 647
3249 11
3249 27
3250 0
3250 1
3250 1827
3250 284
3251 208
3251 1620
3251 1607
3251 205
3252 3
3252 28
3252 893
3252 14
3253 3
3253 19
3253 84
3253 974
3254 165
3254 1209
3254 138
3254 46
3255 97
3255 2
3255 3
3255 317
3256 5
3256 1277
3256 14
3256 207
3257 176
3257 2722
3257 1317
3257 649
3258 385
3258 2866
3258 165
3258 2907
3260 2
3260 372
3260 69
3260 25
3261 595
3261 1962
3261 2059
3261 109
3262 17
3262 466
3262 455
3262 1097
3263 194
3263 834
3263 54
3263 2958
3264 597
3264 1015
3264 1896
3264 15
3265 305
3265 180
3265 2762
3265 1098
3266 755
3266 3
3266 1636
3266 175
3268 176
3268 2
3268 3
3268 989
3269 720
3269 2834
3269 41
3269 442
3270 1
3270 1910
3270 234
3270 14
3271 3
3271 2584
3271 170
3271 12
3272 2098
3272 4
3272 2325
3272 22
3273 34
3273 4
3273 84
3273 89
3274 2
3274 51
3274 148
3274 123
3275 0
3275 1
3275 253
3275 206
3276 1
3276 4
3276 869
3276 669
3277 160
3277 37
3277 680
3277 121
3278 837
3278 534
3278 1000
3278 31
3279 2820
3279 204
3279 1693
3279 142
3280 32
3280 337
3280 51
3280 1390
3281 0
3281 835
3281 3
3281 755
3282 0
3282 3
3282 12
3282 237
3283 3
3283 612
3283 1686
3283 7
3284 0
3284 4
3284 2421
3284 975
3285 128
3285 227
3285 516
3285 1182
3287 305
3287 2
3287 2489
3287 42
3288 18
3288 4
3288 647
3288 135
3289 210
3289 2840
3289 10
3289 15
3290 179
3290 115
3290 19
3290 90
3291 3
3291 100
3291 22
3291 3194
3292 0
3292 450
3292 62
3292 2447
3293 226
3293 21
3293 10
3293 316
3294 97
3294 1185
3294 5
3294 1853
3295 97
3295 515
3295 554
3295 170
3296 208
3296 1090
3296 1301
3296 1518
3297 337
3297 2
3297 85
3297 1547
3298 2
3298 2516
3298 198
3298 444
3299 0
3299 7
3299 424
3299 206
3300 1
3300 226
3300 34
3300 8
3301 81
3301 5
3301 11
3301 156
3302 0
3302 1813
3302 1111
3302 892
3303 2853
3303 2812
3303 844
3303 15
3304 1409
3304 1
3304 150
3304 3049
3305 547
3305 2372
3305 1766
3305 27
3307 979
3307 6
3307 1366
3307 311
3308 257
3308 1141
3308 170
3308 62
3310 22
3310 2727
3310 23
3310 12
3311 2224
3311 6
3311 46
3311 79
3312 194
3312 5
3312 2123
3312 879
3313 2372
3313 4
3313 7
3313 255
3314 4
3314 37
3314 796
3314 94
3315 160
3315 1
3315 69
3315 3055
3316 2
3316 371
3316 55
3316 472
3317 2
3317 803
3317 9
3317 1243
3318 464
3318 5
3318 22
3318 493
3319 1209
3319 62
3319 14
3319 847
3320 97
3320 2
3320 553
3320 42
3321 3
3321 694
3321 1704
3321 12
3322 33
3322 2
3322 4
3322 203
3323 0
3323 3
3323 1844
3323 237
3324 0
3324 5
3324 59
3324 605
3325 145
3325 2338
3325 3
3325 1139
3326 640
3326 1
3326 2
3326 3
3327 2
3327 1702
3327 330
3327 543
3328 1
3328 1585
3328 5
3328 9
3329 0
3329 372
3329 1607
3329 1240
3330 1185
3330 52
3330 1701
3330 191
3331 8
3331 2346
3331 605
3331 975
3332 1424
3332 1010
3332 62
3332 655
3333 18
3333 34
3333 23
3333 552
3334 1506
3334 3074
3334 342
3334 267
3335 1200
3335 0
3335 2827
3335 1101
3336 2496
3336 3
3336 518
3336 1558
3337 1
3337 612
3337 40
3337 2061
3338 161
3338 3
3338 691
3338 10
3339 1
3339 3314
3339 10
3339 109
3340 135
3340 1657
3340 27
3340 223
3341 449
3341 241
3341 835
3341 238
3342 3
3342 1141
3342 74
3342 333
3343 32
3343 5
3343 2988
3343 1999
3344 3
3344 883
3344 372
3344 9
3345 2754
3345 2
3345 837
3345 2447
3346 1
3346 3
3346 4
3346 135
3347 0
3347 195
3347 1260
3347 15
3348 0
3348 1
3348 34
3348 1188
3349 1
3349 2
3349 3
3349 323
3350 49
3350 2364
3350 175
3350 15
3351 258
3351 2
3351 2198
3351 28
3352 1
3352 786
3352 6
3352 12
3353 178
3353 2
3353 19
3353 1332
3354 1684
3354 22
3354 294
3354 715
3355 835
3355 51
3355 278
3355 807
3356 18
3356 5
3356 3317
3356 15
3357 528
3357 3
3357 55
3357 1356
3358 6
3358 42
3358 347
3358 270
3359 0
3359 2
3359 632
3359 109
3360 4
3360 1141
3360 27
3360 237
3361 256
3361 289
3361 931
3361 2982
3362 34
3362 466
3362 422
3362 1737
3363 64
3363 3
3363 1207
3363 10
3364 0
3364 180
3364 1816
3364 2751
3365 160
3365 7
3365 2280
3365 460
3367 32
3367 1
3367 2
3367 4
3369 2
3369 18
3369 23
3369 93
3371 1
3371 35
3371 27
3371 142
3372 0
3372 2693
3372 13
3372 1006
3373 81
3373 115
3373 2810
3373 1434
3374 2
3374 835
3374 261
3374 3176
3375 2544
3375 3
3375 4
3375 447
3376 2082
3376 22
3376 93
3376 447
3377 0
3377 4
3377 245
3377 359
3378 83
3378 6
3378 10
3378 108
3379 3344
3379 2
3379 119
3379 2647
3380 452
3380 134
3380 138
3380 572
3381 1792
3381 337
3381 504
3381 2445
3382 1
3382 449
3382 502
3382 570
3383 496
3383 10
3383 11
3383 92
3384 946
3384 180
3384 279
3384 3019
3385 1
3385 2436
3385 133
3385 62
3386 128
3386 1237
3386 152
3386 585
3387 19
3387 84
3387 5
3387 1947
3388 2464
3388 841
3388 204
3388 2364
3389 1301
3389 1959
3389 712
3389 2120
3390 0
3390 3
3390 4
3390 62
3391 961
3391 2
3391 1368
3391 254
3392 114
3392 436
3392 501
3392 237
3393 1411
3393 5
3393 3019
3393 462
3394 2288
3394 37
3394 10
3394 301
3395 3
3395 524
3395 125
3395 1198
3396 2
3396 834
3396 18
3396 135
3398 3
3398 23
3398 1783
3398 1690
3399 146
3399 227
3399 1708
3399 380
3400 2
3400 796
3400 46
3400 14
3401 0
3401 18
3401 790
3401 823
3402 0
3402 81
3402 2
3402 14
3403 3
3403 102
3403 14
3403 15
3404 249
3404 668
3404 1775
3404 2575
3405 0
3405 3153
3405 2
3405 7
3406 5
3406 121
3406 1902
3406 46
3407 480
3407 18
3407 3
3407 2871
3408 176
3408 67
3408 216
3408 2364
3410 1
3410 778
3410 284
3410 316
3411 6
3411 647
3411 1390
3411 175
3412 257
3412 2
3412 135
3412 475
3413 3
3413 675
3413 2311
3413 122
3414 1
3414 404
3414 5
3414 92
3415 2
3415 324
3415 23
3415 15
3416 0
3416 1077
3416 1215
3416 2927
3417 1
3417 3
3417 22
3417 6
3418 305
3418 2
3418 7
3418 24
3419 2368
3419 2
3419 1068
3419 142
3420 1
3420 19
3420 3
3420 237
3421 18
3421 2
3421 851
3421 94
3422 74
3422 2154
3422 12
3422 509
3423 2
3423 1283
3423 1259
3423 941
3424 193
3424 100
3424 7
3424 1259
3425 2
3425 3
3425 654
3425 31
3426 1684
3426 73
3426 1837
3426 669
3427 150
3427 1607
3427 1401
3427 1116
3428 49
3428 663
3428 333
3428 15
3429 34
3429 5
3429 1174
3429 2199
3431 2
3431 3
3431 613
3431 62
3432 2
3432 18
3432 3
3432 5
3433 2420
3433 42
3433 27
3433 3276
3434 769
3434 1
3434 23
3434 1676
3435 33
3435 450
3435 1708
3435 15
3436 18
3436 185
3436 10
3436 1980
3437 1619
3437 53
3437 3029
3437 268
3438 128
3438 17
3438 2
3438 248
3439 2
3439 133
3439 27
3439 797
3440 293
3440 1319
3440 41
3440 218
3441 2773
3441 1541
3441 249
3441 666
3442 49
3442 9
3442 729
3442 42
3444 114
3444 35
3444 5
3444 1199
3446 1
3446 34
3446 1699
3446 2011
3447 3
3447 148
3447 653
3447 62
3448 0
3448 85
3448 919
3448 669
3449 341
3449 37
3449 55
3449 2538
3450 3281
3450 452
3450 598
3450 1791
3451 2
3451 2290
3451 92
3451 1279
3452 372
3452 140
3452 428
3452 1198
3453 82
3453 5
3453 637
3453 879
3454 755
3454 1269
3454 39
3454 10
3455 119
3455 842
3455 28
3455 2095
3456 112
3456 1779
3456 7
3456 41
3457 4
3457 69
3457 1277
3457 62
3458 993
3458 517
3458 3398
3458 1791
3459 49
3459 2315
3459 157
3459 191
3460 417
3460 3
3460 629
3460 14
3461 2372
3461 27
3461 43
3461 860
3462 176
3462 16
3462 2
3462 2502
3463 2449
3463 2
3463 1972
3463 2522
3464 1
3464 3
3464 2965
3464 25
3465 0
3465 865
3465 886
3465 2779
3466 32
3466 1
3466 2760
3466 28
3467 51
3467 3
3467 35
3467 1263
3468 38
3468 9
3468 218
3468 909
3469 2
3469 4
3469 5
3469 23
3470 961
3470 6
3470 2919
3470 14
3471 3393
3471 214
3471 1786
3471 1178
3472 1954
3472 21
3472 121
3472 299
3473 2049
3473 2
3473 978
3473 3
3475 49
3475 6
3475 230
3475 12
3476 0
3476 1561
3476 1547
3476 668
3477 0
3477 3
3477 206
3477 14
3478 3
3478 198
3478 668
3478 1229
3479 2
3479 1282
3479 364
3479 142
3480 3
3480 938
3480 28
3480 366
3481 150
3481 776
3481 585
3481 170
3482 193
3482 1173
3482 2028
3482 2463
3483 1
3483 5
3483 9
3483 12
3484 1281
3484 67
3484 2020
3484 376
3485 705
3485 645
3485 217
3485 14
3486 753
3486 3
3486 883
3486 2789
3487 0
3487 225
3487 1506
3487 5
3488 2
3488 5
3488 25
3488 238
3489 2881
3489 226
3489 2
3489 51
3490 2257
3490 34
3490 22
3490 27
3491 176
3491 178
3491 540
3491 12
3492 34
3492 1619
3492 2980
3492 1837
3493 0
3493 450
3493 6
3493 27
3494 1440
3494 23
3494 1433
3494 1034
3495 32
3495 2290
3495 2
3495 231
3496 1441
3496 450
3496 13
3496 813
3497 4
3497 1829
3497 1095
3497 267
3498 5
3498 37
3498 648
3498 253
3499 1777
3499 6
3499 14
3499 1087
3500 3
3500 132
3500 855
3500 76
3501 1
3501 777
3501 1068
3501 2909
3502 1
3502 18
3502 180
3502 6
3503 1
3503 1573
3503 119
3503 76
3504 17
3504 18
3504 5
3504 503
3505 1
3505 130
3505 3433
3505 2910
3506 1537
3506 2530
3506 10
3506 12
3507 2
3507 244
3507 1188
3507 2879
3508 3201
3508 2
3508 53
3508 8
3509 352
3509 2
3509 38
3509 1158
3510 5
3510 6
3510 119
3510 152
3511 1636
3511 6
3511 1622
3511 1646
3512 1459
3512 308
3512 68
3512 1455
3513 18
3513 2
3513 1510
3513 831
3515 2101
3515 2316
3515 28
3515 77
3516 4
3516 5
3516 3097
3516 299
3517 161
3517 1185
3517 17
3517 28
3518 1
3518 5
3518 15
3518 2127
3519 24
3519 1992
3519 121
3519 1263
3520 2
3520 227
3520 5
3520 971
3521 97
3521 1638
3521 9
3521 62
3522 32
3522 18
3522 22
3522 73
3523 321
3523 1
3523 2522
3523 10
3524 1
3524 753
3524 6
3524 61
3526 34
3526 7
3526 59
3526 3212
3527 4
3527 389
3527 777
3527 3501
3528 1
3528 2
3528 3
3528 204
3530 33
3530 2
3530 27
3530 1469
3531 881
3531 19
3531 747
3531 542
3532 2885
3532 59
3532 2430
3532 15
3533 0
3533 2867
3533 1096
3533 1481
3534 1072
3534 5
3534 2117
3534 217
3535 4
3535 3449
3535 988
3535 302
3536 128
3536 146
3536 50
3536 1396
3537 34
3537 7
3537 1047
3537 44
3538 33
3538 1090
3538 2
3538 14
3539 3217
3539 277
3539 85
3539 1446
3540 98
3540 4
3540 613
3540 1838
3541 1488
3541 2419
3541 647
3541 191
3542 17
3542 59
3542 1708
3542 62
3543 32
3543 3
3543 612
3543 15
3544 2
3544 4
3544 1461
3544 613
3546 0
3546 481
3546 34
3546 839
3547 1666
3547 5
3547 633
3547 76
3549 2
3549 2932
3549 23
3549 1466
3552 1
3552 2
3552 4
3552 376
3553 0
3553 3
3553 135
3553 2487
3554 1
3554 978
3554 27
3554 1198
3555 96
3555 4
3555 423
3555 1163
3556 1
3556 5
3556 957
3556 111
3557 32
3557 296
3557 10
3557 174
3558 3
3558 5
3558 341
3558 150
3559 4
3559 5
3559 2555
3559 284
3560 3553
3560 2
3560 3
3560 300
3561 17
3561 788
3561 11
3561 46
3562 18
3562 68
3562 121
3562 319
3563 4
3563 1397
3563 2988
3563 79
3564 3
3564 5
3564 134
3564 75
3565 501
3565 7
3565 219
3565 3326
3566 33
3566 1267
3566 148
3566 6
3567 2
3567 227
3567 2810
3567 42
3568 5
3568 470
3568 13
3568 15
3569 2
3569 1620
3569 1110
3569 13
3570 21
3570 790
3570 90
3570 1357
3571 1
3571 67
3571 10
3571 639
3572 3328
3572 226
3572 725
3572 3071
3573 1825
3573 3555
3573 675
3573 323
3574 32
3574 3
3574 148
3574 4
3575 162
3575 24
3575 697
3575 14
3576 49
3576 2178
3576 1606
3576 10
3577 18
3577 1114
3577 430
3577 175
3578 258
3578 2
3578 997
3578 2142
3579 3296
3579 0
3579 5
3579 2073
3580 18
3580 152
3580 667
3580 3358
3581 1
3581 2501
3581 232
3581 904
3582 3457
3582 293
3582 2443
3582 27
3583 97
3583 51
3583 23
3583 14
3584 4
3584 69
3584 23
3584 141
3585 3
3585 772
3585 2506
3585 27
3586 0
3586 2
3586 258
3586 61
3587 1284
3587 148
3587 524
3587 2095
3588 2320
3588 34
3588 54
3588 8
3589 1
3589 803
3589 6
3589 1322
3590 1171
3590 1774
3590 2558
3590 3583
3591 464
3591 4
3591 580
3591 399
3592 176
3592 2
3592 2675
3592 171
3593 2608
3593 3109
3593 6
3593 11
3594 3328
3594 3
3594 2837
3594 203
3595 1760
3595 5
3595 22
3595 11
3596 258
3596 22
3596 360
3596 447
3597 0
3597 4
3597 5
3597 847
3598 208
3598 3
3598 100
3598 293
3599 18
3599 35
3599 584
3599 191
3600 149
3600 22
3600 134
3600 1051
3601 4
3601 1253
3601 1403
3601 3039
3602 1602
3602 69
3602 217
3602 46
3603 4
3603 237
3603 14
3603 175
3604 161
3604 321
3604 997
3604 1590
3605 1025
3605 3
3605 43
3605 15
3606 545
3606 807
3606 1852
3606 77
3607 3570
3607 2
3607 333
3607 2141
3609 193
3609 1426
3609 2776
3609 42
3610 82
3610 2475
3610 11
3610 908
3611 16
3611 1889
3611 100
3611 27
3612 1730
3612 22
3612 122
3612 12
3613 0
3613 226
3613 482
3613 205
3614 2
3614 3
3614 1112
3614 927
3615 37
3615 871
3615 823
3615 27
3616 0
3616 19
3616 133
3616 827
3617 68
3617 3510
3617 1403
3617 1324
3618 1395
3618 585
3618 27
3618 460
3619 803
3619 100
3619 436
3619 1352
3620 116
3620 315
3620 28
3620 877
3621 176
3621 1780
3621 5
3621 41
3622 1
3622 130
3622 38
3622 12
3623 4
3623 214
3623 808
3623 218
3624 3
3624 51
3624 69
3624 15
3625 2
3625 4
3625 135
3625 106
3626 97
3626 1667
3626 4
3626 3226
3628 3
3628 1155
3628 74
3628 95
3629 3
3629 116
3629 12
3629 14
3630 1
3630 1716
3630 808
3630 796
3631 241
3631 1622
3631 119
3631 79
3632 2033
3632 4
3632 23
3632 255
3633 17
3633 2
3633 6
3633 1117
3634 2
3634 4
3634 2093
3634 111
3635 81
3635 2
3635 1593
3635 12
3636 961
3636 3302
3636 88
3636 668
3637 5
3637 425
3637 573
3637 94
3638 1348
3638 3013
3638 135
3638 3256
3640 993
3640 2
3640 3
3640 1356
3641 3
3641 1797
3641 567
3641 59
3642 51
3642 2522
3642 1756
3642 1486
3643 3475
3643 883
3643 119
3643 46
3645 1
3645 195
3645 5
3645 238
3646 577
3646 1126
3646 10
3646 2542
3647 2
3647 580
3647 125
3647 46
3648 976
3648 337
3648 34
3648 62
3649 754
3649 3254
3649 774
3649 2254
3650 1
3650 85
3650 247
3650 91
3651 2
3651 613
3651 5
3651 1438
3652 1537
3652 100
3652 266
3652 763
3653 360
3653 1531
3653 27
3653 877
3655 81
3655 228
3655 2518
3655 255
3656 2
3656 3
3656 237
3656 509
3657 2
3657 3
3657 6
3657 494
3658 23
3658 553
3658 1755
3658 142
3659 59
3659 2268
3659 813
3659 271
3660 3
3660 1352
3660 3657
3660 41
3661 32
3661 354
3661 34
3661 18
3662 2
3662 5
3662 41
3662 748
3663 2
3663 3
3663 5
3663 15
3664 3191
3664 90
3664 59
3664 2988
3665 1
3665 33
3665 2
3665 82
3666 162
3666 723
3666 2164
3666 237
3667 0
3667 82
3667 3224
3667 141
3668 3
3668 5
3668 538
3668 749
3669 5
3669 1893
3669 126
3669 1551
3670 244
3670 919
3670 41
3670 2383
3671 5
3671 776
3671 28
3671 14
3672 2
3672 34
3672 22
3672 135
3673 2
3673 2612
3673 22
3673 1070
3674 17
3674 2
3674 3
3674 691
3675 2
3675 6
3675 91
3675 2751
3676 35
3676 341
3676 230
3676 15
3677 580
3677 2921
3677 139
3677 317
3678 1
3678 2
3678 1015
3678 60
3679 2160
3679 1
3679 18
3679 1318
3680 2389
3680 823
3680 27
3680 142
3681 5
3681 135
3681 12
3681 14
3682 3
3682 4
3682 1366
3682 77
3683 1
3683 8
3683 9
3683 28
3684 2
3684 499
3684 119
3684 1148
3685 2016
3685 3
3685 4
3685 14
3687 401
3687 1284
3687 25
3687 14
3688 0
3688 22
3688 2091
3688 14
3689 3
3689 5
3689 121
3689 27
3690 343
3690 42
3690 2988
3690 191
3691 1460
3691 55
3691 441
3691 925
3692 1
3692 90
3692 28
3692 2812
3693 2354
3693 1369
3693 506
3693 442
3694 17
3694 450
3694 756
3694 14
3695 1
3695 6
3695 3367
3695 253
3696 2432
3696 49
3696 163
3696 1998
3697 3
3697 518
3697 102
3697 2103
3698 489
3698 1069
3698 238
3698 2623
3699 1
3699 2692
3699 436
3699 5
3700 5
3700 40
3700 41
3700 650
3701 2
3701 852
3701 123
3701 13
3702 1584
3702 4
3702 6
3702 77
3703 148
3703 22
3703 1608
3703 30
3704 705
3704 152
3704 413
3704 94
3705 1344
3705 2
3705 115
3705 5
3706 512
3706 1297
3706 802
3706 2297
3707 1586
3707 1205
3707 1657
3707 79
3708 0
3708 68
3708 136
3708 10
3709 1
3709 6
3709 3543
3709 539
3710 3
3710 3299
3710 938
3710 77
3711 4
3711 9
3711 521
3711 271
3712 352
3712 1
3712 1014
3712 1994
3713 1
3713 68
3713 778
3713 346
3714 3
3714 324
3714 501
3714 953
3715 32
3715 305
3715 1124
3715 127
3716 1
3716 216
3716 9
3716 3500
3718 1
3718 52
3718 680
3718 15
3719 528
3719 3
3719 5
3719 667
3720 0
3720 1
3720 10
3720 61
3721 337
3721 2354
3721 4
3721 2117
3722 225
3722 501
3722 87
3722 456
3723 932
3723 5
3723 121
3723 255
3724 242
3724 3171
3724 743
3724 14
3726 195
3726 4
3726 42
3726 668
3727 4
3727 1094
3727 87
3727 1607
3728 146
3728 184
3728 105
3728 191
3729 1
3729 3
3729 5
3729 3022
3730 5
3730 3387
3730 668
3730 204
3731 2770
3731 121
3731 749
3731 253
3732 2
3732 659
3732 634
3732 126
3733 35
3733 120
3733 26
3733 1581
3734 2389
3734 6
3734 2699
3734 3181
3735 289
3735 18
3735 133
3735 1335
3736 1
3736 1796
3736 4
3736 725
3737 1
3737 225
3737 2
3737 3667
3739 226
3739 2
3739 871
3739 14
3740 2
3740 198
3740 3691
3740 1596
3741 1281
3741 347
3741 318
3741 511
3743 3
3743 43
3743 668
3743 12
3744 2
3744 27
3744 140
3744 1117
3745 371
3745 59
3745 829
3745 2446
3746 3
3746 3557
3746 1830
3746 279
3747 67
3747 340
3747 88
3747 1593
3748 3715
3748 133
3748 262
3748 12
3749 35
3749 1079
3749 23
3749 315
3750 1
3750 165
3750 2203
3750 301
3751 3
3751 4
3751 38
3751 255
3752 337
3752 18
3752 12
3752 238
3753 1
3753 3
3753 647
3753 10
3754 2
3754 1843
3754 675
3754 23
3755 1
3755 18
3755 965
3755 2988
3756 176
3756 100
3756 5
3756 1129
3757 1
3757 1844
3757 813
3757 3486
3758 0
3758 3
3758 105
3758 350
3760 18
3760 2
3760 69
3760 2794
3761 114
3761 310
3761 598
3761 364
3762 3
3762 52
3762 6
3762 184
3763 3
3763 1299
3763 3475
3763 1301
3764 1
3764 825
3764 204
3764 237
3765 547
3765 8
3765 1065
3765 1290
3766 2
3766 34
3766 503
3766 62
3767 3
3767 3511
3767 7
3767 2943
3769 753
3769 18
3769 2
3769 119
3772 18
3772 1155
3772 585
3772 747
3773 32
3773 2871
3773 3671
3773 1016
3774 3
3774 312
3774 3257
3774 15
3775 4
3775 1558
3775 10
3775 28
3777 4
3777 22
3777 134
3777 108
3778 1
3778 18
3778 3
3778 2279
3779 0
3779 3
3779 1926
3779 187
3780 2
3780 1507
3780 283
3780 462
3781 6
3781 42
3781 430
3781 223
3782 64
3782 341
3782 504
3782 8
3783 4
3783 22
3783 3082
3783 12
3784 1
3784 3367
3784 10
3784 171
3785 1
3785 2
3785 152
3785 223
3788 3
3788 27
3788 204
3788 15
3789 327
3789 1690
3789 399
3789 31
3790 1507
3790 100
3790 43
3790 2060
3791 2
3791 19
3791 87
3791 15
3792 3362
3792 3
3792 4
3792 1157
3793 1824
3793 2993
3793 38
3793 3567
3794 1
3794 161
3794 2856
3794 2794
3795 208
3795 1
3795 22
3795 2951
3796 18
3796 1384
3796 88
3796 28
3797 18
3797 2
3797 3
3797 143
3798 10
3798 587
3798 92
3798 175
3799 2432
3799 3109
3799 807
3799 348
3800 96
3800 2951
3800 936
3800 1852
3801 1572
3801 1637
3801 298
3801 12
3802 49
3802 1156
3802 1623
3802 2539
3803 87
3803 2887
3803 1640
3803 664
3804 2
3804 2101
3804 6
3804 3005
3805 289
3805 4
3805 150
3805 474
3806 3584
3806 1083
3806 268
3806 284
3807 35
3807 24
3807 8
3807 10
3808 2
3808 226
3808 327
3808 14
3809 33
3809 851
3809 3317
3809 31
3810 6
3810 1526
3810 329
3810 365
3811 2
3811 203
3811 94
3811 335
3812 0
3812 2
3812 22
3812 154
3813 512
3813 22
3813 796
3813 14
3814 1872
3814 2327
3814 2584
3814 970
3815 32
3815 2
3815 34
3815 4
3816 208
3816 449
3816 6
3816 479
3817 96
3817 539
3817 62
3817 175
3818 112
3818 130
3818 602
3818 1068
3819 18
3819 38
3819 3259
3819 1775
3820 17
3820 834
3820 3
3820 1050
3822 35
3822 59
3822 3485
3822 2223
3823 2
3823 37
3823 1230
3823 79
3824 2
3824 1284
3824 84
3824 204
3825 37
3825 21
3825 12
3825 76
3826 547
3826 4
3826 14
3826 2622
3827 3
3827 9
3827 460
3827 15
3828 227
3828 756
3828 2071
3828 62
3829 128
3829 51
3829 7
3829 13
3830 464
3830 5
3830 501
3830 3759
3831 528
3831 1203
3831 35
3831 3445
3832 418
3832 51
3832 23
3832 42
3833 128
3833 2
3833 298
3833 29
3834 1124
3834 3750
3834 794
3834 459
3835 49
3835 2
3835 2093
3835 15
3836 1238
3836 185
3836 316
3836 175
3837 2240
3837 49
3837 2
3837 1115
3838 100
3838 568
3838 76
3838 94
3839 17
3839 18
3839 850
3839 207
3840 3
3840 19
3840 835
3840 2234
3841 1089
3841 675
3841 105
3841 27
3842 96
3842 32
3842 2910
3842 1199
3843 0
3843 3
3843 53
3843 1545
3844 0
3844 19
3844 1159
3844 62
3845 0
3845 161
3845 2691
3845 204
3846 69
3846 14
3846 2927
3846 319
3847 3648
3847 178
3847 35
3847 14
3848 1010
3848 23
3848 411
3848 126
3849 3
3849 436
3849 262
3849 3341
3850 3
3850 23
3850 1852
3850 46
3851 2
3851 278
3851 2476
3851 861
3852 3393
3852 18
3852 51
3852 165
3853 1
3853 2
3853 277
3853 152
3854 3
3854 115
3854 3620
3854 2728
3855 0
3855 499
3855 1475
3855 26
3856 3
3856 133
3856 501
3856 15
3857 0
3857 2
3857 836
3857 42
3858 245
3858 583
3858 2844
3858 15
3859 0
3859 18
3859 2712
3859 1343
3860 4
3860 313
3860 2812
3860 62
3861 0
3861 2992
3861 35
3861 121
3862 51
3862 1016
3862 2538
3862 3646
3863 2640
3863 837
3863 53
3863 14
3864 35
3864 1652
3864 87
3864 1102
3865 5
3865 1689
3865 843
3865 59
3866 18
3866 789
3866 1625
3866 444
3867 352
3867 2419
3867 4
3867 794
3868 18
3868 2988
3868 76
3868 2478
3869 0
3869 37
3869 518
3869 140
3870 3040
3870 2
3870 776
3870 121
3871 2
3871 5
3871 119
3871 175
3872 1
3872 2
3872 6
3872 1406
3873 740
3873 1015
3873 26
3873 1597
3874 51
3874 692
3874 156
3874 636
3875 1
3875 1573
3875 1481
3875 206
3876 3296
3876 2
3876 858
3876 1422
3878 2
3878 3
3878 6
3878 870
3879 3
3879 2618
3879 106
3879 15
3880 2
3880 42
3880 123
3880 108
3881 3
3881 12
3881 413
3881 1645
3882 86
3882 10
3882 2155
3882 28
3883 38
3883 184
3883 2300
3883 15
3884 704
3884 2
3884 2322
3884 3822
3885 3
3885 69
3885 678
3885 47
3886 1555
3886 405
3886 73
3886 1038
3887 85
3887 5
3887 7
3887 2362
3888 41
3888 59
3888 157
3888 13
3889 100
3889 1098
3889 59
3889 829
3890 4
3890 121
3890 27
3890 77
3891 54
3891 204
3891 1710
3891 15
3892 704
3892 67
3892 1910
3892 12
3893 82
3893 2
3893 23
3893 27
3895 128
3895 0
3895 2887
3895 3210
3896 2194
3896 19
3896 1830
3896 584
3897 128
3897 3
3897 5
3897 15
3898 3011
3898 52
3898 38
3898 3704
3899 3
3899 4
3899 186
3899 1115
3901 1
3901 18
3901 54
3901 42
3902 2
3902 3219
3902 612
3902 5
3903 4
3903 10
3903 122
3903 15
3904 881
3904 3
3904 3501
3904 14
3905 1892
3905 295
3905 171
3905 14
3906 1410
3906 290
3906 8
3906 45
3907 1734
3907 251
3907 75
3907 61
3908 758
3908 855
3908 89
3908 249
3909 341
3909 10
3909 301
3909 399
3910 119
3910 2745
3910 1181
3910 686
3911 2
3911 501
3911 123
3911 12
3912 3792
3912 2600
3912 988
3912 62
3913 96
3913 3521
3913 6
3913 41
3914 4
3914 1077
3914 10
3914 189
3915 3377
3915 81
3915 570
3915 637
3916 0
3916 2243
3916 485
3916 10
3917 193
3917 19
3917 12
3917 15
3918 112
3918 1
3918 2068
3918 152
3919 754
3919 4
3919 1150
3919 2063
3920 19
3920 4
3920 5
3920 685
3922 0
3922 6
3922 3279
3922 47
3923 1
3923 2
3923 6
3923 15
3924 3106
3924 4
3924 3910
3924 3498
3926 6
3926 1450
3926 1277
3926 2542
3927 0
3927 227
3927 4
3927 1276
3928 4
3928 5
3928 12
3928 1132
3929 1
3929 21
3929 695
3929 2827
3930 1
3930 2
3930 246
3930 248
3931 4
3931 2711
3931 24
3931 653
3932 32
3932 34
3932 35
3932 86
3933 67
3933 2772
3933 1543
3933 62
3934 51
3934 1747
3934 153
3934 539
3935 49
3935 2
3935 79
3935 239
3936 210
3936 4
3936 1593
3936 12
3937 3456
3937 81
3937 2979
3937 3
3938 258
3938 4
3938 584
3938 988
3939 193
3939 3
3939 1114
3939 75
3940 1425
3940 2
3940 4
3940 485
3941 321
3941 119
3941 1581
3941 13
3942 2
3942 35
3942 1061
3942 174
3944 34
3944 3672
3944 585
3944 14
3945 184
3945 138
3945 28
3945 46
3946 32
3946 1531
3946 14
3946 1854
3947 2
3947 1830
3947 1944
3947 701
3948 3296
3948 920
3948 3386
3948 125
3949 578
3949 3
3949 1128
3949 175
3950 3
3950 4
3950 246
3950 712
3951 0
3951 1
3951 2
3951 2419
3952 68
3952 57
3952 9
3952 233
3953 2
3953 3
3953 5
3953 3176
3954 2868
3954 3672
3954 3401
3954 637
3955 3109
3955 7
3955 249
3955 14
3956 1299
3956 3
3956 2314
3956 12
3957 881
3957 50
3957 3107
3957 1142
3959 0
3959 1875
3959 41
3959 127
3960 2
3960 371
3960 457
3960 10
3961 32
3961 5
3961 198
3961 1562
3962 0
3962 2
3962 100
3962 3254
3963 18
3963 406
3963 6
3963 1692
3964 4
3964 1830
3964 2362
3964 12
3965 1
3965 87
3965 1033
3965 28
3966 161
3966 4
3966 3302
3966 23
3968 624
3968 1
3968 1188
3968 5
3969 1
3969 808
3969 187
3969 381
3970 5
3970 22
3970 249
3970 92
3971 213
3971 6
3971 1387
3971 14
3972 128
3972 1
3972 1329
3972 8
3973 18
3973 3
3973 378
3973 45
3974 0
3974 3
3974 69
3974 1166
3975 32
3975 3
3975 803
3975 92
3976 2
3976 2295
3976 126
3976 1742
3977 369
3977 381
3977 1935
3977 895
3978 35
3978 916
3978 2364
3978 3502
3979 0
3979 2181
3979 414
3979 95
3980 915
3980 52
3980 3401
3980 61
3981 1234
3981 5
3981 23
3981 10
3982 34
3982 4
3982 2120
3982 460
3983 2
3983 1284
3983 1178
3983 191
3984 3
3984 1811
3984 471
3984 2409
3985 3875
3985 1797
3985 7
3985 2766
3986 19
3986 3
3986 85
3986 15
3987 2
3987 5
3987 2506
3987 203
3988 226
3988 758
3988 14
3988 863
3989 2224
3989 976
3989 3
3989 69
3990 2640
3990 10
3990 28
3990 126
3991 1
3991 3033
3991 12
3991 14
3992 435
3992 4
3992 248
3992 62
3993 32
3993 3
3993 121
3993 15
3994 0
3994 97
3994 51
3994 893
3995 3825
3995 755
3995 1708
3995 30
3996 3
3996 837
3996 88
3996 473
3997 759
3997 204
3997 2556
3997 1021
3998 3
3998 6
3998 102
3998 602
3999 115
3999 293
3999 54
3999 383
4000 1
4000 5
4000 170
4000 14
4001 194
4001 3
4001 4
4001 2266
4002 258
4002 5
4002 187
4002 3260
4003 2
4003 3702
4003 62
4003 2383
4004 1123
4004 1081
4004 473
4004 332
4005 0
4005 2
4005 389
4005 59
4006 19
4006 213
4006 5
4006 12
4007 3344
4007 4
4007 5
4007 2316
4008 305
4008 900
4008 422
4008 3128
4009 3376
4009 82
4009 40
4009 109
4010 2
4010 51
4010 1797
4010 631
4011 371
4011 19
4011 2955
4011 447
4012 3
4012 215
4012 747
4012 191
4013 3
4013 68
4013 1163
4013 109
4014 0
4014 34
4014 274
4014 3
4015 0
4015 436
4015 3003
4015 14
4016 305
4016 3
4016 566
4016 3501
4017 2
4017 245
4017 90
4017 12
4018 225
4018 3
4018 4
4018 123
4019 38
4019 10
4019 1450
4019 15
4020 2419
4020 230
4020 8
4020 2351
4021 176
4021 50
4021 1050
4021 77
4022 944
4022 1137
4022 381
4022 175
4023 3
4023 2071
4023 379
4023 796
4024 18
4024 36
4024 23
4024 109
4025 788
4025 5
4025 6
4025 1215
4026 1856
4026 5
4026 77
4026 79
4028 2115
4028 440
4028 2171
4028 15
4029 2
4029 18
4029 547
4029 4
4030 2433
4030 2
4030 67
4030 2364
4031 1506
4031 357
4031 855
4031 28
4033 2
4033 597
4033 3802
4033 719
4034 181
4034 40
4034 317
4034 669
4035 162
4035 645
4035 248
4035 860
4036 128
4036 51
4036 3
4036 69
4037 35
4037 69
4037 2421
4037 22
4038 112
4038 0
4038 970
4038 1390
4039 28
4039 1133
4039 14
4039 46
4040 35
4040 5
4040 2951
4040 123
4041 3
4041 1352
4041 3915
4041 1038
4042 0
4042 3
4042 1123
4042 1127
4043 2
4043 645
4043 24
4043 668
4044 0
4044 2
4044 2093
4044 126
4045 17
4045 263
4045 602
4045 62
4046 208
4046 340
4046 4
4046 121
4047 1585
4047 74
4047 106
4047 1739
4048 2864
4048 0
4048 77
4048 15
4049 17
4049 3
4049 3853
4049 3551
4050 32
4050 2
4050 106
4050 14
4051 1872
4051 919
4051 14
4051 46
4052 1
4052 276
4052 2632
4052 1983
4053 3696
4053 18
4053 3
4053 1127
4054 1
4054 1543
4054 56
4054 122
4055 1
4055 1575
4055 1304
4055 317
4056 210
4056 2
4056 893
4056 14
4057 2
4057 27
4057 2523
4057 14
4058 0
4058 35
4058 3
4058 4
4059 129
4059 195
4059 586
4059 27
4060 1
4060 34
4060 999
4060 1817
4061 1025
4061 1174
4061 57
4061 12
4062 35
4062 2599
4062 23
4062 2235
4063 1
4063 1633
4063 67
4063 1577
4064 208
4064 25
4064 2602
4064 557
4065 21
4065 3017
4065 142
4065 1199
4066 0
4066 33
4066 1139
4066 3545
4067 931
4067 43
4067 14
4067 95
4068 259
4068 55
4068 9
4068 13
4069 18
4069 4055
4069 10
4069 524
4070 0
4070 5
4070 9
4070 12
4071 3521
4071 1
4071 2
4071 23
4072 2
4072 3
4072 692
4072 44
4073 3584
4073 3
4073 1172
4073 215
4074 4
4074 85
4074 859
4074 12
4075 32
4075 229
4075 1819
4075 1293
4076 33
4076 2276
4076 6
4076 27
4077 2272
4077 3
4077 27
4077 879
4078 1051
4078 557
4078 14
4078 2879
4079 144
4079 3
4079 237
4079 3342
4080 1779
4080 100
4080 27
4080 2655
4081 341
4081 23
4081 680
4081 1486
4082 627
4082 1123
4082 633
4082 142
4083 1
4083 2198
4083 27
4083 1804
4084 3073
4084 22
4084 1064
4084 686
4085 32
4085 2
4085 19
4085 5
4086 3
4086 659
4086 73
4086 79
4087 6
4087 2600
4087 10
4087 1117
4088 0
4088 500
4088 518
4088 299
4089 3
4089 5
4089 973
4089 15
4090 0
4090 274
4090 838
4090 879
4091 1
4091 18
4091 1807
4091 15
4092 98
4092 932
4092 203
4092 79
4093 1184
4093 401
4093 790
4093 1870
4094 1
4094 34
4094 3
4094 1694
4095 4
4095 2276
4095 518
4095 460
4096 261
4096 584
4096 2028
4096 127
4097 81
4097 50
4097 163
4097 5
4098 612
4098 5
4098 3208
4098 14
4099 2
4099 2071
4099 301
4099 15
4100 3075
4100 4
4100 2968
4100 15
4101 2
4101 6
4101 41
4101 234
4102 2625
4102 602
4102 42
4102 3484
4103 850
4103 2
4103 7
4103 191
4104 274
4104 22
4104 191
4104 1551
4105 0
4105 7
4105 23
4105 175
4106 339
4106 756
4106 22
4106 2171
4107 3
4107 4
4107 54
4107 234
4108 23
4108 24
4108 9
4108 764
4109 273
4109 230
4109 135
4109 2441
4110 178
4110 981
4110 150
4110 14
4111 231
4111 9
4111 28
4111 94
4112 195
4112 23
4112 606
4112 127
4113 1569
4113 3
4113 1917
4113 1629
4114 1000
4114 1293
4114 30
4114 62
4115 3
4115 115
4115 1788
4115 270
4116 1440
4116 3233
4116 2818
4116 77
4117 146
4117 123
4117 1469
4117 14
4118 472
4118 121
4118 12
4118 861
4119 304
4119 1
4119 1716
4119 427
4120 2257
4120 2
4120 22
4120 3775
4121 0
4121 98
4121 19
4121 105
4122 17
4122 1
4122 2
4122 1465
4123 10
4123 2524
4123 3613
4123 62
4124 18
4124 1155
4124 3
4124 1305
4125 2017
4125 1
4125 1718
4125 22
4126 1602
4126 71
4126 505
4126 12
4127 337
4127 17
4127 3
4127 712
4128 2
4128 23
4128 924
4128 14
4129 112
4129 309
4129 247
4129 1547
4130 1
4130 1224
4130 1307
4130 847
4131 35
4131 100
4131 149
4131 15
4132 946
4132 3
4132 23
4132 4089
4133 49
4133 1059
4133 1268
4133 1133
4134 0
4134 98
4134 85
4134 1157
4135 0
4135 34
4135 584
4135 27
4136 2578
4136 51
4136 397
4136 271
4137 34
4137 323
4137 1092
4137 15
4138 3440
4138 3
4138 1558
4138 1321
4139 737
4139 34
4139 3
4139 535
4140 3232
4140 2
4140 77
4140 1309
4141 1057
4141 1
4141 98
4141 59
4142 116
4142 41
4142 1290
4142 879
4143 2
4143 12
4143 28
4143 15
4144 913
4144 472
4144 763
4144 367
4145 5
4145 119
4145 10
4145 43
4146 2
4146 18
4146 4
4146 859
4147 1
4147 34
4147 125
4147 2943
4148 0
4148 323
4148 1493
4148 10
4149 261
4149 3319
4149 10
4149 1518
4150 34
4150 1603
4150 1209
4150 95
4151 3
4151 516
4151 727
4151 1581
4152 35
4152 4
4152 3754
4152 62
4153 919
4153 2155
4153 747
4153 3836
4154 256
4154 1
4154 2227
4154 12
4155 0
4155 418
4155 231
4155 1258
4156 32
4156 1042
4156 1764
4156 22
4157 98
4157 1787
4157 3260
4157 2991
4158 306
4158 1362
4158 275
4158 28
4159 32
4159 599
4159 106
4159 59
4160 49
4160 81
4160 769
4160 1797
4161 482
4161 210
4161 19
4161 73
4162 2104
4162 2809
4162 13
4162 15
4163 1
4163 2298
4163 2154
4163 251
4164 1
4164 3
4164 223
4164 271
4165 2
4165 6
4165 10
4165 1150
4166 305
4166 1010
4166 10
4166 170
4167 2274
4167 2626
4167 27
4167 607
4168 1073
4168 3
4168 102
4168 2047
4169 80
4169 3987
4169 121
4169 3053
4170 2512
4170 85
4170 2647
4170 106
4171 1649
4171 21
4171 187
4171 15
4172 533
4172 781
4172 317
4172 14
4173 1361
4173 22
4173 28
4173 253
4174 6
4174 22
4174 2155
4174 669
4175 2119
4175 279
4175 1627
4175 2622
4176 1392
4176 5
4176 9
4176 42
4177 135
4177 2887
4177 4076
4177 510
4178 51
4178 580
4178 6
4178 59
4179 5
4179 809
4179 91
4179 28
4180 0
4180 146
4180 4
4180 1478
4181 289
4181 82
4181 42
4181 10
4182 1
4182 1905
4182 258
4182 9
4183 0
4183 35
4183 585
4183 93
4184 18
4184 2611
4184 554
4184 10
4185 1188
4185 1926
4185 1447
4185 8
4186 80
4186 1
4186 37
4186 14
4187 2
4187 18
4187 4
4187 6
4188 18
4188 637
4188 1519
4188 351
4189 32
4189 53
4189 5
4189 12
4190 161
4190 21
4190 743
4190 47
4191 4
4191 3957
4191 8
4191 46
4192 296
4192 10
4192 28
4192 2878
4193 1843
4193 5
4193 28
4193 14
4194 32
4194 3
4194 5
4194 14
4195 0
4195 1
4195 3
4195 1325
4196 528
4196 171
4196 876
4196 2606
4197 128
4197 2
4197 611
4197 6
4198 37
4198 123
4198 2190
4198 15
4199 659
4199 4
4199 5
4199 3134
4200 51
4200 919
4200 2441
4200 1069
4201 2514
4201 22
4201 890
4201 875
4202 3
4202 1332
4202 3877
4202 469
4204 2
4204 3
4204 5
4204 28
4205 1120
4205 3701
4205 309
4205 9
4206 1
4206 3
4206 310
4206 2316
4207 0
4207 1250
4207 612
4207 4
4208 725
4208 1464
4208 669
4208 254
4209 2896
4209 5
4209 121
4209 4026
4210 0
4210 2133
4210 14
4210 255
4211 1220
4211 4
4211 9
4211 42
4212 1506
4212 3060
4212 152
4212 2057
4213 961
4213 1506
4213 23
4213 12
4214 128
4214 3552
4214 2
4214 1791
4216 6
4216 331
4216 237
4216 15
4217 3840
4217 33
4217 2
4217 691
4218 305
4218 6
4218 9
4218 702
4219 406
4219 1817
4219 126
4219 3070
4220 324
4220 372
4220 5
4220 445
4221 2849
4221 258
4221 10
4221 14
4222 1
4222 962
4222 195
4222 2175
4223 1041
4223 34
4223 163
4223 5
4224 2
4224 3
4224 3194
4224 238
4225 85
4225 278
4225 3128
4225 62
4226 0
4226 1889
4226 227
4226 213
4227 3444
4227 4
4227 85
4227 6
4229 5
4229 246
4229 330
4229 109
4230 80
4230 803
4230 134
4230 15
4231 291
4231 3540
4231 534
4231 2602
4232 259
4232 1429
4232 5
4232 22
4233 1
4233 2
4233 883
4233 62
4235 17
4235 3
4235 68
4235 1989
4236 2
4236 3
4236 518
4236 24
4237 1
4237 5
4237 3463
4237 447
4238 49
4238 34
4238 35
4238 1708
4239 2
4239 133
4239 5
4239 2173
4240 2
4240 2930
4240 899
4240 3
4241 4
4241 1797
4241 90
4241 191
4243 4178
4243 34
4243 163
4243 436
4244 0
4244 4
4244 22
4244 316
4245 32
4245 19
4245 6
4245 134
4246 1297
4246 2
4246 341
4246 25
4247 258
4247 2118
4247 8
4247 14
4248 1154
4248 3882
4248 3565
4248 3166
4249 7
4249 8
4249 3691
4249 1501
4250 1856
4250 421
4250 2087
4250 14
4251 55
4251 504
4251 123
4251 1198
4252 10
4252 59
4252 204
4252 46
4253 19
4253 7
4253 743
4253 621
4254 0
4254 2
4254 712
4254 222
4255 0
4255 2737
4255 85
4255 5
4256 135
4256 23
4256 1880
4256 105
4257 1
4257 49
4257 388
4257 1962
4258 1489
4258 3
4258 5
4258 92
4259 2
4259 82
4259 3915
4259 1597
4260 672
4260 6
4260 12
4260 926
4261 1
4261 2
4261 598
4261 647
4262 193
4262 34
4262 3078
4262 28
4263 32
4263 51
4263 1690
4263 14
4264 963
4264 2777
4264 25
4264 62
4265 3
4265 470
4265 427
4265 14
4266 1601
4266 2
4266 100
4266 3529
4267 2
4267 5
4267 122
4267 62
4268 257
4268 6
4268 553
4268 14
4269 1
4269 2211
4269 309
4269 9
4270 850
4270 51
4270 1141
4270 15
4271 5
4271 518
4271 299
4271 654
4272 645
4272 1238
4272 1686
4272 1206
4274 81
4274 2857
4274 2028
4274 2782
4275 3
4275 1764
4275 372
4275 5
4276 1649
4276 50
4276 122
4276 12
4277 304
4277 1
4277 187
4277 14
4278 3
4278 597
4278 2060
4278 12
4279 17
4279 37
4279 42
4279 61
4280 98
4280 3524
4280 23
4280 255
4281 2
4281 642
4281 6
4281 27
4282 128
4282 1
4282 1077
4282 790
4283 2
4283 3362
4283 519
4283 14
4284 2
4284 3
4284 740
4284 397
4285 1
4285 35
4285 3207
4285 62
4286 32
4286 1355
4286 15
4286 47
4287 1025
4287 34
4287 37
4287 47
4288 1281
4288 1
4288 535
4288 106
4289 0
4289 32
4289 3
4289 8
4290 2
4290 3
4290 1607
4290 152
4291 2
4291 5
4291 3674
4291 602
4292 945
4292 4180
4292 1464
4292 10
4293 962
4293 2
4293 136
4293 28
4294 4
4294 1812
4294 138
4294 1242
4296 788
4296 645
4296 231
4296 14
4297 0
4297 2
4297 98
4297 59
4298 193
4298 98
4298 215
4298 239
4299 321
4299 274
4299 231
4299 314
4300 1585
4300 35
4300 2916
4300 87
4301 306
4301 35
4301 5
4301 540
4302 34
4302 41
4302 27
4302 2141
4303 2370
4303 34
4303 3
4303 3395
4305 992
4305 128
4305 247
4305 2092
4306 3
4306 5
4306 6
4306 279
4307 3
4307 6
4307 4249
4307 89
4308 1442
4308 3
4308 4234
4308 2223
4309 3
4309 3924
4309 3703
4309 203
4310 3040
4310 18
4310 3
4310 5
4311 560
4311 49
4311 466
4311 6
4312 2608
4312 3745
4312 427
4312 669
4313 161
4313 3
4313 4
4313 10
4314 144
4314 964
4314 22
4314 2424
4315 1
4315 59
4315 859
4315 12
4316 133
4316 11
4316 540
4316 3356
4317 160
4317 176
4317 0
4317 2751
4318 1025
4318 2
4318 46
4318 15
4319 1
4319 68
4319 533
4319 3176
4320 737
4320 27
4320 301
4320 991
4321 2578
4321 2293
4321 1018
4321 15
4322 176
4322 18
4322 35
4322 403
4323 1
4323 1590
4323 284
4323 14
4324 1296
4324 2
4324 1269
4324 15
4325 32
4325 4
4325 3381
4325 62
4326 34
4326 2
4326 3
4326 7
4327 4
4327 4116
4327 166
4327 55
4328 1
4328 2082
4328 1524
4328 4
4329 22
4329 42
4329 317
4329 3999
4330 1
4330 34
4330 35
4330 237
4331 304
4331 417
4331 2033
4331 2844
4332 35
4332 4
4332 21
4332 204
4334 629
4334 1144
4334 1434
4334 74
4335 19
4335 1910
4335 2183
4335 3260
4336 640
4336 23
4336 2071
4336 3130
4337 0
4337 4
4337 1226
4337 14
4338 160
4338 1856
4338 357
4338 267
4339 357
4339 8
4339 4155
4339 12
4340 34
4340 786
4340 4101
4340 1724
4341 3316
4341 22
4341 3033
4341 2138
4342 1
4342 3
4342 2611
4342 442
4343 259
4343 360
4343 426
4343 2859
4344 1317
4344 2406
4344 27
4344 206
4345 1713
4345 1737
4345 427
4345 95
4346 83
4346 1689
4346 2969
4346 14
4347 5
4347 4104
4347 472
4347 538
4348 0
4348 2195
4348 1284
4348 138
4349 579
4349 3877
4349 1207
4349 1307
4350 0
4350 817
4350 2502
4350 15
4351 6
4351 553
4351 28
4351 460
4352 389
4352 358
4352 22
4352 30
4353 1106
4353 5
4353 4089
4353 138
4354 18
4354 130
4354 1174
4354 3225
4355 1
4355 2
4355 67
4355 447
4356 4306
4356 4
4356 85
4356 1694
4357 22
4357 3928
4357 59
4357 12
4359 162
4359 5
4359 251
4359 3708
4360 499
4360 105
4360 1610
4360 926
4361 176
4361 3543
4361 10
4361 14
4362 258
4362 3774
4362 1311
4362 4015
4363 2
4363 52
4363 460
4363 2349
4364 32
4364 499
4364 12
4364 4014
4365 37
4365 310
4365 1692
4365 719
4366 48
4366 228
4366 3528
4366 249
4367 2
4367 41
4367 126
4367 1150
4369 2
4369 258
4369 67
4369 3
4370 3
4370 67
4370 150
4370 14
4371 595
4371 3781
4371 297
4371 12
4372 2
4372 85
4372 142
4372 238
4373 34
4373 1091
4373 827
4373 1356
4374 1
4374 195
4374 502
4374 13
4375 112
4375 4
4375 5
4375 1768
4376 35
4376 187
4376 2060
4376 141
4377 2
4377 4
4377 2313
4377 250
4378 49
4378 22
4378 2201
4378 300
4379 3920
4379 4
4379 4038
4379 152
4380 2961
4380 4
4380 5
4380 28
4381 354
4381 2291
4381 1255
4381 317
4382 3347
4382 1462
4382 776
4382 46
4383 3763
4383 7
4383 874
4383 3355
4384 0
4384 2
4384 2597
4384 252
4385 3
4385 40
4385 9
4385 158
4386 578
4386 84
4386 46
4386 94
4387 4
4387 1349
4387 218
4387 238
4388 4
4388 52
4388 9
4388 62
4389 2256
4389 100
4389 251
4389 270
4390 1
4390 3576
4390 42
4390 15
4391 1
4391 4025
4391 1548
4391 14
4392 835
4392 5
4392 3254
4392 2094
4393 32
4393 3
4393 5
4393 479
4394 1690
4394 43
4394 749
4394 3181
4395 35
4395 5
4395 138
4395 191
4396 323
4396 1349
4396 2311
4396 14
4397 35
4397 516
4397 4
4397 1624
4398 560
4398 1057
4398 85
4398 5
4399 354
4399 84
4399 759
4399 2190
4400 1
4400 258
4400 837
4400 41
4401 4
4401 615
4401 119
4401 728
4402 4
4402 6
4402 3881
4402 271
4403 1
4403 883
4403 3
4403 2189
4404 0
4404 2
4404 580
4404 2007
4406 2
4406 712
4406 107
4406 15
4407 0
4407 3746
4407 3
4407 3989
4409 16
4409 0
4409 76
4409 2639
4410 132
4410 5
4410 175
4410 31
4411 0
4411 4
4411 2044
4411 428
4412 5
4412 134
4412 2360
4412 524
4414 1329
4414 4
4414 1117
4414 3326
4415 68
4415 119
4415 8
4415 301
4416 2800
4416 161
4416 2210
4416 970
4417 3120
4417 2
4417 210
4417 4
4418 3
4418 2695
4418 3786
4418 43
4419 35
4419 37
4419 105
4419 15
4420 32
4420 4292
4420 11
4420 14
4421 0
4421 4
4421 3308
4421 13
4422 4
4422 5
4422 1676
4422 111
4423 0
4423 1446
4423 23
4423 220
4424 1
4424 5
4424 174
4424 14
4425 660
4425 725
4425 341
4425 2183
4426 1090
4426 2
4426 37
4426 79
4427 0
4427 4
4427 424
4427 1115
4428 5
4428 2542
4428 126
4428 15
4429 3
4429 53
4429 2169
4429 15
4430 97
4430 258
4430 1399
4430 43
4431 2
4431 4
4431 868
4431 4332
4432 1607
4432 24
4432 3578
4432 15
4433 32
4433 945
4433 2601
4433 190
4434 1989
4434 1702
4434 926
4434 47
4435 2
4435 3159
4435 3928
4435 1198
4436 563
4436 24
4436 251
4436 14
4437 4340
4437 373
4437 62
4437 3647
4438 310
4438 504
4438 427
4438 750
4439 1649
4439 2
4439 358
4439 1434
4440 1233
4440 3
4440 627
4440 1148
4441 258
4441 100
4441 2436
4441 2309
4442 1813
4442 2565
4442 1130
4442 879
4443 2
4443 248
4443 3903
4443 3263
4444 0
4444 2115
4444 1622
4444 41
4445 1233
4445 18
4445 3
4445 127
4446 8
4446 10
4446 250
4446 1434
4447 19
4447 1079
4447 794
4447 62
4448 1
4448 5
4448 4089
4448 42
4449 165
4449 2983
4449 1127
4449 472
4450 3074
4450 354
4450 2291
4450 138
4451 19
4451 4
4451 1402
4451 92
4452 33
4452 6
4452 105
4452 171
4453 1843
4453 22
4453 935
4453 191
4454 3
4454 516
4454 23
4454 1517
4455 116
4455 230
4455 188
4455 142
4456 258
4456 5
4456 534
4456 203
4457 1010
4457 451
4457 1450
4457 12
4458 51
4458 2948
4458 712
4458 955
4459 304
4459 933
4459 6
4459 23
4460 10
4460 204
4460 813
4460 622
4461 96
4461 2033
4461 1
4461 53
4462 208
4462 518
4462 759
4462 813
4463 498
4463 197
4463 1159
4463 121
4464 1073
4464 1718
4464 3606
4464 12
4465 3952
4465 2
4465 426
4465 1775
4466 2
4466 23
4466 263
4466 3039
4467 5
4467 2761
4467 666
4467 14
4468 48
4468 401
4468 180
4468 262
4469 1
4469 2
4469 4
4469 1124
4470 305
4470 691
4470 89
4470 2540
4471 3
4471 441
4471 508
4471 2492
4472 112
4472 2840
4472 410
4472 317
4473 450
4473 5
4473 663
4473 2142
4474 2256
4474 90
4474 171
4474 15
4475 3
4475 342
4475 121
4475 1131
4476 2
4476 67
4476 69
4476 37
4477 451
4477 38
4477 22
4477 12
4478 18
4478 3
4478 1573
4478 14
4479 148
4479 5
4479 1402
4479 15
4480 17
4480 2
4480 327
4480 1610
4481 3
4481 23
4481 1724
4481 1599
4482 128
4482 49
4482 7
4482 14
4483 3344
4483 449
4483 1873
4483 3
4484 37
4484 650
4484 204
4484 1165
4485 3874
4485 2
4485 580
4485 8
4486 2115
4486 3
4486 2295
4486 24
4487 0
4487 2
4487 1771
4487 142
4488 2483
4488 1352
4488 1998
4488 15
4489 3408
4489 1507
4489 949
4489 1068
4490 1
4490 2
4490 3139
4490 397
4491 1155
4491 22
4491 238
4491 2446
4492 112
4492 208
4492 2
4492 34
4493 865
4493 612
4493 4
4493 908
4494 135
4494 43
4494 220
4494 2749
4495 97
4495 37
4495 187
4495 2988
4496 2
4496 372
4496 23
4496 1724
4497 2242
4497 3
4497 5
4497 22
4498 385
4498 3012
4498 68
4498 27
4499 51
4499 3924
4499 518
4499 2877
4500 3601
4500 2195
4500 3735
4500 2173
4501 1
4501 2
4501 57
4501 110
4502 1
4502 18
4502 146
4502 1324
4503 755
4503 4
4503 660
4503 4365
4504 1
4504 2349
4504 2909
4504 14
4505 17
4505 3
4505 166
4505 426
4506 0
4506 837
4506 105
4506 668
4507 35
4507 2471
4507 14
4507 1775
4508 1
4508 3816
4508 9
4508 2827
4509 2370
4509 627
4509 46
4509 15
4510 208
4510 2098
4510 184
4510 1436
4511 1633
4511 2
4511 122
4511 284
4512 163
4512 2779
4512 207
4512 4159
4513 1
4513 503
4513 4204
4513 76
4514 176
4514 2
4514 3475
4514 266
4515 2
4515 3748
4515 1126
4515 231
4516 2
4516 22
4516 185
4516 31
4517 672
4517 1089
4517 6
4517 1726
4518 1938
4518 2
4518 100
4518 5
4519 0
4519 3
4519 5
4519 2712
4520 0
4520 164
4520 5
4520 12
4521 67
4521 1077
4521 245
4521 204
4522 598
4522 7
4522 653
4522 14
4523 514
4523 53
4523 1976
4523 1260
4524 2529
4524 611
4524 38
4524 3758
4525 35
4525 379
4525 61
4525 1869
4526 257
4526 2
4526 919
4526 472
4527 5
4527 411
4527 59
4527 380
4528 119
4528 24
4528 75
4528 127
4529 752
4529 32
4529 53
4529 908
4530 0
4530 100
4530 54
4530 231
4531 0
4531 69
4531 22
4531 777
4532 1267
4532 1173
4532 92
4532 47
4534 17
4534 3735
4534 14
4534 223
4536 481
4536 21
4536 10
4536 2638
4537 4433
4537 1025
4537 18
4537 436
4538 803
4538 5
4538 293
4538 1272
4539 267
4539 173
4539 301
4539 430
4540 581
4540 315
4540 27
4540 1375
4541 1
4541 754
4541 2
4541 1299
4542 3
4542 781
4542 46
4542 174
4543 450
4543 2
4543 218
4543 271
4545 18
4545 5
4545 28
4545 15
4546 1441
4546 1825
4546 4
4546 953
4547 3521
4547 2
4547 244
4547 23
4548 2
4548 146
4548 3
4548 174
4549 1090
4549 204
4549 1868
4549 557
4550 32
4550 2
4550 7
4550 13
4551 5
4551 1573
4551 41
4551 1450
4552 1856
4552 712
4552 1850
4552 175
4553 0
4553 3
4553 4
4553 7
4554 1
4554 2
4554 52
4554 22
4555 2565
4555 74
4555 2093
4555 238
4556 2
4556 5
4556 3099
4556 491
4557 865
4557 210
4557 6
4557 27
4558 960
4558 81
4558 2
4558 119
4559 274
4559 2195
4559 3
4559 4331
4560 2
4560 135
4560 24
4560 874
4561 1669
4561 837
4561 10
4561 92
4562 244
4562 1110
4562 203
4562 2190
4563 1650
4563 500
4563 475
4563 28
4564 6
4564 427
4564 156
4564 92
4565 49
4565 1699
4565 4
4565 1277
4566 3
4566 35
4566 3076
4566 15
4567 3219
4567 516
4567 3260
4567 46
4568 721
4568 3688
4568 41
4568 1454
4569 1
4569 4
4569 613
4569 1518
4570 3
4570 837
4570 90
4570 191
4571 51
4571 2007
4571 186
4571 477
4572 208
4572 17
4572 228
4572 31
4573 547
4573 2387
4573 59
4573 14
4574 2288
4574 2913
4574 274
4574 131
4575 400
4575 0
4575 23
4575 105
4576 160
4576 3
4576 37
4576 53
4577 3569
4577 3
4577 23
4577 3583
4578 4
4578 3784
4578 379
4578 2699
4579 417
4579 4
4579 10
4579 1629
4580 0
4580 1317
4580 27
4580 1965
4581 32
4581 401
4581 825
4581 12
4582 119
4582 810
4582 76
4582 46
4583 361
4583 2441
4583 1068
4583 397
4584 0
4584 51
4584 3
4584 471
4585 2261
4585 22
4585 1226
4585 558
4586 51
4586 87
4586 4024
4586 121
4587 4
4587 5
4587 3029
4587 1066
4588 51
4588 4234
4588 28
4588 2190
4589 1649
4589 193
4589 3
4589 127
4590 0
4590 633
4590 3401
4590 2300
4591 4
4591 22
4591 3463
4591 284
4592 2
4592 4
4592 1352
4592 430
4593 2
4593 819
4593 115
4593 157
4594 481
4594 2
4594 88
4594 284
4595 865
4595 2
4595 1051
4595 220
4596 2
4596 2276
4596 231
4596 2760
4597 1609
4597 169
4597 11
4597 204
4598 2
4598 3
4598 41
4598 10
4599 0
4599 2688
4599 67
4599 151
4601 176
4601 211
4601 712
4601 1740
4602 18
4602 426
4602 170
4602 3406
4603 32
4603 1
4603 236
4603 462
4604 2
4604 67
4604 6
4604 13
4605 3
4605 485
4605 551
4605 62
4606 513
4606 3
4606 22
4606 2122
4607 1
4607 6
4607 1450
4607 75
4608 673
4608 2716
4608 205
4608 62
4609 165
4609 725
4609 586
4609 207
4610 887
4610 23
4610 11
4610 28
4611 18
4611 5
4611 10
4611 1580
4612 3
4612 35
4612 501
4612 399
4613 61
4613 2605
4613 1902
4613 255
4614 1
4614 4611
4614 372
4614 389
4615 3
4615 341
4615 299
4615 237
4616 3
4616 2852
4616 5
4616 4217
4617 2178
4617 1650
4617 291
4617 772
4618 162
4618 82
4618 4
4618 2941
4619 1284
4619 788
4619 22
4619 2414
4620 49
4620 2
4620 4341
4620 1272
4621 3
4621 244
4621 4
4621 364
4622 1
4622 67
4622 69
4622 5
4623 2
4623 3
4623 3845
4623 46
4624 1025
4624 19
4624 788
4624 15
4625 35
4625 2284
4625 157
4625 62
4626 3024
4626 613
4626 2619
4626 1390
4627 3201
4627 2
4627 18
4627 1252
4628 18
4628 451
4628 3205
4628 121
4630 18
4630 102
4630 12
4630 591
4631 22
4631 6
4631 59
4631 715
4632 1601
4632 2
4632 761
4632 14
4633 129
4633 33
4633 3475
4633 85
4634 67
4634 7
4634 9
4634 204
4635 368
4635 385
4635 34
4635 4
4636 1392
4636 210
4636 115
4636 776
4637 0
4637 2
4637 4039
4637 729
4638 306
4638 35
4638 74
4638 122
4639 0
4639 4530
4639 4116
4639 165
4640 4595
4640 148
4640 6
4640 2621
4641 34
4641 675
4641 3029
4641 23
4642 178
4642 100
4642 312
4642 395
4643 176
4643 1745
4643 2
4643 139
4644 6
4644 1062
4644 121
4644 220
4645 675
4645 2789
4645 2765
4645 14
4646 3
4646 227
4646 2523
4646 475
4647 2
4647 933
4647 341
4647 919
4648 2
4648 3
4648 27
4648 1277
4649 274
4649 165
4649 1694
4649 47
4650 1856
4650 5
4650 28
4650 14
4651 3808
4651 1541
4651 23
4651 1260
4652 3233
4652 3346
4652 115
4652 3182
4653 611
4653 51
4653 6
4653 267
4654 176
4654 3
4654 54
4654 2478
4655 4
4655 777
4655 92
4655 3405
4656 2
4656 4
4656 22
4656 62
4657 272
4657 1
4657 2982
4657 4206
4658 19
4658 3939
4658 116
4658 1317
4659 2
4659 216
4659 351
4659 431
4660 1636
4660 1335
4660 1896
4660 76
4662 960
4662 1
4662 3
4662 42
4663 3
4663 35
4663 4231
4663 105
4664 22
4664 7
4664 135
4664 237
4665 3632
4665 87
4665 73
4665 90
4666 32
4666 3
4666 627
4666 5
4667 5
4667 1047
4667 139
4667 14
4668 2
4668 3
4668 3540
4668 141
4669 1
4669 2570
4669 1258
4669 2783
4670 2
4670 725
4670 2153
4670 59
4671 176
4671 1874
4671 1141
4671 1967
4672 261
4672 3062
4672 12
4672 94
4673 1301
4673 790
4673 23
4673 1070
4674 18
4674 3187
4674 3079
4674 2317
4675 2
4675 51
4675 2724
4675 7
4676 3446
4676 10
4676 157
4676 4461
4677 3
4677 2262
4677 8
4677 843
4678 1938
4678 2
4678 246
4678 206
4679 2224
4679 69
4679 88
4679 2345
4680 4
4680 678
4680 41
4680 587
4681 993
4681 4548
4681 379
4681 78
4682 514
4682 25
4682 3996
4682 2173
4683 3184
4683 2
4683 1142
4683 10
4684 7
4684 2713
4684 1370
4684 14
4685 98
4685 1110
4685 42
4685 941
4686 1124
4686 41
4686 1209
4686 303
4687 964
4687 233
4687 153
4687 14
4688 49
4688 357
4688 9
4688 3486
4689 67
4689 452
4689 237
4689 14
4690 1111
4690 3881
4690 618
4690 1807
4691 2454
4691 313
4691 299
4691 493
4692 465
4692 4419
4692 756
4692 1910
4693 0
4693 2
4693 3
4693 7
4694 1143
4694 572
4694 14
4694 174
4695 128
4695 214
4695 298
4695 3502
4696 275
4696 357
4696 6
4696 253
4697 2304
4697 82
4697 552
4697 763
4698 324
4698 38
4698 2424
4698 570
4699 51
4699 1059
4699 3483
4699 61
4700 739
4700 105
4700 2988
4700 223
4701 248
4701 10
4701 1547
4701 206
4702 2833
4702 4
4702 3081
4702 1516
4703 176
4703 0
4703 289
4703 14
4704 34
4704 3
4704 5
4704 248
4705 0
4705 1105
4705 3146
4705 43
4706 3328
4706 547
4706 1702
4706 4460
4707 2336
4707 19
4707 23
4707 1865
4708 112
4708 389
4708 12
4708 3837
4709 4338
4709 134
4709 23
4709 4520
4710 324
4710 108
4710 863
4710 431
4711 2880
4711 1
4711 2
4711 15
4712 4
4712 773
4712 267
4712 46
4713 49
4713 180
4713 997
4713 14
4714 530
4714 37
4714 2108
4714 2477
4715 3362
4715 4
4715 133
4715 1899
4716 32
4716 102
4716 4519
4716 845
4717 3712
4717 19
4717 5
4717 1406
4718 112
4718 945
4718 22
4718 150
4719 176
4719 0
4719 2080
4719 1461
4720 2208
4720 0
4720 329
4720 10
4721 2
4721 67
4721 23
4721 1629
4722 3
4722 4
4722 7
4722 456
4723 18
4723 165
4723 3338
4723 47
4724 2
4724 695
4724 633
4724 3279
4725 99
4725 4
4725 3766
4725 584
4726 449
4726 611
4726 2084
4726 1150
4727 1105
4727 1
4727 163
4727 618
4728 1817
4728 105
4728 121
4728 1676
4729 178
4729 249
4729 10
4729 1292
4730 112
4730 10
4730 27
4730 94
4731 2
4731 35
4731 3
4731 2154
4732 49
4732 247
4732 377
4732 842
4733 2
4733 148
4733 1978
4733 14
4735 979
4735 1187
4735 1711
4735 2575
4736 4
4736 317
4736 126
4736 2798
4737 23
4737 295
4737 3722
4737 4302
4738 823
4738 3543
4738 1065
4738 237
4739 2
4739 659
4739 41
4739 1263
4740 18
4740 1306
4740 74
4740 2155
4741 32
4741 5
4741 6
4741 22
4742 1
4742 1251
4742 3225
4742 4015
4743 112
4743 2
4743 51
4743 1260
4744 2
4744 386
4744 2406
4744 15
4745 2693
4745 10
4745 540
4745 878
4746 1906
4746 2
4746 253
4746 127
4747 256
4747 69
4747 9
4747 527
4748 560
4748 839
4748 1117
4748 61
4749 323
4749 244
4749 37
4749 2991
4750 23
4750 10
4750 2093
4750 494
4751 1863
4751 88
4751 1259
4751 3629
4752 308
4752 4
4752 249
4752 441
4753 3
4753 22
4753 4489
4753 27
4754 1008
4754 2
4754 22
4754 2461
4755 2
4755 135
4755 586
4755 3403
4756 2
4756 6
4756 8
4756 1321
4757 2
4757 2731
4757 14
4757 47
4758 0
4758 98
4758 85
4758 38
4759 3
4759 4
4759 22
4759 134
4760 3
4760 4
4760 5
4760 85
4761 1
4761 3
4761 23
4761 1103
4762 2
4762 5
4762 2966
4762 126
4763 1233
4763 547
4763 19
4763 138
4764 3171
4764 4
4764 8
4764 3230
4765 624
4765 16
4765 3
4765 2761
4766 1267
4766 1845
4766 5
4766 4732
4768 4480
4768 49
4768 69
4768 1102
4769 343
4769 119
4769 2827
4769 893
4770 49
4770 98
4770 1629
4770 62
4771 0
4771 3
4771 2276
4771 142
4772 997
4772 24
4772 1176
4772 204
4773 18
4773 485
4773 1142
4773 1902
4774 258
4774 146
4774 41
4774 447
4775 0
4775 1
4775 1441
4775 2744
4776 354
4776 775
4776 2714
4776 1967
4777 1568
4777 176
4777 2230
4777 43
4778 4512
4778 53
4778 726
4778 157
4779 267
4779 668
4779 238
4779 991
4780 2194
4780 34
4780 37
4780 3691
4781 2
4781 452
4781 1877
4781 539
4782 961
4782 291
4782 2279
4782 2142
4783 0
4783 34
4783 4660
4783 397
4784 195
4784 357
4784 2458
4784 46
4785 233
4785 11
4785 4510
4785 47
4786 148
4786 809
4786 10
4786 94
4787 3
4787 5
4787 524
4787 396
4788 2721
4788 5
4788 774
4788 2270
4790 1
4790 217
4790 362
4790 4015
4791 2
4791 216
4791 1144
4791 14
4792 401
4792 4
4792 2085
4792 14
4793 337
4793 1233
4793 2
4793 138
4794 4
4794 612
4794 4215
4794 2409
4795 22
4795 600
4795 538
4795 334
4796 560
4796 3
4796 41
4796 970
4797 1106
4797 195
4797 85
4797 539
4798 18
4798 195
4798 184
4798 46
4799 1843
4799 2916
4799 6
4799 1150
4800 0
4800 514
4800 6
4800 175
4801 114
4801 1274
4801 444
4801 13
4802 1506
4802 2
4802 52
4802 77
4803 32
4803 0
4803 1813
4803 860
4804 1
4804 2771
4804 3
4804 348
4805 1
4805 2
4805 5
4805 88
4806 2
4806 242
4806 51
4806 27
4807 0
4807 2
4807 168
4807 4764
4808 4
4808 324
4808 2133
4808 119
4809 133
4809 790
4809 1095
4809 990
4810 34
4810 3
4810 142
4810 1087
4811 1686
4811 41
4811 12
4811 14
4812 881
4812 3
4812 19
4812 660
4813 0
4813 3
4813 776
4813 27
4814 0
4814 2
4814 51
4814 3
4815 18
4815 7
4815 648
4815 3049
4816 1
4816 2661
4816 102
4816 191
4817 52
4817 4052
4817 4077
4817 14
4818 86
4818 251
4818 141
4818 62
4819 3
4819 2788
4819 633
4819 2090
4820 2
4820 19
4820 436
4820 710
4821 22
4821 2487
4821 2058
4821 205
4822 160
4822 673
4822 2
4822 242
4823 32
4823 0
4823 18
4823 135
4824 404
4824 69
4824 4477
4824 2191
4825 2647
4825 364
4825 1150
4825 4287
4826 2053
4826 89
4826 4204
4826 2879
4827 1
4827 85
4827 25
4827 4159
4828 176
4828 1928
4828 810
4828 271
4829 1136
4829 2602
4829 3790
4829 15
4830 64
4830 257
4830 1640
4830 447
4831 17
4831 120
4831 59
4831 2127
4833 2578
4833 1059
4833 2474
4833 843
4834 161
4834 834
4834 323
4834 3029
4835 1
4835 19
4835 23
4835 3053
4836 2
4836 19
4836 88
4836 2943
4837 1297
4837 51
4837 345
4837 3071
4838 2
4838 51
4838 244
4838 1854
4839 3
4839 789
4839 62
4839 31
4840 176
4840 4
4840 24
4840 14
4841 1696
4841 3
4841 148
4841 22
4842 3873
4842 130
4842 2
4842 4650
4844 226
4844 4644
4844 74
4844 139
4845 0
4845 73
4845 4121
4845 3914
4846 1
4846 2
4846 2578
4846 534
4847 754
4847 3
4847 41
4847 61
4848 2562
4848 105
4848 1435
4848 270
4849 337
4849 67
4849 1236
4849 77
4850 4368
4850 273
4850 1
4850 1390
4851 1794
4851 1828
4851 2919
4851 13
4852 0
4852 512
4852 41
4852 2844
4853 0
4853 4
4853 85
4853 364
4854 3169
4854 98
4854 1687
4854 3759
4855 401
4855 3322
4855 12
4855 204
4856 2
4856 35
4856 2117
4856 10
4857 4551
4857 972
4857 237
4857 351
4858 1
4858 2
4858 3
4858 62
4860 1137
4860 193
4860 2
4860 22
4861 3
4861 5
4861 24
4861 749
4862 978
4862 3
4862 1588
4862 1305
4863 695
4863 393
4863 1243
4863 15
4864 176
4864 436
4864 725
4864 25
4865 4339
4865 5
4865 141
4865 30
4866 18
4866 69
4866 24
4866 12
4867 1557
4867 5
4867 234
4867 75
4868 2417
4868 2
4868 56
4868 204
4869 2
4869 37
4869 27
4869 14
4870 64
4870 1
4870 2
4870 2693
4872 2
4872 50
4872 323
4872 697
4873 4773
4873 25
4873 908
4873 45
4874 371
4874 5
4874 1676
4874 1198
4875 2432
4875 152
4875 634
4875 4764
4876 627
4876 23
4876 1368
4876 843
4877 10
4877 220
4877 462
4877 14
4878 900
4878 747
4878 4525
4878 30
4879 18
4879 466
4879 567
4879 1214
4880 1794
4880 675
4880 3
4880 12
4881 0
4881 712
4881 1947
4881 2175
4882 3
4882 3540
4882 3899
4882 1531
4883 18
4883 3
4883 19
4883 9
4884 146
4884 5
4884 3932
4884 62
4885 6
4885 1211
4885 589
4885 4575
4886 1
4886 34
4886 4789
4886 1561
4887 38
4887 7
4887 1083
4887 1644
4888 2
4888 667
4888 12
4888 62
4889 1
4889 4642
4889 1990
4889 15
4890 2
4890 3
4890 5
4890 1974
4892 1377
4892 2
4892 153
4892 42
4894 274
4894 100
4894 1141
4894 4362
4895 4006
4895 1640
4895 10
4895 90
4896 104
4896 441
4896 1515
4896 3563
4897 4416
4897 5
4897 245
4897 13
4898 2
4898 1557
4898 23
4898 879
4899 0
4899 2497
4899 696
4899 2941
4900 3
4900 484
4900 1366
4900 1592
4901 161
4901 3924
4901 23
4901 427
4902 4674
4902 1931
4902 12
4902 557
4903 2
4903 90
4903 3694
4903 14
4904 32
4904 1014
4904 4345
4904 426
4905 3
4905 4504
4905 4185
4905 174
4906 32
4906 241
4906 3
4906 62
4908 3
4908 4
4908 5
4908 1887
4909 4
4909 62
4909 94
4909 814
4910 2
4910 3
4910 5
4910 73
4911 432
4911 32
4911 5
4911 15
4912 3
4912 54
4912 3399
4912 2327
4913 128
4913 5
4913 584
4913 175
4914 1073
4914 121
4914 1129
4914 109
4915 53
4915 5
4915 88
4915 122
4916 50
4916 612
4916 6
4916 2173
4917 1648
4917 64
4917 22
4917 104
4918 3479
4918 2715
4918 430
4918 47
4920 2
4920 3
4920 3749
4920 22
4921 1906
4921 130
4921 6
4921 138
4922 0
4922 2
4922 100
4922 79
4923 1671
4923 2474
4923 3083
4923 3503
4924 2
4924 258
4924 3077
4924 471
4925 195
4925 249
4925 1209
4925 10
4926 97
4926 3
4926 5
4926 1309
4927 2
4927 18
4927 3
4927 4
4929 9
4929 10
4929 540
4929 813
4930 2354
4930 14
4930 1359
4930 351
4931 0
4931 1
4931 2773
4931 4217
4932 35
4932 7
4932 121
4932 1069
4933 176
4933 1
4933 2
4933 3
4934 305
4934 2
4934 4397
4934 4575
4935 2
4935 4
4935 3908
4935 376
4936 309
4936 39
4936 585
4936 41
4937 97
4937 1
4937 2322
4937 2
4938 4
4938 6
4938 1048
4938 2907
4939 32
4939 1
4939 4
4939 1224
4940 865
4940 1124
4940 6
4940 1292
4941 2
4941 3
4941 803
4941 4004
4942 1843
4942 121
4942 4012
4942 12
4943 67
4943 4
4943 553
4943 3260
4944 1
4944 4546
4944 2772
4944 4171
4945 160
4945 5
4945 165
4945 27
4946 4171
4946 12
4946 815
4946 223
4947 3
4947 1716
4947 3720
4947 654
4948 1
4948 3403
4948 12
4948 431
4949 3329
4949 170
4949 93
4949 31
4950 160
4950 1705
4950 28
4950 62
4951 98
4951 627
4951 1123
4951 85
4952 512
4952 19
4952 3141
4952 3511
4953 675
4953 5
4953 2790
4953 109
4955 17
4955 59
4955 78
4955 1023
4956 2
4956 3
4956 35
4956 6
4957 2592
4957 162
4957 4
4957 396
4958 112
4958 50
4958 27
4958 2127
4959 98
4959 19
4959 4792
4959 1979
4960 4865
4960 515
4960 1445
4960 15
4961 741
4961 87
4961 121
4961 41
4962 4960
4962 5
4962 4471
4962 1166
4963 977
4963 49
4963 803
4963 9
4964 720
4964 1
4964 4
4964 135
4965 369
4965 3
4965 3446
4965 298
4966 945
4966 1922
4966 3
4966 6
4967 1696
4967 3074
4967 54
4967 4104
4968 32
4968 5
4968 90
4968 300
4969 2
4969 310
4969 41
4969 4956
4970 246
4970 4029
4970 142
4970 3070
4971 0
4971 1457
4971 237
4971 1215
4972 4
4972 587
4972 11
4972 14
4973 673
4973 3
4973 8
4973 92
4974 3107
4974 231
4974 90
4974 3484
4975 850
4975 309
4975 2278
4975 1791
4976 1253
4976 613
4976 794
4976 2044
4977 512
4977 179
4977 85
4977 908
4978 4096
4978 1
4978 4
4978 3062
4979 401
4979 234
4979 91
4979 4620
4980 176
4980 850
4980 4
4980 119
4981 106
4981 204
4981 3421
4981 126
4982 3028
4982 5
4982 123
4982 717
4983 1
4983 34
4983 5
4983 1209
4984 131
4984 5
4984 1845
4984 6
4985 2
4985 4200
4985 427
4985 4077
4986 400
4986 835
4986 235
4986 557
4987 2
4987 23
4987 3479
4987 79
4988 485
4988 422
4988 152
4988 1131
4990 323
4990 4
4990 3976
4990 3644
4991 35
4991 4
4991 521
4991 1243
4992 2033
4992 152
4992 14
4992 15
4993 68
4993 2071
4993 3641
4993 14
4994 18
4994 1476
4994 53
4994 317
4995 1
4995 2
4995 37
4995 2959
4996 1
4996 133
4996 249
4996 11
4999 1378
4999 471
4999 3512
4999 748
5000 164
5000 5
5000 95
5000 3823
5001 98
5001 2
5001 732
5001 15
5002 1712
5002 19
5002 1363
5002 2474
5003 305
5003 616
5003 56
5003 2540
5004 193
5004 3
5004 35
5004 13
5006 18
5006 6
5006 23
5006 12
5007 97
5007 2
5007 3446
5007 23
5008 0
5008 18
5008 205
5008 79
5009 165
5009 763
5009 1869
5009 238
5010 577
5010 35
5010 1365
5010 3029
5011 0
5011 3
5011 9
5011 313
5012 81
5012 1
5012 3
5012 4119
5013 1057
5013 7
5013 1145
5013 844
5015 6
5015 535
5015 231
5015 313
5016 2
5016 38
5016 524
5016 12
5017 660
5017 341
5017 2263
5017 105
5018 1702
5018 91
5018 59
5018 46
5019 184
5019 472
5019 2827
5019 12
5020 2454
5020 2854
5020 2346
5020 15
5021 4049
5021 19
5021 3208
5021 362
5022 1
5022 385
5022 3718
5022 94
5023 631
5023 1176
5023 8
5023 10
5024 464
5024 161
5024 5
5024 2071
5025 789
5025 1117
5025 286
5025 350
5026 2
5026 647
5026 551
5026 56
5027 352
5027 67
5027 138
5027 15
5028 675
5028 3877
5028 28
5028 863
5030 18
5030 1064
5030 12
5030 1277
5031 19
5031 5
5031 4284
5031 46
5032 289
5032 2
5032 5
5032 15
5033 1
5033 3987
5033 5
5033 2394
5034 640
5034 2645
5034 251
5034 843
5035 723
5035 2309
5035 3109
5035 2830
5036 0
5036 2768
5036 105
5036 2988
5037 53
5037 2344
5037 106
5037 1103
5038 1297
5038 257
5038 513
5038 23
5039 0
5039 3331
5039 51
5039 650
5040 32
5040 49
5040 2516
5040 14
5041 2674
5041 317
5041 543
5041 127
5042 2115
5042 22
5042 14
5042 926
5043 32
5043 1639
5043 299
5043 12
5044 3280
5044 18
5044 4293
5044 777
5045 257
5045 3570
5045 748
5045 2095
5047 1
5047 41
5047 1577
5047 911
5048 1
5048 2
5048 1142
5048 3277
5049 640
5049 2929
5049 2201
5049 267
5050 1552
5050 1
5050 3
5050 90
5051 305
5051 450
5051 74
5051 717
5053 0
5053 3
5053 2236
5053 893
5054 323
5054 4756
5054 2584
5054 14
5055 4641
5055 4
5055 4199
5055 3039
5056 18
5056 19
5056 501
5056 22
5057 352
5057 41
5057 4570
5057 1645
5058 1
5058 180
5058 397
5058 2559
5059 64
5059 2
5059 6
5059 10
5060 1
5060 180
5060 3960
5060 14
5061 225
5061 5
5061 24
5061 379
5062 96
5062 35
5062 2215
5062 9
5063 1
5063 1542
5063 1207
5063 1915
5064 1008
5064 160
5064 3201
5064 1
5065 1
5065 2853
5065 553
5065 62
5066 992
5066 249
5066 27
5066 3070
5067 65
5067 3921
5067 67
5067 4
5068 48
5068 2087
5068 584
5068 174
5069 1506
5069 73
5069 589
5069 127
5070 1
5070 178
5070 4069
5070 61
5071 2
5071 4644
5071 5
5071 93
5072 1392
5072 2002
5072 4
5072 472
5073 2
5073 67
5073 2136
5073 28
5074 1072
5074 1
5074 2
5074 3566
5075 4
5075 5
5075 2409
5075 14
5076 18
5076 4
5076 4632
5076 2431
5077 115
5077 22
5077 7
5077 2716
5078 1347
5078 918
5078 3421
5078 238
5079 4002
5079 764
5079 270
5079 2575
5080 2
5080 3543
5080 12
5080 62
5081 2786
5081 3
5081 4
5081 126
5082 148
5082 2516
5082 4
5082 2554
5083 18
5083 52
5083 85
5083 2447
5084 80
5084 98
5084 2
5084 15
5085 2129
5085 450
5085 342
5085 301
5086 4
5086 6
5086 123
5086 28
5087 2
5087 3
5087 100
5087 846
5088 0
5088 2041
5088 45
5088 4830
5089 1077
5089 38
5089 22
5089 318
5090 2498
5090 3
5090 85
5090 652
5091 0
5091 2992
5091 37
5091 358
5092 759
5092 10
5092 908
5092 671
5093 3
5093 216
5093 62
5093 15
5094 2832
5094 769
5094 516
5094 1269
5095 176
5095 2
5095 820
5095 1690
5096 19
5096 4
5096 808
5096 1116
5097 0
5097 3
5097 3194
5097 14
5098 2208
5098 1045
5098 3260
5098 1791
5099 241
5099 1623
5099 650
5099 191
5100 208
5100 514
5100 5
5100 106
5101 2
5101 930
5101 4
5101 5
5102 371
5102 580
5102 1543
5102 121
5104 35
5104 5
5104 9
5104 3610
5105 0
5105 1
5105 81
5105 430
5107 19
5107 59
5107 12
5107 844
5108 1
5108 22
5108 6
5108 3449
5109 1184
5109 1939
5109 2155
5109 108
5110 48
5110 49
5110 4454
5110 14
5112 115
5112 4102
5112 22
5112 2493
5113 1602
5113 188
5113 1581
5113 287
5114 1
5114 17
5114 2
5114 975
5115 1
5115 5
5115 2923
5115 12
5116 1968
5116 2
5116 3
5116 19
5117 1155
5117 533
5117 1242
5117 4717
5118 1
5118 115
5118 9
5118 797
5119 3
5119 164
5119 941
5119 509
5120 0
5120 1
5120 2
5120 15
5121 80
5121 258
5121 2
5121 43
5123 5
5123 1158
5123 6
5123 446
5124 2
5124 3
5124 108
5124 1325
5125 0
5125 305
5125 372
5125 4
5126 49
5126 3
5126 46
5126 15
5127 1
5127 100
5127 53
5127 197
5128 1
5128 100
5128 3595
5128 2107
5129 2
5129 1977
5129 1353
5129 207
5130 0
5130 5
5130 4203
5130 1229
5131 4
5131 551
5131 585
5131 157
5132 0
5132 3
5132 5
5132 605
5133 0
5133 97
5133 4117
5133 15
5134 160
5134 1737
5134 2810
5134 1659
5135 208
5135 5
5135 4522
5135 5002
5136 80
5136 4501
5136 14
5136 2927
5137 533
5137 313
5137 125
5137 141
5138 2
5138 85
5138 5
5138 2712
5139 37
5139 10
5139 27
5139 2526
5140 23
5140 2872
5140 2280
5140 10
5141 372
5141 22
5141 152
5141 4985
5142 2
5142 3
5142 1656
5142 15
5143 0
5143 162
5143 1202
5143 747
5144 208
5144 22
5144 5112
5144 62
5145 417
5145 5
5145 4170
5145 957
5146 0
5146 35
5146 100
5146 1720
5147 4611
5147 5
5147 2135
5147 1532
5148 3
5148 4437
5148 251
5148 14
5149 2
5149 1317
5149 585
5149 237
5151 337
5151 1203
5151 344
5151 27
5152 34
5152 4
5152 121
5152 75
5153 566
5153 22
5153 185
5153 427
5154 593
5154 3
5154 163
5154 4
5155 2
5155 5
5155 30
5155 4302
5156 3
5156 3091
5156 747
5156 12
5157 0
5157 2
5157 341
5157 38
5158 274
5158 68
5158 10
5158 1437
5159 4
5159 2183
5159 841
5159 1935
5160 82
5160 7
5160 1882
5160 14
5161 2922
5161 75
5161 14
5161 687
5162 2
5162 2244
5162 5
5162 1338
5163 1
5163 533
5163 8
5163 267
5164 32
5164 4003
5164 1331
5164 47
5165 2944
5165 1649
5165 2980
5165 133
5166 2
5166 4563
5166 3322
5166 94
5167 354
5167 3
5167 1304
5167 8
5168 1
5168 18
5168 790
5168 6
5169 3344
5169 2980
5169 312
5169 15
5170 691
5170 2916
5170 38
5170 4493
5171 2884
5171 4
5171 2919
5171 14
5172 3483
5172 76
5172 3582
5172 30
5173 790
5173 23
5173 441
5173 14
5174 1
5174 7
5174 4218
5174 2316
5176 4
5176 122
5176 237
5176 4493
5177 18
5177 35
5177 2280
5177 286
5178 49
5178 34
5178 680
5178 764
5179 32
5179 2
5179 3
5179 248
5181 23
5181 11
5181 573
5181 31
5182 18
5182 2786
5182 6
5182 204
5183 4
5183 5
5183 2315
5183 2108
5184 32
5184 2
5184 501
5184 4826
5185 2
5185 675
5185 937
5185 3583
5186 0
5186 1717
5186 2907
5186 14
5187 658
5187 2901
5187 9
5187 238
5188 3
5188 5
5188 3226
5188 475
5189 6
5189 440
5189 1643
5189 62
5190 1
5190 1473
5190 2
5190 28
5191 81
5191 275
5191 4
5191 28
5192 2
5192 642
5192 3
5192 148
5193 146
5193 2
5193 22
5193 973
5194 1
5194 6
5194 509
5194 62
5195 18
5195 5
5195 12
5195 108
5196 2
5196 343
5196 14
5196 3007
5197 2
5197 451
5197 12
5197 829
5198 23
5198 2570
5198 14
5198 431
5199 1577
5199 683
5199 14
5199 15
5200 129
5200 1460
5200 839
5200 15
5201 55
5201 7
5201 4744
5201 43
5202 3
5202 41
5202 3279
5202 351
5203 3
5203 1619
5203 27
5203 62
5204 400
5204 3
5204 166
5204 108
5205 1
5205 3
5205 5
5205 1356
5207 1
5207 19
5207 116
5207 125
5208 1
5208 2
5208 3239
5208 1129
5209 3
5209 295
5209 1275
5209 2381
5210 3
5210 5
5210 22
5210 838
5211 1
5211 12
5211 814
5211 319
5212 1
5212 3763
5212 41
5212 1372
5213 4113
5213 2
5213 2382
5213 1230
5214 1
5214 2
5214 1843
5214 230
5215 2
5215 681
5215 332
5215 14
5216 1
5216 1257
5216 1436
5216 764
5217 98
5217 51
5217 53
5217 1688
5218 176
5218 34
5218 74
5218 191
5219 4019
5219 5
5219 605
5219 14
5220 436
5220 6
5220 157
5220 15
5221 1970
5221 3
5221 53
5221 2654
5222 52
5222 3046
5222 1672
5222 431
5223 1
5223 2
5223 546
5223 2779
5224 4756
5224 4
5224 1318
5224 166
5225 128
5225 23
5225 2716
5225 1646
5226 19
5226 4451
5226 580
5226 31
5227 2
5227 3
5227 5
5227 14
5228 0
5228 834
5228 3367
5228 2445
5229 119
5229 1783
5229 1175
5229 121
5230 192
5230 1077
5230 25
5230 28
5231 178
5231 2
5231 851
5231 715
5232 35
5232 232
5232 380
5232 126
5233 0
5233 1
5233 34
5233 333
5234 343
5234 185
5234 12
5234 1004
5235 34
5235 725
5235 5159
5235 23
5236 2
5236 1977
5236 447
5236 47
5237 68
5237 485
5237 75
5237 3245
5238 1780
5238 2391
5238 10
5238 12
5239 2
5239 34
5239 5
5239 1081
5240 0
5240 514
5240 678
5240 3322
5241 33
5241 2354
5241 213
5241 638
5242 22
5242 134
5242 4300
5242 142
5243 819
5243 534
5243 7
5243 2751
5244 580
5244 12
5244 14
5244 463
5245 2
5245 166
5245 41
5245 31
5246 0
5246 112
5246 4987
5246 30
5247 18
5247 1842
5247 2619
5247 1935
5248 1248
5248 5
5248 22
5248 12
5249 0
5249 14
5249 111
5249 639
5250 176
5250 241
5250 2
5250 238
5251 4977
5251 2
5251 3
5251 5
5252 2
5252 3831
5252 2455
5252 234
5253 2
5253 121
5253 1258
5253 30
5254 3
5254 69
5254 2077
5254 2910
5255 18
5255 10
5255 524
5255 1998
5256 2
5256 4
5256 6
5256 2943
5258 1
5258 809
5258 970
5258 3403
5259 17
5259 82
5259 267
5259 3165
5260 4
5260 357
5260 3371
5260 2476
5261 160
5261 18
5261 2348
5261 31
5262 0
5262 2
5262 4180
5262 7
5264 2
5264 647
5264 123
5264 4907
5265 0
5265 1014
5265 152
5265 12
5266 81
5266 2296
5266 3101
5266 30
5267 3697
5267 22
5267 2409
5267 121
5268 0
5268 770
5268 1607
5268 1335
5269 258
5269 3
5269 23
5269 649
5270 1
5270 4499
5270 67
5270 4
5271 258
5271 2044
5271 77
5271 15
5272 2576
5272 1
5272 51
5272 62
5273 612
5273 10
5273 747
5273 683
5274 3
5274 1316
5274 23
5274 95
5275 1283
5275 5
5275 553
5275 2367
5276 4
5276 84
5276 2294
5276 4601
5278 257
5278 660
5278 22
5278 2445
5279 4
5279 360
5279 248
5279 622
5280 128
5280 274
5280 4039
5280 184
5281 4433
5281 98
5281 3
5281 3215
5282 6
5282 8
5282 1659
5282 237
5283 67
5283 53
5283 712
5283 15
5284 18
5284 2
5284 4
5284 121
5285 176
5285 3302
5285 678
5285 920
5287 3
5287 500
5287 841
5287 10
5288 5
5288 325
5288 1323
5288 60
5289 3394
5289 2
5289 60
5289 5197
5290 68
5290 4840
5290 10
5290 27
5291 4
5291 2549
5291 188
5291 749
5293 748
5293 3165
5293 95
5293 15
5294 227
5294 197
5294 38
5294 2090
5295 5
5295 38
5295 59
5295 1068
5296 2
5296 258
5296 18
5296 341
5297 466
5297 2116
5297 2583
5297 120
5298 3362
5298 215
5298 1180
5298 46
5299 4051
5299 1684
5299 248
5299 1786
5300 2004
5300 533
5300 5207
5300 10
5301 360
5301 953
5301 4154
5301 109
5302 321
5302 121
5302 59
5302 251
5303 418
5303 5
5303 2470
5303 654
5304 52
5304 134
5304 4776
5304 223
5305 1010
5305 67
5305 3748
5305 2987
5306 0
5306 1
5306 715
5306 908
5307 337
5307 81
5307 227
5307 4691
5308 34
5308 5
5308 3174
5308 2782
5309 52
5309 4
5309 92
5309 702
5310 48
5310 4
5310 5
5310 5103
5312 819
5312 323
5312 451
5312 1390
5313 5297
5313 82
5313 427
5313 1275
5314 1
5314 2
5314 18
5314 9
5315 3735
5315 135
5315 1706
5315 125
5316 3046
5316 2887
5316 62
5316 2703
5318 2
5318 34
5318 2295
5318 2061
5319 208
5319 1
5319 963
5319 4
5320 2
5320 3
5320 1875
5320 62
5321 5
5321 327
5321 1229
5321 14
5322 115
5322 6
5322 5142
5322 712
5323 549
5323 10
5323 220
5323 957
5324 3377
5324 3829
5324 27
5324 45
5325 1394
5325 5
5325 858
5325 126
5326 5
5326 3865
5326 106
5326 46
5327 2
5327 3219
5327 230
5327 175
5328 4385
5328 3
5328 995
5328 85
5329 2
5329 5
5329 248
5329 4504
5330 2
5330 3924
5330 5
5330 238
5332 1073
5332 4036
5332 55
5332 155
5333 2
5333 2435
5333 347
5333 1998
5334 2388
5334 22
5334 8
5334 861
5335 0
5335 1
5335 2
5335 12
5336 2
5336 9
5336 3532
5336 493
5337 369
5337 1
5337 178
5337 10
5338 1
5338 1284
5338 37
5338 1864
5339 1584
5339 275
5339 4
5339 14
5340 32
5340 2
5340 6
5340 30
5341 705
5341 3
5341 2233
5341 460
5342 961
5342 2
5342 3763
5342 3965
5343 1235
5343 999
5343 712
5343 1375
5344 18
5344 3
5344 1126
5344 10
5345 193
5345 2424
5345 13
5345 2383
5346 2
5346 5
5346 1174
5346 15
5347 193
5347 369
5347 130
5347 3
5348 1
5348 2
5348 89
5348 14
5349 226
5349 2034
5349 2
5349 3
5350 1619
5350 1608
5350 26
5350 540
5351 32
5351 1856
5351 4739
5351 1843
5352 34
5352 6
5352 22
5352 5082
5353 18
5353 1139
5353 1284
5353 121
5354 4995
5354 4680
5354 4300
5354 750
5355 2
5355 330
5355 381
5355 175
5356 4402
5356 647
5356 10
5356 3293
5357 65
5357 1652
5357 829
5357 14
5358 3394
5358 98
5358 23
5358 25
5359 129
5359 35
5359 451
5359 1015
5360 0
5360 19
5360 10
5360 430
5361 2
5361 612
5361 6
5361 102
5362 32
5362 1620
5362 4292
5362 456
5363 2
5363 786
5363 14
5363 271
5364 4464
5364 3
5364 4
5364 2959
5365 161
5365 417
5365 534
5365 270
5366 2800
5366 68
5366 1150
5366 30
5367 5
5367 247
5367 2716
5367 3644
5368 33
5368 74
5368 427
5368 12
5369 1
5369 1830
5369 5320
5369 2074
5370 4097
5370 3
5370 1173
5370 62
5371 5216
5371 401
5371 2370
5371 605
5372 1473
5372 1432
5372 105
5372 1468
5373 673
5373 2
5373 3
5373 900
5374 3
5374 2725
5374 2234
5374 1100
5375 2
5375 163
5375 10
5375 14
5376 1
5376 49
5376 2
5376 60
5377 2442
5377 92
5377 365
5377 62
5378 3905
5378 34
5378 342
5378 5306
5379 3
5379 379
5379 636
5379 926
5380 0
5380 5200
5380 1461
5380 2188
5381 2
5381 98
5381 19
5381 12
5382 0
5382 258
5382 18
5382 3228
5383 3296
5383 577
5383 4
5383 3017
5384 2
5384 117
5384 3643
5384 4894
5385 2680
5385 250
5385 845
5385 14
5386 17
5386 2584
5386 10
5386 1835
5387 2
5387 389
5387 238
5387 1743
5388 18
5388 1110
5388 954
5388 380
5389 3
5389 23
5389 43
5389 30
5391 3
5391 2182
5391 2518
5391 1724
5392 34
5392 3414
5392 268
5392 15
5393 3397
5393 37
5393 41
5393 14
5394 32
5394 4708
5394 85
5394 2542
5396 5
5396 22
5396 428
5396 77
5397 1
5397 2
5397 778
5397 255
5398 38
5398 1928
5398 125
5398 1199
5399 35
5399 1060
5399 843
5399 126
5400 2005
5400 8
5400 876
5400 14
5401 16
5401 450
5401 18
5401 2215
5402 5
5402 1064
5402 15
5402 879
5403 4
5403 23
5403 4106
5403 1759
5404 1
5404 1622
5404 5175
5404 3932
5405 2848
5405 4464
5405 3720
5405 10
5406 5
5406 1143
5406 298
5406 92
5407 1073
5407 85
5407 389
5407 121
5408 4499
5408 1000
5408 2266
5408 4718
5409 289
5409 2
5409 12
5409 46
5410 2
5410 3620
5410 7
5410 207
5411 257
5411 567
5411 2488
5411 413
5412 33
5412 916
5412 333
5412 15
5413 164
5413 197
5413 1740
5413 12
5414 2
5414 70
5414 71
5414 1791
5415 3963
5415 2044
5415 3229
5415 845
5416 241
5416 471
5416 23
5416 956
5417 2293
5417 165
5417 69
5417 119
5418 3073
5418 51
5418 24
5418 14
5419 354
5419 2
5419 4
5419 668
5420 64
5420 1
5420 22
5420 87
5421 5
5421 123
5421 2269
5421 46
5422 22
5422 790
5422 28
5422 3694
5423 2336
5423 961
5423 17
5423 3593
5424 672
5424 121
5424 15
5424 2207
5425 2
5425 4
5425 1477
5425 10
5426 2215
5426 520
5426 77
5426 1215
5427 17
5427 27
5427 4861
5427 1422
5428 3
5428 4857
5428 10
5428 3659
5429 22
5429 23
5429 14
5429 3775
5430 1
5430 3
5430 24
5430 284
5432 1025
5432 1047
5432 5258
5432 3260
5433 208
5433 83
5433 5210
5433 27
5434 1392
5434 4503
5434 23
5434 62
5435 560
5435 2730
5435 42
5435 204
5436 1984
5436 2565
5436 6
5436 479
5437 23
5437 27
5437 59
5437 4077
5438 85
5438 23
5438 2584
5438 2120
5439 321
5439 2987
5439 44
5439 174
5440 1
5440 1045
5440 3261
5440 238
5441 112
5441 1718
5441 1657
5441 524
5442 0
5442 3601
5442 6
5442 10
5443 4512
5443 3354
5443 5422
5443 430
5444 35
5444 4
5444 136
5444 284
5445 1
5445 3225
5445 14
5445 79
5446 51
5446 284
5446 4894
5446 2447
5447 673
5447 1
5447 2389
5447 106
5448 67
5448 499
5448 3
5448 55
5449 3397
5449 134
5449 43
5449 2332
5450 675
5450 954
5450 28
5450 14
5451 1552
5451 4
5451 3961
5451 14
5452 176
5452 32
5452 4289
5452 23
5453 34
5453 3225
5453 671
5453 2223
5454 337
5454 4628
5454 441
5454 2190
5455 2
5455 5112
5455 1199
5455 191
5456 0
5456 3
5456 67
5456 4
5457 162
5457 2
5457 55
5457 426
5458 2560
5458 4
5458 357
5458 142
5459 305
5459 3
5459 5272
5459 12
5460 98
5460 580
5460 152
5460 24
5461 6
5461 59
5461 1131
5461 3390
5462 0
5462 35
5462 4
5462 9
5463 96
5463 560
5463 3
5463 249
5464 161
5464 3
5464 4055
5464 460
5465 4
5465 584
5465 123
5465 46
5466 2211
5466 92
5466 14
5466 78
5467 4
5467 3525
5467 710
5467 14
5468 1537
5468 19
5468 2420
5468 14
5469 2368
5469 67
5469 35
5469 3172
5470 3
5470 8
5470 28
5470 2606
5471 1136
5471 32
5471 3
5471 206
5472 1506
5472 231
5472 653
5472 2622
5473 1681
5473 8
5473 4617
5473 25
5474 258
5474 121
5474 4412
5474 92
5475 9
5475 27
5475 2734
5475 159
5476 961
5476 711
5476 1242
5476 15
5477 23
5477 1000
5477 9
5477 75
5478 112
5478 4
5478 100
5478 3052
5479 176
5479 1
5479 1745
5479 3
5480 0
5480 80
5480 2345
5480 14
5482 640
5482 4
5482 5078
5482 46
5483 0
5483 854
5483 119
5483 4712
5484 18
5484 119
5484 7
5484 2955
5485 851
5485 1604
5485 22
5485 216
5486 1
5486 2
5486 1396
5486 5
5488 633
5488 46
5488 2814
5488 175
5489 4640
5489 354
5489 54
5489 27
5490 2
5490 1605
5490 134
5490 9
5491 37
5491 2919
5491 2941
5491 62
5493 4
5493 2182
5493 278
5493 62
5495 1366
5495 237
5495 558
5495 2622
5496 1153
5496 49
5496 34
5496 84
5497 193
5497 204
5497 430
5497 15
5498 18
5498 38
5498 23
5498 2910
5499 4772
5499 2454
5499 534
5499 156
5500 37
5500 1718
5500 4551
5500 14
5501 4
5501 2522
5501 15
5501 751
5502 1585
5502 2
5502 34
5502 14
5503 1474
5503 9
5503 3484
5503 540
5504 1397
5504 1383
5504 5064
5504 27
5505 0
5505 2632
5505 171
5505 238
5506 33
5506 3
5506 9
5506 778
5508 2290
5508 18
5508 35
5508 718
5509 3328
5509 248
5509 59
5509 1422
5510 3
5510 85
5510 121
5510 12
5511 34
5511 51
5511 5
5511 2943
5512 0
5512 612
5512 3019
5512 671
5514 3
5514 4
5514 725
5514 406
5515 1345
5515 2920
5515 141
5515 14
5516 17
5516 18
5516 999
5516 974
5517 5460
5517 4172
5517 189
5517 14
5518 4406
5518 470
5518 535
5518 187
5519 0
5519 5041
5519 42
5519 14
5520 0
5520 4592
5520 267
5520 14
5521 34
5521 850
5521 1527
5521 206
5522 2242
5522 115
5522 3
5522 9
5523 2512
5523 305
5523 18
5523 6
5524 834
5524 2
5524 883
5524 4824
5525 1185
5525 245
5525 2169
5525 14
5526 369
5526 3
5526 2791
5526 9
5527 3
5527 5
5527 1207
5527 238
5528 1702
5528 22
5528 2411
5528 76
5529 930
5529 3593
5529 5434
5529 27
5530 0
5530 993
5530 3
5530 447
5531 3
5531 180
5531 4489
5531 3694
5532 356
5532 23
5532 747
5532 14
5533 786
5533 34
5533 3
5533 1739
5534 1440
5534 802
5534 3
5534 3735
5535 5028
5535 37
5535 3483
5535 28
5536 149
5536 22
5536 3094
5536 4031
5537 577
5537 1283
5537 3
5537 15
5538 642
5538 6
5538 62
5538 174
5539 1977
5539 3371
5539 14
5539 142
5540 4433
5540 5443
5540 4661
5540 46
5541 1
5541 3778
5541 3
5541 5
5542 2
5542 330
5542 187
5542 15
5543 176
5543 3
5543 3172
5543 4574
5544 4579
5544 2051
5544 102
5544 3766
5545 324
5545 5147
5545 3355
5545 14
5546 0
5546 2
5546 3558
5546 12
5547 3
5547 842
5547 251
5547 269
5548 0
5548 3
5548 284
5548 4669
5549 241
5549 59
5549 27
5549 60
5550 1
5550 3
5550 627
5550 2217
5551 1
5551 35
5551 10
5551 2941
5552 0
5552 2
5552 3190
5552 15
5553 17
5553 34
5553 3
5553 2716
5554 931
5554 4148
5554 5
5554 1702
5555 19
5555 436
5555 92
5555 717
5556 1872
5556 2
5556 51
5556 652
5557 3
5557 5
5557 4136
5557 380
5558 4791
5558 59
5558 1292
5558 28
5559 1483
5559 43
5559 284
5559 941
5560 34
5560 123
5560 157
5560 14
5561 0
5561 34
5561 749
5561 238
5562 3328
5562 4518
5562 27
5562 4989
5563 49
5563 4771
5563 2516
5563 100
5564 80
5564 1
5564 520
5564 859
5565 49
5565 4546
5565 5
5565 14
5566 18
5566 3
5566 4
5566 2220
5567 114
5567 100
5567 342
5567 794
5568 2435
5568 2296
5568 1881
5568 5114
5569 0
5569 1699
5569 74
5569 814
5570 2
5570 485
5570 10
5570 28
5571 305
5571 245
5571 5498
5571 60
5572 1
5572 193
5572 3667
5572 845
5573 176
5573 721
5573 3426
5573 786
5574 7
5574 327
5574 3688
5574 174
5575 1427
5575 372
5575 5
5575 188
5576 2592
5576 22
5576 518
5576 43
5577 3330
5577 3
5577 5
5577 127
5578 3
5578 5
5578 53
5578 510
5579 1010
5579 108
5579 524
5579 3165
5580 981
5580 106
5580 10
5580 637
5581 2949
5581 205
5581 4718
5581 15
5582 0
5582 34
5582 6
5582 876
5583 3139
5583 5415
5583 1997
5583 639
5584 1184
5584 34
5584 10
5584 5514
5585 85
5585 950
5585 1063
5585 2095
5586 0
5586 3
5586 5
5586 59
5587 4
5587 5
5587 1640
5587 14
5588 482
5588 690
5588 204
5588 15
5589 64
5589 4
5589 843
5589 191
5591 1488
5591 16
5591 1
5591 14
5592 50
5592 580
5592 10
5592 5247
5593 1906
5593 100
5593 2855
5593 2909
5594 274
5594 3
5594 12
5594 2957
5595 2
5595 3
5595 4
5595 153
5596 81
5596 2
5596 226
5596 3370
5597 19
5597 323
5597 4259
5597 14
5598 2
5598 3
5598 5564
5598 4143
5599 2
5599 42
5599 1756
5599 15
5600 3955
5600 5
5600 6
5600 5532
5601 2
5601 3160
5601 2523
5601 427
5602 640
5602 3
5602 3741
5602 14
5603 49
5603 1557
5603 3191
5603 1866
5604 17
5604 18
5604 3
5604 14
5605 18
5605 5
5605 133
5605 2831
5606 180
5606 936
5606 76
5606 14
5607 64
5607 2761
5607 1594
5607 14
5608 180
5608 341
5608 837
5608 269
5610 3362
5610 4181
5610 6
5610 12
5611 22
5611 27
5611 1870
5611 15
5612 2688
5612 258
5612 2
5612 431
5613 2
5613 3
5613 5593
5613 122
5614 2100
5614 237
5614 2382
5614 62
5615 49
5615 5398
5615 1718
5615 47
5616 178
5616 3
5616 392
5616 121
5617 1074
5617 258
5617 1162
5617 62
5618 32
5618 834
5618 2
5618 22
5620 35
5620 23
5620 27
5620 2155
5621 67
5621 22
5621 184
5621 62
5622 2802
5622 41
5622 825
5622 2635
5623 0
5623 5569
5623 170
5623 843
5624 0
5624 204
5624 29
5624 863
5625 32
5625 2
5625 3
5625 9
5626 3857
5626 4177
5626 132
5626 671
5627 129
5627 178
5627 22
5627 15
5628 337
5628 1317
5628 406
5628 3494
5629 3
5629 234
5629 2300
5629 62
5630 1
5630 3348
5630 11
5630 157
5631 5
5631 1207
5631 9
5631 926
5632 310
5632 6
5632 10
5632 797
5633 176
5633 673
5633 2115
5633 55
5634 4464
5634 3
5634 4
5634 1317
5635 1
5635 1717
5635 6
5635 1197
5636 161
5636 2
5636 269
5636 14
5637 352
5637 3
5637 10
5637 1002
5638 2
5638 10
5638 254
5638 126
5640 2982
5640 1079
5640 9
5640 94
5641 0
5641 834
5641 5
5641 392
5642 4
5642 2203
5642 251
5642 957
5643 4787
5643 3816
5643 1352
5643 11
5644 192
5644 0
5644 1
5644 12
5645 241
5645 5410
5645 4661
5645 4668
5646 2881
5646 3
5646 874
5646 106
5647 23
5647 1469
5647 2237
5647 15
5648 3296
5648 87
5648 779
5648 493
5649 401
5649 632
5649 937
5649 14
5650 3921
5650 3572
5650 313
5650 2827
5651 241
5651 6
5651 5415
5651 2779
5652 112
5652 1544
5652 1851
5652 238
5653 5426
5653 1875
5653 148
5653 88
5654 19
5654 3429
5654 1705
5654 505
5655 34
5655 5
5655 1000
5655 12
5656 261
5656 616
5656 108
5656 14
5657 32
5657 3
5657 499
5657 85
5658 8
5658 41
5658 141
5658 270
5659 18
5659 2
5659 518
5659 3754
5660 241
5660 5
5660 2377
5660 3227
5661 1
5661 232
5661 553
5661 1679
5662 161
5662 3319
5662 2093
5662 3279
5663 1014
5663 6
5663 10
5663 5596
5664 544
5664 21
5664 27
5664 1501
5665 0
5665 5153
5665 3
5665 669
5666 97
5666 84
5666 3147
5666 510
5668 320
5668 1
5668 237
5668 15
5670 1
5670 22
5670 3288
5670 1513
5671 3
5671 2262
5671 4895
5671 15
5672 3
5672 2980
5672 5
5672 41
5673 2
5673 3
5673 1930
5673 1690
5674 2516
5674 1064
5674 14
5674 431
5675 34
5675 37
5675 23
5675 121
5676 4802
5676 5
5676 1624
5676 316
5677 3
5677 376
5677 27
5677 15
5678 1
5678 356
5678 650
5678 30
5679 1
5679 6
5679 540
5679 62
5680 337
5680 193
5680 27
5680 879
5681 4
5681 7
5681 1517
5681 30
5682 401
5682 102
5682 265
5682 3194
5683 34
5683 231
5683 25
5683 138
5684 32
5684 3955
5684 120
5684 10
5685 0
5685 9
5685 1785
5685 3950
5686 1
5686 3
5686 247
5686 204
5687 4448
5687 2
5687 23
5687 909
5689 131
5689 115
5689 12
5689 174
5690 291
5690 165
5690 652
5690 1070
5691 4
5691 485
5691 135
5691 3823
5692 2613
5692 1238
5692 2892
5692 5452
5693 2
5693 5
5693 30
5693 5599
5694 0
5694 130
5694 2
5694 136
5695 193
5695 19
5695 5
5695 105
5696 993
5696 2
5696 1813
5696 95
5697 1
5697 162
5697 4840
5697 1531
5698 2
5698 1172
5698 893
5698 14
5699 417
5699 1
5699 599
5699 4559
5700 1072
5700 4
5700 6
5700 9
5702 2321
5702 2786
5702 4709
5702 821
5703 1121
5703 3171
5703 70
5703 93
5704 195
5704 68
5704 1277
5704 223
5705 3
5705 2121
5705 4862
5705 14
5706 499
5706 981
5706 668
5706 589
5707 1
5707 163
5707 4
5707 8
5708 1
5708 92
5708 5247
5708 15
5709 50
5709 3
5709 5
5709 1065
5710 2544
5710 321
5710 34
5710 14
5711 65
5711 2
5711 22
5711 844
5712 5153
5712 1507
5712 357
5712 2365
5713 2178
5713 19
5713 4
5713 121
5714 502
5714 23
5714 4940
5714 15
5715 2
5715 19
5715 227
5715 1353
5716 2
5716 2786
5716 389
5716 2382
5717 1329
5717 354
5717 518
5717 109
5718 1624
5718 28
5718 589
5718 2717
5719 5216
5719 981
5719 5
5719 5564
5720 3798
5720 9
5720 108
5720 750
5721 1
5721 5665
5721 3203
5721 109
5722 19
5722 3
5722 3417
5722 1355
5723 234
5723 2412
5723 380
5723 4397
5724 5
5724 2999
5724 281
5724 348
5726 337
5726 258
5726 3
5726 8
5727 1303
5727 681
5727 2409
5727 191
5728 1
5728 3765
5728 10
5728 299
5729 881
5729 2
5729 3684
5729 4
5730 34
5730 1510
5730 348
5730 2078
5731 3552
5731 32
5731 369
5731 4620
5732 0
5732 19
5732 964
5732 1051
5734 3
5734 5
5734 710
5734 602
5735 19
5735 3
5735 3514
5735 2943
5736 417
5736 108
5736 189
5736 62
5737 49
5737 133
5737 1141
5737 3130
5738 34
5738 2
5738 2582
5738 15
5739 1136
5739 598
5739 28
5739 4831
5740 3
5740 806
5740 790
5740 41
5741 580
5741 936
5741 1724
5741 750
5742 1
5742 5
5742 3244
5742 205
5744 2194
5744 261
5744 427
5744 220
5745 112
5745 4
5745 3589
5745 2503
5746 2
5746 34
5746 4580
5746 602
5747 129
5747 258
5747 5171
5747 2852
5748 1
5748 1298
5748 424
5748 427
5749 0
5749 19
5749 10
5749 142
5750 723
5750 54
5750 11
5750 13
5751 81
5751 3
5751 2236
5751 47
5752 0
5752 35
5752 71
5752 12
5753 1
5753 18
5753 3
5753 152
5754 3029
5754 55
5754 4154
5754 2572
5756 2692
5756 166
5756 297
5756 27
5757 22
5757 2343
5757 667
5757 3119
5758 1
5758 3714
5758 2982
5758 171
5759 3
5759 5
5759 75
5759 1260
5760 3
5760 4035
5760 1843
5760 6
5762 3072
5762 1
5762 2
5762 1150
5763 2098
5763 7
5763 1979
5763 3260
5764 128
5764 5
5764 1128
5764 2714
5765 0
5765 128
5765 100
5765 94
5766 0
5766 1209
5766 2042
5766 14
5768 1
5768 247
5768 633
5768 3405
5769 4
5769 570
5769 92
5769 60
5770 2
5770 22
5770 1434
5770 2621
5771 352
5771 1617
5771 1043
5771 2026
5772 929
5772 1091
5772 3302
5772 1468
5773 24
5773 122
5773 1355
5773 1629
5774 1905
5774 4
5774 78
5774 14
5776 4640
5776 5399
5776 3128
5776 1261
5777 2
5777 34
5777 1684
5777 3254
5778 3
5778 5379
5778 2617
5778 3357
5779 0
5779 1106
5779 155
5779 1532
5780 2675
5780 5
5780 217
5780 15
5781 18
5781 2
5781 12
5781 380
5782 98
5782 162
5782 2051
5782 4
5783 0
5783 193
5783 148
5783 1141
5784 97
5784 857
5784 12
5784 270
5785 0
5785 46
5785 5231
5785 2383
5786 161
5786 49
5786 282
5786 238
5787 3268
5787 7
5787 5563
5787 301
5788 85
5788 392
5788 8
5788 5129
5789 4546
5789 5
5789 53
5789 10
5790 1526
5790 1016
5790 12
5790 109
5791 0
5791 597
5791 6
5791 14
5792 0
5792 2
5792 68
5792 1094
5793 981
5793 341
5793 991
5793 2031
5794 3138
5794 518
5794 2441
5794 667
5795 4306
5795 313
5795 4762
5795 1258
5796 0
5796 3
5796 54
5796 860
5797 8
5797 1610
5797 46
5797 5615
5798 802
5798 956
5798 301
5798 3151
5799 49
5799 3
5799 41
5799 2990
5800 2
5800 201
5800 61
5800 174
5801 2770
5801 2
5801 41
5801 766
5802 5
5802 5093
5802 204
5802 1005
5803 49
5803 4
5803 790
5803 747
5804 401
5804 3906
5804 41
5804 5147
5806 193
5806 423
5806 10
5806 12
5807 675
5807 585
5807 9
5807 1547
5808 4515
5808 245
5808 2198
5808 343
5809 2
5809 178
5809 4
5809 14
5810 580
5810 22
5810 2344
5810 14
5811 176
5811 4801
5811 19
5811 14
5812 1090
5812 3
5812 871
5812 105
5813 100
5813 313
5813 1051
5813 268
5814 3762
5814 3
5814 1770
5814 186
5815 3
5815 1315
5815 425
5815 14
5816 961
5816 337
5816 2258
5816 165
5817 81
5817 34
5817 3972
5817 5
5819 3
5819 2949
5819 150
5819 191
5820 18
5820 2
5820 119
5820 4861
5821 640
5821 3
5821 3802
5821 718
5822 2
5822 324
5822 1724
5822 14
5823 1848
5823 393
5823 105
5823 507
5824 35
5824 7
5824 15
5824 2783
5825 2
5825 547
5825 4516
5825 316
5826 112
5826 1825
5826 27
5826 14
5827 2019
5827 3235
5827 1497
5827 347
5828 34
5828 3017
5828 204
5828 15
5829 1
5829 3
5829 342
5829 135
5831 81
5831 993
5831 668
5831 205
5832 2
5832 12
5832 909
5832 14
5833 2722
5833 855
5833 11
5833 4302
5834 0
5834 3
5834 84
5834 27
5836 448
5836 3
5836 4083
5836 1353
5837 1
5837 1124
5837 3272
5837 570
5838 162
5838 2980
5838 837
5838 189
5839 512
5839 648
5839 62
5839 1951
5840 0
5840 337
5840 119
5840 444
5841 37
5841 1414
5841 2490
5841 991
5842 114
5842 5378
5842 54
5842 584
5843 35
5843 3
5843 3463
5843 55
5844 1
5844 5748
5844 315
5844 14
5845 34
5845 168
5845 41
5845 702
5846 3873
5846 22
5846 2777
5846 1791
5847 1008
5847 4
5847 22
5847 1370
5849 21
5849 22
5849 90
5849 2508
5850 33
5850 50
5850 3434
5850 1114
5851 192
5851 2
5851 4146
5851 123
5852 1781
5852 3063
5852 7
5852 781
5853 2470
5853 342
5853 105
5853 2027
5854 18
5854 3
5854 9
5854 123
5855 1184
5855 354
5855 3397
5855 5815
5856 4992
5856 789
5856 23
5856 3992
5857 128
5857 1459
5857 1676
5857 2589
5858 3632
5858 2915
5858 471
5858 1581
5859 83
5859 807
5859 920
5859 4718
5860 67
5860 4
5860 117
5860 22
5861 0
5861 1
5861 3514
5861 109
5862 1
5862 2
5862 3
5862 15
5863 395
5863 220
5863 1870
5863 1791
5864 1
5864 2
5864 2117
5864 2063
5865 18
5865 51
5865 3
5865 547
5866 2389
5866 38
5866 2649
5866 15
5867 3
5867 474
5867 2748
5867 77
5868 6
5868 1352
5868 12
5868 191
5869 2
5869 723
5869 22
5869 223
5871 0
5871 2
5871 357
5871 9
5872 176
5872 1381
5872 2614
5872 2587
5873 3665
5873 1067
5873 27
5873 1870
5874 611
5874 2823
5874 2921
5874 252
5875 2
5875 3
5875 3209
5875 4414
5876 0
5876 1366
5876 2360
5876 2061
5877 4
5877 41
5877 27
5877 879
5878 194
5878 2
5878 4
5878 3511
5880 128
5880 196
5880 38
5880 3128
5881 1827
5881 388
5881 4
5881 267
5882 1664
5882 226
5882 3
5882 1304
5883 4196
5883 22
5883 138
5883 59
5884 257
5884 149
5884 2284
5884 494
5885 32
5885 2
5885 12
5885 47
5886 1
5886 4
5886 10
5886 238
5887 0
5887 1123
5887 14
5887 510
5888 12
5888 125
5888 13
5888 510
5889 1136
5889 3
5889 2087
5889 1545
5890 2
5890 3
5890 3542
5890 287
5891 49
5891 23
5891 1759
5891 2927
5892 1552
5892 2
5892 3786
5892 301
5893 2
5893 51
5893 1481
5893 237
5894 3986
5894 19
5894 69
5894 1386
5895 1827
5895 6
5895 471
5895 234
5896 1010
5896 245
5896 1159
5896 167
5897 85
5897 341
5897 330
5897 125
5900 225
5900 2
5900 3188
5900 286
5901 115
5901 9
5901 538
5901 879
5902 4
5902 41
5902 1164
5902 671
5903 3
5903 90
5903 2972
5903 237
5904 17
5904 369
5904 34
5904 653
5905 34
5905 2988
5905 941
5905 94
5906 2530
5906 681
5906 27
5906 3915
5908 2
5908 3
5908 5
5908 9
5909 34
5909 2
5909 2508
5909 62
5910 241
5910 49
5910 34
5910 4
5911 49
5911 101
5911 2120
5911 47
5912 0
5912 18
5912 3
5912 734
5913 2336
5913 1696
5913 427
5913 27
5914 1414
5914 2825
5914 1754
5914 4012
5915 3
5915 1059
5915 1079
5915 42
5917 802
5917 88
5917 139
5917 843
5918 3073
5918 597
5918 11
5918 926
5919 1472
5919 482
5919 4004
5919 712
5920 35
5920 3
5920 7
5920 42
5921 32
5921 6
5921 74
5921 268
5922 160
5922 4
5922 6
5922 2141
5923 199
5923 23
5923 3754
5923 175
5925 5
5925 1482
5925 11
5925 14
5926 450
5926 2
5926 723
5926 633
5927 1283
5927 3
5927 2723
5927 633
5928 690
5928 3748
5928 59
5928 495
5929 3
5929 420
5929 5691
5929 92
5930 4578
5930 3
5930 41
5930 1933
5931 3332
5931 2966
5931 55
5931 44
5932 640
5932 3882
5932 2042
5932 14
5933 96
5933 49
5933 3
5933 4678
5934 1
5934 12
5934 941
5934 237
5935 1
5935 5748
5935 244
5935 204
5936 128
5936 4003
5936 1012
5936 2042
5937 1
5937 2674
5937 35
5937 165
5938 97
5938 3
5938 2495
5938 1135
5939 2
5939 1124
5939 874
5939 431
5941 4930
5941 5
5941 1046
5941 205
5942 112
5942 135
5942 1997
5942 3583
5943 5056
5943 3713
5943 105
5943 1850
5944 51
5944 5
5944 1207
5944 301
5945 178
5945 3195
5945 14
5945 79
5946 675
5946 54
5946 23
5946 4152
5947 1488
5947 3
5947 1369
5947 2844
5948 230
5948 121
5948 141
5948 781
5949 225
5949 1698
5949 2468
5949 1717
5950 242
5950 100
5950 37
5950 42
5951 3
5951 166
5951 7
5951 4555
5952 3521
5952 3
5952 4873
5952 4569
5953 67
5953 278
5953 695
5953 1511
5954 2
5954 6
5954 5598
5954 542
5955 3170
5955 3796
5955 1432
5955 286
5956 115
5956 100
5956 4151
5956 1404
5957 1
5957 33
5957 276
5957 10
5958 18
5958 2454
5958 1689
5958 27
5959 3
5959 13
5959 31
5959 479
5960 577
5960 1843
5960 246
5960 23
5961 258
5961 3
5961 968
5961 109
5962 3720
5962 378
5962 44
5962 14
5963 130
5963 5
5963 9
5963 1051
5964 272
5964 18
5964 3
5964 501
5965 2786
5965 3572
5965 5789
5965 157
5966 0
5966 3
5966 1091
5966 3019
5967 51
5967 251
5967 12
5967 5260
5968 406
5968 1702
5968 1259
5968 796
5969 0
5969 35
5969 563
5969 815
5970 608
5970 3473
5970 3
5970 10
5971 1
5971 102
5971 5257
5971 266
5972 6
5972 9
5972 668
5972 14
5973 5952
5973 148
5973 254
5973 4895
5975 2
5975 1252
5975 2501
5975 27
5976 0
5976 257
5976 3
5976 85
5977 176
5977 866
5977 1922
5977 821
5978 1
5978 5969
5978 3
5978 4
5979 1
5979 436
5979 230
5979 73
5980 49
5980 1622
5980 22
5980 683
5981 1
5981 49
5981 5927
5981 2553
5982 85
5982 293
5982 2693
5982 6
5983 1616
5983 82
5983 1017
5983 266
5984 81
5984 3
5984 1927
5984 988
5985 34
5985 51
5985 165
5985 999
5987 65
5987 1943
5987 62
5987 1567
5988 551
5988 12
5988 204
5988 5229
5989 978
5989 3
5989 4332
5989 47
5990 2595
5990 535
5990 1207
5990 2812
5991 3
5991 426
5991 1836
5991 316
5992 3109
5992 5
5992 3880
5992 15
5993 1686
5993 6
5993 12
5993 14
5994 2
5994 3
5994 4499
5994 311
5995 2
5995 23
5995 62
5995 46
5996 3090
5996 2052
5996 2619
5996 47
5997 160
5997 34
5997 426
5997 237
5998 1812
5998 3735
5998 12
5998 829
5999 512
5999 417
5999 3
5999 122
6001 87
6001 1130
6001 1915
6001 206
6002 3
6002 55
6002 234
6002 95
6003 17
6003 306
6003 5
6003 77
6004 32
6004 4
6004 774
6004 2399
6005 23
6005 233
6005 106
6005 204
6006 4402
6006 418
6006 42
6006 123
6007 22
6007 87
6007 3128
6007 510
6008 3443
6008 22
6008 27
6008 4190
6009 2
6009 4
6009 1557
6009 9
6010 1747
6010 6
6010 393
6010 79
6011 1
6011 3
6011 12
6011 750
6013 18
6013 5
6013 4778
6013 2380
6015 0
6015 135
6015 4909
6015 5007
6016 964
6016 5
6016 2684
6016 1230
6017 17
6017 3750
6017 1207
6017 535
6018 482
6018 3
6018 4
6018 77
6019 2
6019 4409
6019 1434
6019 10
6020 450
6020 341
6020 2646
6020 22
6021 3
6021 22
6021 1291
6021 4606
6022 3219
6022 1014
6022 23
6022 2699
6023 1622
6023 2649
6023 92
6023 510
6025 451
6025 2073
6025 510
6025 2190
6026 1
6026 241
6026 3
6026 5821
6027 67
6027 1301
6027 3694
6027 2382
6028 3
6028 2837
6028 3208
6028 90
6029 67
6029 4307
6029 5
6029 23
6030 0
6030 945
6030 2
6030 811
6031 3747
6031 600
6031 94
6031 3391
6032 51
6032 3299
6032 119
6032 808
6033 0
6033 2242
6033 21
6033 567
6034 35
6034 10
6034 573
6034 3262
6035 35
6035 4
6035 170
6035 205
6036 1
6036 34
6036 18
6036 3
6037 851
6037 452
6037 249
6037 4602
6039 739
6039 1924
6039 613
6039 14
6040 834
6040 3491
6040 25
6040 668
6041 3522
6041 133
6041 102
6041 5928
6042 6036
6042 3302
6042 135
6042 5934
6043 17
6043 18
6043 5
6043 56
6044 3296
6044 23
6044 1708
6044 5839
6045 1
6045 3
6045 4026
6045 5435
6046 2
6046 470
6046 2327
6046 2857
6047 6
6047 24
6047 2201
6047 1551
6048 309
6048 23
6048 426
6048 1535
6049 1461
6049 1352
6049 220
6049 2639
6050 5154
6050 3209
6050 5977
6050 2219
6051 0
6051 5
6051 341
6051 1752
6052 0
6052 530
6052 2115
6052 41
6053 22
6053 6
6053 55
6053 127
6054 755
6054 5
6054 6
6054 999
6055 1540
6055 28
6055 3678
6055 159
6057 18
6057 166
6057 22
6057 1084
6058 2
6058 4
6058 776
6058 4847
6059 0
6059 81
6059 85
6059 4154
6060 32
6060 1506
6060 24
6060 12
6061 245
6061 9
6061 267
6061 589
6062 64
6062 4149
6062 1734
6062 9
6064 2
6064 4
6064 341
6064 47
6065 1
6065 4
6065 119
6065 41
6066 34
6066 4
6066 133
6066 4090
6067 2384
6067 675
6067 10
6067 348
6068 1
6068 2568
6068 9
6068 10
6069 34
6069 3397
6069 1291
6069 399
6070 234
6070 2539
6070 12
6070 1772
6071 67
6071 3
6071 4
6071 3610
6072 97
6072 35
6072 647
6072 715
6073 772
6073 5
6073 1414
6073 5661
6075 3
6075 6
6075 5851
6075 126
6076 2482
6076 51
6076 35
6076 796
6077 3
6077 12
6077 46
6077 15
6078 279
6078 1372
6078 14
6078 15
6079 81
6079 1369
6079 237
6079 14
6080 5155
6080 2057
6080 1051
6080 254
6081 582
6081 134
6081 2251
6081 2044
6082 22
6082 1911
6082 12
6082 2383
6083 3104
6083 5
6083 59
6083 12
6084 18
6084 3
6084 2810
6084 319
6085 35
6085 22
6085 2503
6085 4318
6086 0
6086 3171
6086 3
6086 2779
6087 0
6087 69
6087 1607
6087 121
6088 1
6088 89
6088 1469
6088 4991
6089 802
6089 1251
6089 37
6089 134
6090 2
6090 1046
6090 56
6090 2941
6091 1
6091 2
6091 2933
6091 712
6092 1696
6092 2
6092 371
6092 299
6093 0
6093 1091
6093 518
6093 9
6094 913
6094 501
6094 3818
6094 94
6095 115
6095 37
6095 1211
6095 1819
6097 161
6097 2
6097 41
6097 139
6098 208
6098 1843
6098 2436
6098 4047
6099 1
6099 2
6099 1064
6099 126
6100 2
6100 482
6100 445
6100 622
6101 386
6101 7
6101 121
6101 1308
6102 2
6102 612
6102 2039
6102 46
6103 1
6103 84
6103 280
6103 30
6104 1
6104 1236
6104 2725
6104 2424
6105 1648
6105 18
6105 3
6105 59
6106 274
6106 3795
6106 121
6106 1274
6107 2384
6107 116
6107 7
6107 1194
6108 1
6108 551
6108 312
6108 46
6109 2498
6109 2
6109 119
6109 796
6110 1
6110 4982
6110 4038
6110 4829
6111 3795
6111 755
6111 45
6111 2541
6113 1856
6113 3873
6113 119
6113 28
6114 32
6114 18
6114 3
6114 3071
6115 1
6115 67
6115 6
6115 14
6116 2961
6116 83
6116 5752
6116 46
6117 18
6117 4
6117 8
6117 187
6118 1
6118 5
6118 133
6118 234
6119 49
6119 2
6119 121
6119 669
6120 0
6120 2
6120 67
6120 313
6121 689
6121 1974
6121 89
6121 941
6123 0
6123 1283
6123 788
6123 296
6124 3
6124 740
6124 119
6124 667
6125 3249
6125 5
6125 248
6125 25
6126 32
6126 2
6126 3
6126 14
6127 32
6127 1176
6127 205
6127 493
6128 4033
6128 1
6128 258
6128 1711
6129 22
6129 135
6129 315
6129 157
6130 17
6130 3033
6130 10
6130 14
6131 230
6131 748
6131 12
6131 637
6132 17
6132 6
6132 14
6132 2382
6133 3296
6133 4
6133 22
6133 27
6134 4611
6134 499
6134 67
6134 4351
6135 193
6135 6033
6135 46
6135 3167
6136 2243
6136 69
6136 3053
6136 271
6137 5216
6137 481
6137 2965
6137 15
6138 305
6138 2
6138 435
6138 3
6139 208
6139 2401
6139 612
6139 12
6140 5
6140 12
6140 380
6140 5903
6141 1
6141 2
6141 388
6141 22
6142 0
6142 3
6142 27
6142 5739
6143 1889
6143 5809
6143 2
6143 142
6144 0
6144 1667
6144 4381
6144 3181
6145 4
6145 69
6145 22
6145 380
6146 1025
6146 2
6146 794
6146 13
6147 22
6147 6
6147 46
6147 47
6148 1267
6148 4
6148 69
6148 62
6149 1
6149 19
6149 77
6149 157
6150 128
6150 123
6150 12
6150 3566
6151 32
6151 916
6151 6007
6151 718
6152 17
6152 3203
6152 4
6152 54
6153 499
6153 629
6153 10
6153 15
6154 4856
6154 1593
6154 4458
6154 109
6155 6
6155 9
6155 175
6155 4991
6156 1
6156 3
6156 53
6156 142
6157 161
6157 4915
6157 5
6157 360
6159 2240
6159 1189
6159 5912
6159 329
6160 1
6160 3074
6160 2052
6160 22
6161 17
6161 1
6161 420
6161 580
6162 3
6162 7
6162 5548
6162 1597
6163 33
6163 12
6163 109
6163 1997
6164 3
6164 2612
6164 6
6164 748
6165 3184
6165 2881
6165 60
6165 412
6166 883
6166 389
6166 28
6166 1935
6168 1
6168 1381
6168 138
6168 589
6169 640
6169 5
6169 3062
6169 1734
6170 772
6170 4277
6170 518
6170 152
6171 1
6171 18
6171 919
6171 3321
6172 160
6172 2
6172 35
6172 3791
6173 2
6173 3091
6173 1910
6173 3310
6174 1825
6174 1442
6174 3267
6174 75
6176 5760
6176 35
6176 2902
6176 171
6177 2546
6177 130
6177 2441
6177 254
6178 1
6178 59
6178 46
6178 30
6179 1
6179 6114
6179 521
6179 187
6180 2
6180 5
6180 316
6180 14
6181 4
6181 829
6181 14
6181 2207
6182 2
6182 6146
6182 75
6182 748
6184 208
6184 67
6184 4035
6184 139
6185 32
6185 225
6185 3924
6185 87
6186 3752
6186 27
6186 30
6186 2751
6187 4592
6187 16
6187 324
6187 102
6188 1
6188 1283
6188 4
6188 5005
6189 146
6189 4
6189 6
6189 2445
6190 160
6190 34
6190 3
6190 1574
6191 6
6191 87
6191 121
6191 12
6192 0
6192 3
6192 441
6192 890
6193 1
6193 6
6193 87
6193 1450
6194 3
6194 4451
6194 278
6194 2619
6195 5
6195 6
6195 27
6195 237
6196 689
6196 2
6196 2887
6196 441
6197 32
6197 4
6197 5
6197 10
6198 5506
6198 9
6198 1290
6198 27
6199 1121
6199 134
6199 2489
6199 31
6200 3
6200 5460
6200 376
6200 59
6201 865
6201 1242
6201 411
6201 175
6202 1
6202 35
6202 1478
6202 9
6203 128
6203 1
6203 279
6203 41
6204 4611
6204 536
6204 237
6204 2431
6205 4
6205 215
6205 40
6205 59
6206 3
6206 135
6206 75
6206 4974
6207 35
6207 21
6207 3512
6207 1071
6208 245
6208 3304
6208 5963
6208 29
6209 5985
6209 482
6209 835
6209 790
6210 96
6210 5605
6210 5990
6210 10
6211 35
6211 1351
6211 10
6211 3180
6212 6
6212 5578
6212 2190
6212 15
6213 4706
6213 500
6213 10
6213 3532
6214 5297
6214 2951
6214 3209
6214 76
6215 2016
6215 5
6215 85
6215 447
6216 18
6216 179
6216 922
6216 1162
6217 1380
6217 1108
6217 4070
6217 59
6219 35
6219 202
6219 348
6219 61
6220 547
6220 10
6220 42
6220 540
6221 2
6221 3
6221 3465
6221 138
6222 1649
6222 837
6222 790
6222 5598
6223 627
6223 5988
6223 1910
6223 3260
6224 305
6224 257
6224 726
6224 1258
6225 18
6225 786
6225 5
6225 27
6226 778
6226 28
6226 1791
6226 351
6227 160
6227 5715
6227 23
6227 809
6228 0
6228 2
6228 9
6228 474
6229 132
6229 5
6229 88
6229 1498
6230 464
6230 2136
6230 313
6230 2510
6231 35
6231 53
6231 5
6231 62
6232 128
6232 949
6232 1496
6232 1102
6233 4993
6233 642
6233 45
6233 606
6234 1797
6234 86
6234 974
6234 14
6235 323
6235 41
6235 106
6235 845
6236 208
6236 8
6236 6184
6236 3723
6237 343
6237 87
6237 41
6237 2863
6238 195
6238 5574
6238 42
6238 204
6239 1
6239 258
6239 3
6239 893
6240 19
6240 3
6240 999
6240 4140
6241 18
6241 2
6241 35
6241 3274
6242 160
6242 1
6242 2
6242 3
6243 1
6243 98
6243 683
6243 686
6244 0
6244 1
6244 372
6244 23
6245 52
6245 647
6245 27
6245 77
6246 0
6246 241
6246 204
6246 2557
6247 1
6247 18
6247 3
6247 4981
6249 3777
6249 5877
6249 106
6249 1117
6250 5
6250 23
6250 5815
6250 121
6251 1
6251 850
6251 2
6251 4489
6253 2288
6253 1991
6253 10
6253 1164
6254 98
6254 2868
6254 3924
6254 780
6255 784
6255 1812
6255 9
6255 3518
6256 5076
6256 858
6256 891
6256 431
6257 19
6257 3
6257 540
6257 2447
6258 2
6258 4
6258 90
6258 139
6259 1
6259 5
6259 668
6259 254
6260 849
6260 17
6260 788
6260 1766
6261 499
6261 37
6261 27
6261 1229
6262 3825
6262 163
6262 10
6262 6111
6263 1233
6263 68
6263 933
6263 11
6264 4993
6264 1316
6264 1756
6264 574
6265 4146
6265 357
6265 1690
6265 10
6266 2546
6266 1316
6266 2637
6266 142
6267 612
6267 2602
6267 3276
6267 925
6268 2
6268 356
6268 1621
6268 8
6269 51
6269 3
6269 5
6269 2170
6270 274
6270 2
6270 51
6270 4460
6271 0
6271 3
6271 88
6271 10
6272 1649
6272 4
6272 200
6272 12
6273 135
6273 1096
6273 43
6273 91
6274 1248
6274 17
6274 3770
6274 2251
6275 21
6275 4935
6275 23
6275 45
6276 482
6276 616
6276 3290
6276 1292
6277 128
6277 5924
6277 5719
6277 845
6278 6
6278 2120
6278 892
6278 254
6279 356
6279 5766
6279 12
6279 1806
6280 3554
6280 2375
6280 87
6280 4539
6281 32
6281 5653
6281 69
6281 22
6282 2098
6282 40
6282 184
6282 79
6283 1797
6283 1687
6283 938
6283 28
6284 2
6284 788
6284 389
6284 10
6285 3
6285 68
6285 4136
6285 538
6286 2
6286 115
6286 2276
6286 607
6287 337
6287 2
6287 2758
6287 921
6288 3492
6288 4
6288 22
6288 1435
6289 2868
6289 5
6289 5260
6289 1518
6290 64
6290 22
6290 585
6290 3503
6291 3505
6291 5666
6291 43
6291 107
6292 1
6292 18
6292 3
6292 413
6293 80
6293 1591
6293 2987
6293 1612
6294 2497
6294 2
6294 121
6294 111
6295 0
6295 599
6295 1369
6295 28
6296 3001
6296 41
6296 45
6296 5821
6297 2033
6297 629
6297 101
6297 12
6298 752
6298 1
6298 5126
6298 22
6299 34
6299 520
6299 9
6299 1754
6300 51
6300 533
6300 22
6300 59
6301 961
6301 1
6301 2
6301 267
6302 35
6302 1606
6302 2584
6302 926
6303 2256
6303 3
6303 4310
6303 2795
6304 1906
6304 2516
6304 3876
6304 1034
6306 19
6306 4
6306 1174
6306 203
6307 176
6307 23
6307 10
6307 12
6308 691
6308 3
6308 51
6308 2779
6310 4642
6310 86
6310 2488
6310 15
6311 640
6311 1
6311 289
6311 3252
6312 128
6312 230
6312 23
6312 123
6313 5744
6313 2292
6313 23
6313 12
6314 80
6314 1872
6314 2
6314 122
6315 3
6315 4
6315 119
6315 142
6316 2866
6316 5
6316 121
6316 41
6317 5875
6317 1684
6317 2892
6317 175
6318 3
6318 23
6318 648
6318 3210
6319 1
6319 3
6319 1015
6319 119
6320 3
6320 5
6320 1224
6320 2681
6321 6017
6321 5509
6321 184
6321 2155
6322 977
6322 584
6322 187
6322 1692
6324 640
6324 4776
6324 12
6324 654
6325 275
6325 1078
6325 10
6325 2203
6326 2
6326 5910
6326 669
6326 1614
6327 3
6327 2980
6327 27
6327 75
6328 3282
6328 309
6328 790
6328 3341
6329 258
6329 1108
6329 2380
6329 574
6330 2
6330 2034
6330 1539
6330 406
6331 0
6331 4
6331 1957
6331 6172
6332 67
6332 3691
6332 12
6332 382
6333 49
6333 2
6333 3
6333 407
6334 6160
6334 23
6334 204
6334 2063
6335 1
6335 705
6335 2
6335 354
6336 912
6336 69
6336 6
6336 1130
6337 65
6337 2
6337 3
6337 3317
6338 34
6338 2
6338 98
6338 5247
6339 1
6339 19
6339 4650
6339 12
6340 0
6340 23
6340 9
6340 4860
6341 1168
6341 4500
6341 330
6341 62
6342 2215
6342 3639
6342 1689
6342 3193
6343 5760
6343 2243
6343 1303
6343 28
6344 5280
6344 2129
6344 660
6344 56
6345 228
6345 299
6345 5629
6345 846
6346 32
6346 3
6346 230
6346 1734
6347 225
6347 2
6347 5421
6347 2270
6348 3408
6348 35
6348 1123
6348 1372
6349 1
6349 70
6349 2281
6349 12
6350 164
6350 214
6350 663
6350 44
6352 1064
6352 2745
6352 138
6352 28
6353 4322
6353 3
6353 1052
6353 14
6355 1
6355 257
6355 3017
6355 718
6356 865
6356 2
6356 5187
6356 27
6357 197
6357 22
6357 40
6357 204
6358 32
6358 4
6358 140
6358 15
6359 83
6359 4
6359 553
6359 1918
6360 19
6360 4856
6360 90
6360 2142
6361 2
6361 3
6361 5
6361 426
6362 19
6362 5412
6362 5
6362 317
6363 176
6363 1
6363 3
6363 4
6364 2992
6364 1
6364 2
6364 570
6365 1
6365 1765
6365 3799
6365 234
6367 2368
6367 18
6367 35
6367 62
6368 0
6368 193
6368 1030
6368 10
6369 0
6369 1473
6369 3
6369 1111
6370 2
6370 2786
6370 4
6370 438
6371 406
6371 6028
6371 1789
6371 62
6372 372
6372 134
6372 647
6372 1132
6374 0
6374 163
6374 2298
6374 319
6375 3
6375 4
6375 5161
6375 59
6377 0
6377 337
6377 3192
6377 2969
6378 98
6378 19
6378 675
6378 102
6379 34
6379 4787
6379 12
6379 141
6380 1
6380 5365
6380 5544
6380 975
6381 5
6381 2827
6381 46
6381 575
6382 1696
6382 3348
6382 203
6382 13
6383 6
6383 251
6383 79
6383 175
6384 2370
6384 5
6384 1080
6384 75
6385 2354
6385 100
6385 4
6385 364
6386 5108
6386 5750
6386 119
6386 95
6387 81
6387 51
6387 25
6387 45
6388 2276
6388 5
6388 186
6388 431
6389 112
6389 5072
6389 3
6389 5
6390 4451
6390 1383
6390 5656
6390 152
6392 337
6392 21
6392 69
6392 119
6393 1
6393 195
6393 310
6393 5641
6394 2
6394 371
6394 83
6394 234
6395 3
6395 1226
6395 75
6395 2349
6396 19
6396 105
6396 1820
6396 127
6397 1393
6397 3
6397 2470
6397 831
6398 17
6398 4
6398 71
6398 15
6399 1489
6399 2
6399 1117
6399 3725
6400 135
6400 986
6400 2458
6400 5903
6401 977
6401 5
6401 694
6401 7
6402 2
6402 4725
6402 2793
6402 442
6403 276
6403 3880
6403 266
6403 92
6404 258
6404 5
6404 4341
6404 27
6406 3667
6406 867
6406 10
6406 767
6407 4432
6407 337
6407 4499
6407 4
6408 723
6408 740
6408 5693
6408 1279
6409 560
6409 98
6409 2613
6409 2632
6410 0
6410 5
6410 1031
6410 106
6411 33
6411 2
6411 18
6411 1045
6412 16
6412 4499
6412 51
6412 1188
6413 213
6413 7
6413 1068
6413 4894
6414 4
6414 580
6414 3738
6414 62
6415 6291
6415 13
6415 62
6415 5679
6416 18
6416 261
6416 41
6416 1754
6417 1283
6417 472
6417 3531
6417 447
6418 1217
6418 244
6418 5
6418 12
6419 354
6419 4
6419 357
6419 3466
6420 2
6420 4995
6420 3368
6420 540
6421 2133
6421 277
6421 12
6421 14
6422 2
6422 230
6422 27
6422 30
6423 5828
6423 4
6423 1220
6423 41
6424 2
6424 2900
6424 9
6424 14
6425 0
6425 1889
6425 10
6425 2269
6426 3105
6426 261
6426 26
6426 524
6427 465
6427 1506
6427 3335
6427 475
6429 0
6429 3
6429 94
6429 1855
6430 257
6430 2849
6430 1768
6430 75
6431 22
6431 504
6431 681
6431 253
6432 183
6432 23
6432 794
6432 1371
6433 1857
6433 258
6433 47
6433 4047
6434 208
6434 3570
6434 134
6434 4635
6435 545
6435 1603
6435 6
6435 5608
6436 145
6436 35
6436 150
6436 119
6437 18
6437 184
6437 810
6437 46
6438 1
6438 35
6438 312
6438 12
6440 32
6440 3941
6440 59
6440 1311
6441 2
6441 3362
6441 138
6441 460
6442 3745
6442 18
6442 19
6442 27
6443 0
6443 193
6443 3780
6443 1079
6444 64
6444 115
6444 1124
6444 8
6445 0
6445 482
6445 1272
6445 25
6446 304
6446 1104
6446 5190
6446 41
6447 2
6447 10
6447 1148
6447 4719
6448 4400
6448 4
6448 23
6448 10
6449 16
6449 1
6449 323
6449 1033
6450 5842
6450 5
6450 7
6450 90
6451 64
6451 5
6451 341
6451 584
6452 1
6452 49
6452 100
6452 30
6453 416
6453 17
6453 797
6453 238
6454 1329
6454 83
6454 3037
6454 110
6455 592
6455 803
6455 810
6455 861
6456 2276
6456 516
6456 135
6456 78
6457 4193
6457 12
6457 206
6457 2015
6458 449
6458 2
6458 117
6458 1118
6459 2
6459 5113
6459 1179
6459 622
6460 112
6460 881
6460 1912
6460 3277
6461 1412
6461 427
6461 15
6461 4271
6462 2178
6462 3500
6462 237
6462 14
6463 32
6463 1202
6463 19
6463 46
6464 3
6464 5380
6464 1259
6464 2221
6465 337
6465 4
6465 3563
6465 14
6466 2560
6466 275
6466 9
6466 4366
6467 1842
6467 2659
6467 12
6467 4430
6468 32
6468 2
6468 5501
6468 4733
6469 3
6469 100
6469 23
6469 855
6470 33
6470 5460
6470 668
6470 14
6471 0
6471 1
6471 3
6471 28
6472 5139
6472 4
6472 22
6472 1656
6473 258
6473 6
6473 3691
6473 77
6474 289
6474 152
6474 1640
6474 121
6475 0
6475 160
6475 691
6475 27
6476 0
6476 261
6476 1483
6476 4030
6477 96
6477 0
6477 2
6477 175
6478 1
6478 578
6478 820
6478 5
6479 352
6479 641
6479 4619
6479 4891
6480 6
6480 283
6480 12
6480 829
6481 3
6481 4
6481 357
6481 412
6482 466
6482 423
6482 3512
6482 4985
6483 3504
6483 663
6483 220
6483 3180
6484 337
6484 2
6484 105
6484 205
6485 129
6485 5
6485 523
6485 2748
6486 562
6486 146
6486 38
6486 122
6487 1299
6487 4
6487 3995
6487 237
6488 2
6488 3
6488 3831
6488 62
6489 2800
6489 194
6489 2
6489 3
6490 1
6490 1684
6490 3128
6490 3532
6491 1059
6491 3225
6491 460
6491 3886
6492 704
6492 4
6492 165
6492 238
6493 3
6493 356
6493 4236
6493 15
6494 352
6494 516
6494 1077
6494 1562
6495 944
6495 1
6495 122
6495 1115
6496 32
6496 2
6496 3684
6496 5947
6497 34
6497 499
6497 316
6497 4527
6498 17
6498 291
6498 86
6498 334
6500 3521
6500 4163
6500 69
6500 763
6501 417
6501 17
6501 165
6501 23
6502 18
6502 197
6502 1608
6502 1645
6503 4338
6503 246
6503 218
6503 27
6504 51
6504 4
6504 3876
6504 15
6505 2
6505 18
6505 372
6505 700
6506 755
6506 3
6506 1526
6506 3657
6507 1617
6507 2
6507 6
6507 4090
6508 4755
6508 5155
6508 1592
6508 397
6509 1
6509 2483
6509 3619
6509 9
6510 2625
6510 4450
6510 3
6510 286
6511 135
6511 23
6511 2716
6511 511
6512 5140
6512 633
6512 27
6512 204
6513 19
6513 35
6513 7
6513 2760
6514 2
6514 162
6514 3
6514 959
6516 4
6516 949
6516 2841
6516 847
6517 3
6517 5
6517 3196
6517 12
6519 4113
6519 1558
6519 3720
6519 5423
6520 2419
6520 292
6520 4027
6520 527
6521 208
6521 22
6521 313
6521 2684
6522 6
6522 553
6522 42
6522 14
6523 401
6523 6498
6523 6
6523 3112
6524 4464
6524 35
6524 1065
6524 10
6525 5344
6525 1
6525 23
6525 204
6526 2
6526 1669
6526 22
6526 679
6527 1
6527 12
6527 686
6527 4190
6528 34
6528 3
6528 35
6528 12
6529 34
6529 2
6529 10
6529 204
6530 32
6530 128
6530 1185
6530 5
6531 4640
6531 3
6531 747
6531 15
6533 0
6533 18
6533 19
6533 1781
6534 0
6534 22
6534 5558
6534 15
6535 1425
6535 225
6535 1
6535 204
6536 0
6536 4065
6536 3908
6536 25
6537 2
6537 41
6537 2269
6537 6527
6538 34
6538 440
6538 138
6538 431
6539 3
6539 5256
6539 538
6539 12
6540 5600
6540 115
6540 613
6540 23
6541 0
6541 1110
6541 24
6541 4761
6542 545
6542 2
6542 3
6542 1156
6543 34
6543 3906
6543 10
6543 141
6544 2
6544 5
6544 23
6544 1068
6545 5735
6545 123
6545 4989
6545 62
6546 2
6546 134
6546 487
6546 5007
6547 4640
6547 1798
6547 152
6547 27
6548 3
6548 6036
6548 4
6548 1765
6549 2
6549 2338
6549 1325
6549 94
6551 6
6551 1000
6551 218
6551 90
6552 1974
6552 2439
6552 2745
6552 6155
6553 594
6553 2138
6553 62
6553 4542
6554 5
6554 22
6554 9
6554 79
6555 1896
6555 14
6555 191
6555 351
6556 129
6556 18
6556 4595
6556 109
6557 2501
6557 22
6557 3559
6557 157
6558 627
6558 3
6558 2916
6558 7
6559 133
6559 12
6559 1676
6559 3518
6560 0
6560 17
6560 4
6560 5
6561 2913
6561 2580
6561 539
6561 12
6562 2
6562 6
6562 1083
6562 14
6563 5985
6563 1
6563 206
6563 175
6564 1
6564 3
6564 668
6564 95
6565 2672
6565 2
6565 2115
6565 100
6566 279
6566 6492
6566 61
6566 239
6567 5842
6567 86
6567 6
6567 11
6568 2
6568 1755
6568 1581
6568 142
6569 978
6569 1065
6569 10
6569 12
6570 3
6570 5706
6570 315
6570 2364
6571 83
6571 7
6571 12
6571 156
6573 1185
6573 2
6573 382
6573 15
6574 354
6574 2
6574 3
6574 121
6576 4904
6576 108
6576 1422
6576 927
6577 2368
6577 0
6577 28
6577 15
6578 1
6578 4
6578 87
6578 447
6579 0
6579 4
6579 742
6579 45
6580 0
6580 577
6580 35
6580 27
6581 641
6581 2658
6581 4696
6581 668
6582 1097
6582 12
6582 4302
6582 79
6583 1
6583 4
6583 1176
6583 121
6584 3024
6584 163
6584 23
6584 15
6585 2
6585 1622
6585 3643
6585 14
6586 2
6586 1589
6586 90
6586 1051
6587 4
6587 1462
6587 5435
6587 190
6588 512
6588 1719
6588 12
6588 5407
6589 1778
6589 41
6589 10
6589 4606
6590 3632
6590 195
6590 157
6590 15
6591 176
6591 2916
6591 838
6591 1018
6592 2
6592 5
6592 251
6592 1244
6593 59
6593 4477
6593 1198
6593 3215
6594 2497
6594 1025
6594 6
6594 2844
6595 18
6595 3
6595 6500
6595 42
6596 6482
6596 1123
6596 6
6596 54
6597 0
6597 2
6597 389
6597 4104
6598 2
6598 73
6598 2879
6598 6479
6599 4
6599 4678
6599 187
6599 62
6600 514
6600 215
6600 42
6600 12
6601 4857
6601 826
6601 14
6601 1343
6602 1
6602 954
6602 94
6602 15
6603 1
6603 34
6603 231
6603 14
6604 65
6604 980
6604 5
6604 1641
6605 176
6605 938
6605 12
6605 15
6606 2810
6606 204
6606 140
6606 108
6607 225
6607 227
6607 10
6607 138
6608 995
6608 3
6608 5
6608 1789
6609 2
6609 4
6609 1414
6609 1995
6610 33
6610 1061
6610 24
6610 911
6611 164
6611 4
6611 188
6611 1229
6612 6432
6612 769
6612 18
6612 98
6613 2101
6613 134
6613 119
6613 814
6614 3873
6614 5268
6614 2202
6614 4494
6615 2
6615 23
6615 5849
6615 1004
6616 225
6616 1506
6616 2361
6616 3245
6618 1107
6618 807
6618 647
6618 12
6619 3
6619 2999
6619 282
6619 59
6620 720
6620 0
6620 941
6620 2062
6621 6000
6621 1399
6621 5628
6621 1039
6622 32
6622 152
6622 425
6622 6063
6623 512
6623 2178
6623 357
6623 427
6624 2592
6624 904
6624 908
6624 14
6625 256
6625 342
6625 299
6625 27
6626 1636
6626 2548
6626 293
6626 426
6627 2769
6627 5971
6627 2284
6627 2733
6628 22
6628 10
6628 2827
6628 254
6629 69
6629 232
6629 553
6629 204
6630 97
6630 1124
6630 5
6630 15
6631 6160
6631 5175
6631 9
6631 207
6632 2
6632 5
6632 6
6632 186
6633 130
6633 4
6633 343
6633 348
6635 2419
6635 597
6635 5
6635 12
6636 228
6636 438
6636 10
6636 123
6638 227
6638 5400
6638 5243
6638 191
6639 0
6639 1
6639 393
6639 2425
6640 18
6640 627
6640 4488
6640 1164
6641 3
6641 1590
6641 428
6641 14
6642 2033
6642 100
6642 2454
6642 14
6643 3
6643 24
6643 105
6643 3742
6644 2
6644 5769
6644 59
6644 317
6645 0
6645 3
6645 227
6645 829
6646 6407
6646 2235
6646 411
6646 238
6647 3521
6647 389
6647 6
6647 14
6648 3
6648 121
6648 267
6648 14
6649 2288
6649 2544
6649 3
6649 5
6650 22
6650 4040
6650 42
6650 6014
6651 33
6651 3
6651 4168
6651 763
6652 821
6652 139
6652 109
6652 1135
6653 1
6653 673
6653 354
6653 134
6654 165
6654 6
6654 4362
6654 94
6655 49
6655 931
6655 659
6655 1327
6656 1825
6656 5940
6656 426
6656 171
6657 673
6657 2450
6657 3347
6657 59
6658 618
6658 715
6658 317
6658 3279
6659 1
6659 132
6659 7
6659 23
6660 32
6660 100
6660 6
6660 76
6661 3
6661 837
6661 24
6661 2586
6662 2610
6662 966
6662 9
6662 602
6663 2
6663 451
6663 10
6663 1726
6664 1634
6664 3
6664 9
6664 237
6665 1856
6665 4
6665 7
6665 633
6666 1
6666 98
6666 5830
6666 62
6667 195
6667 312
6667 2584
6667 253
6668 724
6668 5207
6668 988
6668 2988
6669 2
6669 2295
6669 536
6669 4429
6670 1184
6670 1
6670 28
6670 30
6671 148
6671 248
6671 558
6671 30
6672 1
6672 87
6672 2780
6672 14
6673 228
6673 6517
6673 1352
6673 669
6674 34
6674 2
6674 5
6674 814
6675 5
6675 539
6675 45
6675 4622
6676 5761
6676 802
6676 34
6676 5
6677 0
6677 1
6677 2
6677 598
6678 23
6678 59
6678 157
6678 46
6679 4049
6679 18
6679 22
6679 4718
6680 6644
6680 6
6680 584
6680 794
6681 2467
6681 1059
6681 707
6681 142
6682 403
6682 100
6682 710
6682 126
6683 2
6683 67
6683 125
6683 431
6684 753
6684 1110
6684 4409
6684 156
6685 208
6685 913
6685 22
6685 10
6686 5
6686 567
6686 4028
6686 2173
6687 18
6687 98
6687 6246
6687 62
6688 10
6688 1323
6688 3677
6688 62
6689 213
6689 197
6689 3530
6689 123
6690 1
6690 146
6690 4996
6690 988
6691 1954
6691 1816
6691 747
6691 2862
6692 2
6692 19
6692 10
6692 15
6694 128
6694 51
6694 344
6694 223
6695 692
6695 87
6695 491
6695 28
6696 65
6696 2
6696 18
6696 575
6697 2
6697 162
6697 85
6697 398
6698 193
6698 548
6698 10
6698 1181
6699 2160
6699 1173
6699 647
6699 637
6701 337
6701 1670
6701 3543
6701 729
6702 18
6702 323
6702 5564
6702 4380
6703 274
6703 2499
6703 712
6703 9
6704 1803
6704 205
6704 94
6704 447
6705 1253
6705 5435
6705 1596
6705 830
6706 640
6706 3
6706 2454
6706 247
6707 49
6707 2
6707 4
6707 5
6708 119
6708 553
6708 75
6708 876
6709 0
6709 34
6709 4531
6709 102
6710 5617
6710 1362
6710 5
6710 14
6711 1504
6711 3
6711 67
6711 426
6712 32
6712 1425
6712 4718
6712 62
6713 704
6713 0
6713 3558
6713 135
6714 2
6714 4
6714 3099
6714 685
6715 98
6715 2
6715 4
6715 5159
6716 128
6716 2
6716 999
6716 205
6717 1
6717 514
6717 34
6717 1006
6718 34
6718 2580
6718 149
6718 22
6719 49
6719 3
6719 72
6719 1322
6721 1
6721 3490
6721 3
6721 4
6722 6
6722 55
6722 204
6722 1182
6723 2
6723 1331
6723 75
6723 3181
6724 135
6724 922
6724 267
6724 12
6725 176
6725 883
6725 3655
6725 238
6726 4
6726 598
6726 3991
6726 413
6727 0
6727 1699
6727 68
6727 47
6728 1361
6728 340
6728 5144
6728 250
6729 162
6729 2
6729 5
6729 409
6730 3188
6730 919
6730 1064
6730 46
6731 2448
6731 3857
6731 3
6731 2115
6732 1813
6732 10
6732 1387
6732 188
6733 563
6733 5
6733 25
6733 4175
6734 3540
6734 40
6734 380
6734 13
6735 1
6735 2
6735 121
6735 27
6736 1472
6736 2
6736 6
6736 62
6737 5754
6737 125
6737 909
6737 46
6739 128
6739 146
6739 102
6739 8
6740 2483
6740 2724
6740 4341
6740 383
6741 0
6741 112
6741 1203
6741 310
6742 33
6742 37
6742 150
6742 2831
6743 193
6743 18
6743 362
6743 42
6744 1
6744 675
6744 4
6744 37
6745 1
6745 1893
6745 234
6745 748
6746 2386
6746 4
6746 9
6746 43
6747 2
6747 7
6747 43
6747 14
6748 1347
6748 23
6748 4775
6748 27
6749 0
6749 1
6749 4
6749 135
6750 0
6750 851
6750 1014
6750 1830
6751 3472
6751 3
6751 38
6751 1593
6752 32
6752 21
6752 6
6752 121
6753 0
6753 727
6753 123
6753 62
6754 135
6754 567
6754 1064
6754 584
6755 5088
6755 2
6755 5402
6755 4319
6756 1538
6756 2
6756 11
6756 13
6757 1
6757 2
6757 23
6757 362
6758 3697
6758 5669
6758 24
6758 175
6759 4660
6759 69
6759 86
6759 360
6760 17
6760 417
6760 2
6760 132
6761 2576
6761 4
6761 152
6761 13
6762 49
6762 3
6762 100
6762 28
6763 5266
6763 1699
6763 53
6763 698
6764 2
6764 34
6764 5127
6764 859
6765 900
6765 4151
6765 494
6765 14
6766 150
6766 139
6766 2108
6766 798
6767 233
6767 90
6767 1292
6767 1471
6768 257
6768 132
6768 6
6768 3976
6769 1
6769 2
6769 1203
6769 9
6770 23
6770 267
6770 77
6770 14
6771 128
6771 1068
6771 142
6771 47
6772 2101
6772 1290
6772 27
6772 204
6773 32
6773 23
6773 329
6773 6222
6774 22
6774 6
6774 2346
6774 6412
6775 2
6775 83
6775 5
6775 3308
6776 3057
6776 2693
6776 732
6776 6319
6777 2
6777 150
6777 810
6777 204
6778 168
6778 123
6778 3867
6778 127
6779 1
6779 613
6779 342
6779 1079
6780 737
6780 4501
6780 6
6780 73
6781 816
6781 34
6781 790
6781 1852
6782 1536
6782 0
6782 310
6782 6061
6783 4147
6783 2376
6783 4713
6783 10
6785 3040
6785 5543
6785 648
6785 1450
6786 1911
6786 41
6786 3966
6786 15
6787 5715
6787 298
6787 27
6787 895
6788 725
6788 936
6788 187
6788 1390
6789 2785
6789 101
6789 23
6789 1259
6790 49
6790 148
6790 152
6790 1017
6791 35
6791 105
6791 587
6791 204
6792 49
6792 1
6792 2
6792 108
6793 2737
6793 3188
6793 359
6793 2575
6794 3012
6794 23
6794 5865
6794 27
6795 1122
6795 5
6795 587
6795 62
6796 1
6796 23
6796 251
6796 4171
6797 4776
6797 3195
6797 348
6797 493
6798 2
6798 4
6798 2565
6798 2286
6799 4776
6799 1192
6799 1128
6799 3215
6800 18
6800 5379
6800 204
6800 29
6801 176
6801 77
6801 447
6801 191
6802 2051
6802 645
6802 1272
6802 5484
6803 19
6803 35
6803 204
6803 15
6804 2
6804 18
6804 123
6804 5183
6805 210
6805 10
6805 108
6805 5839
6806 309
6806 1050
6806 206
6806 15
6807 2
6807 4471
6807 4045
6807 1199
6808 69
6808 5830
6808 6502
6808 697
6809 49
6809 53
6809 23
6809 316
6810 32
6810 3
6810 43
6810 14
6811 112
6811 834
6811 1085
6811 62
6812 112
6812 161
6812 707
6812 22
6813 5
6813 185
6813 3691
6813 12
6814 176
6814 330
6814 186
6814 74
6815 49
6815 227
6815 7
6815 94
6816 1
6816 2
6816 3
6816 425
6817 68
6817 22
6817 59
6817 3390
6818 2
6818 1610
6818 4701
6818 46
6819 18
6819 215
6819 25
6819 9
6820 1010
6820 35
6820 6070
6820 988
6821 0
6821 2785
6821 5429
6821 1564
6822 401
6822 23
6822 9
6822 12
6823 0
6823 2370
6823 474
6823 220
6824 5760
6824 2161
6824 1059
6824 430
6825 145
6825 163
6825 284
6825 62
6826 146
6826 838
6826 4521
6826 28
6828 6209
6828 67
6828 4787
6828 3
6829 22
6829 247
6829 139
6829 12
6830 1
6830 4482
6830 7
6830 664
6831 640
6831 34
6831 299
6831 15
6832 675
6832 4824
6832 2654
6832 62
6833 2512
6833 2
6833 5
6833 3957
6834 16
6834 4706
6834 2
6834 299
6835 33
6835 1139
6835 69
6835 120
6836 5684
6836 85
6836 2350
6836 3518
6837 0
6837 4
6837 5
6837 1292
6838 5968
6838 3
6838 3463
6838 1224
6840 2388
6840 6438
6840 119
6840 90
6841 2178
6841 6022
6841 23
6841 2568
6842 3169
6842 4
6842 1799
6842 27
6843 2913
6843 4569
6843 4155
6843 2988
6844 821
6844 10
6844 123
6844 15
6845 81
6845 35
6845 406
6845 169
6846 1
6846 2
6846 4
6846 237
6847 6032
6847 2
6847 3
6847 93
6848 16
6848 32
6848 251
6848 267
6849 1248
6849 0
6849 514
6849 4052
6850 3
6850 630
6850 152
6850 4300
6852 49
6852 67
6852 5
6852 157
6853 2306
6853 152
6853 2892
6853 669
6854 85
6854 166
6854 10
6854 62
6855 32
6855 788
6855 4
6855 62
6856 4
6856 90
6856 171
6856 412
6857 5
6857 22
6857 168
6857 2845
6858 9
6858 1193
6858 523
6858 1103
6860 32
6860 2
6860 758
6860 1455
6861 465
6861 2
6861 1507
6861 19
6862 32
6862 2529
6862 908
6862 3070
6863 533
6863 22
6863 844
6863 238
6864 21
6864 87
6864 9
6864 460
6865 80
6865 261
6865 123
6865 14
6866 17
6866 2932
6866 694
6866 237
6867 6769
6867 54
6867 1383
6867 1671
6868 627
6868 1192
6868 4623
6868 1327
6869 2
6869 2387
6869 2317
6869 62
6870 4992
6870 305
6870 18
6870 59
6871 5
6871 7
6871 1481
6871 319
6872 0
6872 2
6872 5428
6872 191
6873 1601
6873 105
6873 667
6873 3358
6874 2001
6874 2
6874 466
6874 3917
6875 337
6875 115
6875 1123
6875 6553
6876 38
6876 3302
6876 807
6876 204
6877 5825
6877 42
6877 284
6877 15
6878 34
6878 4
6878 1414
6878 6520
6879 645
6879 150
6879 2487
6879 206
6880 3553
6880 3
6880 85
6880 427
6881 1
6881 2962
6881 5834
6881 12
6882 1
6882 3986
6882 693
6882 27
6883 2
6883 43
6883 251
6883 174
6884 1
6884 1989
6884 1029
6884 254
6885 707
6885 776
6885 1609
6885 2042
6886 0
6886 609
6886 51
6886 28
6887 1
6887 482
6887 426
6887 315
6888 128
6888 5
6888 4534
6888 1151
6889 1
6889 1275
6889 668
6889 4317
6890 6
6890 134
6890 23
6890 280
6891 0
6891 2912
6891 851
6891 3661
6892 64
6892 21
6892 23
6892 8
6893 112
6893 513
6893 908
6893 494
6894 112
6894 5410
6894 5
6894 138
6895 4
6895 267
6895 108
6895 253
6896 1
6896 163
6896 1075
6896 4
6897 6822
6897 3463
6897 3322
6897 14
6898 337
6898 35
6898 52
6898 729
6899 3344
6899 1684
6899 53
6899 62
6900 4294
6900 22
6900 380
6900 6382
6901 0
6901 4786
6901 2454
6901 12
6902 1281
6902 22
6902 679
6902 1817
6903 1
6903 1844
6903 502
6903 28
6904 3251
6904 4646
6904 3033
6904 1181
6905 18
6905 5042
6905 427
6905 1339
6906 1
6906 4
6906 6
6906 14
6907 193
6907 28
6907 1645
6907 462
6908 0
6908 22
6908 120
6908 15
6909 372
6909 3365
6909 4551
6909 1865
6910 2
6910 2564
6910 2042
6910 1598
6911 178
6911 3
6911 4467
6911 13
6912 1445
6912 2120
6912 2760
6912 10
6913 336
6913 2384
6913 3097
6913 6479
6914 304
6914 3
6914 4151
6914 14
6915 2
6915 3
6915 1779
6915 153
6916 2
6916 52
6916 3595
6916 6671
6917 4
6917 6
6917 5993
6917 111
6918 112
6918 482
6918 6707
6918 3
6920 499
6920 133
6920 135
6920 185
6921 176
6921 51
6921 712
6921 3225
6922 1332
6922 6261
6922 10
6922 12
6923 179
6923 1544
6923 3660
6923 1838
6925 2
6925 35
6925 1926
6925 2857
6926 5
6926 5464
6926 3225
6926 27
6927 2133
6927 2599
6927 4842
6927 6091
6928 5
6928 135
6928 4894
6928 831
6930 2195
6930 278
6930 283
6930 3070
6931 3395
6931 148
6931 5099
6931 941
6932 35
6932 22
6932 4471
6932 10
6933 3144
6933 553
6933 189
6933 15
6934 0
6934 128
6934 121
6934 906
6935 400
6935 176
6935 49
6935 28
6936 978
6936 3606
6936 59
6936 2284
6937 3712
6937 5490
6937 900
6937 2872
6938 1077
6938 6
6938 123
6938 111
6939 4
6939 1541
6939 1215
6939 383
6940 2136
6940 813
6940 462
6940 14
6941 3
6941 4
6941 501
6941 746
6942 440
6942 1081
6942 749
6942 3950
6943 915
6943 874
6943 669
6943 62
6944 6211
6944 5268
6944 12
6944 574
6945 3210
6945 12
6945 14
6945 5790
6946 5158
6946 88
6946 1694
6946 5727
6947 4817
6947 6851
6947 553
6947 175
6948 400
6948 0
6948 4742
6948 2360
6949 2243
6949 85
6949 553
6949 681
6950 1
6950 3075
6950 4026
6950 427
6951 881
6951 2
6951 4790
6951 25
6952 64
6952 2885
6952 521
6952 4201
6953 865
6953 5
6953 2763
6953 12
6954 354
6954 52
6954 1702
6954 92
6955 1632
6955 3
6955 3046
6955 4332
6956 776
6956 269
6956 77
6956 5629
6957 2370
6957 133
6957 647
6957 12
6958 1
6958 166
6958 3386
6958 2428
6959 4
6959 85
6959 134
6959 3502
6960 1940
6960 133
6960 5593
6960 1356
6961 161
6961 2693
6961 5
6961 14
6962 673
6962 385
6962 1077
6962 22
6963 0
6963 18
6963 4100
6963 92
6964 68
6964 22
6964 278
6964 12
6965 919
6965 152
6965 2716
6965 61
6966 1
6966 51
6966 204
6966 509
6967 34
6967 18
6967 3
6967 315
6968 1
6968 3
6968 645
6968 204
6969 385
6969 274
6969 3109
6969 639
6970 401
6970 34
6970 9
6970 2202
6971 4
6971 1782
6971 22
6971 14
6972 49
6972 18
6972 216
6972 15
6973 228
6973 267
6973 108
6973 413
6974 1
6974 3
6974 2061
6974 319
6975 1
6975 3
6975 726
6975 1068
6976 81
6976 1
6976 404
6976 3820
6977 0
6977 17
6977 3608
6977 3341
6978 22
6978 1687
6978 520
6978 62
6979 33
6979 244
6979 105
6979 12
6980 3
6980 1573
6980 42
6980 109
6981 7
6981 746
6981 62
6981 191
6982 2
6982 246
6982 761
6982 763
6983 1
6983 4569
6983 938
6983 10
6985 3186
6985 35
6985 789
6985 62
6986 629
6986 24
6986 94
6986 319
6987 42
6987 3882
6987 4652
6987 1870
6988 3
6988 4
6988 7
6988 1325
6989 51
6989 8
6989 204
6989 2223
6990 0
6990 436
6990 5209
6990 14
6991 18
6991 5
6991 472
6991 650
6992 465
6992 19
6992 6278
6992 507
6993 4
6993 69
6993 121
6993 1068
6994 0
6994 432
6994 160
6994 28
6995 28
6995 284
6995 156
6995 493
6996 2992
6996 2
6996 2105
6996 1085
6997 482
6997 34
6997 115
6997 88
6998 0
6998 737
6998 5277
6998 14
6999 102
6999 4470
6999 5446
6999 445
7000 2
7000 4
7000 14
7000 15
7001 305
7001 1
7001 3
7001 1608
7002 1
7002 328
7002 248
7002 1229
7003 1840
7003 22
7003 14
7003 991
7004 2
7004 2916
7004 1112
7004 10
7005 3105
7005 54
7005 27
7005 6014
7006 464
7006 163
7006 22
7006 2812
7007 640
7007 3106
7007 5
7007 1083
7008 1234
7008 3219
7008 6999
7008 4970
7009 5127
7009 5064
7009 2842
7009 861
7010 130
7010 4262
7010 763
7010 12
7011 48
7011 515
7011 602
7011 90
7012 369
7012 1
7012 1191
7012 15
7013 3008
7013 337
7013 806
7013 5695
7014 49
7014 1065
7014 220
7014 62
7015 213
7015 406
7015 310
7015 14
7016 32
7016 37
7016 6699
7016 238
7017 208
7017 1426
7017 3972
7017 557
7018 177
7018 218
7018 92
7018 12
7019 6913
7019 263
7019 1081
7019 1119
7020 6165
7020 859
7020 1230
7020 15
7021 4
7021 3896
7021 3055
7021 15
7022 242
7022 3
7022 3357
7022 831
7023 134
7023 167
7023 5306
7023 1055
7024 34
7024 1141
7024 2060
7024 380
7025 18
7025 5251
7025 680
7025 4105
7026 880
7026 2
7026 6948
7026 261
7027 1
7027 130
7027 1943
7027 6778
7028 5264
7028 34
7028 3
7028 37
7029 0
7029 3
7029 5
7029 14
7030 2929
7030 1954
7030 5
7030 9
7031 208
7031 2
7031 2578
7031 351
7032 3
7032 1123
7032 1588
7032 2760
7033 4944
7033 4
7033 261
7033 77
7034 32
7034 198
7034 1030
7034 2364
7035 4672
7035 4306
7035 4569
7035 28
7036 2856
7036 220
7036 12
7036 15
7037 835
7037 69
7037 2615
7037 62
7038 100
7038 37
7038 999
7038 2780
7039 354
7039 3
7039 21
7039 94
7040 7
7040 233
7040 28
7040 142
7041 4512
7041 149
7041 5
7041 589
7042 6421
7042 4982
7042 185
7042 43
7043 929
7043 1690
7043 317
7043 47
7044 900
7044 4442
7044 27
7044 6492
7045 1
7045 3
7045 403
7045 4335
7047 67
7047 6314
7047 315
7047 14
7048 401
7048 2
7048 2824
7048 14
7050 3
7050 669
7050 237
7050 14
7051 42
7051 1197
7051 94
7051 110
7052 0
7052 3434
7052 59
7052 5231
7053 119
7053 539
7053 5836
7053 237
7054 3472
7054 129
7054 1700
7054 185
7055 400
7055 5938
7055 22
7055 15
7056 2071
7056 5113
7056 411
7056 207
7057 4
7057 6
7057 1146
7057 28
7058 176
7058 5
7058 105
7058 10
7059 0
7059 3
7059 997
7059 2071
7060 32
7060 3861
7060 938
7060 27
7061 1
7061 2
7061 3698
7061 2259
7062 52
7062 10
7062 15
7062 1887
7064 0
7064 3
7064 6772
7064 250
7066 4744
7066 5754
7066 27
7066 141
7067 594
7067 2
7067 5
7067 44
7068 3
7068 6
7068 9
7068 860
7070 208
7070 1
7070 515
7070 133
7071 4628
7071 6
7071 777
7071 268
7072 208
7072 2371
7072 133
7072 613
7073 6707
7073 3
7073 4
7073 3046
7074 114
7074 660
7074 10
7074 3775
7075 0
7075 710
7075 968
7075 27
7076 32
7076 261
7076 9
7076 77
7077 0
7077 3
7077 2810
7077 6588
7078 1
7078 2087
7078 44
7078 15
7079 1184
7079 2501
7079 6
7079 15
7080 289
7080 834
7080 549
7080 9
7081 3
7081 8
7081 3752
7081 2713
7082 0
7082 1393
7082 12
7082 31
7083 0
7083 135
7083 13
7083 4910
7084 816
7084 3105
7084 116
7084 485
7085 87
7085 204
7085 3117
7085 46
7086 3
7086 5749
7086 807
7086 14
7087 258
7087 6867
7087 311
7087 2136
7088 0
7088 2276
7088 23
7088 151
7089 1
7089 422
7089 22
7089 5212
7090 352
7090 18
7090 6996
7090 4
7091 1
7091 305
7091 34
7091 14
7092 3
7092 1636
7092 1224
7092 14
7094 23
7094 343
7094 477
7094 254
7095 721
7095 1274
7095 43
7095 14
7096 580
7096 2726
7096 2060
7096 4447
7097 3
7097 8
7097 493
7097 191
7098 1
7098 2
7098 2780
7098 15
7099 19
7099 3589
7099 616
7099 1150
7100 81
7100 129
7100 1461
7100 5
7101 2
7101 18
7101 275
7101 6
7102 2
7102 34
7102 4962
7102 2142
7103 2
7103 788
7103 4
7103 148
7104 3808
7104 4
7104 2506
7104 157
7105 4642
7105 823
7105 27
7105 28
7107 57
7107 605
7107 14
7107 1327
7108 644
7108 119
7108 602
7108 237
7109 1601
7109 49
7109 5126
7109 1449
7110 2
7110 3
7110 10
7110 394
7111 5169
7111 2
7111 956
7111 15
7112 228
7112 1141
7112 5656
7112 4335
7113 2
7113 4
7113 5
7113 75
7114 834
7114 82
7114 136
7114 14
7115 4
7115 85
7115 2343
7115 830
7116 1515
7116 28
7116 14
7116 2959
7117 291
7117 4
7117 60
7117 15
7119 32
7119 100
7119 908
7119 2446
7120 67
7120 8
7120 1259
7120 204
7121 1
7121 2
7121 5
7121 12
7122 2771
7122 75
7122 1165
7122 14
7123 81
7123 276
7123 10
7123 3483
7124 3
7124 4
7124 246
7124 1096
7125 1
7125 5464
7125 6076
7125 62
7126 52
7126 2937
7126 682
7126 364
7127 418
7127 499
7127 19
7127 535
7128 0
7128 3123
7128 4291
7128 6474
7129 164
7129 295
7129 25
7129 14
7130 1136
7130 1206
7130 3928
7130 10
7132 5072
7132 403
7132 932
7132 2477
7133 6629
7133 22
7133 2538
7133 94
7134 530
7134 3219
7134 4
7134 477
7135 34
7135 837
7135 6854
7135 10
7137 33
7137 2
7137 23
7137 6492
7138 1025
7138 2
7138 5938
7138 3
7139 2
7139 1203
7139 1812
7139 3526
7140 2
7140 83
7140 4
7140 5253
7141 1843
7141 4
7141 14
7141 15
7142 6819
7142 1607
7142 138
7142 670
7143 6
7143 663
7143 732
7143 141
7144 4
7144 357
7144 631
7144 4938
7145 1424
7145 6612
7145 469
7145 4569
7146 3268
7146 966
7146 3529
7146 14
7147 34
7147 5956
7147 266
7147 2795
7148 1
7148 18
7148 5
7148 238
7149 416
7149 337
7149 274
7149 831
7150 0
7150 4066
7150 968
7150 5081
7151 0
7151 560
7151 2
7151 796
7152 1
7152 5668
7152 6
7152 441
7153 112
7153 22
7153 377
7153 1518
7154 3648
7154 0
7154 163
7154 134
7155 1185
7155 935
7155 9
7155 284
7156 337
7156 867
7156 9
7156 431
7157 1602
7157 67
7157 936
7157 1033
7158 5698
7158 263
7158 5948
7158 431
7159 4
7159 38
7159 299
7159 6478
7160 2
7160 3
7160 726
7160 79
7161 1047
7161 553
7161 4267
7161 5453
7162 6242
7162 551
7162 62
7162 750
7163 450
7163 122
7163 1229
7163 6525
7164 1664
7164 3
7164 442
7164 2127
7165 0
7165 5
7165 5850
7165 174
7166 4856
7166 12
7166 1117
7166 2621
7167 2
7167 247
7167 10
7167 1775
7168 2
7168 53
7168 5131
7168 75
7169 3953
7169 244
7169 122
7169 1679
7170 0
7170 10
7170 299
7170 238
7171 3
7171 10
7171 1403
7171 4095
7173 2
7173 706
7173 195
7173 727
7174 1
7174 2
7174 168
7174 59
7175 41
7175 10
7175 60
7175 62
7176 0
7176 65
7176 18
7176 1864
7177 2896
7177 1185
7177 22
7177 2367
7178 176
7178 18
7178 675
7178 119
7179 3409
7179 53
7179 427
7179 203
7180 2512
7180 2
7180 391
7180 223
7181 3
7181 4696
7181 3643
7181 92
7182 962
7182 1651
7182 859
7182 44
7183 0
7183 3
7183 2713
7183 940
7184 18
7184 164
7184 22
7184 1687
7185 0
7185 1
7185 1096
7185 205
7188 34
7188 87
7188 809
7188 12
7189 241
7189 3
7189 4282
7189 171
7190 1
7190 2
7190 406
7190 1551
7191 98
7191 35
7191 133
7191 3960
7192 1
7192 119
7192 14
7192 271
7193 0
7193 2373
7193 1174
7193 815
7194 2562
7194 3
7194 938
7194 3071
7195 2
7195 755
7195 19
7195 1283
7196 2
7196 4
7196 27
7196 1039
7197 1280
7197 5
7197 1702
7197 2234
7198 3570
7198 389
7198 284
7198 95
7199 68
7199 37
7199 61
7199 878
7200 49
7200 3
7200 22
7200 42
7201 133
7201 3334
7201 23
7201 249
7202 5776
7202 9
7202 2313
7202 2203
7203 2
7203 5299
7203 7
7203 2431
7204 977
7204 23
7204 1884
7204 205
7205 1090
7205 258
7205 998
7205 6758
7206 992
7206 2
7206 7174
7206 317
7207 6882
7207 244
7207 5
7207 4409
7208 2
7208 1463
7208 829
7208 398
7210 584
7210 1369
7210 2668
7210 13
7211 0
7211 2867
7211 1065
7211 5598
7212 834
7212 2309
7212 694
7212 12
7213 3
7213 854
7213 102
7213 1805
7214 2
7214 4154
7214 5995
7214 524
7216 2
7216 4
7216 5
7216 1292
7217 161
7217 754
7217 5
7217 1902
7218 100
7218 5
7218 1574
7218 1775
7219 1045
7219 133
7219 647
7219 12
7220 2240
7220 6057
7220 3260
7220 14
7221 2224
7221 2298
7221 45
7221 15
7222 0
7222 3206
7222 539
7222 924
7223 3014
7223 520
7223 6059
7223 6221
7224 2
7224 341
7224 22
7224 3325
7226 416
7226 5378
7226 530
7226 1116
7227 0
7227 115
7227 3095
7227 5903
7228 51
7228 5
7228 87
7228 3390
7229 2
7229 1829
7229 10
7229 844
7230 672
7230 2
7230 4
7230 4413
7231 2816
7231 34
7231 229
7231 911
7232 6534
7232 135
7232 298
7232 5900
7233 978
7233 248
7233 2009
7233 14
7234 2
7234 4005
7234 602
7234 2287
7235 949
7235 7189
7235 7176
7235 2220
7236 48
7236 3
7236 310
7236 4332
7237 34
7237 790
7237 11
7237 27
7238 496
7238 2101
7238 2599
7238 1593
7239 37
7239 5
7239 3530
7239 15
7240 0
7240 5
7240 23
7240 654
7241 0
7241 3
7241 9
7241 28
7242 1
7242 2
7242 4
7242 1547
7243 3
7243 22
7243 238
7243 6575
7244 0
7244 3377
7244 1172
7244 6
7245 371
7245 1624
7245 348
7245 2445
7246 68
7246 6421
7246 1530
7246 5850
7247 51
7247 54
7247 847
7247 15
7249 1314
7249 2
7249 3
7249 4
7250 6560
7250 6905
7250 4905
7250 5034
7251 51
7251 3
7251 23
7251 3007
7252 68
7252 4697
7252 1499
7252 831
7253 0
7253 1616
7253 2
7253 524
7254 1
7254 3
7254 5
7254 15
7255 6912
7255 81
7255 789
7255 2712
7256 148
7256 5
7256 4311
7256 1705
7257 208
7257 7091
7257 27
7257 4158
7258 3
7258 5
7258 2952
7258 668
7259 2
7259 5
7259 10
7259 1260
7260 6608
7260 1108
7260 10
7260 6010
7261 6067
7261 121
7261 171
7261 1967
7262 1
7262 18
7262 3208
7262 2013
7263 35
7263 5142
7263 3896
7263 2411
7264 1268
7264 164
7264 389
7264 3485
7265 993
7265 5
7265 6
7265 3609
7267 577
7267 697
7267 267
7267 127
7268 0
7268 3
7268 35
7268 350
7269 4
7269 171
7269 523
7269 28
7270 19
7270 5108
7270 59
7270 4940
7271 1712
7271 371
7271 2583
7271 220
7272 1
7272 3
7272 199
7272 2856
7273 0
7273 35
7273 14
7273 15
7274 320
7274 2
7274 4
7274 12
7276 4865
7276 4594
7276 274
7276 12
7277 176
7277 129
7277 34
7277 587
7278 1
7278 850
7278 9
7278 14
7279 337
7279 2323
7279 3
7279 152
7280 1120
7280 4584
7280 12
7280 6398
7281 176
7281 553
7281 44
7281 190
7282 0
7282 1284
7282 809
7282 747
7283 6
7283 11
7283 668
7283 3981
7284 3
7284 216
7284 24
7284 127
7285 4402
7285 51
7285 1299
7285 43
7286 0
7286 185
7286 860
7286 13
7287 208
7287 4869
7287 1306
7287 1468
7288 55
7288 3896
7288 121
7288 1981
7289 530
7289 3
7289 2692
7289 6521
7290 160
7290 1011
7290 3
7290 27
7291 2
7291 5452
7291 4764
7291 14
7292 1893
7292 293
7292 5228
7292 4909
7293 851
7293 3
7293 5
7293 553
7294 587
7294 27
7294 747
7294 1229
7295 0
7295 5
7295 2506
7295 10
7296 2258
7296 1299
7296 7
7296 6716
7298 1
7298 786
7298 115
7298 5
7299 5
7299 14
7299 1055
7299 47
7300 898
7300 4
7300 14
7300 110
7301 5589
7301 197
7301 2935
7301 2190
7302 183
7302 9
7302 1806
7302 4159
7303 81
7303 921
7303 27
7303 350
7304 67
7304 680
7304 106
7304 3324
7305 627
7305 5
7305 6
7305 62
7306 0
7306 2
7306 1843
7306 2965
7307 4
7307 5
7307 69
7307 5644
7308 800
7308 2874
7308 2382
7308 4623
7309 2148
7309 3734
7309 2952
7309 287
7310 4
7310 4440
7310 24
7310 185
7311 2224
7311 3553
7311 3397
7311 494
7312 34
7312 3
7312 1606
7312 12
7313 1
7313 22
7313 5352
7313 13
7314 691
7314 5
7314 728
7314 2238
7315 3526
7315 2647
7315 553
7315 10
7316 241
7316 3
7316 323
7316 119
7317 0
7317 3
7317 141
7317 3182
7318 2162
7318 3
7318 100
7318 135
7319 2209
7319 18
7319 148
7319 1148
7320 3
7320 134
7320 204
7320 1247
7321 21
7321 5
7321 4104
7321 317
7322 49
7322 51
7322 5
7322 494
7323 166
7323 1702
7323 973
7323 1501
7324 5
7324 85
7324 43
7324 1325
7325 83
7325 171
7325 220
7325 62
7327 4721
7327 5909
7327 42
7327 3403
7328 51
7328 1718
7328 539
7328 717
7329 0
7329 712
7329 41
7329 557
7330 2
7330 4
7330 4139
7330 15
7331 2
7331 599
7331 62
7331 15
7332 5601
7332 323
7332 389
7332 702
7333 49
7333 3
7333 323
7333 3116
7334 2
7334 2468
7334 5
7334 1671
7335 837
7335 3466
7335 4234
7335 5324
7337 624
7337 3798
7337 186
7337 79
7338 3955
7338 5
7338 3061
7338 441
7339 401
7339 5
7339 10
7339 2253
7340 0
7340 5264
7340 1
7340 197
7341 50
7341 851
7341 7
7341 567
7342 0
7342 2115
7342 7268
7342 6175
7343 1121
7343 3
7343 37
7343 126
7344 3408
7344 2786
7344 4185
7344 79
7345 675
7345 1877
7345 3004
7345 431
7346 4
7346 1590
7346 14
7346 671
7347 1
7347 7170
7347 5667
7347 10
7348 337
7348 1
7348 35
7348 249
7349 3
7349 195
7349 4
7349 6021
7350 5
7350 4070
7350 395
7350 397
7351 244
7351 309
7351 6
7351 1198
7352 0
7352 131
7352 108
7352 140
7353 323
7353 3
7353 7291
7353 175
7354 2673
7354 5
7354 204
7354 4477
7355 32
7355 3829
7355 43
7355 27
7357 34
7357 452
7357 37
7357 5
7358 214
7358 4040
7358 6858
7358 27
7359 34
7359 646
7359 1324
7359 4414
7360 69
7360 406
7360 4680
7360 255
7361 1025
7361 35
7361 937
7361 141
7362 7329
7362 51
7362 5
7362 6392
7363 1
7363 212
7363 6072
7363 14
7364 3
7364 6822
7364 230
7364 204
7365 32
7365 3169
7365 1717
7365 5454
7366 1
7366 2
7366 4
7366 5
7367 32
7367 3
7367 2691
7367 148
7368 16
7368 372
7368 820
7368 108
7370 176
7370 23
7370 251
7370 59
7371 3
7371 7065
7371 715
7371 15
7373 0
7373 2155
7373 14
7373 15
7374 2
7374 371
7374 77
7374 62
7375 3
7375 6677
7375 5
7375 342
7376 67
7376 3
7376 119
7376 105
7377 3078
7377 231
7377 2844
7377 204
7378 176
7378 1501
7378 317
7378 319
7379 18
7379 34
7379 3573
7379 5351
7380 22
7380 1225
7380 605
7380 6189
7381 1
7381 5
7381 4662
7381 71
7382 148
7382 1158
7382 73
7382 93
7383 787
7383 4
7383 92
7383 2959
7384 1
7384 249
7384 1308
7384 79
7385 0
7385 1383
7385 312
7385 585
7386 3234
7386 18
7386 1606
7386 380
7387 1
7387 6274
7387 551
7387 4671
7388 112
7388 5474
7388 963
7388 441
7389 80
7389 1108
7389 4
7389 59
7390 22
7390 135
7390 220
7390 62
7391 1095
7391 2506
7391 205
7391 4527
7392 1637
7392 651
7392 205
7392 14
7393 3
7393 3128
7393 1880
7393 92
7394 2432
7394 1
7394 115
7394 75
7395 195
7395 357
7395 2376
7395 15
7396 225
7396 211
7396 549
7396 4683
7397 5056
7397 3303
7397 5352
7397 3583
7398 193
7398 1543
7398 1289
7398 827
7399 3
7399 324
7399 539
7399 1547
7400 1281
7400 1602
7400 2761
7400 479
7401 1200
7401 6338
7401 6040
7401 109
7402 10
7402 6538
7402 2254
7402 14
7403 1
7403 3
7403 950
7403 10
7404 161
7404 9
7404 266
7404 1372
7405 19
7405 3
7405 37
7405 2782
7406 4417
7406 1106
7406 3080
7406 1581
7407 49
7407 2
7407 747
7407 77
7408 712
7408 859
7408 45
7408 254
7409 2
7409 5
7409 2506
7409 76
7410 2
7410 1970
7410 744
7410 5772
7411 0
7411 356
7411 422
7411 175
7412 32
7412 3106
7412 197
7412 9
7413 32
7413 2340
7413 1716
7413 4
7414 32
7414 2
7414 150
7414 4727
7415 2384
7415 961
7415 69
7415 524
7416 18
7416 5139
7416 5573
7416 12
7417 18
7417 1926
7417 5963
7417 2367
7418 3937
7418 1282
7418 2
7418 1442
7419 3
7419 22
7419 3896
7419 2542
7421 2
7421 5334
7421 28
7421 527
7422 1010
7422 121
7422 90
7422 1518
7423 1
7423 18
7423 2115
7423 152
7425 6275
7425 152
7425 874
7425 92
7426 23
7426 121
7426 6254
7426 991
7427 258
7427 323
7427 3574
7427 3518
7428 32
7428 1
7428 3
7428 1917
7429 1090
7429 5051
7429 4062
7429 1694
7430 3
7430 7288
7430 5337
7430 122
7431 913
7431 5
7431 4969
7431 12
7432 5344
7432 3076
7432 2539
7432 77
7433 7154
7433 5317
7433 3095
7433 108
7434 6033
7434 918
7434 7
7434 155
7435 3394
7435 1192
7435 220
7435 15
7436 754
7436 963
7436 837
7436 47
7437 2576
7437 121
7437 2141
7437 125
7439 5600
7439 163
7439 821
7439 6
7440 2
7440 6
7440 156
7440 5564
7442 2
7442 5
7442 150
7442 41
7443 1
7443 132
7443 59
7443 28
7445 834
7445 553
7445 9
7445 6588
7446 1
7446 83
7446 3046
7446 5644
7447 1
7447 18
7447 1395
7447 999
7448 32
7448 2
7448 3754
7448 1115
7449 1733
7449 5
7449 184
7449 924
7450 4017
7450 1574
7450 4971
7450 15
7451 2227
7451 244
7451 24
7451 1864
7452 1
7452 740
7452 7405
7452 4894
7453 34
7453 2
7453 323
7453 750
7454 6
7454 136
7454 301
7454 15
7455 0
7455 225
7455 3917
7455 126
7456 2368
7456 50
7456 23
7456 859
7457 3449
7457 5833
7457 3053
7457 3822
7458 5
7458 422
7458 248
7458 4206
7459 1505
7459 834
7459 2325
7459 23
7460 1
7460 1303
7460 554
7460 431
7461 961
7461 2
7461 120
7461 2125
7462 4
7462 664
7462 46
7462 447
7463 673
7463 2712
7463 5133
7463 3022
7464 1
7464 2
7464 5
7464 253
7465 4416
7465 4273
7465 3559
7465 350
7466 6
7466 4521
7466 2602
7466 1551
7467 1616
7467 4162
7467 4838
7467 1081
7468 1378
7468 7395
7468 2932
7468 527
7469 4
7469 4427
7469 5372
7469 28
7470 6961
7470 52
7470 3022
7470 14
7471 1796
7471 420
7471 410
7471 251
7472 754
7472 323
7472 3924
7472 2856
7473 2240
7473 3
7473 5
7473 4650
7474 128
7474 4480
7474 1
7474 4471
7475 208
7475 34
7475 4
7475 5285
7476 5
7476 1174
7476 6940
7476 3277
7477 176
7477 6693
7477 109
7477 191
7478 134
7478 2296
7478 283
7478 395
7479 3441
7479 337
7479 12
7479 126
7480 2
7480 85
7480 1610
7480 123
7481 0
7481 67
7481 6598
7481 9
7482 5265
7482 5
7482 90
7482 6735
7483 580
7483 1705
7483 62
7483 1102
7484 833
7484 1427
7484 6627
7484 85
7485 49
7485 291
7485 3
7485 1588
7487 3
7487 758
7487 1100
7487 270
7488 112
7488 0
7488 2
7488 510
7489 67
7489 691
7489 1543
7489 1016
7490 102
7490 808
7490 9
7490 1197
7491 1
7491 3684
7491 10
7491 27
7492 18
7492 3540
7492 6
7492 215
7493 1
7493 3128
7493 9
7493 14
7494 0
7494 4068
7494 21
7494 135
7495 1
7495 6
7495 347
7495 829
7496 1
7496 4961
7496 360
7496 2270
7497 18
7497 119
7497 27
7497 781
7498 68
7498 1817
7498 10
7498 413
7499 418
7499 3337
7499 75
7499 5948
7500 3
7500 838
7500 45
7500 4543
7501 851
7501 3941
7501 3689
7501 14
7502 2760
7502 873
7502 2219
7502 1694
7503 3027
7503 135
7503 648
7503 4302
7504 32
7504 1
7504 148
7504 53
7505 4224
7505 3
7505 4
7505 683
7506 1185
7506 978
7506 10
7506 12
7507 352
7507 5525
7507 3401
7507 221
7509 0
7509 4981
7509 23
7509 829
7510 369
7510 1282
7510 5865
7510 1645
7511 121
7511 427
7511 47
7511 847
7512 2148
7512 23
7512 121
7512 413
7513 161
7513 4
7513 1434
7513 206
7514 4
7514 6
7514 7050
7514 12
7515 5537
7515 37
7515 87
7515 679
7516 5168
7516 2
7516 5190
7516 3531
7517 944
7517 1
7517 436
7517 12
7518 2432
7518 3
7518 3941
7518 5818
7519 2786
7519 5139
7519 4
7519 584
7520 35
7520 341
7520 3208
7520 47
7521 116
7521 1478
7521 668
7521 77
7522 790
7522 23
7522 781
7522 207
7523 4
7523 6
7523 10
7523 12
7524 4595
7524 4
7524 69
7524 1135
7525 0
7525 673
7525 836
7525 4805
7526 9
7526 3371
7526 188
7526 797
7527 0
7527 341
7527 3322
7527 15
7528 34
7528 2
7528 3988
7528 879
7529 2448
7529 2251
7529 254
7529 175
7530 18
7530 5525
7530 6
7530 1590
7531 3
7531 613
7531 7222
7531 8
7533 18
7533 4
7533 1864
7533 10
7534 1124
7534 6487
7534 2073
7534 5023
7535 2
7535 3
7535 85
7535 1705
7536 1
7536 354
7536 2
7536 5573
7537 3169
7537 3
7537 1496
7537 25
7538 0
7538 18
7538 474
7538 3869
7539 5056
7539 725
7539 4742
7539 5599
7540 0
7540 2498
7540 6370
7540 23
7541 51
7541 1301
7541 15
7541 3855
7542 3091
7542 116
7542 6228
7542 170
7543 176
7543 1252
7543 1189
7543 299
7545 3
7545 121
7545 125
7545 6989
7546 4512
7546 1185
7546 3
7546 175
7547 1
7547 218
7547 3022
7547 5231
7548 0
7548 4499
7548 22
7548 893
7549 4016
7549 2512
7549 3403
7549 6331
7550 3632
7550 4
7550 810
7550 811
7551 18
7551 3
7551 1573
7551 2988
7552 2560
7552 6338
7552 3
7552 14
7553 241
7553 146
7553 27
7553 284
7554 193
7554 165
7554 41
7554 12
7555 304
7555 528
7555 12
7555 2253
7556 256
7556 148
7556 23
7556 72
7557 3
7557 7144
7557 1164
7557 6783
7558 3
7558 7113
7558 2121
7558 12
7559 613
7559 200
7559 12
7559 1390
7560 2646
7560 1207
7560 12
7560 6399
7561 1
7561 449
7561 2
7561 2745
7562 5568
7562 67
7562 2316
7562 5533
7563 0
7563 2562
7563 1259
7563 2716
7564 4668
7564 1036
7564 1709
7564 6879
7565 913
7565 7
7565 875
7565 270
7566 225
7566 1692
7566 750
7566 6223
7567 2
7567 2419
7567 536
7567 62
7568 3158
7568 218
7568 3979
7568 909
7570 0
7570 1
7570 23
7570 9
7571 2
7571 2565
7571 59
7571 28
7572 1
7572 6498
7572 25
7572 858
7573 4
7573 311
7573 59
7573 31
7574 641
7574 3637
7574 10
7574 30
7575 4
7575 7124
7575 5
7575 6
7576 5
7576 1590
7576 25
7576 13
7577 19
7577 4660
7577 5
7577 142
7578 18
7578 3
7578 6505
7578 4971
7579 112
7579 69
7579 837
7579 4686
7580 1668
7580 4
7580 6
7580 1960
7581 3024
7581 371
7581 5
7581 9
7582 7348
7582 1558
7582 249
7582 4430
7583 5
7583 316
7583 2493
7583 5631
7584 4690
7584 612
7584 712
7584 90
7585 6544
7585 3
7585 616
7585 413
7586 3
7586 6
7586 42
7586 6414
7587 83
7587 4247
7587 296
7587 2473
7588 52
7588 54
7588 14
7588 238
7589 18
7589 2
7589 3
7589 207
7590 1184
7590 2
7590 37
7590 12
7591 723
7591 3045
7591 729
7591 1645
7592 2
7592 4019
7592 1607
7592 14
7593 440
7593 1722
7593 11
7593 3932
7594 2161
7594 834
7594 5
7594 3224
7595 548
7595 2548
7595 837
7595 6970
7596 3
7596 244
7596 4377
7596 204
7597 3
7597 843
7597 671
7597 4159
7598 2
7598 296
7598 105
7598 427
7599 32
7599 4
7599 5
7599 109
7601 0
7601 17
7601 2372
7601 14
7602 34
7602 5494
7602 23
7602 142
7603 0
7603 3024
7603 2432
7603 6324
7604 3
7604 4483
7604 85
7604 4971
7605 34
7605 67
7605 5253
7605 6085
7606 18
7606 2169
7606 121
7606 1610
7607 1025
7607 2
7607 56
7607 6653
7608 194
7608 4
7608 1030
7608 62
7609 1
7609 194
7609 5379
7609 12
7611 148
7611 4
7611 3325
7611 47
7612 258
7612 281
7612 59
7612 1948
7613 5682
7613 2
7613 1157
7613 441
7614 0
7614 195
7614 1684
7614 501
7615 2
7615 5574
7615 78
7615 1471
7616 18
7616 6162
7616 1938
7616 2740
7617 165
7617 5596
7617 62
7617 1087
7619 146
7619 4469
7619 6072
7619 413
7620 466
7620 135
7620 2505
7620 636
7621 3
7621 905
7621 28
7621 1261
7622 7412
7622 53
7622 119
7622 14
7623 2370
7623 5083
7623 141
7623 14
7624 7282
7624 5
7624 362
7624 46
7625 2
7625 83
7625 5
7625 1397
7626 1
7626 4882
7626 5
7626 4655
7627 0
7627 1
7627 3
7627 843
7628 0
7628 1395
7628 10
7628 59
7629 1072
7629 834
7629 67
7629 807
7630 273
7630 228
7630 501
7630 317
7631 0
7631 51
7631 52
7631 2751
7632 0
7632 4
7632 1414
7632 78
7634 2432
7634 963
7634 712
7634 411
7635 1
7635 100
7635 1141
7635 1947
7636 5
7636 2901
7636 54
7636 135
7637 100
7637 119
7637 3468
7637 14
7638 98
7638 660
7638 5
7638 15
7639 5283
7639 68
7639 5
7639 38
7640 1
7640 6
7640 778
7640 2909
7641 135
7641 1623
7641 43
7641 15
7642 449
7642 4
7642 22
7642 319
7644 2880
7644 1
7644 2
7644 313
7645 0
7645 401
7645 980
7645 1206
7646 19
7646 35
7646 1065
7646 3341
7647 176
7647 2
7647 4882
7647 4
7648 4390
7648 298
7648 220
7648 108
7649 49
7649 4857
7649 6621
7649 749
7650 114
7650 1652
7650 808
7650 221
7651 5
7651 2791
7651 14
7651 15
7652 849
7652 2
7652 4650
7652 62
7653 4336
7653 3811
7653 24
7653 4026
7654 6416
7654 128
7654 887
7654 88
7655 1
7655 4
7655 5845
7655 6235
7656 3362
7656 67
7656 1175
7656 2445
7657 3
7657 490
7657 12
7657 620
7658 2228
7658 2213
7658 165
7658 8
7659 660
7659 5
7659 22
7659 3594
7660 499
7660 4
7660 133
7660 204
7661 1
7661 503
7661 5705
7661 540
7662 1155
7662 533
7662 5237
7662 14
7663 0
7663 2516
7663 28
7663 77
7664 2
7664 3
7664 28
7664 796
7665 1
7665 2114
7665 3
7665 4907
7666 81
7666 4
7666 2477
7666 2382
7667 4
7667 278
7667 5112
7667 28
7668 208
7668 4
7668 5268
7668 6985
7670 0
7670 6802
7670 4
7670 7
7671 598
7671 7
7671 1306
7671 639
7672 18
7672 5885
7672 3918
7672 31
7674 160
7674 389
7674 2965
7674 296
7675 258
7675 9
7675 266
7675 463
7676 2210
7676 1619
7676 3
7676 14
7677 3184
7677 0
7677 2321
7677 7
7678 115
7678 357
7678 327
7678 15
7679 1
7679 7090
7679 67
7679 205
7680 133
7680 22
7680 585
7680 7017
7681 6192
7681 5552
7681 6
7681 6238
7682 627
7682 1030
7682 12
7682 2844
7683 1
7683 6228
7683 203
7683 204
7684 4
7684 342
7684 86
7684 1451
7685 720
7685 2
7685 3
7685 3224
7686 2
7686 4
7686 5
7686 25
7687 3
7687 4
7687 4489
7687 204
7688 2785
7688 1762
7688 5
7688 1014
7689 1
7689 1608
7689 234
7689 111
7690 0
7690 50
7690 2183
7690 10
7691 1813
7691 2117
7691 118
7691 12
7693 3008
7693 1074
7693 98
7693 216
7694 246
7694 1128
7694 552
7694 444
7695 3
7695 213
7695 230
7695 919
7696 1
7696 34
7696 2
7696 3254
7698 3
7698 2644
7698 37
7698 1903
7699 17
7699 4216
7699 1259
7699 2060
7700 400
7700 1158
7700 1306
7700 1998
7701 553
7701 10
7701 156
7701 5452
7702 121
7702 3530
7702 4074
7702 5532
7703 1
7703 2
7703 35
7703 5
7704 3
7704 3209
7704 4714
7704 1740
7705 69
7705 5
7705 135
7705 59
7706 4
7706 23
7706 360
7706 41
7707 1090
7707 163
7707 100
7707 175
7708 3184
7708 5875
7708 3
7708 22
7709 3
7709 345
7709 249
7709 62
7710 754
7710 313
7710 1627
7710 109
7711 7507
7711 1207
7711 2667
7711 141
7712 35
7712 470
7712 1432
7712 31
7714 5
7714 2360
7714 3405
7714 351
7716 3559
7716 398
7716 14
7716 399
7717 1
7717 22
7717 331
7717 284
7718 470
7718 55
7718 9
7718 10
7719 3
7719 517
7719 310
7719 1014
7720 112
7720 3
7720 5
7720 10
7721 0
7721 5585
7721 152
7721 10
7722 1141
7722 152
7722 1402
7722 1450
7723 1331
7723 5
7723 12
7723 7036
7724 1345
7724 2404
7724 4344
7724 4602
7725 3063
7725 121
7725 299
7725 28
7726 6
7726 3750
7726 10
7726 204
7727 0
7727 19
7727 5
7727 238
7728 161
7728 1908
7728 430
7728 46
7729 112
7729 4
7729 3821
7729 15
7730 1297
7730 299
7730 268
7730 2958
7731 865
7731 966
7731 344
7731 237
7732 1
7732 51
7732 5
7732 12
7733 2
7733 1650
7733 568
7733 3979
7734 4
7734 1351
7734 1117
7734 414
7735 1
7735 3
7735 4652
7735 14
7736 2
7736 6
7736 200
7736 3437
7737 625
7737 171
7737 12
7737 2396
7738 1088
7738 2533
7738 7237
7738 284
7739 112
7739 1332
7739 3322
7739 1803
7740 257
7740 1425
7740 23
7740 255
7741 6
7741 553
7741 45
7741 14
7742 2224
7742 499
7742 4
7742 1871
7743 128
7743 217
7743 4622
7743 1135
7744 640
7744 436
7744 3397
7744 46
7745 640
7745 4
7745 10
7745 27
7746 6768
7746 321
7746 1299
7746 51
7747 2322
7747 6343
7747 8
7747 3866
7748 2
7748 514
7748 28
7748 175
7749 17
7749 1276
7749 1517
7749 255
7750 627
7750 105
7750 44
7750 12
7751 19
7751 135
7751 376
7751 5402
7752 23
7752 136
7752 4555
7752 668
7753 0
7753 1
7753 5828
7753 168
7754 34
7754 3
7754 5998
7754 95
7755 225
7755 67
7755 220
7755 15
7757 5
7757 1239
7757 1899
7757 62
7758 4
7758 1380
7758 474
7758 14
7759 2
7759 85
7759 1214
7759 31
7760 32
7760 51
7760 11
7760 1581
7761 128
7761 33
7761 6114
7761 4
7762 5
7762 1176
7762 90
7762 1292
7763 1
7763 19
7763 645
7763 42
7764 5
7764 842
7764 220
7764 2238
7765 1
7765 35
7765 4
7765 7691
7766 3137
7766 821
7766 3932
7766 557
7767 7027
7767 3
7767 6
7767 1689
7768 3921
7768 7636
7768 22
7768 10
7769 2
7769 553
7769 90
7769 191
7770 2
7770 249
7770 92
7770 654
7771 7702
7771 823
7771 317
7771 175
7772 176
7772 1233
7772 4
7772 635
7773 1
7773 1794
7773 1252
7773 100
7774 1601
7774 881
7774 1189
7774 1468
7776 128
7776 195
7776 5607
7776 27
7777 4642
7777 2
7777 90
7777 2619
7778 3140
7778 436
7778 135
7778 12
7779 0
7779 193
7779 5
7779 2190
7780 1072
7780 944
7780 118
7780 12
7781 32
7781 4753
7781 321
7781 2447
7782 3
7782 501
7782 602
7782 2762
7783 176
7783 55
7783 12
7783 861
7784 1
7784 360
7784 1384
7784 2684
7785 34
7785 3575
7785 589
7785 493
7786 100
7786 6
7786 1227
7786 14
7787 5190
7787 6745
7787 669
7787 62
7788 913
7788 369
7788 2505
7788 121
7789 1
7789 2
7789 5191
7789 2988
7790 50
7790 1747
7790 5
7790 712
7791 112
7791 2516
7791 790
7791 4940
7792 0
7792 49
7792 105
7792 380
7793 1601
7793 1494
7793 2839
7793 59
7794 6
7794 23
7794 4842
7794 77
7796 4977
7796 881
7796 5186
7796 14
7797 1552
7797 32
7797 4277
7797 26
7798 33
7798 4
7798 566
7798 94
7799 18
7799 3
7799 5979
7799 15
7800 0
7800 1301
7800 407
7800 8
7801 0
7801 313
7801 795
7801 237
7802 464
7802 2
7802 3
7802 6938
7803 4881
7803 210
7803 2
7803 18
7804 35
7804 6116
7804 3350
7804 6495
7805 3
7805 324
7805 1414
7805 2015
7806 3440
7806 1864
7806 90
7806 4062
7807 5792
7807 1089
7807 23
7807 25
7808 450
7808 372
7808 5066
7808 702
7809 22
7809 5083
7809 12
7809 7405
7810 32
7810 341
7810 105
7810 4542
7811 3
7811 1593
7811 1466
7811 2335
7812 3
7812 1924
7812 4358
7812 1163
7813 2897
7813 2364
7813 284
7813 829
7814 2
7814 580
7814 5
7814 1015
7815 1906
7815 3
7815 538
7815 427
7816 32
7816 195
7816 553
7816 474
7817 2
7817 8
7817 10
7817 5116
7818 5161
7818 2461
7818 5069
7818 5966
7819 257
7819 88
7819 570
7819 12
7820 2240
7820 49
7820 2321
7820 4762
7821 4
7821 3109
7821 1621
7821 493
7822 192
7822 6498
7822 12
7822 207
7823 2162
7823 7170
7823 371
7823 5421
7824 0
7824 1090
7824 2
7824 422
7825 3571
7825 372
7825 11
7825 879
7826 1925
7826 843
7826 3534
7826 5183
7827 194
7827 4
7827 329
7827 687
7828 1314
7828 789
7828 23
7828 2027
7829 4595
7829 5
7829 71
7829 3531
7830 1
7830 5
7830 106
7830 2812
7831 4433
7831 34
7831 1531
7831 975
7832 4
7832 53
7832 6095
7832 175
7833 1060
7833 181
7833 69
7833 15
7834 3
7834 277
7834 1558
7834 6072
7835 53
7835 27
7835 1068
7835 12
7837 2
7837 22
7837 7
7837 991
7838 32
7838 0
7838 4
7838 27
7839 2
7839 472
7839 7704
7839 12
7840 1873
7840 5
7840 102
7840 191
7841 3235
7841 788
7841 553
7841 77
7842 163
7842 2230
7842 6
7842 171
7843 3
7843 5396
7843 4554
7843 7039
7844 1072
7844 913
7844 2
7844 56
7845 2
7845 424
7845 76
7845 941
7846 0
7846 450
7846 3556
7846 761
7847 6067
7847 27
7847 220
7847 12
7848 992
7848 105
7848 4171
7848 15
7849 3059
7849 3
7849 3019
7849 382
7850 273
7850 5
7850 197
7850 447
7851 144
7851 4023
7851 9
7851 123
7852 2
7852 691
7852 1068
7852 1597
7853 422
7853 22
7853 717
7853 2445
7854 0
7854 17
7854 107
7854 4366
7855 1
7855 3895
7855 7434
7855 4335
7856 256
7856 501
7856 87
7856 575
7857 5
7857 857
7857 27
7857 2382
7858 6
7858 460
7858 205
7858 6815
7859 24
7859 1355
7859 91
7859 2109
7860 401
7860 2
7860 37
7860 8
7861 3792
7861 7684
7861 333
7861 15
7862 3
7862 6
7862 122
7862 3563
7863 1126
7863 2445
7863 1150
7863 62
7864 515
7864 2344
7864 4521
7864 157
7865 23
7865 3097
7865 5580
7865 2159
7866 3217
7866 14
7866 975
7866 2751
7867 120
7867 27
7867 6829
7867 4317
7868 515
7868 53
7868 1579
7868 253
7869 34
7869 4
7869 148
7869 134
7870 5
7870 3288
7870 1004
7870 47
7871 3
7871 1011
7871 819
7871 6031
7872 529
7872 2498
7872 10
7872 7084
7873 1728
7873 3
7873 69
7873 254
7874 530
7874 1144
7874 136
7874 1311
7875 0
7875 1
7875 1140
7875 10
7876 1472
7876 293
7876 15
7876 927
7877 4
7877 9
7877 10
7877 334
7878 3
7878 9
7878 7134
7878 14
7879 5490
7879 3012
7879 4647
7879 1752
7880 32
7880 305
7880 211
7880 4023
7881 256
7881 244
7881 1015
7881 59
7882 1905
7882 1434
7882 7514
7882 28
7883 2
7883 166
7883 27
7883 28
7884 1
7884 33
7884 580
7884 6
7885 3
7885 1752
7885 3225
7885 956
7886 32
7886 1190
7886 1370
7886 365
7887 1
7887 2
7887 67
7887 918
7888 2
7888 28
7888 47
7888 15
7889 2
7889 4
7889 22
7889 825
7890 3508
7890 1372
7890 4428
7890 5293
7891 4178
7891 10
7891 237
7891 61
7892 7363
7892 3
7892 4
7892 43
7893 32
7893 17
7893 2762
7893 430
7894 304
7894 3
7894 2693
7894 2855
7895 449
7895 388
7895 41
7895 10
7896 6
7896 279
7896 2778
7896 14
7897 16
7897 18
7897 4505
7897 3293
7898 5154
7898 2
7898 3876
7898 109
7899 0
7899 3265
7899 647
7899 59
7900 2
7900 1141
7900 9
7900 1483
7902 3
7902 5748
7902 900
7902 5126
7903 2437
7903 6
7903 200
7903 271
7904 2322
7904 452
7904 6412
7904 4236
7905 4018
7905 4
7905 2877
7905 191
7906 6964
7906 489
7906 141
7906 238
7907 32
7907 357
7907 73
7907 126
7908 2
7908 4
7908 119
7908 15
7909 580
7909 1062
7909 745
7909 12
7910 2
7910 4
7910 3045
7910 21
7911 35
7911 6
7911 1081
7911 1580
7912 3574
7912 6217
7912 427
7912 5628
7914 193
7914 1634
7914 5
7914 524
7915 64
7915 3
7915 563
7915 1279
7916 2
7916 980
7916 28
7916 1791
7917 2
7917 436
7917 119
7917 238
7918 1337
7918 9
7918 380
7918 4302
7919 3
7919 916
7919 4309
7919 187
7920 2
7920 3
7920 1108
7920 1482
7921 3713
7921 258
7921 28
7921 1791
7922 945
7922 311
7922 4029
7922 237
7923 672
7923 7829
7923 93
7923 6687
7924 2
7924 6
7924 1068
7924 204
7925 1
7925 18
7925 5686
7925 62
7926 320
7926 6530
7926 5
7926 125
7927 1
7927 2178
7927 797
7927 431
7928 797
7928 2909
7928 861
7928 383
7929 2
7929 3
7929 7578
7929 494
7931 2
7931 4
7931 3941
7931 2215
7932 1
7932 98
7932 1939
7932 4
7933 7860
7933 5253
7933 1356
7933 380
7934 1817
7934 43
7934 3070
7934 15
7935 7056
7935 85
7935 22
7935 1287
7936 1
7936 7499
7936 3596
7936 797
7937 1
7937 634
7937 10
7937 1550
7938 33
7938 4
7938 42
7938 3917
7939 1
7939 67
7939 4
7939 204
7940 241
7940 4641
7940 6946
7940 2386
7941 1168
7941 944
7941 27
7941 28
7942 1
7942 34
7942 41
7942 59
7943 441
7943 10
7943 13
7943 15
7944 146
7944 34
7944 37
7944 12
7945 112
7945 1
7945 675
7945 141
7946 1616
7946 436
7946 4341
7946 999
7947 2
7947 85
7947 22
7947 14
7948 193
7948 2
7948 119
7948 204
7950 128
7950 4
7950 84
7950 85
7951 3
7951 1284
7951 85
7951 22
7952 5
7952 22
7952 1819
7952 59
7954 18
7954 2595
7954 22
7954 1614
7955 2
7955 35
7955 427
7955 1837
7956 160
7956 691
7956 3317
7956 1325
7957 1
7957 3
7957 5805
7957 15
7958 100
7958 22
7958 248
7958 2969
7959 6502
7959 2811
7959 3548
7959 142
7960 2
7960 2658
7960 1203
7960 3972
7961 1
7961 50
7961 1124
7961 4970
7962 1045
7962 3993
7962 27
7962 5532
7963 176
7963 788
7963 1269
7963 6278
7964 1281
7964 6545
7964 4135
7964 444
7965 1
7965 2
7965 1815
7965 2508
7966 6000
7966 112
7966 152
7966 475
7967 4434
7967 296
7967 76
7967 205
7968 208
7968 1272
7968 27
7968 92
7969 3
7969 627
7969 5112
7969 667
7970 4
7970 10
7970 715
7970 3566
7971 627
7971 857
7971 5278
7971 46
7972 422
7972 966
7972 4332
7972 14
7973 262
7973 5128
7973 760
7973 574
7974 32
7974 7635
7974 42
7974 2493
7975 208
7975 3299
7975 35
7975 4427
7976 997
7976 41
7976 220
7976 2127
7977 19
7977 230
7977 87
7977 123
7978 4483
7978 1014
7978 9
7978 14
7979 786
7979 37
7979 2105
7979 46
7980 98
7980 22
7980 6998
7980 971
7981 3
7981 691
7981 8
7981 14
7982 32
7982 691
7982 600
7982 553
7983 3
7983 38
7983 534
7983 684
7985 962
7985 1352
7985 761
7985 222
7986 146
7986 185
7986 2251
7986 702
7987 208
7987 441
7987 5501
7987 127
7988 1
7988 802
7988 22
7988 90
7989 194
7989 100
7989 873
7989 270
7990 666
7990 234
7990 28
7990 14
7991 2081
7991 115
7991 1091
7991 5
7992 163
7992 1652
7992 3528
7992 59
7993 258
7993 246
7993 1068
7993 62
7994 0
7994 1
7994 83
7994 14
7995 337
7995 22
7995 2602
7995 14
7996 3
7996 6820
7996 1017
7996 204
7997 1857
7997 7090
7997 5
7997 3582
7998 369
7998 85
7998 3559
7998 206
7999 3
7999 4
7999 3876
7999 165
