10000 35154
200 38
200 57
201 70
201 104
201 25
202 2
202 40
202 138
202 155
202 60
202 95
203 122
203 171
203 46
203 62
203 127
204 64
204 34
204 107
205 89
205 15
206 0
206 59
207 128
207 120
207 25
207 122
207 158
207 79
208 176
208 33
208 100
208 151
208 123
208 47
209 193
209 166
209 59
209 94
209 95
210 99
210 197
210 58
210 11
211 21
211 102
211 58
212 82
212 198
212 57
212 74
212 175
213 18
213 3
214 164
214 79
215 195
215 108
215 29
215 109
216 167
216 57
217 160
217 148
217 44
217 62
217 127
218 145
218 167
218 55
218 139
218 125
218 127
219 34
219 52
219 135
219 73
219 29
219 111
220 198
220 44
220 31
220 15
221 50
221 25
222 80
222 98
222 3
222 44
223 33
223 146
223 21
223 103
223 59
224 0
224 73
224 42
224 90
224 139
226 75
226 60
226 189
227 144
227 1
227 153
228 177
228 23
229 177
229 98
229 198
230 148
230 151
230 78
231 149
231 30
232 50
232 23
232 124
232 61
233 112
233 194
233 99
233 182
233 76
233 61
234 34
234 164
234 5
234 38
235 144
235 130
235 10
235 76
237 84
237 148
237 124
237 94
238 38
238 183
238 107
239 118
239 168
240 178
240 100
240 117
240 73
241 176
241 118
241 120
241 57
241 12
241 158
243 149
243 166
243 182
243 168
245 98
245 70
245 121
246 128
246 55
246 41
246 59
246 61
247 192
247 96
247 2
248 80
248 54
248 134
248 184
248 159
249 48
249 41
249 74
249 12
249 45
250 0
250 65
250 146
251 193
251 82
251 105
252 48
252 69
252 126
253 194
253 91
253 93
254 20
254 152
254 185
254 122
254 125
255 194
255 53
255 165
255 69
256 176
256 196
256 58
256 172
256 142
257 183
257 152
257 43
258 132
258 41
258 125
259 181
259 75
260 97
260 116
260 70
260 10
260 106
260 127
261 32
261 178
261 14
262 131
262 20
262 186
262 61
262 190
263 138
263 58
263 106
263 139
263 61
263 47
264 197
264 15
265 129
265 149
265 152
265 136
265 156
267 84
267 71
267 40
268 98
268 7
268 39
268 88
268 58
268 139
270 50
270 2
270 69
270 70
270 30
271 97
271 194
271 182
271 120
271 25
272 64
272 48
272 145
272 82
272 195
272 26
273 41
273 74
273 123
273 76
273 190
274 68
274 133
274 54
274 121
274 188
275 160
275 165
275 102
275 87
275 14
276 167
276 58
277 84
277 36
277 197
277 151
277 7
277 190
278 113
278 84
278 90
278 91
279 147
279 195
279 99
279 62
280 80
280 98
280 83
280 68
280 169
280 12
281 187
281 76
282 83
282 71
282 103
282 107
282 157
283 114
283 69
283 199
283 136
284 50
284 151
284 120
284 59
284 30
284 95
285 112
285 5
286 64
286 65
286 157
286 175
286 15
287 165
287 186
288 176
288 97
288 1
288 25
288 186
288 140
289 129
289 74
289 142
289 111
290 16
290 147
290 183
290 74
291 13
291 63
292 182
292 107
292 94
293 165
293 24
293 77
293 142
293 111
294 64
294 1
294 131
294 123
294 159
294 127
295 194
295 116
295 55
295 185
295 156
296 45
296 159
297 165
297 150
297 31
298 84
298 149
298 101
298 120
298 121
298 42
299 71
299 8
299 93
299 47
300 21
300 106
300 187
300 188
300 29
301 164
301 36
301 85
301 21
301 111
303 0
303 131
303 92
304 3
304 180
304 7
304 104
304 77
305 32
305 132
305 198
305 24
305 108
305 62
306 89
306 153
306 143
308 185
308 123
308 173
308 94
309 33
309 69
309 153
309 43
309 13
309 110
310 113
310 26
311 192
311 64
311 164
311 187
311 76
311 191
312 163
312 58
312 187
312 141
313 1
313 131
313 180
313 86
313 23
313 127
314 162
314 164
314 71
315 83
315 101
315 60
315 111
316 193
316 1
316 121
316 42
317 16
317 20
317 141
317 15
318 130
318 38
318 42
318 170
318 107
318 156
319 192
319 6
319 55
320 80
320 177
320 115
320 102
320 175
321 1
321 190
322 68
322 171
322 174
322 31
323 195
323 9
323 76
323 156
323 125
324 1
324 148
324 25
324 122
324 28
325 129
325 151
325 58
325 138
325 158
326 40
326 185
326 44
327 98
327 67
327 8
327 60
328 52
328 14
329 184
329 125
330 4
330 39
330 120
330 142
330 62
331 86
331 140
332 112
332 184
332 58
332 139
333 3
333 54
333 8
333 28
333 62
334 84
334 61
335 181
335 74
335 77
336 48
336 17
336 2
336 70
336 105
336 106
337 177
337 83
337 22
337 87
337 110
338 100
338 102
338 11
339 46
339 79
340 67
340 116
340 150
340 74
341 176
341 68
341 69
341 57
341 26
341 191
342 129
342 54
342 154
343 69
343 37
343 169
343 171
343 109
344 17
344 2
344 69
344 60
344 110
344 143
345 64
345 194
345 5
345 88
345 185
346 83
346 148
346 88
346 140
346 76
347 112
347 131
347 87
347 106
347 60
348 173
348 189
348 95
348 191
349 37
349 119
349 13
349 62
350 178
350 147
350 106
351 70
351 41
351 76
351 158
351 143
352 104
352 88
352 11
353 194
353 134
353 198
353 8
353 45
353 174
355 18
355 147
355 20
355 180
355 57
356 132
356 55
356 40
356 92
356 158
356 79
357 146
357 165
357 27
357 189
357 13
357 95
359 135
359 74
360 179
360 10
360 30
360 175
361 161
361 54
361 137
362 96
362 67
362 184
363 192
363 51
364 66
364 51
364 26
364 28
366 16
366 184
367 42
367 45
367 157
367 14
367 95
368 0
368 32
368 145
368 178
368 102
370 147
370 19
370 180
370 182
370 8
370 154
371 112
371 152
371 169
371 92
371 13
371 127
372 178
372 116
372 102
372 156
372 109
373 130
373 197
373 135
374 18
374 163
374 116
374 86
374 166
374 151
375 55
375 88
375 61
375 94
375 175
376 1
376 102
376 118
376 89
376 74
376 12
377 113
377 177
377 115
377 57
377 62
378 134
378 151
378 121
379 80
379 65
379 115
379 118
380 122
380 124
381 148
381 181
381 166
382 173
382 111
383 179
383 118
383 74
384 53
384 119
385 118
385 42
385 10
385 29
385 158
385 111
386 49
386 194
386 38
386 154
386 95
387 55
387 57
388 71
388 107
388 188
388 109
389 147
389 184
389 73
389 173
389 126
390 64
390 80
390 131
390 7
390 56
390 174
391 178
391 181
391 154
391 143
392 6
392 90
392 122
392 140
392 189
395 112
395 34
396 35
396 7
396 171
396 126
397 48
397 65
398 68
398 198
398 57
398 25
398 59
398 45
399 82
399 196
399 150
399 136
400 357
400 310
400 28
400 348
401 36
401 390
401 270
401 302
402 288
402 320
402 155
403 277
403 299
404 258
404 298
405 96
405 373
405 184
405 124
405 108
405 141
406 148
406 88
407 258
407 262
407 250
407 331
407 173
407 255
408 258
408 356
408 85
409 137
409 26
409 398
409 270
410 232
410 297
410 186
410 348
411 369
411 388
411 281
411 319
412 208
412 336
412 148
412 71
412 76
413 3
413 54
413 399
413 255
414 369
414 59
414 125
415 385
415 307
415 278
415 9
416 166
416 186
416 267
416 172
416 92
416 173
417 66
417 213
417 57
417 367
418 144
418 338
418 117
418 102
418 350
419 386
419 341
419 117
419 360
419 234
419 155
420 322
420 389
420 213
420 37
420 199
420 170
421 296
421 376
421 360
422 320
422 183
422 152
422 9
423 17
423 82
423 165
423 265
423 30
423 62
424 177
424 258
424 263
424 295
424 28
424 205
425 85
425 70
425 54
425 23
427 161
427 37
427 219
428 357
428 78
429 306
429 6
429 296
430 180
430 389
430 8
430 153
431 225
431 126
432 185
432 207
433 258
433 309
433 216
433 140
434 348
434 142
435 352
435 219
435 350
437 291
437 6
437 119
437 296
438 321
438 260
438 133
438 341
438 87
438 143
439 67
439 372
439 375
439 348
440 6
440 25
440 57
440 12
441 122
441 381
442 213
442 301
442 14
443 294
443 295
443 347
444 274
444 280
444 381
445 125
445 334
446 377
446 313
446 396
447 293
447 151
447 378
447 252
447 237
448 98
448 392
448 205
448 238
450 230
450 329
450 237
451 64
451 49
451 81
451 40
451 90
451 220
452 101
452 73
452 107
452 300
452 318
453 337
453 78
454 98
454 52
454 53
454 39
454 142
454 367
455 321
455 50
455 218
455 109
455 269
455 15
456 64
456 266
456 76
456 237
456 351
457 160
457 145
457 88
457 156
458 308
458 342
458 281
458 331
458 366
459 228
459 185
459 141
463 195
463 244
463 69
463 334
464 0
464 32
464 93
465 320
465 114
465 12
465 157
465 110
466 276
466 117
466 282
466 270
466 79
467 6
467 200
467 330
467 60
467 188
468 33
468 247
468 281
468 141
468 159
470 163
470 87
470 344
470 93
471 321
471 147
471 23
471 344
471 393
471 157
472 288
472 130
472 21
472 86
472 361
473 273
473 115
473 341
473 199
474 211
474 138
474 270
474 239
475 187
475 348
477 26
477 171
477 155
477 381
478 64
478 224
478 214
478 170
479 83
479 246
479 359
479 297
480 338
480 298
480 220
481 342
481 171
482 96
482 256
482 86
482 360
483 341
483 171
484 323
484 264
484 299
485 54
485 326
485 136
485 366
485 159
486 386
486 59
486 15
487 258
487 74
487 29
488 132
488 372
488 246
488 279
488 172
488 380
489 8
489 90
489 398
490 17
490 370
490 203
491 17
491 187
492 65
492 273
492 230
492 344
492 234
493 290
493 132
493 357
493 233
493 76
494 161
494 385
494 197
494 326
494 329
495 290
495 275
495 55
495 41
495 91
495 13
496 145
496 162
496 150
497 112
497 293
497 231
497 264
497 90
497 219
499 227
499 53
499 253
500 260
500 372
500 357
500 72
500 30
502 38
502 205
503 310
503 199
503 250
503 124
504 304
504 306
504 276
504 73
504 10
504 60
505 337
505 199
505 40
505 238
506 86
506 247
506 73
506 282
507 320
507 35
507 331
507 268
508 322
508 243
508 312
508 345
508 43
508 220
509 260
509 277
509 89
510 86
510 312
510 363
511 16
511 242
511 47
514 80
514 34
514 83
514 244
514 4
514 395
515 387
515 399
516 135
516 206
517 114
517 180
517 88
517 91
517 382
517 126
518 326
518 105
520 17
520 153
520 169
520 377
520 218
521 49
521 34
521 229
521 70
521 394
523 83
523 339
523 206
523 238
524 23
524 362
524 11
525 153
525 219
525 188
525 270
526 389
526 214
526 58
527 215
527 138
527 14
527 47
528 228
528 293
528 10
528 43
528 318
529 33
529 198
529 151
529 123
531 113
531 99
531 309
531 327
531 31
532 259
532 53
532 87
532 223
533 73
533 89
533 12
534 64
534 114
534 294
534 345
534 361
535 263
535 265
535 138
536 80
536 112
536 71
536 91
536 175
537 146
537 95
538 321
538 42
538 123
538 189
539 202
539 45
540 200
540 248
541 276
541 9
541 11
541 219
541 174
541 191
542 258
542 328
542 24
542 106
542 124
542 317
544 240
544 259
544 327
544 343
545 372
545 20
547 83
547 392
547 202
547 30
547 366
547 239
550 240
550 148
550 358
550 219
550 187
551 227
551 325
551 280
551 9
551 253
552 19
552 327
552 92
552 61
552 382
554 292
554 325
554 399
554 127
556 389
556 37
556 218
556 206
557 17
557 148
557 91
558 42
558 348
558 316
559 257
559 325
559 71
559 25
559 250
560 291
560 298
560 109
560 110
560 78
561 65
561 195
561 36
561 391
561 394
561 155
562 98
562 332
563 101
563 38
563 279
563 204
563 93
564 260
564 102
564 57
564 366
564 287
565 262
565 141
566 339
566 5
566 374
566 218
567 162
567 386
567 28
567 382
567 191
568 98
568 5
568 251
569 19
569 229
569 377
569 378
570 96
570 192
570 49
570 355
570 155
571 70
571 76
572 192
572 9
573 20
573 87
573 247
573 104
574 160
574 325
574 85
575 73
575 78
575 191
576 101
576 280
576 61
577 304
577 3
577 40
577 124
577 222
578 230
578 375
578 168
578 266
579 112
579 297
579 255
580 387
580 297
580 319
581 26
581 255
582 99
582 298
583 277
583 136
583 187
583 253
584 313
584 171
584 155
584 93
584 383
585 196
585 245
585 165
585 213
585 26
585 109
586 338
586 295
586 10
586 398
586 14
586 15
588 32
588 133
588 363
589 35
589 260
589 100
589 142
590 264
590 319
591 214
591 376
591 329
591 313
592 80
592 83
592 371
592 184
592 156
592 60
593 354
593 71
593 376
593 92
593 253
593 191
594 48
594 233
594 301
594 287
595 371
595 164
595 120
595 251
596 231
596 283
596 364
596 284
597 288
597 321
597 147
597 280
597 303
598 35
598 132
598 356
598 326
598 136
599 115
599 311
599 126
599 158
600 402
600 492
600 380
600 109
601 376
601 154
602 22
602 46
603 563
603 150
603 10
603 106
604 113
604 337
604 456
604 475
605 225
605 24
605 329
605 10
605 234
605 508
606 452
606 70
606 266
607 288
607 119
608 343
608 424
608 185
608 378
608 221
608 29
609 544
609 323
609 536
609 424
609 234
609 47
611 358
611 538
612 514
612 259
612 326
612 298
612 347
612 140
613 530
613 244
613 555
614 82
614 373
614 166
614 168
614 154
614 44
615 433
615 82
615 154
615 490
615 172
616 519
616 137
617 448
617 165
618 352
618 192
618 213
618 479
619 595
619 516
619 36
619 6
619 11
619 303
620 465
620 438
620 431
620 95
621 336
621 80
621 210
621 261
621 232
621 382
622 160
622 71
622 423
623 464
623 257
623 423
623 552
623 105
623 330
624 247
624 575
625 377
625 363
625 555
625 109
625 159
626 386
626 326
626 379
626 157
626 381
626 382
627 193
627 1
627 35
627 423
627 9
627 46
628 539
628 91
628 364
629 595
629 19
629 486
629 25
629 222
630 512
630 67
630 356
630 395
631 544
631 538
631 42
631 12
632 561
632 388
632 468
632 70
632 6
632 559
633 342
633 583
633 408
633 152
633 40
633 413
634 146
634 8
635 560
635 480
635 98
635 399
636 354
636 547
636 580
636 436
636 326
636 44
637 450
637 469
638 341
638 505
638 187
638 284
638 381
639 33
639 474
639 426
639 554
639 283
640 176
640 233
640 141
641 529
641 309
641 406
641 431
643 369
643 157
643 543
644 51
644 207
645 452
645 471
646 171
646 363
647 544
647 54
648 144
648 460
649 517
649 312
649 408
650 49
650 180
650 183
650 137
650 380
650 319
652 549
652 247
652 599
653 82
653 259
653 228
653 294
653 447
654 384
654 145
654 220
655 352
655 516
656 343
656 120
656 218
656 252
657 224
657 169
657 298
657 554
658 289
658 67
658 39
658 154
658 458
659 118
659 441
659 189
660 227
660 357
660 199
661 197
661 166
661 543
662 85
662 569
662 9
662 201
662 91
662 286
663 369
663 553
664 16
664 199
664 318
665 225
665 504
665 26
666 114
666 518
666 455
666 111
667 116
667 204
667 351
668 370
668 86
669 432
669 185
671 388
671 56
671 202
672 373
672 54
672 230
672 313
672 330
672 44
673 81
673 522
674 460
674 398
675 49
675 360
675 94
675 431
676 515
676 409
676 396
677 208
677 217
677 74
678 308
678 598
678 153
678 158
679 322
679 202
680 153
680 233
680 555
681 3
681 132
681 41
681 554
682 54
682 538
684 369
684 218
684 271
685 146
685 470
685 253
686 483
686 19
687 1
687 250
687 590
688 145
688 339
688 281
689 291
689 388
689 379
690 242
690 499
690 596
690 294
690 330
690 333
691 515
691 212
691 315
693 579
693 104
693 152
694 545
694 391
694 394
694 509
694 207
695 193
695 433
696 56
696 168
696 72
696 267
696 28
697 336
697 32
697 290
697 531
697 330
697 381
698 530
698 450
698 183
698 591
699 71
699 199
699 585
699 171
700 497
700 33
700 499
700 518
700 570
700 429
702 116
702 438
702 391
702 442
702 587
702 157
703 192
703 483
703 596
703 549
703 204
706 243
706 148
706 343
706 301
706 62
706 543
708 354
708 469
708 62
708 143
709 434
709 498
709 276
709 374
709 332
709 573
710 1
710 247
710 120
711 97
711 546
711 420
712 128
712 34
712 531
712 405
713 113
713 451
713 571
714 417
714 323
715 16
715 32
715 261
715 472
716 448
716 309
716 70
716 502
716 366
717 385
717 598
717 488
717 541
718 432
718 278
718 557
718 77
719 499
719 526
720 324
720 405
720 262
720 378
720 12
720 335
721 67
721 6
721 328
721 280
721 88
721 318
722 547
722 588
722 461
722 301
723 244
723 149
723 24
723 282
724 1
724 471
724 233
724 60
724 510
725 576
725 22
725 93
726 321
726 280
726 175
727 321
727 178
727 68
727 389
727 334
728 324
728 185
728 463
729 455
729 56
729 153
729 379
729 43
730 289
730 595
730 218
731 198
731 375
731 488
731 138
731 203
731 543
732 101
732 328
732 427
732 511
733 240
733 563
733 299
733 156
733 45
733 526
734 496
734 371
734 244
734 359
734 91
735 374
735 492
735 31
735 303
736 19
736 37
736 454
736 472
736 491
737 166
737 119
737 505
737 444
738 384
738 553
738 413
738 223
739 480
739 503
740 358
740 123
740 236
740 140
740 447
741 599
741 474
741 428
741 479
742 497
742 39
742 361
742 445
743 404
743 349
743 590
744 593
744 375
745 180
745 167
745 426
745 106
745 47
747 597
747 54
747 294
747 103
747 445
748 16
748 128
748 352
748 587
749 220
749 334
749 239
749 591
751 504
751 392
751 73
752 484
752 454
752 493
754 53
754 310
754 407
754 202
754 394
755 326
755 8
757 544
757 530
757 3
757 532
757 103
757 222
758 290
758 301
758 431
759 472
759 520
759 122
759 573
759 479
760 321
760 209
760 501
760 252
760 220
761 151
761 47
762 594
762 579
762 101
762 406
762 262
762 154
763 376
763 477
764 504
764 365
765 148
765 149
765 165
765 118
766 485
766 71
766 426
766 45
766 63
768 160
768 465
768 56
768 505
769 482
769 518
769 263
769 169
769 379
769 13
770 425
770 143
771 436
771 22
771 461
771 159
772 241
772 20
772 43
773 336
773 566
773 599
773 429
774 448
774 483
774 279
774 59
774 107
774 61
775 22
775 59
776 352
776 517
776 581
776 313
776 542
776 350
777 484
777 327
777 334
777 350
777 351
778 38
778 326
778 151
778 312
778 395
778 555
779 87
779 569
779 251
779 108
780 531
780 245
780 198
780 470
780 11
780 142
783 197
783 326
783 173
784 450
784 147
784 333
784 397
784 142
785 163
785 243
785 167
785 441
785 523
786 144
786 595
786 125
786 558
786 431
787 418
787 274
787 132
787 298
787 189
787 93
788 481
788 209
788 579
788 69
788 121
789 384
789 356
789 149
789 326
789 574
790 343
790 351
790 463
791 500
791 468
791 343
791 361
791 317
791 95
794 144
794 384
794 208
794 386
795 194
795 359
795 233
795 46
795 511
796 466
796 345
797 452
797 138
797 175
799 377
799 362
799 59
799 283
799 92
799 158
800 759
800 713
800 780
800 141
801 689
801 450
801 724
801 555
801 780
802 592
802 484
802 298
803 641
803 737
803 675
803 314
803 682
804 674
804 98
804 442
805 784
805 1
805 551
805 698
805 538
805 620
806 327
806 77
807 391
807 409
808 226
808 35
808 358
808 278
808 540
808 303
809 613
809 205
810 595
810 297
810 26
810 317
812 452
812 377
813 500
813 596
813 789
813 454
813 428
813 430
814 176
814 32
814 453
814 361
814 409
814 46
815 577
815 21
815 85
815 122
815 394
815 44
816 224
816 132
816 517
816 310
816 111
817 18
817 674
817 361
817 251
817 45
817 350
818 119
818 680
818 569
818 201
818 334
818 303
819 403
819 307
819 565
819 570
820 512
820 745
820 717
820 495
821 384
821 394
822 640
822 305
822 332
823 513
823 200
823 315
824 487
824 697
824 410
824 778
824 478
825 417
825 386
825 389
825 343
825 799
826 641
826 290
826 38
827 530
827 295
827 398
827 783
828 336
828 400
828 129
828 334
829 293
829 6
829 798
829 223
830 528
830 67
830 276
830 538
831 196
831 423
832 275
832 343
832 311
832 202
832 380
832 621
833 292
833 744
833 185
833 233
833 75
833 347
834 560
834 185
834 778
835 726
835 620
836 352
836 551
837 183
837 474
838 644
838 200
838 41
838 555
838 395
838 703
839 660
839 389
839 662
839 760
839 779
839 269
840 144
840 69
840 41
840 588
840 269
842 49
842 262
843 784
843 54
843 584
844 561
844 516
844 71
844 264
844 122
845 0
845 48
845 570
847 768
847 651
848 288
848 505
848 604
849 341
849 134
850 262
850 335
852 227
852 5
852 472
852 600
852 251
852 316
853 416
853 259
853 744
853 280
853 217
853 187
854 609
854 126
855 224
855 466
855 757
855 549
855 249
855 460
856 518
856 187
857 130
857 344
857 361
857 764
857 287
858 592
858 336
858 755
858 630
858 104
858 617
859 704
859 631
860 755
860 791
860 632
860 520
860 572
861 642
861 130
861 99
861 516
861 326
861 381
862 225
862 34
862 141
862 93
863 169
863 794
863 524
864 673
864 65
864 743
864 599
864 616
865 770
865 275
865 282
865 698
866 401
866 643
866 595
866 198
866 393
866 125
867 608
867 130
867 100
867 725
867 637
867 365
868 16
868 228
868 191
869 490
869 442
870 208
870 277
870 603
870 541
870 349
871 528
871 274
871 424
871 648
871 793
871 668
872 387
872 358
872 409
872 794
872 459
872 331
874 355
874 470
875 500
875 117
875 360
876 339
876 775
876 159
877 741
877 503
878 740
878 167
879 176
879 547
880 612
880 631
880 199
880 344
880 76
880 783
881 689
881 265
881 201
883 769
883 295
883 760
884 496
884 469
884 174
885 720
885 291
885 276
885 141
885 269
885 783
888 240
888 309
888 73
888 682
888 732
889 416
889 770
889 355
889 10
889 718
889 591
892 642
892 27
892 620
893 738
893 463
894 721
894 746
894 92
895 326
895 409
895 218
896 57
896 620
899 371
899 53
899 319
900 464
900 659
900 565
900 295
900 250
901 304
901 530
903 644
903 13
904 241
904 486
904 182
904 199
904 285
904 29
906 728
906 509
906 413
906 174
907 242
907 514
907 771
907 148
907 730
907 61
909 356
909 630
909 154
909 286
910 551
910 237
911 596
911 581
911 341
911 583
911 412
911 621
912 679
912 89
912 698
912 286
913 179
913 423
913 727
913 441
913 91
913 475
914 5
914 631
914 472
914 617
914 186
914 190
915 260
915 485
915 183
915 266
915 794
915 350
916 624
916 256
916 261
916 647
916 510
917 196
917 218
917 42
917 459
918 192
918 144
918 100
918 612
918 533
918 111
920 129
920 353
920 642
920 442
920 236
920 141
921 417
921 642
922 33
922 146
922 44
922 639
923 89
923 602
923 46
923 766
923 655
924 439
924 423
924 539
925 720
925 167
925 735
926 21
926 615
926 602
927 9
927 794
928 625
928 516
928 421
930 330
930 415
931 514
931 390
931 509
932 657
932 88
933 534
933 104
933 88
933 223
934 545
934 290
934 412
935 736
935 313
936 681
936 783
937 198
937 214
937 39
937 667
937 782
937 703
939 241
939 164
939 693
939 137
939 155
939 76
940 629
940 124
941 324
941 634
942 277
942 585
942 555
943 129
943 555
944 65
944 212
944 614
944 487
944 170
945 273
945 564
945 650
945 591
945 799
946 521
946 462
947 583
947 462
948 128
948 405
948 378
948 778
948 443
949 112
949 16
949 15
950 741
950 472
950 729
951 689
951 385
951 660
951 185
951 9
951 345
953 209
953 104
953 107
953 606
954 275
954 692
954 591
954 383
954 607
955 129
955 498
955 628
955 570
955 202
955 171
956 531
956 42
956 557
957 688
957 561
957 644
957 328
957 281
957 300
958 32
958 710
958 571
959 532
959 502
961 107
961 30
962 577
962 387
962 415
963 19
963 133
963 698
963 603
963 750
964 148
964 501
965 247
965 554
965 556
965 270
966 88
966 10
966 268
966 654
967 593
967 55
967 552
967 105
967 634
967 332
968 547
968 749
969 720
969 657
969 658
969 328
969 794
969 379
971 385
971 659
972 0
972 787
972 83
972 40
972 120
972 747
973 496
973 423
973 185
973 554
974 723
974 339
974 282
975 496
975 774
975 374
975 743
975 376
975 79
976 538
976 558
977 737
977 369
977 436
977 333
977 509
978 182
978 262
978 39
978 568
978 44
979 656
979 80
979 641
979 338
979 308
979 444
980 128
980 2
980 156
981 404
981 310
981 599
981 43
981 334
982 464
982 673
982 494
983 49
983 211
983 326
983 207
984 400
984 769
984 675
984 298
984 763
984 783
985 52
985 101
985 347
985 396
985 268
985 508
986 260
986 517
986 134
986 219
986 92
986 31
987 421
987 21
987 662
987 330
987 284
987 637
988 227
988 36
988 294
988 71
988 60
988 782
989 96
989 561
989 180
990 658
990 6
990 234
990 413
991 353
991 674
991 195
991 648
991 126
992 149
992 38
992 601
992 491
992 108
993 261
993 40
993 280
993 220
993 749
994 640
994 452
994 792
994 490
995 482
995 595
995 247
995 567
995 223
996 485
996 72
996 762
996 478
996 302
997 402
997 307
997 441
998 712
998 776
998 476
999 498
999 141
1000 672
1000 963
1000 697
1000 814
1000 223
1001 497
1001 854
1001 316
1002 264
1002 619
1002 925
1003 901
1003 218
1004 680
1004 440
1004 568
1004 762
1004 110
1004 943
1005 785
1005 537
1006 97
1006 643
1006 83
1006 295
1006 652
1008 547
1008 230
1008 166
1009 83
1009 93
1010 738
1010 925
1011 771
1011 487
1011 508
1012 402
1012 660
1013 548
1013 597
1013 518
1013 711
1013 983
1014 834
1014 982
1014 877
1014 494
1014 94
1016 13
1016 463
1017 803
1017 93
1018 673
1018 468
1018 532
1018 390
1018 777
1018 491
1019 148
1019 239
1020 277
1020 766
1021 963
1021 807
1021 894
1022 785
1022 481
1022 280
1022 301
1023 384
1023 777
1023 955
1023 716
1024 496
1024 437
1024 233
1024 698
1024 155
1024 540
1026 592
1026 498
1026 223
1027 24
1027 681
1028 9
1028 778
1028 925
1028 862
1029 230
1029 825
1030 784
1030 483
1030 581
1030 905
1030 538
1030 95
1031 390
1031 461
1032 240
1032 785
1032 596
1032 231
1033 626
1033 981
1033 169
1033 186
1033 189
1034 307
1034 791
1034 249
1034 156
1034 206
1035 996
1035 789
1035 172
1035 812
1035 205
1036 964
1036 988
1037 688
1037 368
1037 98
1037 363
1038 224
1038 728
1039 544
1039 802
1039 964
1039 919
1039 123
1039 575
1040 535
1040 952
1040 618
1041 727
1041 40
1042 434
1042 460
1043 256
1043 773
1043 679
1043 136
1043 504
1043 251
1044 257
1044 163
1044 436
1044 361
1044 364
1045 275
1045 296
1045 779
1045 876
1045 13
1046 20
1046 58
1046 989
1047 449
1047 834
1047 883
1048 602
1048 270
1049 290
1049 364
1052 706
1052 692
1052 628
1052 426
1052 942
1053 262
1053 303
1054 762
1054 362
1054 942
1055 260
1055 85
1055 840
1055 955
1055 924
1056 434
1056 755
1056 708
1057 577
1057 406
1057 41
1057 842
1057 189
1058 499
1058 565
1058 189
1059 328
1059 889
1059 251
1059 939
1059 669
1060 148
1060 774
1060 188
1061 209
1061 323
1061 421
1061 232
1061 365
1061 79
1062 899
1062 984
1063 130
1063 979
1063 180
1063 981
1063 358
1063 10
1064 309
1064 406
1064 761
1064 506
1064 477
1065 360
1065 762
1067 231
1067 952
1069 87
1069 936
1069 330
1070 33
1070 364
1072 864
1072 320
1072 281
1072 910
1073 308
1073 582
1073 748
1073 540
1073 430
1073 431
1074 67
1074 979
1074 179
1074 981
1074 565
1074 622
1075 984
1075 379
1076 352
1076 903
1076 535
1076 968
1076 972
1078 833
1078 323
1078 456
1078 969
1078 15
1079 920
1079 170
1080 373
1080 245
1080 713
1080 222
1081 112
1081 100
1081 681
1081 782
1081 783
1083 128
1083 322
1083 775
1083 523
1083 524
1083 334
1084 869
1084 103
1084 9
1084 237
1085 229
1085 838
1085 795
1085 604
1086 768
1086 117
1086 566
1086 252
1086 925
1086 573
1087 976
1087 315
1087 220
1087 575
1088 673
1088 370
1088 643
1088 231
1088 668
1088 286
1089 502
1089 396
1090 144
1090 390
1090 903
1090 695
1090 633
1091 339
1091 357
1091 440
1091 632
1091 378
1091 445
1093 500
1093 730
1094 961
1094 482
1094 266
1094 556
1094 94
1095 726
1095 664
1096 273
1096 290
1096 901
1096 712
1096 781
1097 146
1097 52
1097 983
1097 348
1097 142
1097 159
1098 592
1098 788
1098 39
1098 874
1098 461
1098 991
1099 70
1099 473
1099 233
1099 877
1099 990
1099 430
1100 644
1100 180
1100 77
1100 543
1101 672
1101 610
1101 293
1101 588
1101 765
1101 158
1103 576
1103 215
1103 904
1103 617
1103 425
1103 95
1104 482
1104 260
1104 440
1104 553
1104 301
1104 223
1105 113
1105 230
1105 855
1105 56
1105 424
1106 978
1106 151
1106 666
1107 757
1107 536
1107 584
1107 394
1107 652
1108 768
1108 330
1108 251
1108 735
1108 623
1110 32
1110 99
1110 680
1110 203
1111 100
1111 583
1112 304
1112 848
1112 183
1112 839
1112 969
1112 110
1113 736
1113 311
1114 945
1114 786
1114 37
1114 761
1114 314
1114 478
1115 868
1115 827
1115 92
1115 589
1115 799
1115 415
1116 288
1116 321
1116 265
1116 634
1117 311
1117 568
1118 358
1118 493
1119 272
1119 99
1119 868
1119 188
1120 261
1120 582
1121 208
1121 737
1122 689
1122 466
1122 307
1122 883
1122 437
1122 766
1123 113
1123 679
1123 524
1123 508
1123 876
1124 725
1124 646
1124 41
1124 365
1125 64
1125 679
1125 874
1125 220
1125 92
1125 573
1126 754
1126 596
1126 808
1126 253
1126 735
1127 475
1127 542
1128 896
1128 225
1128 338
1128 198
1128 414
1128 655
1129 448
1129 161
1129 58
1129 334
1130 41
1130 910
1131 387
1131 20
1131 843
1131 187
1131 318
1132 781
1132 478
1133 865
1133 425
1133 511
1134 131
1134 759
1134 41
1134 860
1134 717
1134 366
1135 849
1135 659
1135 485
1135 217
1136 53
1136 903
1136 236
1136 780
1136 508
1136 831
1137 930
1137 430
1138 336
1138 552
1138 572
1139 553
1139 479
1140 322
1140 915
1140 326
1140 72
1140 635
1140 140
1141 115
1141 39
1141 903
1141 360
1141 508
1142 754
1142 147
1142 612
1142 124
1142 894
1142 430
1143 304
1143 979
1143 581
1143 200
1144 926
1144 799
1145 210
1145 127
1146 232
1146 940
1146 861
1146 254
1147 416
1147 583
1147 264
1147 59
1148 83
1148 692
1148 172
1148 909
1148 78
1149 864
1149 788
1149 583
1150 992
1150 658
1150 996
1150 378
1150 988
1150 863
1151 65
1151 369
1151 287
1152 17
1152 101
1153 400
1153 850
1153 130
1153 659
1153 30
1154 179
1154 771
1154 110
1155 376
1155 520
1156 497
1156 470
1156 826
1156 299
1156 749
1157 880
1157 882
1157 675
1157 825
1157 442
1157 477
1158 258
1158 140
1159 886
1159 651
1159 28
1159 876
1160 144
1160 388
1160 558
1161 233
1161 895
1162 608
1162 545
1163 577
1163 37
1163 555
1164 992
1164 128
1164 210
1164 819
1164 341
1165 257
1165 177
1165 644
1165 408
1165 491
1166 70
1166 750
1168 643
1168 902
1168 439
1168 703
1169 758
1169 391
1169 793
1169 921
1170 933
1170 55
1170 428
1170 479
1171 466
1171 420
1171 585
1171 331
1171 764
1171 254
1172 770
1172 674
1172 247
1172 793
1172 765
1172 286
1173 610
1173 12
1174 66
1174 613
1174 265
1174 267
1174 349
1175 801
1175 706
1175 119
1175 989
1175 974
1176 643
1176 73
1176 153
1177 947
1177 890
1178 705
1178 674
1178 773
1178 821
1178 263
1178 236
1179 720
1179 64
1179 433
1179 401
1180 594
1180 314
1181 176
1181 467
1181 261
1181 89
1181 10
1182 275
1182 729
1182 474
1182 973
1182 941
1182 223
1183 226
1183 424
1183 283
1183 331
1184 914
1184 135
1184 328
1184 744
1184 10
1184 764
1185 275
1185 183
1186 864
1186 363
1186 846
1187 800
1187 757
1187 679
1187 313
1187 429
1187 927
1188 161
1188 263
1188 655
1189 406
1189 922
1189 285
1189 175
1190 320
1190 691
1190 436
1190 649
1190 940
1190 605
1191 168
1191 105
1191 619
1192 405
1192 343
1192 632
1192 29
1192 206
1193 515
1193 746
1193 842
1193 251
1193 174
1193 655
1194 665
1194 974
1195 400
1195 193
1195 877
1195 606
1196 358
1196 120
1196 777
1196 874
1196 206
1196 478
1197 960
1197 224
1197 664
1197 73
1197 971
1198 35
1198 899
1198 774
1198 120
1198 457
1198 363
1199 244
1199 692
1199 219
1199 379
1199 716
1199 620
1200 304
1200 802
1201 48
1201 918
1202 963
1202 72
1203 1131
1203 380
1205 294
1205 58
1206 848
1206 327
1207 517
1207 349
1208 480
1208 704
1208 117
1208 599
1208 815
1210 288
1210 298
1211 997
1211 278
1211 646
1211 441
1212 1137
1212 805
1212 988
1212 413
1213 130
1213 196
1213 600
1213 106
1213 830
1214 325
1214 390
1214 382
1215 609
1215 277
1215 215
1215 925
1215 446
1215 719
1216 307
1216 772
1216 1128
1216 713
1216 970
1216 205
1217 194
1217 84
1217 1093
1217 7
1217 89
1217 347
1218 180
1218 526
1218 1118
1219 755
1219 727
1220 865
1220 914
1221 421
1221 1094
1221 331
1221 444
1222 1058
1222 35
1222 228
1222 154
1222 253
1223 288
1223 353
1223 323
1223 165
1223 565
1223 766
1224 599
1224 216
1224 841
1225 39
1225 825
1225 393
1225 620
1226 192
1226 547
1226 85
1226 886
1227 964
1227 1161
1227 713
1227 478
1228 336
1228 500
1228 154
1228 459
1228 605
1229 773
1229 714
1229 12
1229 271
1230 48
1230 33
1230 1
1230 514
1230 521
1230 668
1231 6
1231 583
1231 698
1231 1199
1232 0
1232 564
1232 167
1232 1034
1232 1146
1233 115
1233 1147
1233 1103
1233 863
1234 1154
1234 729
1234 297
1234 365
1235 1040
1235 82
1235 648
1235 1181
1235 30
1235 463
1236 537
1236 538
1236 1146
1237 99
1237 115
1237 245
1237 648
1237 494
1238 64
1238 881
1238 789
1238 295
1238 728
1238 986
1239 257
1239 658
1239 501
1239 666
1239 555
1239 541
1240 116
1240 757
1240 758
1240 959
1240 463
1241 32
1241 932
1241 22
1241 889
1241 1146
1242 739
1242 724
1242 886
1242 732
1242 76
1242 1052
1243 321
1243 567
1243 314
1243 623
1244 180
1244 831
1245 244
1245 1160
1245 378
1245 203
1245 1195
1245 1135
1246 1015
1246 839
1247 1153
1247 484
1247 213
1247 709
1247 71
1247 543
1248 737
1248 619
1248 1167
1248 639
1249 608
1249 1009
1249 357
1249 791
1249 1117
1249 61
1250 64
1250 453
1251 1057
1251 118
1251 1114
1252 36
1252 966
1252 392
1252 587
1252 28
1252 223
1253 498
1253 647
1253 728
1253 1082
1253 491
1253 575
1254 355
1254 819
1254 899
1254 906
1254 540
1255 192
1255 306
1255 162
1255 851
1255 183
1256 80
1256 995
1256 1144
1256 301
1257 368
1257 290
1257 844
1258 224
1258 759
1258 183
1259 194
1259 435
1259 1188
1259 103
1259 633
1260 448
1260 997
1260 517
1260 744
1260 1117
1260 1087
1261 561
1261 1107
1261 292
1261 408
1261 955
1261 862
1262 119
1262 10
1262 799
1263 176
1263 1106
1263 725
1263 230
1263 250
1263 572
1264 800
1264 467
1264 1081
1264 699
1264 540
1265 370
1265 883
1265 1084
1267 339
1267 214
1267 1158
1267 732
1268 866
1268 180
1268 551
1268 829
1268 910
1269 1187
1269 681
1269 459
1270 257
1270 924
1270 77
1271 402
1271 294
1272 33
1272 1090
1272 120
1272 1176
1272 1163
1272 14
1273 1075
1273 326
1273 888
1273 685
1273 287
1273 255
1274 528
1274 1034
1274 1083
1274 750
1275 1089
1275 886
1275 1113
1275 955
1275 477
1275 1039
1277 562
1277 602
1277 763
1278 208
1278 696
1278 315
1278 1054
1279 773
1279 1031
1280 304
1280 104
1281 1095
1281 458
1282 962
1282 469
1282 1051
1283 1025
1283 2
1283 405
1283 214
1283 908
1283 205
1284 364
1284 14
1285 672
1285 920
1286 1140
1286 372
1286 680
1286 779
1286 235
1287 961
1287 418
1287 722
1287 662
1287 58
1287 799
1288 771
1288 21
1288 777
1288 601
1288 604
1288 175
1289 1138
1289 639
1290 1090
1290 754
1290 133
1290 124
1290 605
1290 606
1291 9
1291 844
1292 101
1292 310
1292 551
1292 663
1292 537
1292 330
1293 6
1293 698
1293 1085
1293 733
1293 1150
1295 1138
1295 730
1296 407
1296 969
1296 252
1296 31
1297 903
1297 825
1297 409
1297 26
1297 1116
1297 1148
1298 641
1298 7
1298 1180
1298 669
1298 62
1299 8
1299 200
1299 267
1299 30
1299 831
1300 692
1300 1190
1300 665
1300 540
1300 701
1300 1022
1301 208
1301 713
1301 1148
1302 674
1302 498
1302 1159
1302 1146
1302 973
1302 415
1305 432
1305 881
1305 1028
1305 828
1306 485
1306 793
1306 731
1307 965
1307 477
1308 352
1308 993
1308 161
1308 62
1309 0
1309 929
1309 273
1309 1126
1309 266
1309 493
1310 1153
1310 1169
1310 532
1310 919
1310 973
1310 846
1311 868
1311 22
1311 967
1311 8
1311 111
1312 86
1312 103
1312 636
1312 204
1312 140
1312 638
1313 321
1313 261
1313 983
1313 408
1313 826
1313 1004
1314 1107
1314 1124
1314 123
1314 1019
1314 1180
1314 462
1315 1076
1315 632
1315 921
1315 655
1315 863
1316 544
1316 885
1316 838
1316 296
1316 1035
1317 1008
1317 725
1317 134
1318 960
1318 933
1318 205
1319 1156
1319 409
1320 996
1320 761
1322 1009
1322 468
1322 102
1322 730
1323 68
1323 620
1323 205
1324 306
1324 1139
1324 296
1324 202
1324 539
1325 568
1325 249
1325 302
1326 346
1326 319
1327 450
1327 1043
1327 374
1327 1192
1327 120
1327 1007
1328 659
1328 52
1329 385
1329 41
1329 346
1329 733
1331 1077
1331 1175
1331 295
1331 249
1331 987
1333 737
1333 885
1333 1048
1333 574
1334 1120
1334 548
1334 73
1334 665
1334 1163
1335 1154
1335 812
1335 221
1336 979
1336 170
1336 862
1336 1167
1337 1090
1337 234
1338 656
1338 321
1338 116
1338 618
1338 573
1339 536
1339 1179
1340 1009
1340 56
1340 733
1340 767
1340 527
1340 1199
1341 498
1341 906
1341 1036
1341 300
1341 428
1342 465
1342 903
1342 106
1343 663
1343 1131
1344 81
1344 870
1344 919
1344 1053
1344 318
1345 1045
1345 682
1346 1105
1346 787
1346 954
1346 860
1347 189
1347 175
1348 258
1348 392
1348 666
1348 603
1348 364
1348 988
1349 288
1349 625
1349 866
1349 568
1349 331
1349 366
1350 948
1350 871
1350 875
1351 176
1351 161
1351 1171
1351 933
1351 1081
1351 235
1352 193
1352 657
1353 1095
1353 297
1354 407
1354 40
1354 511
1355 202
1355 155
1356 176
1356 401
1356 66
1356 885
1356 1031
1356 238
1357 993
1357 165
1357 6
1357 503
1357 743
1357 1143
1358 1028
1358 632
1358 1131
1359 627
1359 436
1359 635
1360 480
1360 625
1360 675
1360 277
1360 536
1360 665
1361 996
1361 809
1361 557
1361 255
1362 1063
1362 478
1363 550
1363 776
1363 619
1363 1055
1364 433
1364 897
1364 1108
1364 553
1364 847
1365 336
1365 833
1365 101
1365 203
1366 416
1366 273
1366 130
1366 936
1366 972
1366 239
1367 1090
1367 1049
1367 74
1368 544
1368 179
1368 581
1368 378
1368 43
1369 80
1369 449
1369 115
1369 1028
1369 236
1370 1156
1370 91
1370 1117
1370 30
1371 992
1371 212
1371 45
1372 64
1372 947
1372 245
1372 444
1373 667
1373 62
1373 238
1374 979
1374 1159
1374 376
1374 111
1375 531
1375 887
1375 795
1376 465
1376 1052
1376 493
1376 766
1377 641
1377 1106
1377 276
1377 165
1377 796
1377 813
1378 321
1378 1092
1378 746
1378 491
1379 422
1379 1031
1380 852
1380 357
1380 237
1381 548
1381 388
1381 1157
1381 135
1381 120
1381 349
1382 453
1382 277
1382 134
1382 1158
1382 441
1382 283
1383 896
1383 949
1383 86
1383 710
1383 396
1383 77
1384 656
1384 164
1384 869
1384 366
1385 309
1385 825
1385 27
1385 1084
1385 110
1387 39
1387 71
1387 331
1387 652
1387 526
1388 161
1388 1075
1390 1141
1390 925
1390 255
1391 2
1391 1064
1391 952
1391 632
1391 235
1391 990
1392 437
1392 571
1392 413
1392 1087
1392 319
1393 337
1393 17
1393 905
1393 61
1394 544
1394 1098
1394 844
1394 382
1394 383
1395 450
1395 265
1395 781
1395 703
1395 239
1396 32
1396 17
1396 418
1396 115
1396 787
1398 1196
1398 509
1399 129
1399 21
1399 391
1399 412
1400 917
1400 598
1400 455
1400 8
1400 396
1401 624
1401 1330
1401 247
1401 1032
1401 234
1402 1236
1402 548
1402 1316
1402 792
1403 482
1403 1173
1403 1158
1403 795
1403 188
1403 1311
1404 1386
1404 31
1405 432
1405 518
1405 58
1405 299
1405 334
1406 1314
1406 148
1406 1174
1406 1164
1407 724
1407 1128
1408 960
1408 1156
1408 1047
1408 413
1408 447
1409 465
1409 1164
1410 210
1410 3
1410 36
1410 406
1410 43
1410 557
1411 690
1411 835
1411 619
1411 541
1411 1007
1412 81
1412 853
1412 1167
1413 984
1413 206
1414 452
1414 968
1414 462
1415 1362
1415 1078
1415 955
1415 1291
1415 1164
1415 589
1416 464
1416 915
1416 564
1416 1273
1416 764
1417 321
1417 2
1417 37
1417 601
1417 842
1418 18
1418 173
1419 949
1419 566
1419 714
1420 499
1420 244
1420 633
1421 675
1421 420
1421 1336
1421 1004
1421 317
1421 542
1422 114
1422 57
1422 46
1423 1267
1423 902
1424 150
1424 410
1425 689
1425 561
1425 565
1425 54
1426 371
1426 343
1426 968
1426 28
1427 480
1427 336
1427 835
1427 468
1427 827
1428 1363
1428 442
1428 730
1429 640
1429 1395
1429 1164
1430 1239
1430 696
1431 1328
1431 1090
1431 741
1431 970
1431 490
1432 1267
1432 1253
1432 70
1432 551
1434 576
1434 1138
1434 986
1435 979
1435 727
1435 1113
1435 554
1436 1362
1436 69
1436 247
1436 441
1436 570
1437 253
1437 1135
1439 1218
1439 1043
1439 1014
1439 858
1440 563
1440 1107
1440 1174
1440 887
1440 455
1440 265
1441 228
1441 77
1443 1185
1443 70
1443 312
1443 379
1444 260
1444 1077
1444 297
1445 0
1445 846
1446 561
1446 1157
1446 1381
1446 1015
1446 986
1447 1235
1447 660
1447 262
1447 1087
1448 720
1448 17
1448 598
1448 91
1448 812
1448 429
1449 595
1449 85
1449 871
1450 914
1450 1155
1450 1111
1450 616
1450 956
1450 399
1451 198
1451 988
1451 541
1451 495
1452 186
1452 493
1452 349
1453 344
1453 424
1453 313
1453 730
1453 650
1453 1068
1454 1392
1454 1345
1454 199
1455 787
1455 1267
1455 300
1455 1100
1456 225
1456 1317
1456 1399
1456 141
1456 686
1458 1173
1458 507
1459 1106
1459 1074
1459 276
1460 688
1460 757
1460 501
1460 345
1460 1293
1461 480
1461 32
1461 1003
1462 1203
1462 955
1464 826
1464 299
1464 460
1464 1006
1465 1379
1465 1333
1465 294
1465 216
1465 891
1465 1134
1466 1399
1466 311
1467 370
1467 979
1467 1000
1467 781
1468 961
1468 520
1468 74
1468 522
1468 1325
1468 205
1469 534
1469 431
1470 823
1470 570
1471 64
1471 1168
1473 708
1473 118
1473 631
1474 274
1474 404
1474 635
1474 1164
1474 542
1476 640
1476 36
1476 69
1476 1274
1476 1131
1477 49
1477 87
1477 762
1477 267
1478 514
1478 36
1478 244
1478 1047
1478 492
1479 50
1479 792
1479 1337
1479 142
1480 403
1480 983
1480 250
1481 768
1481 657
1481 402
1481 955
1481 606
1482 647
1482 871
1482 1262
1482 591
1483 203
1483 414
1483 303
1484 954
1484 282
1484 667
1485 322
1485 165
1485 727
1486 545
1486 165
1486 840
1487 272
1487 1137
1487 1385
1487 124
1488 381
1488 511
1489 561
1489 866
1489 917
1489 982
1489 199
1489 648
1490 512
1490 853
1490 1149
1490 799
1491 819
1491 788
1491 967
1491 972
1492 51
1492 1356
1492 189
1492 1037
1493 1186
1493 1347
1493 1102
1493 1134
1494 561
1494 1282
1494 347
1494 619
1494 91
1494 1182
1495 1377
1495 532
1495 198
1495 343
1495 730
1495 782
1496 962
1496 150
1496 1079
1496 1288
1496 876
1496 509
1497 1264
1497 547
1497 487
1497 697
1497 139
1497 571
1498 896
1498 1252
1498 69
1498 325
1498 1006
1499 5
1499 1069
1500 1216
1500 266
1501 803
1501 628
1501 808
1501 350
1501 846
1501 270
1502 50
1502 53
1502 968
1502 329
1502 1247
1503 122
1503 398
1503 303
1504 1200
1504 770
1504 19
1504 1253
1504 1160
1505 1328
1505 1104
1505 114
1505 708
1505 1180
1506 1093
1506 1001
1507 704
1507 31
1507 1311
1508 162
1508 1227
1509 487
1509 1211
1510 786
1510 1125
1510 454
1510 538
1510 331
1511 672
1511 1219
1511 612
1511 500
1511 824
1511 88
1512 87
1512 42
1512 719
1512 1247
1513 1104
1513 593
1513 596
1513 1191
1513 1322
1513 623
1514 146
1514 114
1514 1107
1514 1188
1514 267
1515 342
1515 1290
1515 942
1516 1184
1516 977
1516 757
1516 76
1516 190
1517 691
1517 1373
1519 1124
1519 551
1520 1329
1520 450
1520 24
1520 347
1520 766
1520 655
1521 1121
1521 98
1521 521
1521 61
1521 78
1522 115
1522 150
1522 823
1522 153
1522 1166
1524 825
1524 269
1524 239
1525 992
1525 1012
1525 489
1525 1082
1526 963
1526 780
1526 1149
1526 1342
1527 257
1527 1147
1528 352
1528 1125
1528 1274
1529 865
1529 403
1529 1063
1529 426
1530 293
1530 359
1531 1155
1531 773
1531 407
1531 1175
1531 808
1532 241
1532 408
1532 1359
1533 453
1533 792
1533 697
1533 1290
1533 365
1534 1238
1534 392
1534 777
1534 282
1534 717
1534 1038
1535 1044
1535 889
1536 848
1536 1363
1536 356
1536 1099
1536 187
1537 231
1537 503
1537 904
1537 189
1537 61
1537 767
1538 1124
1538 647
1538 905
1538 1115
1538 847
1539 1298
1539 1026
1539 1332
1539 622
1539 862
1539 319
1540 747
1540 334
1541 802
1541 535
1541 952
1541 1022
1542 569
1542 63
1543 1345
1543 1256
1543 1065
1543 1145
1544 243
1544 1386
1544 221
1544 1310
1544 383
1546 804
1546 599
1546 988
1547 1249
1547 1307
1547 717
1547 463
1548 83
1548 1123
1548 1077
1548 934
1548 1160
1548 441
1549 530
1549 486
1549 374
1549 871
1549 264
1549 171
1550 1173
1550 7
1550 1256
1550 300
1550 942
1550 767
1551 897
1551 580
1551 757
1551 1189
1551 782
1552 113
1552 968
1552 667
1552 493
1552 47
1553 1075
1553 1195
1553 94
1554 756
1554 565
1554 1223
1554 220
1554 669
1555 1138
1555 841
1555 1339
1555 539
1555 893
1556 113
1556 579
1557 1393
1557 579
1557 186
1557 782
1558 529
1558 196
1558 188
1558 909
1559 657
1559 930
1559 551
1559 314
1559 924
1559 1279
1560 1394
1560 87
1560 999
1560 1357
1561 851
1561 935
1562 656
1562 582
1563 210
1563 404
1563 1381
1563 517
1563 919
1563 31
1564 1090
1564 586
1566 113
1566 1378
1566 1160
1566 1148
1566 29
1566 766
1567 865
1567 179
1567 1242
1567 253
1568 392
1568 366
1568 1054
1569 675
1569 372
1569 872
1569 667
1570 584
1570 105
1570 1371
1571 486
1571 1382
1571 968
1571 1176
1571 171
1572 551
1572 1256
1572 585
1572 1147
1572 159
1573 914
1573 1396
1573 886
1573 333
1573 831
1574 883
1574 1011
1574 645
1575 54
1575 809
1575 685
1575 62
1576 898
1576 115
1576 951
1576 331
1576 1132
1576 942
1577 1284
1577 439
1577 1228
1577 29
1577 1007
1578 960
1578 1305
1579 1296
1579 1040
1579 808
1579 316
1580 1185
1580 39
1580 632
1580 617
1580 1311
1581 1216
1581 1200
1581 793
1581 1245
1581 1293
1581 910
1582 1107
1582 116
1582 356
1582 1205
1582 1272
1583 321
1583 1029
1583 891
1583 395
1584 262
1584 1065
1584 748
1584 95
1584 655
1585 1064
1585 333
1585 318
1586 963
1586 740
1586 1306
1586 986
1586 1066
1586 590
1588 739
1588 1111
1588 717
1589 976
1589 149
1589 538
1589 685
1589 1085
1589 815
1590 1203
1590 581
1590 376
1590 1304
1590 1370
1591 1168
1591 545
1591 612
1591 359
1591 1372
1592 48
1592 152
1592 1353
1593 49
1593 809
1593 62
1594 406
1594 632
1594 680
1594 440
1594 410
1594 122
1595 1266
1595 898
1595 451
1595 1114
1595 316
1596 1056
1596 98
1596 666
1596 348
1596 461
1597 867
1597 232
1598 913
1598 1042
1598 1364
1598 987
1599 451
1599 405
1599 168
1599 57
1599 1163
1599 61
1600 1488
1600 1218
1600 1384
1600 1513
1600 1501
1600 1055
1601 1412
1601 1419
1602 32
1602 1074
1602 1349
1602 1594
1602 956
1602 1485
1603 384
1603 1237
1603 102
1603 631
1603 1099
1604 737
1604 594
1604 1346
1604 1179
1605 243
1605 343
1605 1528
1606 1061
1606 1417
1606 1276
1606 637
1606 431
1606 1119
1607 160
1607 1569
1607 642
1607 839
1607 791
1607 1548
1608 854
1608 297
1608 1051
1608 572
1608 446
1608 1487
1610 1250
1610 136
1610 1050
1611 266
1611 1420
1612 481
1612 99
1612 787
1612 149
1612 1190
1612 943
1613 545
1613 131
1613 284
1613 1053
1614 384
1614 101
1614 935
1614 604
1615 1168
1615 945
1615 1523
1615 36
1615 1260
1616 1324
1616 302
1617 345
1617 205
1618 1396
1618 328
1619 1536
1619 514
1619 1478
1619 952
1620 247
1620 391
1621 18
1621 370
1621 164
1621 123
1622 818
1622 284
1624 243
1624 202
1624 847
1626 194
1626 1349
1626 1192
1626 1388
1626 1006
1627 577
1627 279
1627 747
1628 1237
1628 1575
1629 116
1629 1173
1629 1030
1629 13
1629 990
1629 590
1630 1557
1630 565
1630 1067
1630 1213
1631 264
1631 1116
1631 1533
1632 1552
1632 165
1632 981
1632 139
1632 572
1633 486
1633 670
1634 626
1634 324
1634 693
1634 586
1634 527
1634 1135
1635 1297
1635 421
1636 611
1636 469
1636 1557
1636 825
1637 1297
1637 850
1637 99
1637 1369
1637 829
1638 1171
1638 1508
1638 71
1638 793
1638 1434
1638 767
1639 577
1639 874
1639 411
1639 285
1640 776
1640 507
1640 172
1641 1218
1641 1522
1641 1405
1642 242
1642 1508
1642 1416
1642 778
1643 408
1643 813
1644 800
1644 884
1644 632
1645 1235
1645 1595
1646 1313
1646 1156
1646 1384
1646 1448
1646 1501
1646 270
1647 160
1647 980
1647 581
1648 857
1648 586
1648 814
1649 721
1649 342
1649 1003
1650 19
1650 1160
1650 1465
1650 574
1650 831
1651 1185
1651 388
1651 679
1651 926
1652 405
1652 1224
1653 1313
1653 409
1653 1226
1653 123
1653 782
1653 318
1654 1298
1654 1241
1654 333
1654 670
1655 704
1655 1505
1655 99
1655 1027
1655 1166
1656 576
1656 1016
1656 142
1657 869
1657 646
1657 445
1657 510
1658 1059
1658 883
1658 387
1658 1558
1658 174
1659 753
1659 628
1659 1034
1659 507
1659 365
1660 1208
1660 222
1660 670
1660 863
1661 192
1661 199
1661 714
1661 61
1662 439
1662 1464
1662 777
1662 319
1663 339
1663 472
1663 440
1663 123
1663 571
1663 814
1664 240
1664 450
1664 323
1664 1525
1664 502
1664 751
1665 922
1665 1258
1665 124
1666 1411
1666 1214
1667 1154
1667 1091
1667 1144
1667 922
1667 1165
1667 703
1668 336
1668 225
1668 1427
1668 1366
1668 1275
1668 684
1669 512
1669 2
1669 1508
1669 62
1669 527
1670 817
1670 238
1671 234
1671 522
1671 1436
1671 77
1672 1042
1672 379
1672 1023
1673 848
1673 1376
1673 1581
1674 1031
1674 472
1674 457
1674 795
1674 1166
1676 208
1676 417
1676 311
1676 670
1677 118
1677 142
1679 976
1679 1072
1679 978
1679 1459
1679 632
1680 83
1680 199
1681 674
1681 1418
1681 1211
1681 539
1681 1343
1682 935
1682 1224
1683 629
1683 862
1685 592
1685 967
1685 1080
1685 1259
1685 300
1686 224
1686 148
1686 821
1686 1367
1686 862
1687 833
1687 228
1687 806
1687 248
1687 984
1687 1069
1688 356
1688 1398
1689 657
1689 345
1689 825
1690 963
1690 456
1690 1434
1690 300
1690 1405
1691 418
1691 279
1691 728
1691 1194
1691 748
1691 254
1693 1344
1693 642
1693 937
1693 1084
1693 1516
1693 239
1694 161
1694 1554
1694 196
1694 330
1694 926
1695 34
1695 1238
1695 407
1695 716
1696 1121
1696 103
1696 718
1696 1375
1696 703
1696 959
1697 706
1697 276
1697 616
1697 441
1697 1597
1698 51
1698 468
1698 916
1698 1081
1698 1289
1698 1066
1699 1527
1699 1004
1701 1366
1701 654
1701 750
1702 822
1702 91
1702 1580
1703 288
1703 496
1703 1253
1703 1447
1703 829
1704 384
1704 896
1704 1433
1704 1341
1704 174
1704 974
1705 1490
1705 611
1705 323
1705 1588
1705 1453
1705 511
1706 453
1706 1450
1707 1216
1707 243
1707 1348
1707 181
1707 1081
1707 1390
1708 389
1708 839
1708 570
1709 756
1709 1237
1709 906
1709 1501
1710 1523
1710 133
1710 726
1710 877
1710 1278
1710 958
1711 915
1711 86
1711 443
1711 957
1711 1407
1712 644
1712 263
1712 956
1713 768
1713 545
1713 362
1714 441
1714 1503
1715 297
1715 651
1715 991
1716 660
1716 777
1717 295
1717 1080
1719 978
1719 546
1719 403
1719 1573
1719 111
1720 1219
1720 1172
1720 633
1720 1305
1721 1
1721 789
1721 503
1721 696
1723 435
1723 861
1724 192
1724 449
1724 1092
1724 570
1724 1262
1725 347
1725 1070
1726 196
1726 1096
1727 104
1727 441
1727 698
1727 910
1728 1394
1728 1444
1728 1193
1729 1330
1729 1395
1729 571
1730 627
1730 1310
1731 374
1731 251
1731 508
1731 1518
1733 791
1733 745
1736 1525
1736 1389
1736 1422
1736 590
1737 152
1737 1128
1737 89
1737 9
1737 239
1738 1574
1738 455
1738 425
1738 1530
1738 938
1738 747
1739 977
1739 994
1739 229
1739 1273
1739 846
1740 803
1740 1427
1740 837
1740 1367
1740 410
1740 908
1741 136
1741 1547
1741 701
1742 976
1742 1368
1742 1130
1742 218
1742 956
1743 180
1743 117
1743 377
1744 17
1744 666
1744 908
1744 12
1744 1116
1744 413
1745 961
1745 280
1745 680
1745 1561
1745 637
1745 349
1746 320
1746 1115
1747 1560
1747 1305
1747 122
1747 1406
1747 1247
1748 616
1748 363
1748 397
1749 1473
1749 1353
1749 1370
1749 1500
1749 1167
1750 1062
1750 415
1751 753
1751 581
1751 775
1751 190
1752 465
1752 1109
1752 744
1752 746
1752 282
1752 1567
1753 513
1753 753
1753 600
1753 491
1753 1293
1753 47
1754 642
1754 147
1754 121
1754 1435
1754 668
1755 790
1755 167
1755 649
1756 448
1756 496
1756 1409
1756 268
1757 596
1757 261
1757 1478
1757 301
1758 48
1758 199
1758 539
1759 672
1759 741
1759 1368
1759 14
1759 1102
1759 1167
1760 423
1760 1145
1760 1161
1760 1130
1760 302
1760 830
1761 1490
1761 942
1762 434
1762 539
1762 335
1764 1217
1764 513
1764 1186
1764 1462
1764 1383
1764 204
1765 1305
1765 1084
1766 994
1766 1554
1766 1496
1766 26
1766 923
1767 116
1767 872
1767 1385
1767 620
1767 876
1767 943
1768 1399
1768 1032
1768 1227
1769 215
1769 120
1769 1294
1769 1342
1770 1280
1770 344
1770 554
1770 1422
1771 194
1771 1474
1771 1427
1771 982
1771 167
1771 958
1772 1139
1772 855
1772 1418
1772 1387
1773 1316
1773 1161
1773 428
1773 204
1773 1261
1774 1513
1774 188
1774 45
1775 548
1775 187
1775 459
1776 1241
1776 1594
1777 1025
1777 234
1778 981
1778 87
1778 969
1778 1467
1778 492
1779 803
1779 1524
1779 708
1779 984
1779 173
1779 1119
1781 912
1781 199
1781 1593
1782 1443
1782 660
1782 1109
1782 439
1782 1039
1783 291
1783 1123
1783 292
1783 1078
1783 742
1783 398
1784 1063
1784 1032
1784 1225
1785 1488
1785 385
1785 1275
1787 713
1787 379
1787 942
1788 1376
1788 1298
1788 835
1788 1477
1788 108
1789 996
1789 567
1789 1575
1789 1435
1789 1179
1789 236
1790 1249
1790 1155
1790 421
1790 375
1790 1432
1790 445
1791 690
1791 1458
1791 757
1791 934
1791 397
1791 383
1792 1059
1792 1366
1792 1404
1793 1090
1793 202
1793 1579
1794 258
1794 292
1794 796
1795 611
1795 363
1795 124
1795 1181
1796 320
1796 546
1796 1462
1796 315
1796 702
1797 353
1797 435
1797 406
1797 1034
1798 965
1798 56
1800 1488
1800 1139
1800 922
1800 1723
1800 940
1800 1183
1801 419
1801 597
1801 1325
1801 670
1802 304
1802 1570
1802 1173
1802 713
1803 656
1803 17
1803 228
1803 1499
1803 1261
1804 800
1804 1617
1804 695
1804 378
1804 1405
1805 1490
1805 1282
1805 1010
1805 1347
1805 473
1805 1391
1806 1188
1806 264
1806 1375
1807 1131
1807 1551
1808 806
1808 953
1808 1084
1809 561
1809 1319
1810 993
1810 732
1810 1165
1811 1620
1811 984
1811 632
1811 808
1811 621
1811 1743
1813 800
1813 897
1813 691
1813 662
1813 103
1814 178
1814 565
1814 1149
1815 964
1815 261
1816 1094
1816 1079
1816 1768
1816 90
1816 655
1817 36
1817 1663
1818 432
1818 897
1818 982
1818 1046
1818 967
1818 1692
1819 276
1819 581
1819 966
1819 268
1819 140
1820 1666
1820 995
1820 919
1820 190
1821 1040
1821 299
1821 925
1822 1233
1822 1508
1822 1366
1823 40
1823 11
1823 364
1823 1773
1825 1042
1825 1543
1825 1247
1826 514
1826 565
1826 1230
1826 494
1827 19
1827 614
1827 1083
1827 203
1827 1340
1828 1014
1828 38
1828 1448
1828 1146
1828 666
1828 1405
1829 402
1829 123
1830 416
1830 1715
1830 1448
1830 888
1830 1132
1831 1137
1831 67
1831 647
1831 553
1831 1198
1832 692
1832 485
1832 1591
1832 1656
1832 969
1834 609
1834 837
1834 983
1834 223
1835 641
1835 1218
1835 453
1835 1367
1835 316
1835 1612
1836 903
1836 1097
1836 1483
1836 987
1836 876
1836 412
1837 259
1837 1619
1837 1517
1837 1789
1838 322
1838 457
1838 1788
1838 398
1841 1749
1841 714
1842 18
1842 883
1842 1654
1843 834
1843 1158
1843 1630
1846 226
1846 1131
1846 46
1847 1152
1847 885
1847 408
1847 409
1847 1513
1847 58
1849 1208
1849 200
1849 1341
1850 362
1850 555
1850 1196
1851 722
1851 1212
1852 1441
1852 835
1852 628
1852 196
1852 150
1852 620
1853 1058
1853 1174
1854 32
1854 1481
1854 139
1855 1747
1855 740
1855 1590
1855 856
1855 1357
1856 1428
1856 198
1856 743
1856 238
1856 1743
1857 160
1857 289
1857 578
1857 505
1857 1274
1857 1402
1858 0
1858 1491
1859 1488
1859 1184
1859 706
1859 883
1859 246
1860 1447
1860 616
1860 1341
1861 1540
1861 317
1861 1615
1862 579
1862 405
1862 10
1863 1696
1863 114
1863 915
1863 710
1863 1575
1864 1028
1864 203
1864 1631
1865 594
1865 1380
1865 1434
1865 380
1865 1279
1866 914
1866 915
1866 1158
1867 1012
1867 724
1867 790
1867 1320
1867 1005
1868 533
1868 1038
1868 879
1869 1634
1869 290
1869 1587
1869 889
1869 729
1869 606
1871 931
1871 229
1871 901
1871 575
1872 129
1872 1651
1872 148
1872 728
1872 811
1872 1565
1873 816
1873 1171
1873 119
1873 1674
1873 1579
1873 1196
1874 579
1874 1237
1874 174
1874 1487
1875 0
1875 1491
1875 728
1876 1104
1876 594
1876 1657
1877 1059
1877 949
1877 6
1878 946
1878 1684
1878 933
1878 1161
1878 14
1879 1329
1879 1749
1880 1248
1880 1611
1880 174
1881 664
1881 703
1882 658
1882 1092
1882 1721
1882 1373
1883 1539
1883 1142
1884 1635
1884 35
1884 413
1884 1711
1885 1474
1885 1639
1885 1675
1886 50
1886 1028
1886 1499
1888 1424
1888 1363
1888 1159
1891 1555
1891 159
1892 451
1892 197
1892 1639
1892 664
1892 296
1892 1611
1893 1152
1893 633
1893 941
1894 768
1894 929
1894 392
1894 265
1895 1442
1895 1122
1895 1237
1895 812
1895 95
1896 48
1896 1331
1896 1060
1896 669
1896 590
1896 1359
1897 1440
1897 904
1897 1112
1897 586
1898 130
1898 1481
1898 522
1898 1677
1899 1427
1899 388
1899 692
1899 166
1899 472
1899 1133
1900 1216
1900 276
1900 1782
1900 1239
1900 907
1901 1361
1901 66
1901 1235
1901 1064
1901 362
1901 252
1902 738
1902 807
1902 1065
1902 1705
1903 119
1903 1054
1904 290
1904 665
1904 1102
1905 304
1905 515
1905 1732
1905 1129
1906 532
1906 540
1906 1453
1906 174
1906 1150
1907 785
1907 1020
1908 706
1908 1634
1908 195
1908 822
1908 830
1909 56
1909 842
1909 1050
1909 540
1910 661
1910 776
1910 1195
1910 908
1910 1470
1910 1615
1911 560
1911 1126
1911 807
1911 377
1911 171
1911 668
1912 198
1912 1722
1912 1614
1914 136
1914 1611
1914 683
1915 35
1915 104
1916 656
1916 1697
1916 200
1916 1677
1916 639
1917 242
1917 1652
1917 325
1917 1645
1917 31
1918 1427
1918 165
1918 565
1918 855
1918 1723
1918 1759
1919 625
1919 1618
1919 610
1919 1573
1919 811
1919 284
1920 848
1920 582
1921 305
1921 1490
1921 963
1921 330
1921 314
1922 338
1922 595
1922 1751
1922 1671
1922 1147
1922 1439
1923 1364
1923 516
1923 1080
1923 1353
1923 396
1923 925
1924 413
1924 1182
1925 1572
1925 1690
1925 156
1925 1740
1926 192
1926 1160
1926 204
1926 254
1927 336
1927 1320
1927 1199
1928 1280
1928 402
1928 538
1930 1106
1930 1205
1930 647
1930 524
1931 546
1931 212
1931 918
1931 264
1931 299
1931 318
1932 673
1932 117
1932 344
1932 1119
1933 496
1933 1267
1934 976
1934 469
1936 393
1936 217
1936 814
1937 1507
1937 52
1937 1460
1937 650
1937 1613
1938 322
1938 293
1938 489
1938 1546
1938 746
1938 1789
1940 1728
1940 193
1940 962
1940 818
1940 1562
1941 789
1941 502
1941 315
1943 1024
1943 1761
1943 834
1943 1366
1944 1491
1944 1059
1944 1412
1944 926
1944 430
1945 290
1945 1014
1945 344
1945 491
1946 728
1946 1593
1946 763
1946 926
1948 1200
1948 721
1948 626
1948 1383
1948 71
1948 1324
1949 624
1949 1609
1950 784
1950 1138
1950 844
1951 642
1951 1187
1951 698
1951 140
1952 929
1952 1203
1952 1011
1952 1076
1952 1583
1953 232
1953 170
1953 282
1953 62
1953 958
1954 820
1954 469
1955 498
1955 163
1955 199
1955 1756
1955 1629
1955 701
1956 928
1956 1289
1958 144
1958 1510
1958 1496
1958 1629
1959 33
1959 1182
1960 1584
1960 965
1960 374
1960 312
1960 926
1961 324
1961 916
1961 1336
1961 1033
1961 428
1961 1070
1962 919
1962 204
1962 1052
1963 1204
1963 696
1963 1308
1964 84
1964 1736
1964 1786
1964 1500
1965 515
1965 1380
1965 1092
1965 312
1965 250
1965 1165
1967 497
1967 1521
1967 1078
1967 269
1969 848
1969 913
1969 550
1969 505
1969 378
1969 1053
1970 1760
1970 690
1970 595
1970 1619
1970 823
1971 374
1971 1114
1971 958
1972 769
1972 1202
1972 459
1972 783
1973 225
1973 82
1973 503
1973 1773
1973 1342
1974 609
1974 1507
1974 471
1974 1419
1975 1459
1975 501
1976 1761
1976 133
1976 1623
1976 1325
1977 336
1977 353
1977 1318
1977 118
1977 745
1977 1741
1978 1462
1978 1495
1978 542
1979 1169
1979 580
1979 892
1979 1358
1981 505
1981 233
1981 1689
1981 938
1981 687
1982 1490
1982 1045
1982 1239
1982 1384
1982 894
1983 874
1983 1306
1983 699
1984 1553
1984 1348
1984 844
1984 527
1985 1009
1985 994
1985 1109
1985 10
1986 898
1986 1558
1986 630
1986 575
1986 1439
1986 1503
1987 1547
1987 1373
1988 385
1988 930
1989 688
1989 0
1989 149
1989 599
1989 606
1989 831
1990 5
1990 277
1990 282
1991 1330
1991 275
1991 644
1991 557
1992 1217
1992 898
1992 964
1992 485
1993 484
1993 1702
1993 1335
1993 1755
1993 959
1994 1430
1994 1629
1995 705
1995 641
1995 327
1995 541
1995 1693
1995 1549
1996 1136
1996 4
1996 150
1996 924
1997 1377
1997 214
1997 1497
1997 1149
1997 142
1999 421
1999 1286
1999 647
1999 1465
1999 1675
2000 641
2000 485
2000 901
2000 1930
2000 1483
2001 881
2001 1189
2001 9
2001 1021
2002 242
2002 947
2002 1743
2003 1396
2003 1828
2003 1784
2003 1549
2003 78
2004 391
2004 1386
2005 210
2005 4
2005 1271
2005 1789
2005 654
2005 1246
2006 834
2006 200
2006 251
2006 76
2007 1490
2007 1799
2007 1020
2008 1184
2008 336
2008 894
2008 1295
2009 946
2009 1693
2009 1869
2010 753
2010 1939
2010 444
2010 477
2011 1537
2011 242
2011 1238
2011 1933
2011 1870
2012 602
2012 1002
2012 314
2012 1595
2012 125
2013 1506
2013 1805
2014 611
2014 229
2014 421
2014 1017
2014 1885
2014 959
2015 1490
2015 1412
2015 630
2015 1615
2016 1824
2016 1089
2016 132
2016 1542
2016 1583
2017 1907
2017 696
2018 1344
2018 1747
2018 874
2020 1795
2020 243
2020 1066
2020 284
2020 1614
2021 618
2021 748
2021 1932
2021 1101
2021 1214
2021 959
2022 547
2022 1113
2022 1757
2023 1222
2023 570
2023 299
2023 1485
2025 922
2025 987
2025 350
2025 1663
2026 1832
2026 1384
2026 1965
2027 201
2027 1164
2028 561
2028 870
2029 224
2029 1863
2029 63
2030 1845
2030 247
2030 967
2030 1752
2030 1498
2031 1812
2031 118
2031 206
2031 1614
2032 1153
2032 226
2032 515
2032 1048
2033 1876
2033 238
2033 575
2034 1076
2034 1272
2034 574
2036 1783
2036 1367
2037 931
2037 1259
2037 1423
2039 355
2039 693
2039 1417
2039 1868
2039 572
2040 1570
2040 122
2041 1748
2041 1577
2042 289
2042 356
2042 1077
2042 42
2042 1982
2042 15
2043 706
2043 1734
2046 1218
2046 578
2046 712
2046 1689
2046 57
2046 287
2047 1300
2047 40
2048 1264
2048 1344
2048 1575
2048 441
2048 843
2049 582
2049 1606
2049 265
2049 829
2049 1710
2049 782
2050 1856
2050 1943
2050 1991
2050 316
2050 718
2050 1967
2051 1875
2051 1843
2051 691
2052 1505
2052 515
2052 1532
2053 130
2053 966
2053 1207
2053 793
2053 735
2053 1439
2054 721
2054 1186
2054 1510
2054 1531
2054 30
2056 182
2056 1159
2056 1726
2056 31
2059 1618
2059 948
2059 1461
2059 678
2059 700
2060 628
2060 365
2060 653
2060 63
2062 1699
2062 643
2062 1381
2062 390
2062 487
2062 1630
2063 1907
2063 1926
2063 70
2063 679
2063 1020
2064 262
2064 299
2066 684
2066 207
2066 895
2067 1956
2067 983
2068 881
2068 1256
2068 1211
2068 878
2069 1008
2069 179
2069 1224
2069 318
2070 516
2070 20
2071 866
2071 804
2071 1160
2071 394
2072 304
2072 274
2072 1426
2072 1827
2073 146
2073 675
2073 485
2073 1079
2073 1288
2074 865
2074 1398
2074 1686
2074 903
2074 1948
2074 1741
2075 928
2075 1746
2075 1849
2075 1787
2076 1201
2076 137
2076 1230
2077 355
2077 1703
2077 1976
2078 1594
2078 1324
2079 1429
2079 1226
2080 996
2080 1365
2080 1242
2080 61
2080 1965
2080 1230
2081 486
2081 23
2081 377
2081 1882
2081 1019
2081 1407
2082 1033
2082 284
2082 1005
2083 1506
2083 1698
2083 1829
2083 1111
2083 175
2084 949
2084 298
2084 1069
2084 1279
2085 1345
2085 971
2085 635
2085 1484
2085 541
2086 1585
2086 918
2086 329
2086 1788
2086 237
2087 1851
2087 1565
2087 639
2088 288
2088 1125
2088 1383
2088 1775
2089 806
2089 345
2090 1284
2090 757
2090 1607
2090 1800
2090 1176
2091 1744
2091 1922
2091 1123
2091 1211
2092 432
2092 863
2093 1796
2093 550
2093 1917
2094 1940
2094 360
2094 283
2094 1372
2094 284
2094 1166
2095 1751
2095 713
2095 1322
2095 346
2095 1836
2096 1584
2096 648
2096 794
2096 1547
2097 866
2097 116
2097 319
2098 832
2098 933
2098 200
2098 1465
2098 1885
2098 910
2099 537
2099 1230
2101 1522
2101 934
2101 712
2101 905
2101 669
2102 1940
2102 1049
2102 1422
2102 959
2103 389
2103 247
2104 529
2104 1699
2104 261
2104 629
2104 636
2104 1183
2105 1987
2105 420
2105 909
2106 1285
2106 1593
2107 1747
2107 141
2107 287
2108 389
2108 199
2109 1809
2109 1429
2109 1159
2109 935
2109 938
2109 671
2110 1409
2110 488
2110 1518
2111 1904
2111 373
2111 1231
2112 1376
2112 1402
2112 110
2112 1007
2112 1327
2113 1685
2113 869
2113 199
2113 383
2113 1247
2114 305
2114 661
2114 1783
2114 1096
2114 1370
2115 288
2115 1272
2115 1306
2116 1824
2116 961
2116 1972
2116 1223
2116 488
2117 1043
2117 1030
2117 1338
2117 123
2117 1934
2117 1647
2118 1285
2118 1991
2118 92
2119 516
2119 1286
2119 1694
2119 1679
2120 939
2120 1693
2121 560
2121 1538
2121 1635
2121 1669
2122 1442
2122 1123
2122 724
2122 232
2122 745
2122 365
2125 1474
2125 1123
2125 1443
2125 8
2125 889
2125 396
2126 1088
2126 833
2126 919
2126 1641
2126 1582
2127 865
2127 1603
2127 22
2127 1846
2128 368
2128 87
2128 1625
2128 908
2128 973
2129 1049
2129 1434
2129 127
2129 1711
2130 36
2130 1402
2130 1132
2130 974
2131 534
2131 89
2132 384
2132 721
2132 1970
2132 861
2132 1950
2132 575
2133 1632
2133 459
2135 18
2135 731
2135 1342
2137 1424
2137 470
2137 538
2137 1835
2137 1996
2137 238
2138 1136
2138 626
2138 658
2138 699
2138 27
2138 319
2141 1846
2141 1305
2141 1741
2142 706
2142 1693
2144 1428
2144 1016
2144 10
2144 204
2144 1421
2145 32
2145 785
2145 610
2145 820
2145 1551
2146 1827
2146 1830
2146 218
2146 589
2146 1389
2146 1775
2147 1922
2147 1769
2147 1247
2148 1537
2148 180
2148 119
2148 954
2148 795
2149 7
2149 487
2149 985
2149 825
2149 348
2149 1966
2150 1956
2150 41
2150 1836
2151 354
2151 1349
2151 141
2152 1281
2152 1034
2152 494
2153 1476
2153 1973
2154 1959
2154 1096
2154 1469
2154 702
2155 802
2155 1589
2155 968
2155 1193
2156 1952
2156 1505
2156 308
2156 789
2157 80
2157 1603
2157 1125
2157 1995
2157 767
2158 167
2158 1367
2160 313
2160 1434
2161 562
2161 1523
2161 1432
2161 1961
2161 1980
2161 1806
2162 736
2162 1910
2163 1250
2163 1219
2163 776
2164 833
2164 1155
2164 1403
2166 1652
2166 1046
2166 92
2167 913
2167 311
2168 1925
2168 829
2169 48
2169 1618
2169 387
2170 1777
2170 1250
2170 1107
2170 156
2171 800
2171 52
2171 1579
2171 1787
2171 1342
2172 240
2172 357
2172 1369
2172 1291
2172 1916
2172 845
2173 133
2173 367
2174 1299
2174 1356
2175 292
2175 1429
2175 1559
2175 58
2175 1710
2175 1295
2176 1521
2176 1105
2176 179
2177 1216
2177 1559
2177 1385
2177 1581
2179 1556
2179 1991
2179 1111
2179 1037
2180 1538
2180 932
2181 385
2181 1090
2181 1145
2181 95
2183 2
2183 1810
2183 179
2184 630
2184 40
2184 510
2185 1009
2185 65
2185 517
2185 362
2185 1438
2186 1552
2186 1975
2186 905
2187 1044
2187 52
2187 1496
2187 858
2188 1435
2188 1596
2188 1326
2189 1600
2189 753
2189 244
2189 377
2189 1582
2190 1907
2190 1224
2191 1904
2191 176
2191 658
2191 898
2191 1672
2191 1018
2192 611
2192 185
2192 1053
2192 1838
2192 1199
2192 383
2193 81
2193 244
2194 1680
2194 1732
2194 1561
2195 785
2195 243
2195 726
2195 682
2195 1708
2196 1702
2196 1852
2197 1130
2197 1071
2198 803
2198 202
2199 1153
2199 1731
2199 149
2199 1594
2199 379
2200 913
2200 1506
2201 1378
2201 835
2201 567
2201 699
2201 429
2202 515
2202 565
2202 1894
2202 398
2202 894
2203 213
2203 1387
2204 753
2204 476
2205 1991
2205 1752
2205 1612
2206 112
2206 1444
2206 1563
2207 1490
2207 1747
2207 949
2207 235
2207 415
2208 1937
2208 369
2208 819
2208 1699
2208 1172
2208 1995
2209 1059
2209 725
2210 1056
2210 849
2210 981
2210 74
2210 1004
2210 189
2211 819
2211 211
2211 1703
2212 1584
2212 1217
2212 418
2212 338
2212 1871
2213 801
2213 1460
2213 1877
2213 1257
2213 397
2213 1037
2214 1904
2214 448
2214 450
2214 1385
2214 1194
2214 763
2215 389
2215 2105
2215 1034
2215 491
2215 524
2216 1796
2216 476
2216 398
2217 883
2217 388
2217 246
2217 1383
2217 1998
2218 2033
2218 274
2219 663
2219 297
2219 1705
2219 1199
2220 65
2220 1390
2221 1297
2221 1906
2221 1987
2221 309
2222 892
2222 1406
2222 1806
2223 1892
2223 2089
2224 946
2224 1099
2225 944
2225 737
2225 883
2225 248
2225 505
2226 1930
2226 653
2227 1938
2227 615
2227 1711
2227 271
2228 994
2228 1971
2228 1384
2228 1000
2228 1993
2229 720
2229 1904
2229 673
2229 2052
2229 1005
2229 287
2230 448
2230 1650
2230 916
2230 549
2230 652
2230 1980
2231 576
2231 1251
2232 1824
2232 1832
2232 1420
2232 1293
2232 158
2232 1839
2233 1392
2233 1665
2233 53
2233 10
2234 1649
2234 756
2234 553
2234 1866
2235 1650
2235 1687
2235 56
2235 1067
2236 609
2236 2194
2236 1431
2236 856
2236 1992
2236 606
2238 1953
2238 1045
2238 1945
2238 2155
2238 1387
2239 630
2239 702
2239 990
2239 1039
2240 2112
2240 898
2240 996
2240 916
2240 1847
2241 1478
2241 342
2242 343
2242 1784
2242 1739
2243 98
2243 2084
2243 1060
2243 1032
2243 2154
2244 2054
2244 1161
2245 1251
2245 1672
2245 1930
2246 1072
2246 1921
2246 518
2246 1671
2246 1359
2248 1921
2248 154
2249 752
2249 2136
2250 1953
2250 1620
2250 872
2250 1705
2250 266
2250 590
2251 1104
2251 2151
2251 1687
2251 2063
2252 1668
2252 1461
2252 711
2252 1305
2252 1246
2253 881
2253 802
2253 932
2254 627
2254 2040
2254 1656
2254 460
2254 1245
2254 399
2255 934
2255 1868
2255 173
2256 1968
2256 563
2256 1928
2257 2155
2257 1372
2258 882
2258 1896
2258 1871
2258 175
2259 1092
2259 2102
2260 560
2260 2000
2260 2066
2261 289
2261 1675
2262 1172
2262 420
2262 376
2262 315
2262 1246
2264 1282
2264 1286
2265 1186
2265 666
2265 986
2265 508
2265 476
2266 919
2266 1263
2267 1138
2267 1108
2268 936
2268 1884
2268 908
2268 2028
2268 943
2269 308
2269 1607
2269 1646
2270 2128
2270 793
2270 1834
2270 143
2271 1892
2271 52
2271 1812
2271 1782
2271 366
2272 1696
2272 1442
2272 2164
2272 331
2274 600
2274 1560
2274 2185
2274 1305
2274 2157
2275 2086
2275 332
2275 286
2276 963
2276 820
2276 1593
2276 1659
2276 1276
2277 33
2277 146
2277 185
2277 1789
2278 1360
2278 2178
2278 1683
2278 116
2278 1929
2278 1327
2279 1940
2279 117
2279 795
2280 768
2280 209
2280 41
2281 1797
2281 474
2281 621
2281 1774
2282 1248
2282 513
2282 629
2282 200
2283 1441
2283 676
2283 1989
2283 389
2283 233
2283 1627
2284 1568
2284 1491
2286 576
2286 784
2286 2003
2286 854
2286 872
2286 60
2287 242
2287 550
2287 2151
2288 917
2288 939
2289 1296
2289 677
2289 744
2289 1561
2289 1321
2289 2075
2290 642
2290 918
2290 91
2290 652
2290 1855
2290 239
2291 1714
2291 1187
2291 1462
2291 295
2291 969
2292 1541
2292 999
2292 1176
2293 1493
2293 1048
2293 1816
2293 1401
2294 321
2294 1137
2294 293
2294 517
2295 1922
2295 578
2298 618
2298 575
2299 1735
2299 687
2300 1604
2300 245
2300 1928
2300 698
2301 1602
2301 360
2301 1050
2302 2194
2302 217
2302 1978
2302 2092
2302 1230
2302 1279
2303 232
2303 92
2303 925
2305 1127
2305 1975
2305 332
2305 1071
2306 83
2306 282
2307 1233
2307 1029
2307 395
2308 834
2308 837
2308 1430
2308 154
2308 1773
2308 62
2309 2128
2309 1477
2309 438
2309 1624
2310 1860
2310 1286
2310 1913
2310 1786
2311 1491
2311 1382
2311 118
2311 1495
2311 697
2311 1901
2312 144
2312 225
2312 963
2312 101
2312 1926
2313 262
2313 1660
2314 2005
2314 1244
2314 1357
2314 30
2314 1375
2315 66
2315 661
2315 856
2315 1469
2315 1214
2315 1151
2316 1398
2316 855
2316 105
2316 186
2316 139
2316 2044
2317 1952
2317 1205
2317 502
2317 1384
2317 349
2317 1981
2318 1168
2318 422
2318 632
2318 798
2320 1696
2320 610
2320 674
2320 893
2320 495
2321 1744
2321 369
2321 955
2321 1374
2321 1791
2321 415
2323 1200
2323 1585
2323 450
2323 1492
2323 1566
2323 846
2324 32
2324 289
2324 1076
2326 308
2326 1413
2329 1200
2329 835
2329 1718
2329 1097
2330 374
2330 1543
2330 1016
2330 616
2331 19
2331 1321
2331 379
2331 1787
2331 1951
2332 1776
2332 209
2332 1249
2332 843
2333 1843
2333 1293
2333 1342
2334 902
2334 1542
2334 1383
2334 1610
2334 378
2334 1519
2338 1697
2338 1379
2338 211
2338 748
2338 1324
2338 46
2339 2048
2339 813
2339 830
2340 1382
2340 91
2340 893
2341 2083
2341 2058
2341 220
2341 1630
2342 2146
2342 1910
2342 1655
2342 171
2342 715
2342 30
2343 1340
2343 1374
2344 494
2344 47
2345 739
2345 1881
2345 1917
2345 2013
2345 1517
2346 1396
2346 1492
2346 469
2346 1033
2346 1342
2346 1422
2347 1618
2347 802
2347 2179
2347 1382
2347 1415
2347 137
2350 1568
2350 1509
2351 849
2351 225
2351 1685
2351 903
2351 2138
2351 1355
2352 897
2352 757
2352 805
2352 265
2352 1194
2353 32
2353 992
2353 1267
2353 631
2353 1818
2353 286
2354 951
2354 793
2354 1804
2354 909
2354 254
2356 1633
2356 1112
2356 619
2356 2109
2356 1613
2357 1697
2357 645
2357 1223
2357 508
2357 1918
2358 1120
2358 1852
2360 1827
2360 1332
2360 1285
2360 1080
2360 9
2360 62
2361 558
2361 1070
2361 2159
2363 545
2363 2081
2363 841
2363 42
2363 2044
2365 1891
2365 1029
2366 835
2366 694
2366 7
2367 836
2367 821
2367 1117
2367 1821
2368 1673
2368 1148
2368 77
2368 862
2369 965
2369 1605
2369 280
2369 44
2369 1325
2369 2078
2370 1559
2370 1159
2370 490
2370 1436
2370 1340
2371 1175
2371 567
2371 744
2371 1897
2371 1821
2371 2014
2372 737
2372 1474
2372 1686
2372 1224
2372 93
2372 1199
2373 1136
2373 610
2373 997
2373 2008
2373 1961
2374 548
2374 69
2374 1097
2374 314
2374 2010
2374 957
2375 1310
2375 367
2375 447
2377 1927
2377 392
2378 1363
2378 1427
2378 1028
2378 521
2378 27
2379 1349
2379 869
2379 903
2379 1930
2379 526
2380 1520
2380 1922
2380 1477
2380 1319
2380 56
2380 1951
2381 114
2381 690
2381 1378
2381 921
2381 235
2383 1207
2383 1630
2383 2143
2384 790
2384 284
2386 2161
2386 1202
2386 2056
2386 1036
2386 350
2387 1620
2387 441
2387 843
2387 1807
2388 896
2388 1987
2388 1221
2389 355
2389 1731
2389 293
2389 503
2389 266
2390 1282
2390 1363
2390 781
2390 2030
2390 303
2392 227
2392 682
2392 587
2393 1092
2393 376
2393 1786
2394 2116
2394 740
2394 264
2394 2156
2395 1713
2395 868
2395 1557
2396 1073
2396 1347
2397 771
2397 37
2397 822
2397 952
2397 1071
2398 868
2398 550
2398 678
2398 632
2398 600
2398 1097
2399 897
2399 413
2401 2196
2401 900
2401 317
2402 2057
2402 2204
2403 2004
2403 772
2403 1735
2403 984
2403 1224
2403 491
2404 1480
2404 760
2405 633
2405 2012
2406 982
2406 1448
2407 464
2407 1201
2407 1479
2407 1960
2407 1517
2408 1241
2408 281
2408 2185
2408 141
2409 1669
2409 174
2409 1583
2410 978
2410 1010
2410 726
2410 1991
2410 1304
2410 1817
2411 608
2411 1894
2411 1831
2411 151
2411 283
2411 1324
2412 1568
2412 788
2412 508
2412 846
2413 1187
2413 164
2413 2398
2413 191
2414 917
2414 822
2414 973
2414 718
2414 2238
2414 1919
2416 1140
2416 1597
2417 2166
2417 1514
2418 528
2418 628
2418 1528
2418 2335
2419 2018
2419 914
2419 950
2419 23
2419 109
2419 317
2420 243
2420 2089
2420 1658
2420 1070
2421 1860
2421 1205
2421 504
2421 937
2421 601
2422 1923
2422 550
2422 457
2422 492
2422 1884
2422 574
2423 1632
2423 432
2423 404
2423 421
2423 1322
2423 78
2424 1942
2424 2103
2424 1642
2424 250
2424 2139
2425 599
2425 1002
2425 315
2426 1602
2426 34
2426 1603
2426 662
2426 120
2426 1502
2427 858
2427 1708
2427 701
2428 489
2428 1070
2429 1715
2429 2389
2429 1542
2429 457
2429 699
2430 1125
2430 2104
2430 681
2430 809
2430 972
2430 1037
2431 2168
2431 1528
2431 121
2431 413
2431 1182
2432 804
2432 2170
2432 1116
2432 317
2432 1230
2434 1649
2434 1830
2434 1852
2436 69
2436 1847
2436 440
2436 2217
2436 2013
2437 2257
2437 1078
2437 1598
2438 1763
2438 155
2438 574
2439 329
2439 1565
2439 1743
2440 352
2440 2097
2440 1779
2440 2278
2440 2014
2441 916
2441 2187
2441 236
2441 1773
2442 672
2442 1763
2442 1753
2442 1404
2442 1566
2443 211
2443 2231
2443 151
2444 1026
2444 1545
2444 1646
2444 2143
2445 656
2445 1218
2445 803
2445 1958
2445 441
2445 107
2447 1816
2447 2315
2447 1019
2447 1261
2448 1366
2448 39
2448 249
2448 1531
2448 431
2450 87
2450 1192
2450 269
2450 493
2451 470
2451 1693
2452 1555
2452 1091
2452 2357
2452 982
2453 2314
2453 380
2454 1270
2454 2383
2454 911
2455 1490
2455 1575
2455 364
2455 2334
2456 2320
2456 1924
2456 389
2456 2103
2456 234
2457 436
2457 2141
2458 869
2458 1323
2459 101
2459 2363
2460 129
2460 1061
2460 537
2460 1967
2460 1167
2462 860
2462 1341
2463 2021
2463 1577
2463 2349
2463 270
2463 1774
2464 624
2464 417
2464 1015
2464 1227
2465 994
2465 596
2465 1496
2465 1598
2465 1646
2465 2350
2466 1036
2466 621
2467 1171
2467 1238
2467 653
2467 1519
2469 1862
2469 582
2469 1111
2469 155
2469 1099
2469 332
2470 1374
2470 2174
2471 210
2471 981
2471 380
2472 2211
2472 2212
2472 1053
2473 596
2473 86
2473 553
2474 560
2474 113
2474 997
2474 1784
2474 169
2474 394
2475 601
2475 2153
2475 2092
2477 1249
2477 2284
2478 640
2478 1223
2478 2378
2479 178
2479 1379
2479 1159
2481 837
2481 1341
2482 2107
2482 828
2482 238
2483 1445
2483 887
2483 1867
2483 622
2483 1134
2484 784
2484 1558
2484 215
2484 317
2485 1507
2485 253
2485 719
2486 1309
2486 463
2488 1409
2488 978
2488 343
2490 1928
2490 715
2491 2384
2491 1750
2491 860
2492 2040
2492 1469
2492 13
2493 1346
2493 643
2493 1797
2493 247
2493 745
2493 154
2494 1971
2494 422
2494 1800
2494 1325
2495 1219
2495 1651
2495 1907
2495 1877
2495 1094
2495 507
2496 1121
2496 84
2496 942
2496 2175
2497 1188
2497 181
2497 2261
2497 604
2497 1148
2497 478
2498 1008
2498 2035
2498 935
2498 1867
2498 108
2498 687
2499 1156
2499 1450
2500 1904
2500 1568
2500 753
2500 449
2500 109
2500 1678
2501 309
2501 2191
2502 1728
2502 1569
2502 1719
2502 1338
2502 907
2502 924
2503 963
2503 19
2503 415
2504 880
2504 1841
2504 1732
2504 5
2504 2197
2504 566
2505 2144
2505 354
2505 1706
2506 624
2506 958
2507 1939
2507 2345
2507 1114
2507 1771
2508 448
2508 1526
2509 17
2509 740
2509 485
2509 1014
2509 380
2509 1629
2510 1076
2510 2091
2510 524
2510 526
2510 671
2511 354
2511 856
2511 1771
2511 1071
2512 2370
2512 1804
2513 545
2513 722
2513 820
2513 870
2513 406
2514 1705
2514 141
2515 1520
2515 740
2515 1685
2515 472
2515 776
2515 266
2516 2374
2516 1463
2516 1000
2516 1645
2516 94
2517 1458
2517 1764
2517 390
2517 2329
2517 2349
2518 1173
2518 1625
2519 434
2519 1866
2520 646
2520 109
2521 1846
2521 893
2521 1071
2521 1487
2522 1792
2522 2352
2522 1170
2522 1687
2522 1342
2522 926
2523 322
2523 1225
2524 82
2524 709
2524 2102
2524 1561
2524 27
2525 34
2525 537
2525 297
2525 1086
2525 1534
2525 1550
2526 2164
2526 1157
2526 2078
2527 981
2527 2201
2527 845
2527 1710
2528 1376
2528 1011
2528 1765
2528 1046
2528 553
2530 2129
2530 1123
2530 195
2530 1383
2530 1563
2531 1714
2531 229
2531 1466
2531 812
2531 15
2532 352
2532 738
2532 1027
2532 1811
2532 1833
2533 32
2533 1185
2533 1923
2533 31
2535 226
2535 1405
2536 1284
2536 1079
2536 793
2536 511
2538 1841
2538 1121
2538 1690
2538 1370
2538 1133
2539 242
2539 341
2539 970
2539 2140
2539 2253
2540 1824
2540 2289
2540 227
2540 1704
2540 398
2541 1015
2541 539
2542 182
2542 326
2542 328
2542 2394
2542 700
2542 703
2543 1590
2543 1670
2543 377
2544 1090
2544 979
2544 1926
2544 1913
2544 1342
2544 1487
2545 1766
2545 988
2545 1214
2546 1984
2546 1537
2546 2027
2547 1348
2547 1432
2548 514
2548 1747
2548 1613
2548 751
2549 1349
2549 1400
2549 571
2549 2395
2549 827
2550 1763
2550 778
2550 1423
2551 628
2551 650
2551 1069
2551 45
2552 1559
2552 919
2552 1916
2552 412
2552 1437
2553 1586
2553 808
2553 713
2553 953
2553 426
2553 2063
2554 1570
2554 955
2554 158
2554 830
2555 896
2555 667
2556 2114
2556 1111
2556 2263
2556 1815
2556 2255
2557 294
2557 838
2557 1592
2558 560
2558 177
2558 82
2558 1495
2558 2249
2558 589
2560 499
2560 1860
2560 141
2561 1033
2561 1866
2562 1106
2562 1155
2562 1620
2562 1077
2562 890
2562 270
2563 597
2563 271
2564 1875
2564 1701
2564 117
2564 1754
2564 1325
2565 1682
2565 1301
2565 806
2566 1720
2566 1753
2567 452
2567 358
2567 1176
2567 618
2567 1982
2568 1511
2568 999
2568 760
2568 409
2568 1177
2568 207
2569 129
2569 391
2569 1271
2569 2040
2569 1038
2570 1257
2570 1917
2573 1968
2573 679
2573 731
2573 2093
2573 622
2574 2162
2574 355
2574 920
2575 36
2575 2280
2575 1595
2576 1072
2576 883
2576 344
2576 1946
2577 401
2577 1553
2577 1731
2577 2231
2577 1241
2577 1115
2578 164
2578 980
2578 230
2578 1017
2578 1758
2578 1471
2579 1001
2579 170
2580 1431
2580 734
2582 1234
2582 133
2582 1526
2582 2041
2582 74
2582 1051
2583 1264
2583 771
2583 1284
2583 597
2583 647
2584 309
2584 2246
2584 1166
2585 784
2585 193
2585 1330
2585 1011
2585 404
2585 285
2586 753
2586 1857
2586 2101
2586 774
2586 1803
2586 331
2587 1146
2587 1518
2588 1232
2588 337
2588 2081
2588 1576
2588 1741
2588 1565
2589 620
2589 1661
2590 2064
2590 355
2591 178
2591 1678
2592 775
2592 792
2592 681
2592 1389
2592 1070
2593 34
2593 1091
2593 1365
2593 550
2593 746
2593 1391
2595 2114
2595 1315
2595 311
2595 1997
2595 1823
2596 1889
2596 1301
2596 60
2596 286
2597 1344
2597 1701
2597 1174
2597 2362
2598 2384
2598 1908
2598 1705
2598 1419
2599 338
2599 1108
2600 758
2600 2219
2601 673
2601 1043
2601 1699
2601 46
2601 1055
2602 1362
2602 900
2602 941
2602 1246
2603 1529
2603 1434
2603 2078
2603 2270
2604 812
2604 2254
2605 2288
2605 2360
2607 2197
2607 262
2607 279
2607 440
2607 943
2608 2183
2608 1689
2609 2130
2609 692
2609 1205
2609 151
2609 648
2609 2393
2610 448
2610 2577
2610 1112
2610 1962
2611 1591
2611 269
2611 1790
2612 432
2612 81
2612 2487
2612 2474
2612 2044
2613 1541
2613 1543
2613 222
2614 788
2614 77
2615 1105
2615 1769
2615 1434
2616 867
2616 966
2616 2582
2616 920
2616 2346
2616 1965
2617 2257
2617 962
2617 2330
2617 2236
2618 2592
2618 1732
2618 1653
2618 2218
2619 2034
2619 1336
2619 1880
2619 1866
2619 1179
2619 1006
2620 1521
2620 1830
2620 1415
2620 392
2620 686
2620 1151
2621 240
2621 1905
2621 2405
2622 834
2622 2594
2622 566
2622 1835
2622 1565
2622 2414
2623 2564
2623 1092
2624 448
2624 513
2624 1268
2624 933
2624 1338
2624 1229
2625 1349
2625 1206
2625 1052
2625 877
2625 1951
2626 1363
2626 1395
2626 726
2627 1234
2627 1205
2627 869
2627 837
2627 392
2628 1168
2628 2438
2628 40
2628 1354
2628 635
2628 2220
2629 914
2629 387
2629 470
2629 152
2630 1873
2630 365
2631 705
2631 521
2631 2427
2631 2446
2632 338
2632 1798
2632 905
2633 1616
2633 1448
2634 1334
2634 1004
2634 2204
2635 113
2635 1704
2635 1899
2635 1775
2637 1926
2637 1031
2637 1768
2637 1385
2637 553
2637 734
2638 1844
2638 438
2638 1176
2638 1226
2638 493
2638 2494
2639 2258
2639 1117
2640 866
2640 1523
2640 1687
2640 667
2642 1047
2642 57
2642 1405
2643 2544
2643 1952
2643 1313
2643 1878
2643 1786
2644 1877
2644 1448
2644 2377
2645 896
2645 473
2646 787
2646 645
2646 630
2646 2265
2646 191
2646 1359
2647 2241
2647 1592
2647 907
2647 924
2647 413
2647 1631
2648 611
2648 1060
2648 1382
2648 2535
2648 1273
2648 2527
2649 1220
2649 41
2649 2234
2649 1932
2649 2541
2649 62
2650 436
2650 708
2650 2156
2651 641
2651 1763
2651 132
2651 1882
2651 1870
2651 2510
2652 263
2652 2538
2654 1190
2654 29
2655 470
2655 902
2656 151
2656 2492
2656 1886
2657 2195
2657 963
2657 1483
2657 1147
2658 147
2658 919
2660 1537
2660 2132
2660 1671
2660 2568
2660 701
2661 1559
2661 1929
2661 1274
2661 572
2662 521
2662 1919
2663 331
2663 779
2663 811
2663 1836
2663 622
2663 2414
2664 123
2664 1516
2664 862
2665 2177
2665 1765
2666 549
2666 394
2666 911
2667 1349
2667 1157
2667 1192
2667 158
2668 102
2668 2408
2669 2149
2669 822
2669 105
2669 173
2670 241
2670 47
2671 1049
2671 746
2672 1920
2672 1572
2672 2190
2672 2415
2673 132
2673 2558
2674 1874
2674 1066
2674 762
2674 587
2674 2044
2674 748
2675 1763
2675 533
2676 1792
2676 1488
2676 214
2676 895
2677 2119
2677 1192
2677 2136
2677 2234
2677 751
2678 2364
2678 748
2678 2140
2679 755
2679 1212
2679 766
2679 527
2680 417
2680 1315
2680 1306
2680 1660
2680 1869
2681 2017
2681 1202
2681 1236
2681 1302
2681 521
2681 2331
2682 2064
2682 339
2682 149
2682 1402
2682 235
2682 1567
2683 1250
2683 764
2684 115
2684 409
2686 209
2686 76
2687 1603
2687 2374
2687 236
2687 1149
2687 815
2688 1282
2688 1900
2689 946
2689 751
2690 930
2690 2165
2690 1047
2690 249
2690 2170
2692 496
2692 1170
2692 2068
2692 1663
2693 81
2693 2355
2693 280
2693 441
2693 2556
2693 78
2694 1585
2694 2450
2694 659
2694 441
2694 2314
2694 1435
2695 2497
2695 2562
2695 1763
2695 116
2695 397
2695 1519
2696 400
2696 311
2696 510
2697 2539
2697 1148
2697 2142
2698 370
2698 1655
2698 1101
2699 561
2699 1602
2699 2468
2699 182
2699 153
2699 2139
2700 1985
2700 342
2700 2360
2700 795
2701 2577
2701 2274
2701 194
2701 613
2701 1782
2701 647
2702 817
2702 1298
2702 2563
2702 2021
2702 1243
2703 161
2703 1443
2703 1532
2704 450
2704 228
2704 936
2704 2505
2704 1515
2705 757
2705 184
2705 1706
2705 1710
2706 2368
2706 1922
2706 2067
2706 1437
2706 2333
2706 1055
2707 2473
2707 2169
2707 1306
2707 204
2707 1501
2708 577
2708 2500
2708 1801
2708 2492
2708 925
2708 1983
2709 2142
2709 767
2710 1136
2710 1702
2710 2278
2710 1834
2710 2508
2711 1488
2711 614
2711 1431
2711 1324
2711 1230
2712 1216
2712 724
2712 1048
2712 1340
2712 1549
2713 1388
2713 638
2714 1145
2714 2268
2715 353
2715 1124
2715 1223
2715 43
2715 1739
2715 492
2716 257
2716 1624
2716 1130
2716 764
2717 1673
2717 1020
2718 1537
2718 1441
2718 1810
2718 904
2718 1387
2719 1707
2719 1182
2720 340
2720 56
2720 1529
2720 650
2721 2035
2721 1303
2721 1096
2722 1428
2722 1670
2722 392
2722 777
2722 1324
2722 1612
2723 994
2723 1541
2724 2195
2724 661
2724 1566
2725 470
2725 1369
2725 1387
2725 685
2725 1421
2726 2144
2726 960
2726 1866
2726 61
2726 1791
2727 633
2727 1531
2727 1915
2727 12
2728 2439
2728 855
2729 1537
2729 629
2729 1863
2729 10
2729 2588
2729 1998
2730 949
2730 2492
2731 1088
2731 1649
2731 1602
2731 1943
2731 361
2732 2416
2732 516
2732 2247
2732 921
2732 2219
2733 1441
2733 2438
2733 2359
2733 493
2733 1023
2734 1092
2734 682
2734 1387
2735 1057
2735 2
2735 327
2736 2517
2736 821
2736 1609
2736 2171
2736 827
2736 2541
2737 1184
2737 417
2737 1397
2737 357
2737 2326
2737 653
2738 1476
2738 1848
2738 137
2738 2558
2739 896
2739 599
2739 1835
2739 1855
2740 626
2740 2579
2740 1604
2740 2222
2741 2038
2741 170
2742 1656
2742 1881
2742 462
2742 2079
2743 898
2743 745
2743 2460
2744 2049
2744 2179
2744 2342
2744 1662
2745 1976
2745 813
2746 1178
2746 796
2746 668
2746 1933
2748 292
2748 2590
2749 212
2749 843
2750 1928
2750 780
2750 175
2751 115
2751 883
2751 1827
2752 2033
2752 913
2752 548
2752 982
2752 968
2752 922
2753 1193
2753 1130
2754 1936
2754 526
2754 1455
2755 186
2755 1165
2756 672
2756 2018
2756 1971
2756 1063
2756 684
2756 797
2757 1809
2757 710
2758 1330
2758 2265
2759 151
2759 1880
2760 1650
2760 1369
2760 2474
2760 2031
2761 2193
2761 1181
2762 884
2762 509
2763 2275
2763 1079
2764 93
2764 397
2765 311
2765 1199
2766 1044
2766 349
2767 2321
2767 2455
2767 585
2767 2315
2768 114
2768 1924
2768 874
2768 2094
2769 1520
2769 530
2769 2069
2769 1477
2770 881
2770 2539
2770 1533
2770 990
2770 814
2770 1886
2771 1241
2771 122
2771 109
2771 447
2772 913
2772 323
2772 486
2772 1944
2773 1696
2773 1585
2773 2434
2773 1732
2773 1893
2773 300
2774 2315
2774 43
2774 1596
2775 736
2775 898
2775 538
2776 725
2776 344
2776 187
2776 1468
2776 1165
2776 975
2777 768
2777 467
2777 2580
2777 245
2778 38
2778 1195
2779 659
2779 1213
2780 2272
2780 2308
2780 2357
2780 974
2780 190
2780 718
2781 1680
2781 710
2781 1304
2781 842
2781 2108
2781 269
2782 536
2782 1148
2782 1119
2783 1529
2783 1421
2783 2159
2784 27
2784 971
2786 945
2786 2221
2787 145
2787 2210
2787 2471
2787 15
2787 1055
2788 1991
2788 345
2788 1850
2788 285
2788 1341
2788 511
2790 625
2790 1721
2790 2158
2790 1967
2791 2360
2791 1085
2791 1806
2792 2002
2792 1765
2792 1286
2792 758
2792 474
2792 205
2793 1041
2793 56
2793 1742
2795 2418
2795 1094
2795 222
2796 336
2796 1539
2796 1157
2796 663
2796 1736
2797 2306
2797 500
2797 442
2798 129
2798 135
2798 1483
2798 1133
2799 2112
2799 1137
2799 964
2799 516
2800 692
2800 2677
2800 2410
2800 844
2801 829
2801 2622
2802 1282
2802 259
2802 2357
2802 1736
2802 347
2803 1525
2803 1847
2803 903
2803 2024
2803 810
2804 1859
2804 2422
2804 518
2804 1992
2804 1753
2804 43
2806 1425
2806 706
2806 2569
2807 2097
2807 2465
2807 2261
2807 92
2807 2367
2808 550
2808 1931
2809 272
2809 2598
2809 2472
2809 653
2810 2133
2810 2679
2810 459
2810 173
2811 545
2811 2328
2812 1506
2812 1567
2813 1734
2813 599
2813 1694
2814 1227
2814 269
2814 478
2815 1187
2815 2376
2815 2382
2816 2720
2816 2473
2816 203
2816 764
2816 2060
2817 1841
2817 2614
2817 744
2817 2010
2817 2622
2817 2751
2818 1568
2818 2292
2818 1604
2818 2582
2818 13
2819 2056
2819 1417
2819 89
2819 122
2819 2079
2820 1648
2820 1169
2820 2582
2820 999
2820 10
2820 13
2821 2721
2821 549
2821 1193
2821 1242
2822 2129
2822 1748
2822 2060
2824 1621
2824 2165
2824 1622
2824 630
2824 1869
2826 2503
2826 2442
2826 1963
2826 2013
2827 2036
2827 1942
2827 1561
2827 2653
2827 62
2828 567
2828 2407
2828 871
2828 2123
2828 1871
2829 2486
2829 1097
2829 415
2830 0
2830 161
2830 135
2832 1973
2832 524
2833 292
2833 1561
2833 441
2833 2411
2834 1668
2834 2183
2834 1022
2838 1008
2838 2249
2838 61
2839 1671
2839 2701
2839 765
2840 2736
2840 100
2840 1688
2840 297
2840 443
2841 1859
2841 376
2841 1274
2841 2780
2842 2041
2842 1578
2842 2571
2842 140
2842 430
2842 1055
2843 129
2843 2105
2843 2799
2844 2137
2844 2249
2844 1983
2846 848
2846 487
2848 584
2848 2314
2848 363
2848 1694
2848 638
2849 2534
2849 444
2849 1693
2850 481
2850 696
2850 744
2851 368
2851 1796
2851 1238
2851 2103
2853 992
2853 2741
2853 2618
2853 2638
2853 399
2854 759
2854 298
2854 1370
2855 1704
2855 2780
2856 1025
2856 1928
2857 2712
2857 1741
2858 2418
2858 650
2858 1434
2859 933
2859 983
2859 2540
2859 2446
2861 2471
2861 2410
2861 798
2861 1550
2862 1203
2862 227
2862 1991
2862 1080
2862 814
2862 687
2863 132
2863 71
2863 2585
2864 529
2864 18
2864 1492
2864 1179
2864 1262
2865 2452
2865 774
2867 2625
2867 804
2867 2437
2867 1862
2867 872
2867 1246
2868 1601
2868 1123
2868 2452
2868 1862
2868 702
2868 335
2869 1142
2869 958
2870 2400
2870 2006
2870 1195
2870 1198
2871 2481
2871 1235
2871 2104
2872 1569
2872 2308
2872 2168
2872 682
2872 651
2872 1086
2873 2016
2873 2066
2873 197
2873 2133
2873 1726
2874 1512
2874 1466
2875 2465
2875 1090
2875 361
2875 1243
2875 815
2876 2242
2876 52
2876 1003
2877 2720
2877 1329
2877 2388
2877 2135
2877 2587
2877 76
2878 788
2878 245
2878 1525
2878 1719
2878 1354
2878 1661
2879 1281
2879 1373
2880 2673
2880 1074
2880 1383
2880 521
2880 316
2880 1085
2881 1874
2881 2259
2881 2116
2881 2676
2881 2341
2881 1773
2882 1888
2882 2663
2882 2557
2882 958
2882 767
2882 2095
2883 1905
2883 2455
2883 2121
2883 1389
2883 142
2884 768
2884 210
2884 2264
2884 2588
2885 1682
2885 2284
2886 579
2886 2037
2886 651
2886 1438
2887 1186
2887 804
2887 1980
2887 63
2888 2420
2888 2154
2888 75
2888 1195
2888 141
2888 271
2889 1445
2889 1830
2889 216
2889 1485
2889 750
2889 223
2890 473
2890 1787
2890 1932
2891 873
2891 1454
2892 2118
2892 1833
2892 2729
2892 2062
2893 1924
2893 166
2893 438
2893 870
2893 542
2893 2238
2894 497
2894 51
2894 1846
2894 2138
2894 427
2895 1425
2895 770
2895 1063
2895 2109
2897 1107
2897 2581
2897 2023
2897 1383
2897 2008
2897 2411
2898 682
2898 266
2898 2716
2899 1817
2899 1706
2899 795
2899 1503
2899 2031
2900 2733
2900 2589
2900 61
2900 1007
2901 1616
2901 1761
2901 383
2901 1887
2901 399
2902 128
2902 2033
2902 677
2902 1032
2902 1631
2902 735
2904 2576
2904 1680
2904 756
2904 762
2904 1387
2905 1488
2905 1190
2906 506
2906 332
2907 1056
2907 2596
2907 696
2907 1898
2907 125
2907 1375
2910 2325
2910 1959
2911 306
2911 1811
2911 788
2911 474
2911 1390
2913 1896
2913 441
2913 619
2913 2557
2914 112
2914 469
2914 1771
2914 1806
2914 2270
2914 430
2915 728
2915 2222
2916 679
2916 2522
2917 1232
2917 2609
2917 2787
2917 471
2917 1368
2917 461
2918 643
2918 2243
2918 1930
2918 1133
2919 2513
2919 370
2919 1746
2919 1027
2919 423
2919 1020
2920 2227
2920 740
2920 2260
2920 2037
2920 2070
2920 2383
2921 768
2921 1251
2921 805
2921 1110
2921 460
2922 2416
2922 2471
2924 1683
2924 2104
2925 384
2925 585
2926 1795
2926 2213
2926 630
2926 2182
2926 231
2926 2190
2928 1152
2928 2353
2928 2611
2928 2264
2928 1180
2928 718
2929 2784
2929 2730
2929 1214
2930 2258
2930 1959
2930 857
2930 2379
2930 509
2930 1022
2931 786
2931 260
2931 1462
2931 1464
2931 985
2931 859
2933 114
2933 1107
2933 292
2933 853
2933 1959
2933 1275
2934 610
2934 1170
2934 516
2934 2424
2934 2104
2934 1290
2935 737
2935 2755
2935 1134
2937 1844
2937 2334
2938 2777
2938 1324
2938 349
2939 2180
2939 1256
2939 1737
2940 1008
2940 2786
2940 1218
2940 1652
2940 1719
2940 874
2941 228
2941 662
2941 2558
2942 1730
2942 742
2942 1035
2943 1926
2943 1094
2944 2164
2944 1942
2944 2153
2944 1690
2946 336
2946 1616
2946 2449
2946 1491
2946 2564
2946 2794
2947 2132
2947 1111
2947 839
2947 1803
2947 2094
2948 1524
2948 1228
2948 2780
2949 464
2949 786
2949 1732
2949 341
2949 1240
2949 2459
2950 297
2950 2667
2951 2400
2951 228
2951 1465
2953 80
2953 2177
2953 1570
2953 1837
2954 2675
2954 2375
2957 766
2957 2687
2958 1584
2958 2434
2958 1359
2958 2255
2959 2690
2959 229
2959 597
2959 758
2959 521
2959 2508
2960 1602
2960 533
2961 1950
2961 2174
2962 1200
2962 1115
2963 2496
2963 1718
2963 470
2963 2043
2963 1036
2963 1021
2964 2499
2964 2151
2964 1002
2964 1564
2965 2305
2965 204
2966 2773
2966 727
2966 2040
2966 874
2966 411
2966 2044
2967 2482
2967 1267
2967 1597
2968 164
2968 2117
2968 616
2968 702
2969 2656
2969 2243
2969 2388
2969 727
2969 2382
2969 2638
2970 2017
2970 1078
2970 2039
2970 939
2970 317
2970 2559
2972 1536
2972 1574
2972 1832
2972 2266
2972 2525
2972 382
2973 2739
2973 709
2973 507
2973 604
2973 1087
2974 2747
2974 63
2975 276
2975 2504
2975 2297
2977 2739
2977 407
2977 1929
2977 426
2977 1406
2977 1359
2978 2460
2978 2701
2980 985
2980 201
2980 1630
2981 2552
2981 2749
2981 830
2981 1790
2982 2085
2982 1031
2982 1166
2983 771
2983 1957
2983 525
2983 159
2984 2196
2984 1466
2985 2146
2985 1253
2985 1639
2985 170
2985 1646
2986 1525
2986 1063
2987 501
2987 2105
2988 145
2988 2369
2988 2069
2988 2554
2988 650
2988 2413
2989 2370
2989 551
2989 59
2990 2308
2990 1814
2990 108
2992 1169
2992 659
2992 550
2992 2073
2992 1853
2993 2211
2993 643
2993 1530
2993 763
2993 940
2994 768
2994 802
2994 995
2994 1527
2994 313
2995 1475
2995 388
2995 2248
2995 1085
2995 766
2996 1633
2996 657
2996 1346
2996 1731
2996 1335
2996 2586
2997 883
2997 2745
2997 1737
2998 343
2998 120
2998 1023
3000 1059
3000 1559
3000 1160
3000 1374
3001 1537
3001 2066
3001 2163
3001 1320
3001 2798
3002 1556
3002 759
3002 1897
3002 458
3002 1358
3004 1553
3004 2833
3004 2360
3004 1833
3005 56
3005 2107
3005 655
3006 2434
3006 1619
3006 2165
3006 886
3006 535
3006 1518
3007 1264
3007 87
3007 2535
3007 2910
3007 1198
3008 1287
3008 2667
3009 2899
3009 1591
3009 1564
3009 1374
3009 1871
3010 2598
3010 1931
3010 140
3010 1710
3011 2596
3011 2874
3013 2689
3013 244
3013 810
3013 1563
3015 390
3015 2316
3016 1241
3016 2938
3016 1308
3017 52
3017 2246
3017 633
3018 1190
3018 233
3018 2474
3018 810
3018 811
3018 2715
3019 2192
3019 1330
3019 965
3019 2013
3021 755
3021 2587
3021 686
3022 1072
3022 2867
3022 293
3022 967
3022 460
3024 176
3024 1494
3025 355
3025 580
3025 2439
3025 201
3025 842
3026 1641
3026 2745
3026 362
3026 59
3026 1500
3028 552
3028 1931
3029 1904
3029 1225
3029 2236
3030 2592
3030 610
3030 1598
3031 1302
3031 1223
3032 1761
3032 1003
3032 348
3032 2494
3032 2607
3033 2482
3033 1238
3033 221
3033 2318
3033 447
3034 518
3034 2362
3034 844
3034 2348
3034 572
3034 671
3035 1665
3035 993
3035 228
3035 1644
3035 1309
3035 1423
3036 642
3036 99
3036 2115
3036 1749
3036 730
3036 876
3037 353
3037 17
3037 85
3037 1142
3037 2203
3037 702
3038 1712
3038 631
3038 39
3038 1967
3039 1702
3039 2111
3040 1411
3040 2869
3040 1273
3040 699
3040 111
3040 1247
3041 726
3041 826
3042 2469
3042 1304
3043 1857
3043 1377
3043 1546
3043 1210
3044 1747
3044 439
3044 1485
3045 2209
3045 1187
3046 897
3046 2467
3046 1172
3046 2725
3046 2453
3046 1541
3047 2324
3047 1300
3047 1124
3047 2840
3047 779
3047 620
3048 1427
3048 1334
3048 2807
3048 1673
3048 1689
3048 2891
3049 3
3049 2548
3050 1073
3050 2677
3050 439
3050 505
3050 1338
3050 1371
3051 1392
3051 2978
3051 2083
3052 18
3052 565
3053 2466
3053 2419
3053 2772
3053 1288
3054 1264
3054 33
3054 1635
3055 1955
3055 996
3055 2680
3055 461
3056 2596
3056 2313
3056 330
3056 174
3056 1407
3057 1078
3057 2894
3057 2255
3058 145
3058 2562
3058 952
3058 1050
3058 1438
3059 131
3059 2181
3059 663
3059 2089
3059 79
3060 2176
3060 1155
3060 532
3060 1559
3061 2837
3061 2838
3061 2056
3061 2793
3061 1774
3062 1186
3062 660
3062 1864
3062 505
3062 877
3063 2562
3063 306
3063 1000
3064 210
3064 2614
3064 2747
3065 2084
3065 423
3065 2168
3065 2697
3065 1387
3066 1063
3066 2311
3067 2616
3067 1499
3067 2539
3068 1675
3068 492
3069 2995
3069 1994
3069 2090
3069 1295
3070 2386
3070 946
3070 1876
3070 2761
3070 1098
3070 1050
3071 1773
3071 2926
3072 468
3072 2879
3073 833
3073 179
3073 2213
3073 201
3074 849
3074 1457
3074 1841
3074 1060
3074 56
3074 889
3076 1524
3076 484
3076 1992
3077 18
3077 1811
3077 260
3077 1356
3078 2112
3078 2954
3078 255
3079 865
3079 850
3079 758
3079 921
3079 2860
3079 1501
3081 1186
3081 2645
3081 457
3081 394
3081 2750
3082 2993
3082 1204
3082 2326
3082 2023
3082 2343
3082 473
3083 1974
3083 2860
3084 889
3084 687
3085 386
3085 163
3085 196
3086 743
3086 1068
3088 1172
3088 2951
3088 1576
3088 1035
3088 734
3089 2006
3089 1206
3089 1320
3090 20
3090 775
3090 474
3091 443
3091 604
3092 977
3092 2753
3092 2817
3092 1578
3092 2559
3092 15
3093 2849
3093 1970
3093 2436
3093 2839
3093 1675
3094 2201
3094 2890
3094 139
3095 435
3095 2419
3095 2308
3095 2143
3096 1584
3096 467
3096 1981
3096 287
3096 447
3097 615
3097 535
3097 2600
3097 2122
3097 93
3097 2782
3098 2867
3098 953
3098 1129
3098 1692
3099 2965
3099 1862
3099 1418
3099 2159
3099 2831
3100 1191
3100 426
3100 2012
3100 2943
3102 2417
3102 2454
3102 2615
3102 1112
3102 2393
3102 702
3103 2052
3103 2342
3104 352
3104 2228
3104 2486
3104 2711
3105 1
3105 1139
3105 31
3106 1798
3106 1053
3107 34
3107 2057
3107 1914
3108 1606
3108 887
3108 2428
3108 1149
3108 2269
3109 1377
3109 1155
3109 1860
3109 1764
3109 503
3109 1738
3110 2208
3110 1844
3110 2871
3110 1754
3110 939
3110 2287
3112 1953
3112 2273
3112 589
3113 1430
3113 2279
3113 923
3113 2812
3113 2684
3115 2049
3115 1714
3115 868
3115 1813
3115 1692
3115 159
3116 487
3116 2265
3116 2378
3118 242
3118 685
3119 2033
3119 1443
3119 2887
3119 1675
3120 2962
3120 1650
3120 5
3120 2780
3120 319
3120 111
3121 369
3121 2882
3121 1077
3121 538
3121 1759
3122 2656
3122 2274
3122 2226
3122 1432
3122 296
3122 1049
3123 1010
3123 1220
3123 828
3123 2911
3124 2864
3124 1377
3124 689
3124 1799
3124 874
3124 477
3125 1377
3125 17
3125 2774
3125 2970
3125 1098
3125 895
3126 2155
3126 2412
3127 482
3127 1589
3127 1911
3127 2665
3128 2064
3128 2938
3129 1539
3129 1419
3129 1771
3129 2475
3130 370
3130 1207
3131 82
3131 994
3131 2564
3131 1915
3131 1422
3132 2721
3132 587
3133 1072
3133 948
3133 1399
3133 1439
3135 2625
3135 2728
3135 2648
3135 1167
3136 225
3136 823
3136 569
3136 1037
3136 1951
3138 2225
3138 1699
3138 2771
3138 452
3138 2922
3138 654
3139 1089
3139 1122
3139 1082
3139 767
3140 2498
3140 194
3140 2292
3140 395
3140 1086
3141 51
3141 2709
3142 2469
3142 775
3142 1257
3142 1998
3143 946
3143 1110
3143 503
3143 2059
3143 1740
3144 1649
3144 2500
3144 516
3144 1355
3144 141
3145 113
3145 2920
3145 557
3145 366
3145 719
3146 885
3146 679
3146 314
3146 2922
3146 60
3146 1198
3147 2020
3147 1749
3147 669
3147 1886
3148 929
3148 1646
3149 1650
3149 1571
3149 1528
3149 1532
3150 755
3150 1095
3150 1736
3150 2697
3152 2405
3152 933
3152 534
3153 1187
3153 789
3153 726
3153 986
3155 1573
3155 2582
3155 122
3155 2334
3156 208
3156 1394
3156 1127
3156 424
3156 2989
3156 1454
3157 868
3157 410
3158 55
3158 2215
3158 2604
3158 1662
3158 2158
3159 2160
3159 2998
3159 989
3160 2707
3160 2599
3160 1773
3160 2221
3160 2478
3161 1748
3161 874
3162 2915
3162 803
3162 1139
3162 217
3162 1420
3162 844
3163 2304
3163 625
3163 2241
3163 1126
3163 712
3163 223
3164 817
3164 1959
3166 724
3166 2405
3166 2183
3166 1002
3167 2947
3167 517
3167 600
3168 690
3168 1091
3168 1892
3169 2597
3169 1933
3171 961
3171 1124
3171 2500
3171 1356
3172 1895
3172 2984
3172 909
3172 1663
3173 2752
3173 2897
3173 1780
3173 1735
3173 61
3173 2750
3174 899
3174 2363
3174 1115
3174 1646
3175 98
3175 181
3175 599
3175 2233
3175 796
3175 1501
3176 2859
3176 2219
3176 1564
3176 2335
3177 256
3177 2210
3177 1320
3177 1899
3177 2668
3177 2623
3178 2866
3178 2994
3178 1272
3178 1707
3178 2239
3180 2805
3180 569
3181 2307
3181 196
3181 2229
3182 2176
3182 1280
3182 1050
3182 174
3182 671
3184 896
3184 979
3184 828
3185 1170
3185 2147
3185 835
3185 1803
3186 707
3186 196
3186 1733
3186 184
3186 604
3186 1245
3187 2944
3187 48
3187 1697
3187 1478
3187 1367
3187 2763
3188 848
3188 2022
3188 250
3188 427
3189 2385
3189 74
3190 642
3190 84
3190 2454
3190 2694
3190 569
3190 1598
3191 2737
3191 770
3191 883
3191 739
3191 2372
3192 1073
3192 1620
3192 350
3192 1263
3193 947
3193 806
3193 1883
3193 1966
3194 2161
3194 1288
3194 617
3194 2105
3195 2343
3195 1784
3195 1100
3195 2444
3195 2543
3196 803
3196 616
3196 351
3197 2113
3197 1174
3197 2171
3197 94
3198 2736
3198 797
3199 864
3199 179
3199 1030
3199 926
3200 976
3200 2837
3200 1478
3200 887
3200 712
3200 2428
3201 2624
3201 643
3201 2172
3201 2350
3202 2050
3202 194
3203 1621
3203 22
3203 2891
3205 3041
3205 1125
3205 630
3205 1238
3205 806
3205 2127
3207 3168
3207 2294
3208 2612
3208 2806
3208 1126
3208 71
3208 1439
3208 447
3209 675
3209 3076
3209 263
3209 904
3209 1898
3209 1866
3211 2158
3211 1087
3212 433
3212 997
3212 1637
3212 217
3212 2826
3213 1793
3213 1076
3213 2231
3214 1665
3214 2245
3214 952
3214 3001
3214 2158
3215 2113
3215 21
3216 752
3216 1281
3216 1634
3216 2749
3216 2045
3217 280
3217 415
3218 242
3218 2709
3218 2892
3218 716
3218 1006
3218 543
3219 1036
3219 572
3220 1652
3220 724
3220 1781
3220 2967
3220 2632
3220 2010
3221 1810
3221 2436
3221 405
3221 1865
3221 2111
3222 2896
3222 997
3223 1937
3223 1973
3223 1871
3224 2884
3224 965
3225 774
3225 360
3225 76
3226 2691
3226 3098
3226 429
3227 2242
3227 1852
3227 1054
3227 1215
3228 1570
3228 700
3229 470
3229 2765
3230 261
3230 3052
3230 988
3231 49
3231 2983
3231 904
3231 1565
3231 94
3232 2130
3232 770
3232 308
3232 1354
3232 2139
3232 2926
3233 2464
3233 2656
3233 2579
3233 2422
3233 2777
3233 2285
3234 321
3234 1518
3235 1094
3235 1722
3235 1450
3235 1226
3236 2258
3236 451
3236 2947
3236 2814
3237 2600
3237 2712
3238 2370
3238 2229
3238 1799
3238 2411
3239 820
3239 967
3239 2217
3240 2370
3240 835
3240 1139
3240 1130
3240 1277
3240 2703
3241 289
3241 2674
3241 232
3242 501
3242 1046
3242 1368
3243 1092
3243 325
3243 1593
3243 858
3243 2330
3244 1873
3244 178
3244 2037
3244 1478
3244 2327
3245 2512
3245 370
3245 116
3245 198
3245 2057
3247 528
3247 2448
3247 2099
3247 1925
3248 277
3248 1557
3248 2999
3248 410
3249 865
3249 34
3249 1298
3249 868
3249 366
3250 1985
3250 146
3250 3018
3250 1660
3250 2012
3251 2658
3251 307
3251 1766
3251 3033
3251 14
3252 673
3252 1889
3252 978
3252 675
3253 2560
3253 3143
3253 2954
3254 313
3254 137
3254 988
3254 2015
3255 2225
3255 2677
3255 3096
3255 351
3256 2003
3256 920
3256 2073
3256 1869
3256 1871
3257 1073
3257 34
3257 916
3258 2544
3258 295
3258 2263
3258 687
3258 1535
3259 912
3259 2303
3260 3104
3260 1296
3260 2049
3260 536
3260 3179
3261 16
3261 356
3261 2861
3261 1663
3262 2545
3262 2986
3262 2922
3262 655
3262 463
3263 560
3263 2099
3263 2502
3263 2088
3263 684
3264 1508
3264 2808
3266 1538
3266 2717
3267 1680
3267 482
3267 1226
3267 27
3268 1986
3268 358
3268 1830
3269 99
3269 2403
3269 214
3269 1755
3269 2348
3269 653
3270 833
3270 785
3270 1635
3270 2120
3270 3035
3270 639
3271 2944
3271 516
3271 1573
3271 2310
3271 1929
3271 315
3272 2624
3272 2305
3272 520
3272 2604
3273 2250
3273 492
3274 3056
3274 1579
3274 2283
3275 1057
3275 2129
3276 352
3276 800
3276 163
3276 3031
3276 2791
3277 1424
3277 516
3277 1178
3278 179
3278 3190
3278 2582
3279 2081
3279 819
3279 1781
3279 2631
3279 987
3279 1647
3280 2432
3280 2417
3280 2602
3280 3162
3280 1980
3281 1184
3281 1968
3281 1877
3281 23
3281 631
3281 702
3282 2179
3282 2118
3282 72
3282 2377
3282 1146
3282 1054
3283 851
3283 549
3283 2663
3284 1481
3284 3115
3284 2764
3286 211
3286 1444
3286 1124
3286 1484
3286 2127
3287 2218
3287 2875
3288 1557
3288 2889
3289 1104
3289 2851
3289 1476
3289 974
3290 17
3290 1362
3290 2998
3290 2621
3290 3055
3291 2509
3291 1470
3292 3028
3292 2358
3292 663
3292 1338
3292 1950
3292 3151
3293 1668
3293 1177
3293 1995
3293 412
3294 624
3294 1248
3294 1041
3294 2058
3295 1233
3295 1876
3295 1879
3295 73
3295 798
3296 1794
3296 2836
3296 1372
3296 2444
3296 2847
3297 231
3297 1482
3297 2158
3297 2255
3299 1170
3299 857
3300 3045
3300 2615
3300 2715
3301 2919
3301 2105
3301 474
3301 2474
3301 715
3302 2179
3302 741
3302 2746
3303 2614
3303 1021
3304 474
3304 1661
3305 1892
3305 2598
3305 1959
3305 879
3306 35
3306 839
3306 1596
3307 935
3307 2298
3308 2162
3308 2947
3308 1062
3308 1740
3309 2996
3309 1849
3310 2354
3310 453
3310 1417
3311 357
3311 38
3311 1358
3311 734
3312 2422
3312 2152
3312 1371
3312 988
3313 849
3313 2149
3313 1324
3313 1501
3313 2062
3314 1067
3314 364
3314 957
3314 1518
3315 337
3315 163
3315 1987
3315 261
3315 1309
3315 1519
3316 2261
3316 902
3316 2904
3316 2202
3316 1519
3317 2184
3317 1016
3317 1179
3318 274
3318 2947
3320 1080
3320 2109
3320 655
3321 353
3321 2114
3321 339
3321 53
3321 613
3322 1254
3322 2055
3322 361
3322 298
3322 93
3322 2207
3323 2529
3323 1298
3323 1667
3323 772
3323 2748
3323 1453
3324 842
3324 2395
3324 939
3324 2942
3325 3024
3325 1484
3326 2849
3326 38
3326 332
3327 53
3327 406
3328 1570
3328 2021
3328 2551
3328 1082
3328 1499
3328 2141
3329 2562
3329 2343
3330 21
3330 2762
3331 145
3331 1399
3331 2681
3331 1676
3332 1779
3332 2613
3332 187
3332 2526
3333 2243
3333 1971
3333 1897
3333 1690
3333 603
3334 275
3334 2371
3334 1829
3334 1157
3334 615
3334 1641
3335 1030
3335 939
3335 285
3335 542
3335 2623
3335 1247
3336 1984
3336 1986
3336 2662
3336 91
3337 945
3337 1635
3337 2136
3337 1391
3337 1007
3338 1745
3338 722
3338 655
3338 2095
3338 2175
3339 918
3339 3192
3339 2427
3340 2284
3340 1790
3341 1191
3341 108
3341 2367
3342 2066
3342 2073
3342 1562
3342 651
3344 2241
3344 481
3344 2581
3344 1079
3344 2394
3344 2157
3345 306
3345 292
3345 2889
3346 802
3346 3002
3347 881
3347 1634
3347 2915
3347 1589
3347 2504
3347 1689
3348 439
3348 583
3348 793
3348 2026
3348 2972
3348 2828
3349 642
3349 18
3350 2483
3350 1188
3350 1796
3350 1461
3351 414
3351 1199
3352 1938
3352 3044
3352 2362
3352 2796
3353 948
3353 2933
3353 1433
3353 958
3353 1071
3355 740
3355 1924
3355 1416
3355 443
3356 295
3356 1145
3356 1946
3356 1692
3356 1135
3357 1778
3357 1830
3357 1834
3357 2188
3357 1677
3359 2785
3359 2403
3359 2891
3359 445
3360 864
3360 1713
3360 2194
3360 983
3360 1308
3360 2205
3361 2441
3361 2666
3361 1643
3361 2747
3361 1867
3362 2485
3362 2712
3362 2473
3362 2588
3363 1200
3363 2073
3363 2681
3363 857
3363 2845
3363 1662
3365 2371
3365 3000
3365 109
3366 1368
3366 56
3366 568
3367 2705
3367 1409
3367 2564
3367 1786
3367 302
3368 1909
3368 1262
3369 1520
3369 816
3369 960
3369 1143
3369 633
3369 558
3370 562
3370 186
3370 2429
3370 925
3371 599
3371 107
3372 1444
3372 3188
3372 1781
3372 3179
3372 1214
3373 2258
3373 1893
3373 3066
3373 202
3373 639
3374 2130
3374 3047
3374 2937
3374 2604
3374 3167
3375 2650
3375 2475
3377 2182
3377 1960
3377 2604
3378 1655
3378 2668
3378 1197
3378 2415
3379 1091
3379 2470
3379 185
3379 1098
3379 2221
3380 1858
3380 1746
3380 1668
3380 2585
3380 652
3381 0
3381 2631
3381 520
3381 2377
3382 226
3382 3139
3383 1489
3383 1604
3383 2857
3383 490
3383 715
3383 1678
3385 2432
3385 1056
3385 1445
3385 1447
3385 1821
3385 3199
3386 691
3386 1301
3386 1976
3386 1194
3386 1068
3387 1860
3387 2568
3387 1034
3387 2347
3387 716
3388 1154
3388 1479
3388 941
3389 2432
3389 2871
3389 1007
3390 353
3390 2595
3390 1852
3392 2640
3392 2583
3392 1083
3392 1691
3392 3197
3392 734
3393 2370
3393 1524
3393 2536
3393 2044
3394 1990
3394 504
3394 2217
3394 1484
3395 2921
3395 2495
3396 2645
3396 2095
3397 2626
3397 2918
3397 2824
3397 362
3397 1051
3397 269
3398 1522
3398 867
3398 1847
3398 1497
3398 381
3399 1057
3399 1682
3399 788
3399 2292
3399 741
3399 533
3400 1920
3400 373
3400 153
3400 1930
3400 2655
3400 1551
3401 560
3401 1589
3401 1605
3401 1930
3401 603
3401 2219
3402 1761
3402 1575
3402 3289
3402 1437
3402 2063
3403 2916
3403 1365
3404 885
3404 3160
3404 363
3404 2283
3404 1742
3405 1283
3405 2742
3405 2503
3405 312
3405 1784
3405 1272
3406 256
3406 920
3406 1950
3407 1604
3407 1638
3407 887
3407 2711
3407 3210
3408 802
3408 1494
3408 1625
3408 2540
3408 31
3409 1340
3409 1231
3410 2674
3410 354
3410 2676
3410 3337
3410 3359
3410 2975
3411 888
3411 2382
3411 2782
3412 3393
3412 338
3412 2876
3413 1266
3413 1172
3414 1056
3414 2161
3414 2436
3414 2024
3415 855
3415 2139
3415 1180
3415 1980
3415 3118
3415 2751
3416 1009
3416 2338
3416 2802
3416 1931
3416 1310
3416 191
3417 3107
3417 3020
3417 494
3418 3187
3418 100
3418 247
3418 3372
3418 1246
3418 1727
3420 1040
3420 977
3420 2791
3420 333
3420 2910
3421 529
3421 3346
3421 2150
3421 2758
3422 2261
3422 394
3422 462
3423 3249
3423 1822
3424 1921
3424 3236
3424 1189
3424 3052
3425 0
3425 400
3425 804
3425 628
3425 2538
3426 1440
3426 1798
3426 1743
3426 3167
3427 2851
3427 2211
3427 2724
3427 3318
3428 1413
3428 1622
3428 3368
3428 2122
3429 2305
3429 1586
3429 776
3429 2523
3429 2959
3430 528
3430 3317
3430 1513
3430 251
3431 2372
3431 248
3431 1929
3431 270
3432 784
3432 1679
3434 912
3434 2710
3434 2086
3434 568
3434 729
3434 2301
3436 3170
3436 696
3436 2521
3436 202
3436 1291
3436 1547
3437 2144
3437 1296
3437 3204
3437 2791
3437 1016
3437 922
3439 2432
3439 689
3439 2615
3439 1645
3440 337
3440 758
3440 1415
3440 1769
3440 2495
3441 528
3441 3088
3441 2780
3441 300
3441 972
3441 1292
3442 983
3442 3065
3442 1963
3443 2394
3443 2734
3444 1634
3444 2739
3444 103
3444 1609
3444 1849
3445 1312
3445 3344
3445 2997
3445 1030
3445 760
3445 505
3446 314
3446 1579
3446 2287
3448 608
3448 229
3449 2144
3449 3122
3449 1893
3449 2058
3449 412
3449 606
3450 727
3450 2380
3450 783
3451 1184
3451 862
3452 2704
3452 529
3452 2901
3452 1039
3453 2848
3453 3108
3453 1291
3453 2844
3454 3217
3454 2230
3456 1333
3456 463
3457 635
3457 2223
3458 3190
3458 382
3459 2628
3459 36
3459 2676
3459 1721
3459 26
3459 810
3460 2226
3460 1029
3460 535
3460 2315
3460 1772
3461 1249
3461 1969
3461 387
3461 1012
3461 1529
3461 3022
3462 643
3462 3094
3462 935
3462 1783
3462 2393
3462 2538
3463 1284
3463 1333
3463 1558
3463 283
3463 589
3464 2224
3464 643
3464 804
3464 2380
3465 2193
3465 881
3465 1348
3465 793
3465 2397
3465 446
3466 519
3466 2392
3466 2490
3466 42
3466 1339
3466 2111
3468 1089
3468 1844
3468 1210
3468 3291
3468 2971
3468 2686
3469 1200
3469 2453
3469 823
3469 2702
3469 3039
3470 3314
3470 3379
3470 119
3470 2488
3470 2620
3470 943
3471 2579
3471 2200
3471 138
3471 2442
3471 1327
3472 3121
3472 1425
3472 2055
3472 1831
3474 1936
3474 2067
3474 2999
3474 894
3474 1791
3475 2642
3475 1762
3475 963
3475 2310
3475 1918
3476 211
3476 771
3476 566
3476 1165
3477 353
3477 435
3477 86
3477 200
3477 1182
3478 3347
3478 2948
3479 2131
3479 2580
3479 1588
3479 2052
3479 3303
3479 397
3480 488
3480 1353
3480 1577
3480 2572
3480 157
3480 877
3481 549
3481 748
3481 2655
3483 1008
3483 330
3483 15
3484 2993
3484 2299
3485 2438
3485 1550
3486 3200
3486 3088
3486 2913
3486 1762
3486 630
3487 1089
3487 296
3487 1501
3487 2767
3488 1458
3488 1001
3488 380
3488 2766
3489 2993
3489 2125
3491 1918
3491 2511
3492 2881
3492 450
3492 3395
3492 453
3492 2825
3492 2861
3493 897
3493 2594
3493 1141
3493 2731
3493 798
3494 1460
3494 520
3495 1040
3495 630
3496 2432
3496 1825
3496 2625
3496 131
3496 2069
3496 1548
3497 640
3497 802
3497 1642
3497 671
3498 933
3498 229
3498 2298
3499 496
3499 1471
3500 1234
3500 1795
3500 38
3500 2216
3500 1672
3500 875
3502 2242
3502 148
3502 90
3503 2148
3503 1271
3503 3368
3503 2828
3503 3341
3503 1726
3504 1056
3504 1684
3504 3146
3504 2827
3505 1800
3505 329
3505 1659
3505 2429
3505 1887
3506 2234
3506 27
3506 2924
3506 1148
3507 1746
3507 2198
3507 2188
3507 1247
3509 2208
3509 808
3509 1372
3510 1779
3510 1565
3511 817
3511 3236
3511 2665
3511 1643
3511 462
3512 2213
3512 2471
3512 2461
3513 2420
3513 294
3514 1253
3514 2872
3514 2922
3514 2461
3514 1167
3514 111
3515 240
3515 1760
3515 3050
3516 331
3516 1020
3517 1360
3517 354
3517 264
3517 1772
3518 125
3518 63
3519 2387
3519 3012
3519 3045
3519 2367
3520 1783
3520 1032
3520 3165
3521 928
3521 3223
3521 2766
3522 2060
3522 781
3523 2881
3523 102
3524 410
3524 1597
3524 557
3524 1791
3525 819
3525 92
3526 2098
3526 50
3526 1178
3526 1082
3526 1822
3527 1282
3527 2840
3527 2136
3527 410
3528 3042
3528 1458
3528 3176
3528 1802
3528 717
3529 1762
3529 2072
3529 3324
3529 1022
3530 2656
3530 468
3530 2390
3530 604
3530 269
3530 238
3531 579
3531 1862
3531 326
3531 7
3531 3263
3533 725
3533 1085
3534 2305
3534 1558
3534 1927
3535 915
3535 1142
3535 1542
3535 2278
3535 1127
3535 1274
3536 257
3536 295
3538 3045
3538 391
3538 2073
3538 795
3538 3261
3539 2627
3539 1188
3539 2267
3539 3165
3540 128
3540 2401
3540 785
3540 3142
3540 1355
3540 2316
3541 1250
3541 469
3541 486
3541 1240
3541 2078
3542 1618
3542 876
3542 2653
3542 1214
3543 1032
3543 1422
3544 160
3544 125
3545 816
3545 729
3546 2208
3546 498
3546 2148
3546 2774
3546 3223
3546 58
3547 2746
3547 205
3548 1489
3548 2844
3549 1365
3549 3302
3549 1033
3549 92
3551 385
3551 2818
3551 1172
3551 884
3551 3156
3551 2317
3552 2737
3552 661
3553 1363
3553 712
3553 3147
3554 3072
3554 1362
3554 2422
3554 1384
3554 237
3554 702
3555 322
3555 487
3555 3207
3555 1486
3555 1039
3556 2149
3556 3189
3556 1545
3556 905
3556 1322
3556 943
3557 3017
3557 714
3557 1323
3557 1086
3558 1878
3558 2766
3558 1454
3559 2689
3559 2019
3559 2407
3559 1496
3559 2859
3559 1631
3560 2624
3560 2161
3560 883
3560 3203
3560 501
3560 750
3561 1477
3561 3367
3561 25
3561 953
3561 666
3561 2030
3562 2583
3562 1705
3562 2543
3563 1028
3563 660
3563 3246
3563 1822
3563 2607
3563 1503
3564 3120
3564 1716
3564 2954
3564 1661
3564 1503
3565 948
3565 955
3565 2958
3566 2320
3566 2674
3566 2421
3566 2317
3566 2142
3566 1071
3567 1941
3567 2745
3567 878
3568 1136
3568 3057
3568 1411
3568 2202
3568 1741
3569 2992
3569 226
3569 133
3569 3098
3569 1163
3569 1439
3570 1024
3570 975
3571 497
3571 2759
3571 2430
3572 1143
3572 153
3572 665
3572 1085
3572 1343
3573 594
3573 2099
3573 2307
3573 3268
3573 1893
3574 1984
3574 370
3574 311
3574 1164
3575 2896
3575 640
3575 854
3575 2284
3576 1568
3576 433
3576 2421
3576 3183
3576 2991
3577 2278
3577 118
3577 2923
3578 1073
3578 2950
3578 3001
3578 2074
3578 2571
3579 848
3579 1102
3579 879
3580 2738
3580 1531
3581 663
3581 78
3582 433
3582 2802
3582 66
3582 2675
3582 468
3583 306
3583 3085
3583 2622
3584 385
3584 1509
3584 903
3584 1911
3584 490
3584 1404
3585 2659
3585 2582
3585 2776
3585 521
3585 2795
3585 1471
3586 2546
3586 261
3589 915
3589 3272
3589 345
3589 3210
3589 1675
3589 444
3590 1281
3590 465
3590 787
3590 1683
3590 632
3591 1684
3591 2123
3592 2113
3592 2471
3592 455
3592 2781
3593 400
3593 3283
3593 1097
3593 1195
3594 3376
3594 450
3594 3301
3595 1637
3595 2538
3595 2046
3595 2159
3595 3359
3596 832
3596 704
3596 2796
3596 588
3596 2525
3598 2546
3598 931
3598 265
3598 2383
3599 1395
3599 1901
3599 846
3600 2134
3600 1926
3600 975
3601 49
3601 2034
3601 1621
3601 2935
3601 3593
3601 1982
3602 2851
3602 68
3603 3408
3603 2673
3603 1062
3603 681
3603 42
3603 27
3604 1392
3604 1413
3604 2234
3604 172
3604 2174
3605 1219
3605 2823
3605 2839
3605 2539
3605 1003
3605 3532
3606 2983
3606 1852
3607 528
3607 2911
3608 2433
3608 1573
3608 1237
3608 2536
3608 2810
3609 2723
3609 1623
3609 1560
3610 497
3610 3090
3610 40
3611 1872
3611 466
3612 673
3612 3348
3612 1641
3612 1290
3613 2209
3613 916
3613 2694
3613 2591
3613 1423
3614 52
3614 1615
3615 1947
3615 3003
3615 1245
3615 2925
3615 1775
3616 3141
3616 1804
3616 3151
3617 1330
3617 1874
3617 3252
3617 1461
3617 2037
3617 3333
3619 145
3619 2418
3619 170
3619 2975
3620 2011
3620 1727
3621 1264
3621 1923
3621 2839
3622 1664
3622 3537
3622 2872
3622 779
3622 1117
3622 1599
3623 1637
3623 3573
3623 2167
3624 2016
3624 2323
3624 3332
3624 41
3624 843
3626 1808
3626 2489
3626 2490
3626 475
3626 28
3626 623
3627 530
3627 2886
3627 2815
3628 2064
3628 900
3628 1112
3628 3498
3628 2396
3629 1504
3629 2660
3629 2391
3629 2283
3630 2615
3630 2027
3630 1133
3631 1841
3631 1426
3631 2627
3631 2388
3632 128
3632 2819
3632 2345
3632 2060
3633 400
3633 3360
3633 2432
3633 1666
3633 1590
3634 3104
3634 3585
3634 1826
3634 2679
3634 2204
3634 3533
3636 2982
3636 3083
3638 2402
3638 1401
3638 489
3638 1629
3639 779
3639 973
3640 785
3640 1411
3640 166
3640 1738
3640 2173
3641 1760
3641 3397
3641 1785
3641 1119
3642 401
3642 2467
3642 2858
3642 2075
3642 2957
3642 1245
3643 2551
3643 2558
3644 816
3644 2596
3644 1207
3644 618
3644 1898
3645 2240
3645 2901
3645 1397
3646 2848
3646 1444
3648 2512
3648 3493
3648 3397
3649 1878
3649 2343
3649 3404
3649 300
3649 2751
3650 2192
3650 1078
3651 464
3651 2443
3652 2048
3652 2753
3652 1507
3652 2485
3653 1888
3653 536
3653 3578
3653 907
3653 815
3654 279
3654 2590
3654 2111
3655 1425
3655 1364
3655 3304
3655 2812
3655 1452
3656 352
3656 3256
3656 2538
3656 1151
3657 2944
3657 2386
3657 98
3658 756
3658 2876
3658 2460
3659 1360
3659 1338
3660 2132
3660 55
3660 1673
3661 1060
3661 359
3661 1231
3662 2355
3662 1772
3663 1073
3663 1017
3663 986
3663 2714
3663 3084
3665 2514
3665 1122
3665 2985
3665 186
3666 2647
3666 3323
3666 1918
3666 2942
3667 2441
3667 1739
3667 765
3667 3391
3668 888
3668 1820
3668 1309
3668 1471
3669 706
3669 565
3669 1225
3669 1788
3670 657
3670 567
3670 3597
3671 598
3671 1609
3671 2313
3671 509
3671 2254
3672 2608
3672 737
3672 305
3673 2640
3673 1362
3673 2402
3673 1400
3673 2475
3673 2014
3674 2609
3674 434
3674 1855
3675 1602
3675 1316
3675 2279
3675 600
3675 1882
3675 159
3677 3129
3677 1308
3677 2031
3678 976
3678 1010
3678 485
3678 2261
3678 204
3678 751
3679 1336
3679 1564
3680 2683
3680 2716
3681 3376
3681 2336
3681 1923
3681 2102
3681 6
3681 925
3683 1664
3683 1508
3683 2471
3684 211
3684 725
3684 778
3684 1180
3685 1202
3685 2235
3686 1368
3686 2732
3686 46
3686 3214
3686 815
3687 1296
3687 210
3687 1762
3687 1363
3687 278
3687 1196
3688 994
3688 93
3689 1774
3689 399
3690 2868
3690 1752
3690 2152
3690 2028
3691 1447
3691 397
3692 520
3692 635
3695 336
3695 1219
3695 2326
3695 701
3696 688
3696 2592
3696 2150
3696 3595
3697 3365
3697 1534
3698 400
3698 1234
3698 725
3698 3031
3698 1369
3698 2282
3699 2723
3699 1925
3700 2673
3700 2162
3700 3324
3700 2557
3700 686
3701 2801
3701 1466
3701 2235
3702 3314
3702 388
3702 1172
3702 3591
3702 1015
3704 2544
3704 2112
3704 133
3704 254
3704 1359
3705 2066
3705 1540
3705 1193
3705 2255
3707 1491
3707 2861
3708 3127
3708 2794
3708 2938
3709 2083
3709 355
3709 3171
3709 3572
3709 2117
3709 2988
3710 84
3710 119
3710 2730
3710 3243
3710 2255
3712 1877
3712 232
3712 9
3713 342
3713 2265
3714 2932
3714 2295
3714 2359
3715 901
3715 2223
3716 288
3716 3369
3716 1594
3717 2615
3717 1128
3717 2137
3717 1053
3717 686
3719 688
3719 2865
3719 3414
3719 236
3719 3342
3719 1279
3720 1268
3720 855
3720 60
3720 2076
3722 1944
3722 1166
3723 3569
3723 1492
3723 1801
3724 1344
3724 2481
3724 1336
3724 3054
3725 3200
3725 2832
3725 230
3725 2538
3725 1135
3726 1220
3726 1047
3726 3303
3726 2638
3727 2386
3727 3210
3727 318
3728 1924
3728 2619
3728 140
3729 2817
3729 1154
3729 1106
3729 2778
3729 2795
3729 1997
3730 2072
3730 3274
3730 3179
3732 2736
3732 3394
3732 3225
3732 2346
3732 2684
3733 464
3733 2144
3733 931
3733 2876
3733 526
3734 738
3734 2386
3734 1171
3734 3062
3734 1142
3734 282
3735 1204
3735 3561
3735 204
3736 98
3736 2263
3736 767
3737 834
3737 2242
3737 3335
3737 2855
3738 594
3738 1283
3739 1808
3739 2354
3739 2436
3739 2713
3739 3485
3739 1790
3740 32
3740 3270
3740 842
3741 1473
3741 3218
3741 694
3741 89
3741 1227
3742 3008
3742 1457
3742 1891
3743 320
3743 97
3743 820
3743 1402
3743 1567
3743 2287
3744 2634
3744 1035
3744 2846
3745 1088
3745 2135
3745 3500
3745 1519
3746 1811
3746 1224
3746 170
3746 3402
3746 1306
3747 2480
3747 65
3747 2509
3748 889
3748 1834
3748 508
3749 677
3749 1558
3749 1243
3749 3533
3749 750
3750 1590
3750 3131
3751 3576
3751 1148
3752 3
3752 2632
3752 3017
3752 2046
3752 1439
3754 2401
3754 2210
3754 2835
3754 804
3754 2679
3754 2107
3755 288
3755 935
3756 177
3756 3362
3756 1847
3757 1473
3757 1607
3757 2236
3757 604
3758 1622
3758 1047
3758 168
3758 3547
3759 660
3759 2568
3759 1406
3760 3588
3760 1285
3760 2087
3760 3565
3761 2469
3761 1893
3761 1803
3761 846
3761 2398
3763 3525
3763 2326
3763 1754
3764 1217
3764 3379
3764 2564
3764 1190
3764 1894
3764 1994
3765 332
3765 764
3765 3420
3766 3108
3766 276
3766 1385
3766 810
3768 3072
3768 808
3768 2824
3768 2829
3769 1635
3769 2360
3769 92
3769 1086
3769 2479
3770 3059
3770 2073
3770 2890
3770 476
3771 1650
3771 1638
3771 1723
3771 1404
3772 1862
3772 423
3772 3144
3772 1784
3772 1674
3772 1069
3773 2772
3773 3003
3774 2385
3774 34
3774 1814
3774 3112
3774 218
3774 445
3775 545
3775 2147
3775 3253
3775 313
3776 2688
3776 2612
3776 59
3776 1229
3776 1646
3777 1474
3777 756
3778 2464
3778 2323
3778 3444
3778 1049
3778 3081
3778 1307
3779 433
3779 274
3779 3558
3779 3287
3779 2520
3780 225
3780 1858
3780 3474
3780 2755
3780 1270
3781 3456
3781 966
3781 1911
3781 3550
3782 1408
3782 1157
3782 2794
3783 2565
3783 662
3783 3446
3783 1081
3783 3178
3783 636
3784 869
3784 329
3786 2609
3786 3198
3786 159
3787 836
3787 591
3788 2099
3788 1722
3788 1261
3788 2557
3789 1969
3789 2178
3789 1258
3789 3419
3790 1577
3790 1433
3790 714
3790 222
3791 70
3791 1390
3793 792
3793 2025
3794 52
3794 2534
3794 775
3794 2636
3794 381
3795 1696
3795 3172
3795 2217
3795 1646
3795 2510
3795 399
3796 323
3796 228
3796 3077
3796 1157
3796 872
3797 2160
3797 689
3797 3554
3797 325
3797 24
3798 2497
3798 1090
3798 724
3798 3366
3799 2883
3799 2042
3800 2066
3800 2664
3800 1002
3800 655
3801 2650
3801 3422
3801 2878
3802 1988
3802 2344
3802 217
3802 348
3803 2035
3803 116
3803 7
3803 284
3804 2513
3804 3330
3804 2451
3804 746
3804 3693
3804 430
3805 656
3805 3668
3805 2902
3805 583
3805 1943
3807 2544
3807 736
3807 2571
3807 1533
3808 2210
3808 1240
3808 1548
3808 2029
3808 1551
3809 2976
3809 1363
3809 1719
3809 2956
3810 305
3810 2366
3812 2642
3812 2726
3812 1448
3812 3774
3814 3667
3814 1828
3814 712
3814 2169
3814 137
3814 367
3815 416
3815 2465
3815 660
3815 3605
3815 1132
3816 640
3816 3345
3816 1642
3816 2364
3816 1455
3817 1601
3817 2786
3817 196
3817 378
3818 3281
3818 3330
3818 676
3818 156
3818 2319
3819 736
3819 1525
3820 688
3820 3621
3820 360
3820 1852
3820 1838
3820 1614
3821 437
3821 1339
3822 2810
3822 1947
3823 2064
3823 2578
3823 1732
3823 2950
3823 1996
3823 1262
3824 1072
3824 693
3824 2040
3824 1722
3824 44
3824 159
3825 1878
3825 345
3826 2627
3826 439
3826 2268
3826 2876
3827 1912
3827 349
3828 3585
3828 1656
3828 2093
3828 910
3829 1521
3829 3108
3829 964
3829 3044
3829 2408
3829 2186
3830 2033
3830 2706
3830 1845
3830 296
3830 1161
3830 159
3832 2625
3832 2374
3832 3628
3833 1649
3833 2674
3834 2386
3834 2163
3835 704
3835 1522
3835 2343
3835 1594
3835 3150
3837 3010
3837 2486
3837 3033
3837 685
3838 3136
3838 401
3838 2305
3838 3269
3838 1099
3838 2526
3839 289
3839 3733
3839 1594
3839 3068
3840 1824
3840 865
3840 705
3840 2532
3840 873
3840 1263
3841 1780
3841 1382
3841 681
3841 3054
3841 958
3841 223
3842 944
3842 3649
3842 3745
3842 3636
3842 1306
3842 1802
3843 928
3843 2577
3843 2769
3843 1154
3843 3749
3843 2709
3844 1136
3844 3657
3844 2810
3844 2396
3845 123
3845 814
3847 1385
3847 1484
3848 3344
3848 1956
3848 2648
3848 2953
3848 3690
3848 2063
3849 274
3849 3010
3849 675
3849 3739
3850 1605
3850 1881
3850 2684
3850 3422
3850 2991
3851 1109
3851 1449
3851 2092
3851 301
3851 1358
3851 782
3852 1761
3852 1251
3852 39
3852 3735
3852 3722
3853 1291
3853 348
3853 3647
3854 2644
3854 1852
3855 2544
3855 1466
3856 1685
3856 169
3857 3748
3857 2631
3857 184
3857 2633
3857 2185
3857 1403
3858 1011
3858 1140
3858 3304
3858 986
3858 107
3858 876
3859 3280
3859 114
3859 458
3859 3035
3860 3251
3860 2996
3860 621
3861 2760
3861 397
3862 1537
3862 643
3862 582
3862 3337
3862 2714
3864 2516
3864 903
3864 3049
3864 1899
3864 991
3865 2114
3865 1400
3865 3149
3865 446
3866 1909
3866 3753
3866 734
3866 1278
3867 2181
3867 1606
3868 1808
3868 2947
3868 2628
3868 2581
3868 471
3869 802
3869 2804
3869 1449
3869 3146
3870 70
3870 1767
3870 2216
3870 1177
3870 1999
3871 232
3871 3112
3871 2968
3871 1227
3871 3677
3872 420
3872 2213
3872 2060
3872 2733
3872 2799
3873 2632
3873 985
3873 2990
3873 462
3875 456
3875 3720
3875 2477
3876 2914
3876 2469
3876 1510
3876 2570
3876 2462
3876 158
3877 2354
3877 243
3877 1434
3877 302
3877 2239
3878 2038
3878 3627
3878 1565
3879 3121
3879 2534
3879 264
3879 3241
3879 2697
3879 3535
3880 2664
3880 409
3880 313
3880 922
3880 1562
3881 1987
3881 1726
3882 2852
3882 2854
3882 2598
3882 569
3882 2397
3883 3362
3883 1044
3883 759
3883 3594
3885 1252
3885 3078
3885 1065
3885 2555
3885 3133
3886 1408
3886 2049
3886 2580
3886 2317
3886 831
3887 208
3887 740
3887 2485
3888 1444
3888 2309
3888 1205
3888 633
3888 3177
3889 2326
3889 966
3889 1992
3889 1931
3889 1451
3889 476
3891 2800
3891 1474
3891 2147
3891 3749
3891 875
3891 411
3892 2723
3892 3004
3892 621
3893 707
3893 59
3893 284
3895 848
3895 3591
3895 1450
3895 2254
3896 2449
3896 2359
3897 1784
3897 3469
3898 2593
3898 3244
3899 3732
3899 309
3899 3206
3899 2502
3899 317
3900 2128
3900 101
3900 2156
3900 3516
3900 1534
3900 3535
3901 3554
3901 755
3901 1300
3901 2939
3901 3340
3901 1070
3902 1280
3902 145
3902 2403
3902 360
3902 937
3902 2571
3903 1640
3903 696
3904 2513
3904 3094
3904 3671
3904 971
3904 1645
3905 3184
3905 2400
3905 3076
3905 359
3905 3693
3906 1571
3906 1013
3906 601
3906 618
3906 492
3906 3725
3907 1522
3907 1123
3907 421
3907 873
3908 2662
3908 3241
3909 2739
3909 2493
3910 3238
3910 2878
3911 2019
3911 2677
3911 3770
3911 1291
3912 3249
3912 2417
3912 1922
3912 1332
3912 2263
3912 988
3913 210
3913 3
3913 1300
3913 3333
3913 2661
3913 428
3914 2945
3914 1237
3914 2631
3914 3241
3914 2571
3914 1423
3915 1843
3915 71
3915 1514
3915 1134
3915 3422
3916 1170
3916 1220
3916 2900
3916 1751
3916 3208
3917 2865
3917 2081
3917 1811
3917 1208
3917 3580
3918 2465
3918 1319
3918 184
3918 142
3919 2199
3919 2905
3919 1802
3919 2284
3920 505
3920 971
3920 1260
3921 3633
3921 2773
3921 1894
3921 873
3921 1786
3921 3757
3922 569
3922 2107
3923 3105
3923 1526
3923 2550
3924 3316
3924 7
3924 2587
3924 2847
3925 2181
3925 2439
3925 2780
3926 817
3926 1235
3926 2611
3926 1108
3926 2414
3929 2852
3929 1204
3930 3360
3930 721
3930 385
3930 2328
3930 2891
3930 3773
3931 2185
3931 1374
3932 2051
3932 532
3932 2841
3932 1998
3933 3697
3933 99
3933 2900
3933 567
3933 1543
3933 3452
3934 3502
3934 2143
3935 2048
3935 1125
3935 2469
3935 2569
3935 2827
3935 543
3936 3447
3936 1945
3936 1546
3937 3776
3937 2906
3937 2027
3938 3368
3938 2280
3938 1705
3938 1787
3939 353
3939 1779
3939 2712
3939 1129
3939 1946
3939 2971
3940 850
3940 1527
3940 1880
3940 1434
3940 1086
3941 3442
3941 905
3941 315
3941 1931
3941 1675
3941 2414
3942 433
3942 3779
3942 3237
3942 1049
3942 1003
3943 1606
3943 3626
3943 2299
3943 683
3943 2110
3944 3585
3944 516
3944 3110
3946 3734
3946 922
3946 2314
3946 3738
3946 3596
3947 803
3947 773
3947 1116
3947 3325
3947 1471
3948 2768
3948 3036
3949 2642
3949 3219
3949 2856
3949 729
3950 2834
3950 41
3950 3614
3951 993
3951 18
3951 135
3951 265
3951 876
3951 1247
3952 277
3952 151
3952 3100
3952 462
3953 2818
3953 132
3953 902
3953 2460
3953 2062
3953 767
3954 2727
3954 3256
3954 591
3954 767
3955 3296
3955 3144
3956 3296
3956 3106
3956 53
3956 456
3956 2251
3957 3303
3957 2909
3958 1584
3958 866
3958 3479
3959 2929
3959 3636
3959 1846
3959 2172
3960 1363
3960 2936
3960 73
3960 2922
3960 1867
3961 3504
3961 1480
3961 3307
3961 1487
3962 1872
3962 2454
3964 1528
3964 1593
3964 57
3964 3085
3964 3726
3966 3620
3966 693
3967 498
3967 3412
3967 2966
3967 2090
3967 2011
3967 31
3968 1174
3968 1485
3968 990
3968 2735
3969 886
3969 3146
3970 3490
3970 2362
3970 846
3972 3345
3972 2289
3972 1240
3972 2875
3973 1744
3973 774
3974 2628
3974 2772
3974 3286
3974 3486
3974 1695
3975 3782
3975 2902
3975 974
3976 3110
3976 232
3976 111
3977 1113
3977 2030
3977 3454
3977 1199
3977 1535
3978 3287
3978 2157
3979 1143
3979 2520
3980 592
3980 3137
3980 2682
3981 1693
3981 1358
3982 881
3982 1479
3983 3713
3983 1346
3983 2501
3983 1656
3983 571
3984 3586
3984 2226
3984 1430
3984 616
3984 367
3985 2865
3985 997
3986 1603
3986 2484
3986 36
3986 2183
3986 2904
3986 1885
3987 3669
3987 2775
3987 567
3987 3673
3987 3514
3987 699
3988 3127
3988 3259
3988 3084
3988 1437
3988 1230
3989 1491
3989 996
3990 1152
3990 1734
3990 3549
3990 2846
3990 942
3992 2461
3992 2430
3993 3303
3993 2604
3993 3564
3994 2837
3994 2233
3994 1289
3995 449
3995 2279
3995 1225
3995 3069
3996 3744
3996 775
3996 1143
3996 1144
3996 1769
3996 603
3997 420
3997 1925
3998 739
3998 981
3998 842
3998 1339
3999 850
3999 838
3999 1640
3999 346
4000 545
4000 2667
4001 2163
4001 2551
4001 330
4001 3405
4002 544
4002 2062
4002 2126
4003 672
4003 3289
4003 1951
4004 3567
4004 175
4005 1984
4005 3620
4005 3497
4005 332
4005 2397
4006 192
4006 3715
4006 2551
4006 328
4007 2858
4007 3934
4008 1987
4008 3447
4008 2797
4009 834
4009 3016
4009 152
4009 2783
4010 1362
4010 1846
4010 839
4010 3400
4010 1258
4011 3780
4011 1365
4011 3224
4011 813
4013 2704
4013 2216
4013 3806
4014 36
4014 1653
4014 2297
4014 3021
4015 2133
4015 223
4016 705
4016 3688
4016 1324
4017 2264
4017 1291
4017 235
4018 3249
4018 1173
4018 1541
4018 1050
4019 2528
4019 1152
4020 3440
4020 3107
4020 693
4020 1862
4021 3796
4021 741
4021 2709
4021 1321
4021 3003
4021 3212
4022 1157
4022 102
4022 2743
4022 216
4022 2779
4022 2491
4023 2592
4023 336
4023 2946
4023 1797
4023 3077
4023 886
4024 934
4024 3871
4025 945
4025 455
4025 3513
4027 3217
4027 3253
4027 439
4027 72
4027 155
4027 2956
4029 482
4029 742
4029 2551
4029 1049
4029 924
4032 1153
4032 1394
4032 1043
4032 221
4032 2111
4033 99
4033 1909
4033 3022
4034 1216
4034 288
4034 3875
4034 613
4034 1352
4034 3739
4035 457
4035 3514
4035 1340
4035 2573
4036 880
4036 384
4036 3522
4036 3930
4037 369
4037 3729
4037 1492
4037 554
4037 2141
4038 403
4038 1798
4038 2746
4038 1871
4039 3521
4039 179
4039 3140
4039 3290
4039 590
4040 784
4040 468
4040 3110
4040 2759
4040 557
4040 3951
4041 3380
4041 1607
4041 2167
4041 2183
4041 3096
4041 266
4042 3637
4042 584
4042 2876
4042 2253
4043 88
4043 1470
4044 2835
4044 2092
4044 2269
4045 1525
4045 646
4045 941
4045 3422
4045 2990
4046 3346
4046 647
4046 1448
4046 507
4047 580
4047 1991
4047 346
4047 1498
4047 1390
4048 3763
4048 3861
4048 2933
4048 267
4048 2636
4049 3840
4049 3409
4049 2850
4049 2307
4049 3544
4049 3150
4051 800
4051 776
4051 2409
4051 3898
4051 207
4052 1617
4052 1364
4052 3768
4053 1000
4053 1790
4053 3983
4054 2051
4054 35
4054 2324
4054 714
4054 700
4054 990
4055 2929
4055 2673
4055 3299
4055 3940
4055 2190
4055 974
4056 1568
4056 2402
4056 2355
4056 3398
4056 3981
4057 33
4057 1495
4057 3577
4058 257
4058 2910
4059 1346
4059 3363
4059 2260
4059 3686
4059 2248
4060 692
4060 2885
4060 1626
4060 1354
4060 173
4061 2162
4061 2322
4061 3251
4061 3767
4061 441
4061 1980
4062 2467
4062 3671
4062 3210
4062 1451
4063 69
4063 2566
4063 2918
4063 3930
4063 3994
4064 406
4064 3673
4064 317
4065 2173
4065 3022
4066 2070
4066 3174
4066 24
4066 1725
4066 511
4068 3620
4068 310
4068 1801
4068 3241
4069 1939
4069 1972
4069 1621
4069 1832
4069 2665
4071 3713
4071 1272
4071 3563
4071 380
4071 2478
4072 66
4072 115
4073 2258
4073 1638
4073 3135
4074 978
4074 3093
4074 1039
4075 660
4075 1050
4075 859
4075 780
4076 1688
4076 1513
4076 2542
4076 335
4077 1944
4077 41
4078 1090
4078 19
4078 1588
4078 999
4078 445
4078 2783
4079 3120
4079 2506
4080 3523
4080 1300
4080 724
4080 798
4082 295
4082 635
4082 3677
4083 2306
4083 3330
4083 2290
4083 1525
4083 3064
4083 3338
4084 3856
4084 3476
4084 3453
4085 1444
4085 695
4085 2446
4086 1921
4086 2641
4086 469
4086 3402
4086 2938
4087 2374
4087 2905
4087 764
4088 6
4088 408
4089 2660
4089 3798
4089 1819
4089 2527
4089 879
4090 212
4090 1604
4090 3141
4090 216
4090 348
4090 3519
4092 2241
4092 3687
4092 1853
4092 2926
4092 1391
4093 1138
4093 2789
4093 2555
4093 2556
4094 1940
4094 694
4094 2855
4094 2280
4094 542
4095 2896
4095 2912
4095 403
4095 364
4096 1241
4096 810
4096 668
4096 1180
4096 3054
4096 3439
4098 3170
4098 982
4098 874
4099 28
4099 2335
4100 291
4100 582
4100 2328
4100 413
4101 2545
4101 3893
4102 1889
4102 786
4102 2114
4102 1096
4102 905
4102 62
4103 1072
4103 1593
4103 1259
4103 3692
4103 2252
4104 1296
4104 3782
4104 2376
4104 2073
4104 3292
4105 3448
4105 143
4106 2001
4106 3666
4106 804
4106 2053
4106 3255
4106 3515
4107 36
4107 1446
4107 2870
4107 3303
4107 2860
4108 3554
4108 2677
4108 2393
4108 3884
4108 1598
4108 2030
4109 3714
4109 3218
4109 3833
4109 3673
4110 933
4110 182
4110 216
4111 3632
4111 2993
4111 2097
4112 2928
4112 2324
4112 1020
4112 3038
4112 1390
4112 2879
4113 3541
4113 3765
4113 3562
4113 1038
4113 3166
4114 1361
4114 311
4114 3770
4114 239
4115 1091
4115 3160
4115 3787
4115 1102
4115 894
4115 3886
4116 37
4116 1142
4116 1511
4116 3080
4116 1210
4117 401
4117 3636
4117 1818
4117 3757
4117 3679
4118 485
4118 278
4118 2521
4118 2091
4118 558
4119 1843
4119 2361
4119 811
4119 3147
4119 749
4119 1837
4121 3475
4121 1829
4121 715
4121 3484
4121 3262
4122 3808
4122 1474
4122 3290
4124 481
4124 3370
4125 1760
4125 3521
4125 1459
4125 489
4125 1515
4126 3873
4126 1314
4126 3622
4126 2090
4127 2916
4127 600
4127 1822
4127 3647
4128 2233
4128 2446
4129 1923
4129 3668
4129 1957
4129 154
4129 3339
4129 702
4130 1424
4130 2038
4130 970
4130 74
4131 1275
4131 1965
4132 312
4132 58
4133 1296
4133 2644
4133 1174
4133 602
4133 2842
4133 3533
4134 144
4134 2578
4134 358
4134 2024
4134 3387
4134 2013
4135 3964
4135 1293
4135 3678
4135 2063
4135 2335
4136 1095
4136 937
4136 538
4136 43
4136 2639
4137 3937
4137 2037
4137 3830
4137 3290
4137 1979
4137 2398
4138 2070
4138 1245
4139 3376
4139 163
4139 1829
4139 1431
4139 2108
4140 3046
4140 187
4140 651
4140 3628
4141 57
4141 986
4141 1564
4141 446
4141 127
4142 737
4142 2081
4142 3464
4142 664
4142 1208
4142 2220
4143 275
4143 3401
4143 1118
4144 1920
4144 1785
4144 831
4145 896
4145 1188
4145 1289
4146 1090
4146 458
4146 895
4147 1557
4147 3926
4147 23
4148 2886
4148 3558
4148 1656
4148 3230
4148 1007
4148 2415
4149 2995
4149 1708
4149 2335
4150 3202
4150 3266
4150 3257
4150 3513
4151 3920
4151 3728
4151 3458
4151 1526
4151 551
4151 1068
4152 3122
4152 3586
4152 3413
4152 1980
4153 2274
4153 1669
4153 2424
4153 653
4154 35
4154 1368
4154 909
4155 3138
4155 3474
4155 1956
4155 3941
4155 1221
4155 3335
4156 1267
4156 858
4156 155
4156 2188
4159 1077
4159 2905
4159 202
4159 765
4159 1407
4160 2064
4160 628
4160 1701
4160 1126
4160 1675
4161 2643
4161 3157
4161 3786
4162 547
4162 3655
4163 2114
4163 3251
4163 2437
4163 1334
4163 70
4163 2703
4165 1715
4165 2579
4165 2805
4165 1286
4165 3693
4165 1150
4166 3491
4166 3748
4166 824
4166 3241
4167 1976
4167 1374
4167 2815
4168 1473
4168 2644
4168 3813
4168 2711
4168 2137
4169 3088
4169 0
4169 3690
4169 1051
4169 3147
4170 2400
4170 1444
4170 1880
4172 2304
4172 1042
4172 1766
4172 2087
4172 3482
4172 3676
4173 3555
4173 3012
4173 1046
4174 1621
4174 2939
4174 2011
4175 532
4175 1787
4176 3138
4176 3732
4176 1992
4177 3955
4177 2297
4177 3691
4177 3420
4177 1790
4178 768
4178 3130
4178 3739
4178 1276
4179 1734
4179 1911
4179 3803
4180 3280
4180 3011
4180 38
4181 1089
4181 306
4181 1943
4181 1354
4182 2915
4182 406
4183 502
4183 682
4183 442
4183 283
4183 1180
4185 581
4185 6
4185 3417
4185 841
4185 1675
4185 46
4186 2244
4186 263
4187 1761
4187 1555
4187 3099
4188 3604
4188 668
4189 3202
4189 2054
4189 1562
4189 3418
4190 3201
4190 3700
4190 182
4190 2456
4190 361
4190 3100
4192 2432
4192 611
4192 3815
4192 3384
4192 2616
4192 606
4193 1970
4193 2262
4193 2536
4193 1244
4193 685
4194 2208
4194 2684
4194 526
4195 1618
4195 2855
4195 1211
4196 640
4196 2097
4196 2844
4196 3134
4197 337
4197 466
4197 1301
4197 3479
4197 922
4197 3162
4199 2631
4199 1576
4199 3338
4199 3930
4200 306
4200 4082
4200 921
4200 3849
4200 3610
4200 539
4202 3843
4202 3715
4202 3541
4202 2725
4202 2379
4203 3796
4203 1444
4203 888
4203 3162
4203 2379
4203 1341
4204 3634
4204 1231
4205 144
4205 358
4206 2672
4206 2256
4206 1970
4206 2169
4206 1626
4206 2348
4207 232
4207 715
4209 1460
4209 2616
4209 77
4209 3998
4210 4033
4210 3921
4210 2065
4210 2220
4212 628
4212 2362
4213 3361
4213 3540
4213 390
4213 1113
4213 668
4213 3388
4215 2786
4215 422
4215 200
4215 1071
4216 804
4216 3572
4216 3573
4216 330
4216 4140
4217 659
4217 4005
4218 1031
4218 3500
4219 3937
4219 2359
4219 2264
4219 3770
4219 205
4219 3901
4220 225
4220 3746
4220 3795
4220 154
4221 3635
4221 3203
4221 295
4221 299
4221 524
4222 3651
4222 1621
4222 213
4222 1791
4223 99
4223 4090
4223 2490
4223 1308
4224 309
4224 3433
4224 3482
4225 598
4225 2264
4225 3502
4226 2706
4226 1387
4227 1008
4227 2724
4227 1788
4227 1966
4227 3151
4228 2499
4228 4149
4228 1449
4229 2409
4229 2380
4229 2829
4229 2830
4230 3256
4230 297
4231 32
4231 274
4231 2629
4231 1679
4231 1615
4232 3287
4232 3642
4232 2380
4232 2637
4233 2374
4233 2698
4235 2402
4235 1291
4235 3485
4235 3022
4236 133
4236 1208
4236 3644
4237 481
4237 1506
4239 3907
4239 3059
4239 3915
4240 4135
4240 3005
4241 993
4241 355
4241 522
4241 61
4242 3458
4242 3942
4242 345
4242 158
4243 2384
4243 1189
4244 565
4244 1943
4244 907
4244 1518
4244 2127
4244 3807
4245 3476
4245 2134
4245 2311
4245 1162
4245 2077
4245 3567
4247 304
4247 2384
4247 3626
4248 2690
4248 1550
4249 2112
4249 3844
4249 1850
4249 1647
4250 673
4250 185
4250 3738
4250 842
4250 1021
4251 180
4251 3828
4251 823
4251 3384
4251 4076
4251 1503
4253 1408
4253 1238
4253 1196
4254 3570
4254 2718
4254 3390
4255 4176
4255 3218
4255 293
4255 2647
4255 1480
4255 1436
4256 2070
4256 3562
4256 1055
4257 1511
4257 215
4257 3693
4257 3918
4258 3446
4258 1196
4259 2336
4259 1186
4259 2054
4259 2057
4259 2985
4259 2941
4260 1376
4260 1457
4260 4118
4260 2937
4260 1865
4260 251
4261 801
4261 3091
4261 2100
4261 3526
4261 3979
4261 687
4262 3170
4262 1332
4262 665
4262 2457
4262 2253
4263 3909
4263 11
4263 543
4265 1619
4265 3771
4265 797
4266 2482
4266 3090
4266 458
4266 3547
4266 2750
4268 3632
4268 482
4268 3909
4268 2873
4268 3275
4269 1543
4269 3737
4269 314
4269 3051
4269 3791
4270 83
4270 4195
4270 3035
4271 3249
4271 3714
4271 1317
4271 61
4271 719
4271 1311
4272 2087
4272 3432
4272 730
4272 2682
4272 3627
4272 3277
4273 2802
4273 1396
4273 3511
4273 823
4273 183
4274 4163
4274 2213
4274 2711
4274 1112
4274 2299
4275 2117
4275 26
4275 2011
4276 4128
4276 2003
4276 3044
4276 2229
4276 2552
4276 3742
4277 1313
4277 1309
4278 821
4278 2022
4278 775
4278 1976
4278 2479
4279 2373
4279 182
4279 2250
4279 2234
4279 1071
4281 1026
4281 342
4281 444
4281 2990
4281 1438
4282 3449
4282 3963
4283 912
4283 4027
4283 43
4284 1738
4284 2507
4284 3948
4284 3372
4284 1182
4284 1279
4286 512
4286 2593
4286 467
4286 3960
4286 606
4286 542
4287 3105
4287 1362
4289 2407
4289 1816
4289 3944
4289 2668
4289 751
4290 1681
4290 354
4290 4082
4290 4007
4290 4046
4290 1855
4291 3481
4291 2505
4291 90
4294 1076
4294 453
4294 1176
4294 633
4294 2682
4295 2435
4295 4035
4295 2708
4295 325
4295 235
4295 3485
4296 3787
4296 4140
4298 3536
4298 4130
4298 2120
4298 2921
4298 3468
4299 1667
4299 1606
4299 127
4300 1856
4300 722
4300 3016
4300 2505
4300 2730
4300 2571
4302 417
4302 3524
4302 525
4302 943
4303 3778
4303 2483
4303 794
4304 2656
4304 1365
4304 2054
4304 1307
4304 4028
4304 3149
4305 2146
4305 4069
4305 2037
4305 1786
4305 2714
4306 1089
4306 245
4307 822
4307 1878
4307 1882
4307 3132
4307 1933
4308 100
4308 3380
4308 4031
4309 3651
4309 2457
4309 1355
4311 3252
4311 4133
4311 2431
4312 180
4312 565
4312 1542
4312 2937
4312 444
4312 205
4313 3425
4313 3953
4313 1930
4313 1308
4313 1549
4313 2798
4314 1424
4314 2500
4314 2213
4314 2172
4314 1262
4315 4054
4315 1561
4317 1745
4317 306
4317 3394
4317 1461
4317 950
4317 2124
4318 147
4318 3211
4318 4172
4318 2636
4319 2400
4319 2722
4319 2547
4319 884
4319 1879
4319 2108
4320 2195
4320 3059
4320 2548
4320 2329
4320 3114
4320 1067
4321 1186
4321 1846
4321 394
4321 253
4323 3232
4323 1398
4323 1322
4323 3023
4324 722
4324 2774
4324 2395
4325 977
4325 2705
4325 867
4325 3126
4325 2377
4325 1292
4326 3556
4326 2325
4326 90
4326 1727
4327 2696
4327 2284
4329 3216
4329 2552
4329 3070
4330 3570
4330 3676
4330 3391
4331 523
4331 2540
4331 3069
4331 3343
4332 32
4332 588
4332 2686
4334 3442
4334 4069
4334 4046
4334 2719
4334 303
4336 579
4336 2967
4336 3513
4336 857
4336 1997
4336 1374
4339 721
4339 1603
4339 1510
4339 2937
4339 1565
4339 4127
4340 3969
4340 1922
4340 1363
4340 3224
4340 264
4340 2313
4341 3398
4341 1039
4341 4127
4342 967
4342 2093
4343 178
4343 1620
4343 1525
4343 555
4343 1740
4343 2271
4344 4099
4344 1464
4346 3152
4346 40
4347 2304
4347 1184
4347 3349
4347 1974
4347 2809
4348 2320
4348 1153
4348 4070
4348 678
4349 2237
4349 2862
4350 2138
4350 1499
4351 3872
4351 3718
4351 1816
4352 4049
4352 2583
4352 716
4353 1458
4353 1394
4353 3108
4353 1399
4353 136
4353 3963
4354 738
4354 2216
4354 350
4354 111
4355 3042
4355 1490
4355 2226
4355 964
4355 2918
4355 778
4357 981
4357 2342
4357 3815
4357 1192
4357 664
4357 940
4359 2384
4359 1489
4359 933
4359 3079
4359 1689
4360 900
4360 2325
4360 823
4360 584
4360 537
4360 475
4361 1706
4361 1981
4361 1503
4362 1635
4362 659
4362 4023
4362 1639
4362 1384
4362 990
4363 4084
4363 117
4363 1225
4364 162
4364 1362
4364 2038
4364 3063
4364 3371
4366 3249
4366 257
4368 50
4368 790
4368 648
4368 105
4368 1756
4368 623
4369 2641
4369 3505
4369 1960
4369 2683
4369 3295
4370 304
4370 3527
4370 1416
4370 859
4370 959
4371 2712
4371 954
4372 3745
4372 1570
4372 2776
4372 443
4372 1725
4373 1626
4373 3339
4373 2829
4374 3698
4374 2840
4374 3324
4374 2365
4374 733
4374 254
4375 2564
4375 1544
4375 1355
4375 2445
4375 77
4375 3245
4377 2305
4377 2995
4377 3241
4377 3113
4377 4060
4378 1737
4378 1516
4379 3360
4379 3889
4379 1046
4379 1783
4379 2522
4379 2300
4380 1750
4380 87
4380 3177
4380 2521
4380 555
4380 1759
4381 2308
4381 2789
4381 939
4382 1782
4382 3047
4382 1018
4382 3167
4383 2704
4383 3315
4383 3699
4383 1923
4384 353
4384 3718
4384 201
4384 154
4384 2767
4385 3991
4385 1880
4385 4041
4386 2224
4386 1424
4386 3747
4386 183
4386 972
4386 1101
4387 2961
4387 1130
4389 3280
4389 658
4389 2137
4389 1369
4389 2140
4389 3372
4390 2592
4390 3409
4390 2999
4390 1129
4390 3178
4390 876
4391 3377
4391 2974
4391 2895
4392 4037
4392 1247
4393 1792
4393 3378
4393 775
4394 3648
4394 3731
4394 2486
4394 1050
4395 1157
4395 2399
4396 4065
4396 3956
4396 632
4396 2621
4396 3903
4397 3697
4397 1156
4397 349
4398 1715
4398 4037
4398 2058
4398 3979
4399 3777
4399 1397
4399 1973
4399 3276
4399 1646
4399 3295
4401 2504
4401 4296
4401 3674
4401 2490
4401 2958
4401 3823
4402 4380
4402 3580
4402 3117
4402 925
4403 1585
4403 2995
4403 3542
4403 1694
4404 3418
4404 1275
4405 3162
4405 172
4405 4061
4406 2193
4406 1491
4406 1753
4406 1963
4407 3570
4407 4181
4407 1134
4407 3471
4408 1856
4408 726
4408 3321
4409 530
4409 1418
4409 2939
4410 740
4410 1733
4410 4247
4410 3546
4410 1003
4410 2510
4411 4395
4411 1150
4411 4399
4412 98
4412 2476
4413 3328
4413 2993
4413 428
4413 1053
4413 1774
4413 2078
4416 2563
4416 1860
4416 2148
4417 1354
4417 959
4418 752
4418 1201
4418 2930
4418 4196
4418 4075
4418 1132
4419 4032
4419 1251
4419 74
4420 1026
4420 2421
4420 3717
4421 1124
4421 919
4421 600
4421 1387
4421 844
4421 2015
4422 1591
4422 4137
4422 233
4422 3739
4422 3773
4423 1587
4423 1401
4423 3961
4423 3612
4423 3166
4423 3087
4424 3601
4424 3940
4424 1604
4424 3159
4424 2680
4425 692
4425 2244
4425 1957
4425 2535
4425 1053
4425 2334
4426 1014
4426 4025
4426 3161
4426 2028
4426 2686
4427 691
4427 2102
4427 4246
4427 3706
4427 3998
4428 1733
4428 1595
4428 4157
4429 3652
4429 3327
4430 725
4430 1054
4431 16
4431 2288
4431 1047
4431 2151
4431 395
4431 3551
4432 1041
4432 3302
4432 2025
4432 507
4432 495
4433 2740
4433 1436
4434 4240
4434 133
4434 3413
4434 3902
4435 260
4435 3317
4435 1829
4435 1447
4435 1182
4436 1252
4436 280
4436 874
4436 1661
4436 4399
4440 2848
4440 4032
4440 3925
4440 3446
4441 1320
4441 2174
4442 1072
4442 209
4442 411
4442 3083
4442 3404
4443 1561
4443 652
4444 3441
4444 2649
4445 4165
4445 1942
4445 681
4445 441
4445 3805
4446 1009
4446 50
4446 4255
4447 165
4447 3478
4447 1322
4447 4074
4447 4204
4447 2126
4448 1970
4448 1243
4449 3537
4449 3569
4449 2583
4449 2343
4449 2588
4451 3680
4451 3392
4451 2179
4451 2787
4451 1518
4452 3076
4452 488
4452 1531
4452 3101
4453 312
4453 1434
4455 224
4455 3025
4455 2117
4455 412
4455 4094
4456 994
4456 2099
4456 2103
4456 3656
4457 2976
4457 2425
4457 2443
4457 1935
4457 3039
4458 3779
4458 996
4458 4245
4458 1209
4458 2683
4459 69
4459 2662
4459 534
4459 3929
4459 1001
4459 3119
4460 2121
4460 4394
4460 1403
4461 2887
4461 379
4461 1084
4461 989
4462 2064
4462 586
4462 4238
4462 2798
4463 1250
4463 358
4463 927
4463 1183
4464 596
4464 1864
4464 2955
4464 493
4464 317
4465 1873
4465 1186
4465 507
4466 3248
4466 210
4466 1955
4466 2187
4466 303
4467 1540
4467 207
4468 4256
4468 2214
4469 1968
4469 4000
4469 1088
4469 1121
4469 2390
4469 3679
4470 267
4470 2269
4471 4034
4471 838
4471 1354
4471 427
4472 2967
4472 952
4473 3474
4473 2890
4473 1230
4474 1800
4474 2587
4474 1883
4474 4334
4475 2952
4475 2779
4475 2541
4476 3425
4476 481
4476 3137
4476 1556
4476 2941
4476 1695
4477 769
4477 120
4477 1276
4477 366
4478 757
4478 4039
4478 2701
4478 3038
4478 799
4479 1876
4479 3464
4479 985
4479 2924
4479 4012
4479 2397
4480 3666
4480 3604
4480 3007
4481 880
4481 4049
4481 2627
4481 4378
4481 331
4481 959
4482 2730
4482 3531
4482 575
4483 4305
4483 1906
4483 2548
4483 2022
4483 3224
4483 1320
4484 2628
4484 3332
4484 2532
4484 3638
4484 3895
4485 1200
4485 3781
4485 4375
4485 521
4485 425
4485 110
4486 3814
4486 3881
4486 3211
4486 3339
4486 943
4486 2671
4487 4341
4487 821
4487 282
4488 3074
4488 3346
4488 457
4488 1833
4488 141
4488 1487
4489 3410
4489 2230
4489 4374
4489 3768
4489 2682
4489 1423
4490 2197
4490 604
4490 3743
4491 2563
4491 823
4491 1927
4491 2551
4491 328
4491 1258
4492 962
4492 4395
4493 3380
4493 904
4493 1453
4494 1425
4494 2803
4494 1381
4494 1388
4495 3969
4495 2150
4495 3530
4495 2844
4496 105
4496 107
4497 700
4497 3663
4498 2144
4498 3699
4498 1462
4498 906
4498 4287
4499 3784
4499 3465
4500 1697
4500 1395
4500 2152
4500 1243
4501 1387
4501 747
4502 3844
4502 3510
4503 1459
4503 4100
4503 165
4503 2997
4503 730
4504 1139
4504 1459
4504 104
4504 456
4504 1164
4505 3744
4505 1152
4505 2211
4505 1689
4505 1468
4505 1949
4506 3491
4506 2212
4506 3445
4506 1048
4506 2074
4506 2415
4507 2999
4507 3896
4507 1658
4508 2740
4508 1927
4509 384
4509 323
4509 3732
4509 2918
4509 2440
4509 1853
4510 2178
4510 2613
4510 1815
4510 1273
4510 685
4511 3009
4511 2535
4511 1483
4511 2700
4512 1656
4512 4027
4513 2865
4513 3847
4513 58
4513 1722
4513 2251
4513 1564
4514 1236
4514 3879
4514 2510
4515 752
4515 2241
4515 1699
4516 2487
4516 2265
4516 2090
4516 2139
4516 4191
4517 2193
4517 2013
4518 1424
4518 3248
4518 1475
4518 1719
4519 3475
4519 3098
4519 3291
4519 47
4519 2559
4520 2896
4520 2864
4520 3320
4520 2714
4520 1020
4522 3610
4522 2171
4522 3900
4522 3838
4523 3202
4523 2163
4523 3177
4524 3191
4524 267
4524 4271
4524 3455
4525 2208
4525 2770
4525 3300
4525 1816
4525 649
4526 50
4526 692
4526 2282
4526 1499
4526 1565
4526 1054
4527 116
4527 2949
4527 1639
4527 903
4527 1578
4527 895
4528 2945
4528 2721
4528 3682
4528 1834
4528 3995
4529 4144
4529 1345
4529 498
4529 2243
4529 1417
4530 3441
4530 1805
4530 4047
4530 4063
4531 2018
4531 3874
4531 2518
4531 1321
4531 4187
4533 306
4533 1866
4533 2218
4533 4219
4533 3550
4534 1188
4534 2957
4535 2226
4535 3140
4535 2597
4535 3467
4535 2059
4536 1696
4536 3907
4536 2109
4537 1365
4537 153
4537 4009
4538 630
4538 3000
4538 2568
4538 1417
4539 720
4539 3203
4539 2731
4539 3468
4539 940
4539 2974
4540 1602
4540 3989
4540 1017
4540 378
4540 2171
4541 3793
4541 2641
4541 1090
4541 2826
4541 3066
4541 2139
4543 50
4543 2629
4544 864
4544 3523
4544 2275
4545 3779
4545 1367
4545 3866
4545 3082
4545 334
4545 943
4546 1329
4546 4050
4546 1660
4547 3779
4547 3396
4547 1253
4548 1576
4548 3225
4549 291
4549 1592
4550 4039
4550 3640
4551 2706
4551 4344
4552 592
4552 946
4552 3667
4552 2788
4552 1543
4552 1416
4553 3360
4553 3510
4553 1097
4553 3546
4554 3896
4554 271
4555 3649
4555 3634
4555 3106
4555 2837
4555 2743
4556 1507
4556 1082
4556 2011
4557 3376
4557 33
4557 3269
4557 1606
4557 345
4557 3358
4558 1956
4558 4079
4559 369
4559 3730
4559 2036
4559 3446
4559 797
4560 947
4560 2808
4560 1307
4560 4108
4560 3198
4560 1087
4561 900
4561 2151
4561 2538
4561 2830
4562 3716
4562 135
4563 433
4563 3964
4564 336
4564 3746
4564 3348
4564 1108
4564 4039
4565 1073
4565 1962
4565 108
4565 1533
4566 1520
4566 3010
4566 966
4566 4125
4566 270
4567 177
4567 2499
4567 1356
4567 670
4568 3314
4568 2323
4568 2998
4568 1335
4568 2728
4568 1326
4569 3590
4569 1688
4569 2024
4569 3066
4569 4235
4570 106
4570 2766
4570 3455
4570 47
4571 1504
4571 1730
4571 2427
4571 3388
4571 2767
4572 3636
4572 968
4572 1817
4572 4138
4572 2332
4572 797
4574 272
4574 4146
4574 1605
4574 3142
4575 3073
4575 1906
4575 1830
4575 3353
4575 3817
4575 1290
4576 4066
4576 1666
4576 2915
4576 985
4576 3725
4577 2434
4577 2526
4578 2770
4578 2869
4578 2267
4578 1454
4580 4247
4580 1528
4580 2043
4580 1772
4580 2238
4581 3138
4581 1028
4582 2790
4582 967
4582 125
4583 3872
4583 1938
4584 705
4584 2308
4584 1215
4585 2419
4585 2250
4585 1567
4586 3013
4586 3623
4586 2047
4587 2670
4587 1710
4589 525
4589 4270
4590 112
4590 418
4590 1924
4590 3381
4590 903
4590 2876
4591 2800
4591 132
4591 2071
4592 2688
4592 2358
4592 264
4593 1168
4593 1575
4593 2811
4593 2028
4593 2767
4594 1682
4594 646
4594 887
4594 104
4594 1292
4594 1165
4595 867
4595 550
4596 146
4596 1811
4596 2790
4596 263
4596 905
4596 778
4597 3296
4597 1041
4598 722
4598 4386
4600 2850
4600 867
4601 2440
4601 2445
4602 4246
4602 731
4602 3295
4603 2609
4603 3453
4603 2846
4604 3842
4604 291
4604 1096
4606 288
4606 3105
4606 322
4606 597
4606 3787
4606 1853
4607 97
4607 2837
4607 4213
4607 2344
4607 380
4607 2494
4608 3011
4608 1812
4608 1098
4608 4539
4608 4140
4609 2619
4609 4477
4611 1104
4611 330
4612 1696
4612 1728
4612 2192
4612 2130
4612 2179
4612 2924
4613 3173
4613 4309
4614 3704
4614 3097
4614 4268
4615 849
4615 1215
4616 2774
4616 3498
4616 363
4616 2605
4616 3214
4617 3152
4617 3494
4617 2295
4618 3090
4618 1821
4618 2335
4619 426
4619 331
4619 237
4619 926
4619 2590
4620 20
4620 3781
4620 2725
4620 2198
4620 3114
4620 3742
4621 3221
4621 1031
4621 4107
4621 1246
4622 3526
4622 667
4623 3334
4623 2807
4623 2779
4623 2318
4624 1329
4624 1574
4624 637
4624 1103
4625 4327
4625 281
4626 1784
4626 3000
4626 2571
4626 4188
4626 2508
4627 618
4627 1149
4627 926
4628 4247
4628 4507
4629 3296
4629 885
4629 3609
4630 1881
4630 2349
4631 2993
4631 136
4631 4123
4631 1100
4631 911
4632 4305
4632 242
4633 3781
4633 2043
4634 3616
4634 408
4634 4108
4635 4232
4635 4297
4635 154
4635 1485
4635 2943
4636 4136
4636 2462
4636 3087
4637 1031
4637 2698
4638 3504
4638 3765
4638 1912
4638 2346
4638 1594
4639 3218
4639 1385
4639 329
4639 249
4639 3082
4639 3820
4640 339
4640 2472
4641 534
4641 4295
4641 3663
4643 1456
4643 288
4643 2377
4643 3835
4643 2604
4644 642
4644 566
4645 356
4645 1957
4645 415
4646 124
4646 1694
4646 2558
4646 1391
4646 3071
4647 529
4647 2184
4647 969
4647 622
4648 4177
4648 2211
4648 501
4648 678
4648 1143
4648 2588
4649 2176
4649 2434
4649 662
4649 4167
4649 4189
4650 1409
4650 3011
4650 3460
4650 326
4651 3378
4651 2243
4651 1717
4651 762
4651 1674
4651 206
4652 2678
4652 630
4652 460
4652 4318
4652 1999
4653 1809
4653 1124
4653 1178
4654 1508
4654 1784
4654 601
4654 2860
4655 791
4655 3369
4655 1401
4655 2126
4655 2158
4656 1168
4656 4251
4656 1180
4656 1277
4656 3566
4657 2693
4657 1562
4657 444
4657 1324
4657 4493
4658 2064
4658 3431
4658 1496
4658 4062
4659 4193
4659 2788
4659 2328
4659 4089
4659 4398
4660 35
4660 51
4660 1733
4660 1609
4660 3354
4660 3291
4661 1648
4661 1137
4661 2812
4663 4419
4663 1603
4663 2391
4663 632
4663 3279
4665 2154
4665 3453
4665 3629
4665 718
4666 1127
4666 1655
4666 619
4666 3275
4666 3455
4667 2228
4667 2683
4668 2309
4668 4375
4668 4456
4668 4543
4669 4275
4669 3972
4670 4595
4670 2267
4672 176
4672 1717
4672 1685
4672 4554
4672 1627
4672 2751
4673 3546
4673 1131
4674 4433
4674 3985
4674 4033
4674 2098
4675 2021
4675 3751
4675 937
4675 3802
4675 2956
4675 2204
4677 3984
4677 1987
4677 3075
4677 4518
4677 2041
4679 448
4679 4201
4679 425
4680 1466
4680 2539
4680 1004
4681 4131
4681 1031
4681 187
4682 2193
4682 4276
4682 616
4682 412
4683 4577
4683 4153
4683 1950
4685 597
4685 1685
4685 1910
4685 327
4685 2125
4686 3313
4686 2985
4689 2513
4689 2644
4689 4069
4689 1398
4691 4340
4691 4437
4692 2577
4692 1716
4692 2153
4692 2251
4694 370
4694 4501
4694 2137
4694 2461
4694 173
4694 2318
4695 1491
4695 4035
4696 3466
4696 4430
4697 4417
4697 3604
4697 2191
4698 2385
4698 1528
4698 2075
4698 461
4699 3473
4699 4561
4699 1415
4699 4186
4699 3611
4699 668
4700 2529
4700 1985
4700 226
4701 2273
4701 2435
4702 305
4702 4147
4702 4183
4702 2234
4702 3116
4702 1198
4704 200
4704 2219
4704 3678
4705 1603
4705 1710
4705 671
4706 3114
4706 2815
4707 3873
4707 2518
4708 2612
4708 2374
4709 192
4709 2756
4710 3744
4710 3824
4710 4501
4710 233
4710 1658
4710 3935
4711 1734
4711 2829
4712 485
4712 3958
4712 3416
4713 723
4713 1988
4713 3159
4713 1898
4713 446
4714 625
4714 393
4714 3593
4714 858
4714 4253
4714 4287
4715 3172
4715 2252
4715 172
4716 2274
4716 4222
4717 2309
4717 3734
4717 1592
4717 1753
4717 3801
4718 3217
4718 4472
4718 4445
4718 3183
4719 2822
4719 988
4720 1030
4720 2264
4720 3914
4720 3370
4720 1470
4720 2894
4721 4072
4721 4138
4721 2349
4721 31
4722 4487
4722 1704
4722 4521
4722 603
4723 2663
4723 1144
4723 1272
4723 1818
4723 3819
4723 1948
4724 3122
4724 1650
4724 445
4725 3282
4725 807
4726 2643
4726 2212
4726 4087
4726 745
4726 3884
4726 1117
4727 3115
4727 1213
4727 910
4728 1984
4728 2369
4728 2648
4728 1386
4728 2476
4728 1532
4729 929
4729 823
4729 2029
4730 2065
4730 36
4730 2661
4730 2586
4731 4404
4731 2454
4731 3094
4731 267
4732 626
4732 1459
4732 1279
4733 3200
4733 1600
4733 4307
4733 4519
4733 2026
4734 2434
4734 885
4734 2917
4734 1750
4734 4538
4734 1837
4735 4128
4735 2339
4736 2561
4736 4196
4736 2532
4736 3319
4736 1467
4737 4240
4737 22
4737 1658
4738 784
4738 2529
4738 196
4738 2647
4738 1273
4738 2476
4739 3490
4739 740
4739 1222
4739 4137
4739 1101
4739 477
4740 226
4740 3090
4740 1470
4741 2016
4741 1315
4741 2069
4741 1032
4741 3007
4743 1170
4743 4579
4743 2084
4743 3032
4743 1899
4743 717
4744 4355
4744 355
4744 649
4744 2154
4744 4478
4745 4449
4745 1986
4745 1340
4746 1459
4746 4036
4746 4156
4746 3470
4747 3723
4747 3565
4748 2979
4748 2725
4748 3593
4748 234
4748 4234
4748 4414
4749 2464
4749 3618
4749 2198
4749 570
4749 923
4749 300
4750 211
4750 4469
4750 4395
4751 754
4751 4118
4751 2393
4751 3243
4751 3133
4751 4383
4752 3749
4752 2518
4752 4410
4752 3852
4753 1283
4753 3063
4753 2155
4754 1272
4754 2490
4754 1741
4754 3582
4754 383
4755 593
4755 1365
4755 4440
4756 389
4756 4054
4757 1536
4757 3858
4757 3350
4757 3337
4758 1808
4758 2787
4758 3044
4758 3256
4758 1834
4758 1515
4759 2688
4759 2054
4759 1623
4759 1080
4759 2075
4759 2158
4760 3297
4760 3817
4760 4106
4760 3278
4762 3969
4762 2789
4762 1126
4762 1159
4762 4329
4762 3726
4763 2811
4763 2958
4763 750
4764 753
4764 3064
4764 1997
4765 2534
4765 2953
4765 1838
4766 4272
4766 2009
4766 2747
4767 4576
4767 749
4767 399
4768 960
4768 785
4768 2434
4768 4210
4768 3826
4768 4181
4769 3643
4769 3965
4770 1301
4770 3864
4770 2120
4770 2105
4771 520
4771 1209
4772 64
4772 4283
4773 434
4773 2723
4773 4245
4773 377
4773 4428
4775 2593
4775 3557
4775 534
4776 3152
4776 1362
4777 4548
4777 879
4778 817
4778 3313
4778 3050
4778 4509
4778 3455
4779 2451
4779 531
4779 1483
4781 3488
4781 3713
4781 3637
4781 1735
4781 2027
4781 1711
4782 3778
4782 978
4782 3043
4782 2325
4782 1974
4782 1548
4783 977
4783 4243
4783 1352
4783 585
4783 2991
4784 2393
4784 1357
4787 1824
4787 3829
4787 150
4787 3159
4787 1450
4787 2511
4788 1636
4788 3238
4788 3018
4788 4412
4788 47
4789 2556
4789 1037
4790 576
4790 3193
4790 2394
4791 1296
4791 724
4791 3931
4791 3038
4791 3998
4792 214
4792 12
4792 62
4793 720
4793 2230
4793 2664
4793 460
4793 1183
4794 2737
4794 882
4794 1177
4794 2221
4795 984
4795 873
4795 2778
4795 446
4796 3225
4796 2106
4796 3006
4796 3711
4797 2051
4797 2518
4797 1835
4797 492
4798 768
4798 592
4798 1651
4798 4022
4798 2170
4798 3115
4799 113
4799 339
4799 1991
4799 4471
4799 3695
4801 4353
4801 3698
4801 4757
4801 3865
4801 2891
4801 3916
4802 1505
4802 2340
4802 4439
4802 1913
4803 546
4803 2902
4803 795
4803 2668
4804 1542
4804 3543
4805 245
4805 4231
4805 3495
4805 1307
4805 3500
4805 3487
4807 4612
4807 1369
4808 4481
4808 1375
4809 4131
4809 4211
4809 3795
4810 1001
4810 1210
4811 512
4811 2714
4811 3130
4811 4588
4811 4189
4813 2976
4813 1283
4813 3350
4813 3625
4813 1532
4813 1583
4814 2219
4814 2621
4814 1341
4814 3390
4815 2885
4815 3546
4815 2700
4816 3092
4816 54
4816 839
4816 845
4816 846
4817 4689
4817 1985
4818 1002
4818 3132
4818 989
4818 3197
4820 2
4820 790
4820 911
4820 1951
4821 4248
4821 4031
4822 323
4822 4758
4822 601
4822 4253
4822 2974
4823 1
4823 2386
4823 900
4823 969
4823 1449
4823 1039
4824 1521
4824 4338
4824 1939
4824 2534
4824 3177
4824 250
4826 1172
4826 324
4826 1612
4827 1409
4827 4675
4827 3338
4827 3660
4827 1039
4828 3427
4828 4565
4828 2741
4828 2074
4828 3162
4828 2251
4829 2033
4829 743
4829 88
4829 2635
4829 3355
4831 885
4831 4213
4831 2711
4831 1449
4831 1658
4831 1390
4832 2306
4832 36
4832 1032
4832 4203
4832 3773
4833 3296
4833 592
4833 979
4833 4532
4833 4422
4833 3654
4834 3043
4834 1370
4834 4011
4835 3649
4835 856
4835 570
4835 1790
4838 81
4838 4293
4838 599
4838 551
4838 825
4839 4449
4839 3849
4839 1259
4839 4351
4839 2559
4840 2902
4840 1210
4841 96
4841 1210
4841 2877
4841 1983
4841 4271
4841 511
4842 3922
4842 709
4842 2038
4842 3639
4842 2953
4843 2295
4843 2153
4843 1881
4843 3355
4844 1297
4844 4011
4844 4556
4844 958
4845 4090
4845 4284
4845 1708
4846 1825
4846 4196
4846 3054
4847 4720
4847 1634
4847 2632
4847 4430
4848 3874
4848 4354
4848 1572
4848 746
4848 1068
4848 2461
4849 2962
4849 3635
4849 437
4849 3701
4849 3175
4849 154
4850 3472
4850 610
4850 2988
4851 4355
4851 1987
4851 4723
4851 4103
4851 104
4851 217
4852 4354
4852 3268
4852 4205
4853 4230
4853 4026
4853 3726
4853 1375
4853 3423
4854 2759
4854 60
4857 336
4857 4209
4857 2455
4857 30
4860 4437
4860 3510
4860 2232
4860 3465
4860 845
4861 369
4861 2513
4861 4612
4861 583
4861 4216
4862 3492
4862 582
4862 487
4862 1415
4862 1534
4862 718
4863 672
4863 3201
4863 307
4863 3254
4863 2249
4864 4420
4864 3769
4864 2633
4864 3946
4864 2762
4864 2491
4865 4370
4865 3015
4865 170
4865 3884
4865 3198
4865 1902
4866 3136
4866 3011
4866 4396
4866 223
4867 1205
4867 4522
4867 955
4868 2706
4868 4103
4868 3421
4869 1360
4869 1836
4869 3455
4870 753
4870 3906
4870 870
4870 2345
4870 238
4871 244
4871 2293
4871 1112
4871 3182
4871 1359
4871 3983
4875 4212
4875 3099
4875 173
4876 1778
4876 2147
4876 1700
4876 1677
4876 143
4877 3585
4877 1982
4877 751
4878 1271
4878 1965
4879 4035
4879 1223
4879 1755
4879 1211
4880 1060
4880 2827
4881 4688
4881 2177
4881 599
4881 4075
4882 1712
4882 3636
4882 2984
4882 1134
4883 800
4883 97
4883 3985
4883 2097
4883 2967
4884 3554
4884 3155
4884 4280
4884 1451
4884 2879
4884 3823
4885 1324
4885 13
4887 4289
4887 4340
4887 2248
4888 2193
4888 4052
4888 4500
4888 86
4888 2941
4889 3913
4889 623
4891 2960
4891 3457
4891 493
4891 4125
4891 4783
4892 1269
4892 4490
4893 3895
4893 4333
4894 261
4894 525
4894 2830
4895 129
4895 339
4896 1202
4896 2550
4896 599
4896 73
4896 3994
4896 442
4897 2385
4897 1749
4897 3832
4897 858
4897 2426
4898 2921
4898 3803
4898 1403
4898 3436
4898 1212
4899 4528
4899 2179
4899 2807
4899 1165
4899 4479
4900 1377
4900 4082
4900 2534
4900 4007
4900 3082
4900 1883
4901 944
4901 4722
4901 680
4901 2075
4901 1340
4901 206
4902 1312
4902 1168
4902 3288
4902 285
4902 1325
4902 4414
4903 2864
4903 3789
4903 3214
4903 3935
4905 4688
4905 3649
4905 1112
4905 3724
4906 819
4906 972
4907 2754
4907 1975
4907 4393
4908 688
4908 708
4908 3194
4908 3787
4908 606
4908 4174
4909 864
4909 258
4909 2149
4909 3967
4910 1411
4910 3609
4910 538
4910 3356
4910 4575
4910 3823
4911 4625
4911 531
4911 1319
4911 1421
4911 4189
4911 2334
4912 4688
4912 3489
4912 709
4912 181
4912 2807
4912 2943
4913 2400
4913 470
4913 4793
4913 2745
4913 1293
4915 703
4915 2351
4917 818
4917 964
4917 3848
4917 1225
4917 3948
4918 3840
4918 2656
4918 2930
4918 4082
4919 2016
4919 1784
4919 2396
4919 4798
4919 3983
4920 1109
4920 2425
4920 703
4921 1041
4921 4487
4921 3496
4921 2701
4921 1743
4921 495
4922 1091
4922 3412
4922 366
4923 240
4923 2580
4923 206
4923 3870
4923 2543
4924 1395
4924 117
4924 806
4925 1587
4925 4262
4925 2918
4925 2315
4925 253
4925 3119
4926 164
4926 1704
4926 1801
4927 1859
4927 118
4927 2489
4927 3468
4927 3149
4928 898
4928 4298
4928 3405
4929 1882
4929 1612
4930 4690
4930 2868
4930 3487
4931 3841
4931 4483
4931 772
4931 1894
4932 768
4932 562
4932 2546
4932 3596
4932 3822
4932 4047
4933 1569
4933 1681
4933 2549
4933 4216
4933 925
4933 2270
4934 1250
4934 698
4934 381
4935 1795
4935 515
4935 3908
4935 3195
4936 96
4936 417
4936 3283
4936 805
4936 4119
4936 3000
4937 1104
4937 4505
4937 2459
4937 1295
4937 3935
4938 1730
4938 3988
4938 1078
4938 41
4938 3403
4939 2368
4939 2816
4939 4433
4939 3699
4939 376
4939 4459
4940 2305
4940 1707
4941 2272
4941 291
4941 2899
4941 1343
4944 1512
4944 189
4945 1826
4945 420
4945 1739
4945 3164
4946 1906
4946 1027
4946 3942
4946 3384
4946 2990
4948 435
4948 4468
4948 1798
4948 543
4949 3570
4949 3164
4950 2696
4950 3933
4951 4307
4951 1219
4951 1302
4951 1558
4951 3167
4952 689
4952 4713
4952 1355
4952 1836
4953 4705
4953 2980
4953 3973
4953 1157
4953 2134
4954 3766
4954 4186
4954 2413
4955 3872
4955 1457
4955 3611
4956 4272
4956 2552
4956 921
4956 3834
4956 1835
4956 2636
4957 2373
4957 2024
4957 539
4958 2400
4958 3172
4958 3399
4958 1433
4958 3487
4959 2656
4959 1886
4960 4211
4960 3914
4960 1900
4960 959
4961 2709
4961 1801
4961 4057
4962 3601
4962 3494
4962 4488
4962 1114
4963 1506
4963 250
4964 1778
4964 1046
4964 2120
4964 1181
4964 4574
4965 3813
4965 120
4965 4042
4965 3034
4965 1643
4966 690
4966 2147
4966 788
4967 627
4967 2467
4967 2981
4967 810
4967 1565
4968 3856
4968 2657
4968 3174
4968 345
4968 4573
4969 3224
4969 3017
4969 4605
4970 1250
4970 1556
4970 3157
4970 3861
4970 1256
4971 4066
4971 2373
4971 229
4971 121
4971 1482
4971 3756
4973 4306
4973 3219
4973 2536
4973 1804
4973 1084
4973 1679
4974 2019
4974 174
4975 708
4975 1031
4975 3752
4975 2219
4975 1196
4976 4080
4976 2496
4976 1079
4976 1418
4977 1304
4977 3866
4977 2042
4978 4490
4978 2538
4979 1267
4979 3717
4980 1639
4980 3674
4981 2833
4981 2726
4981 1772
4981 3661
4981 2159
4982 4613
4982 2133
4983 2050
4983 3219
4983 6
4983 2424
4983 1432
4983 3882
4984 3617
4984 389
4984 1352
4984 1577
4985 2032
4985 4660
4985 1542
4985 134
4985 2845
4986 4548
4986 2421
4986 2038
4986 70
4986 2527
4986 3439
4988 3072
4988 1866
4988 670
4991 3092
4991 422
4992 1472
4992 2530
4992 3891
4992 3269
4992 1477
4992 3333
4993 4485
4993 105
4993 10
4993 3405
4993 2815
4994 1233
4994 1508
4995 1952
4995 3793
4995 4769
4996 1093
4996 3526
4996 23
4996 1913
4996 1786
4996 798
4997 4147
4997 3780
4997 2406
4997 4237
4997 3581
4997 1871
4998 3200
4998 4306
4998 4569
4998 1100
4998 4494
4999 4066
4999 392
4999 2523
4999 2844
4999 606
5000 1836
5000 4189
5000 1213
5000 4766
5000 1166
5001 2391
5001 1626
5001 3229
5001 2398
5002 83
5002 1875
5002 1847
5002 3129
5002 478
5003 112
5003 3467
5003 3327
5004 3858
5004 1396
5004 4921
5005 1297
5005 1945
5006 3793
5006 3894
5006 1174
5006 558
5007 503
5007 572
5008 3681
5008 2737
5008 4115
5008 1082
5009 1942
5009 2507
5009 1261
5009 4173
5009 735
5010 3714
5010 2244
5010 197
5010 1389
5010 3181
5011 4193
5011 4569
5011 877
5011 542
5012 1875
5012 2070
5012 2732
5012 1612
5012 3805
5012 2637
5013 2401
5013 3954
5013 1480
5013 4925
5013 4879
5014 2064
5014 4421
5015 3714
5015 3369
5015 4266
5015 2219
5015 3803
5015 2733
5016 1396
5016 4262
5016 3239
5016 317
5017 4259
5017 4393
5017 3707
5017 2414
5018 357
5018 2439
5018 1368
5018 457
5018 4121
5018 2014
5019 3994
5019 2060
5020 2951
5020 3145
5020 2057
5020 4282
5021 1703
5021 2841
5021 3738
5021 2939
5021 3997
5023 1794
5023 1221
5023 1372
5023 1678
5024 2659
5024 1587
5024 1444
5024 4740
5024 2315
5024 4287
5026 1715
5026 4022
5026 713
5027 3057
5027 2146
5027 4308
5027 2526
5028 2738
5028 547
5028 4471
5028 1165
5029 809
5029 1626
5029 2796
5029 1037
5029 1199
5030 618
5030 3180
5030 3053
5030 494
5031 595
5031 4051
5031 2742
5031 3048
5031 3640
5031 4604
5032 3809
5032 1490
5032 2211
5033 2684
5033 1932
5034 2992
5034 897
5034 4803
5034 995
5034 3103
5035 421
5035 3083
5035 2572
5035 4687
5036 3685
5036 2363
5036 285
5037 1414
5037 3801
5038 2128
5038 2401
5038 4665
5038 172
5040 802
5040 851
5040 2883
5040 1029
5040 1511
5040 2748
5041 1131
5041 1099
5041 493
5041 1279
5042 1315
5042 3387
5043 3266
5043 1884
5043 44
5043 1854
5044 581
5044 2150
5044 2059
5044 1725
5045 549
5045 3932
5045 47
5046 1489
5046 3795
5047 4064
5047 245
5047 424
5047 1119
5048 3842
5048 2215
5048 3932
5048 3437
5049 1635
5049 1366
5050 3056
5050 706
5050 4355
5050 1607
5050 3084
5051 903
5051 4312
5051 4219
5052 1840
5052 2165
5052 151
5052 3784
5054 128
5054 452
5054 2469
5054 2189
5054 654
5055 2996
5055 4183
5056 2053
5056 4630
5056 3611
5056 30
5057 3104
5057 2147
5057 2918
5057 2684
5057 2493
5057 878
5058 371
5058 2647
5059 1520
5059 2833
5059 4247
5059 2009
5059 764
5059 4540
5060 1283
5060 3811
5060 4219
5060 1979
5060 1995
5060 926
5061 2373
5061 2911
5062 2085
5062 238
5063 1411
5063 4452
5063 1429
5063 4999
5063 3656
5063 1513
5064 1810
5064 1715
5064 1236
5064 4582
5064 190
5065 737
5065 2594
5065 136
5065 107
5065 2431
5066 931
5066 2645
5066 1289
5066 3386
5066 4925
5067 3701
5067 377
5067 2972
5067 3070
5067 1118
5067 3214
5068 1937
5068 79
5069 2705
5069 1444
5069 548
5069 1368
5069 4043
5070 1330
5070 2126
5071 1233
5071 4838
5071 1595
5071 3484
5071 1564
5072 3655
5072 2507
5074 208
5074 1938
5074 26
5075 3413
5075 2329
5076 3362
5076 714
5076 4220
5077 405
5077 1020
5077 2831
5077 3551
5078 2856
5078 4105
5079 418
5079 3029
5079 678
5079 2505
5080 4100
5080 2012
5080 2941
5081 1682
5081 1606
5081 1334
5081 1055
5082 338
5082 164
5082 3190
5082 2605
5082 3150
5082 591
5083 2294
5083 455
5083 3113
5083 1355
5083 2204
5084 3456
5084 1563
5084 2879
5085 1153
5085 642
5085 1063
5086 355
5086 164
5086 1223
5086 3672
5087 802
5087 2534
5087 4140
5087 3229
5087 366
5087 767
5088 3345
5088 2650
5089 837
5089 1960
5089 270
5090 2144
5090 3074
5090 1972
5090 2199
5090 2362
5090 4364
5091 82
5091 1939
5091 1994
5091 4011
5091 1182
5091 4591
5092 4912
5092 1474
5092 3846
5092 4120
5092 4169
5092 3724
5093 3875
5093 2732
5094 1206
5094 2246
5094 856
5094 2490
5094 349
5094 1214
5095 210
5095 1704
5095 2362
5096 4295
5096 3992
5096 456
5096 2895
5097 2342
5097 1559
5097 4090
5097 1867
5097 2923
5098 738
5098 3850
5098 4494
5099 883
5099 1205
5099 3735
5099 3479
5100 3968
5100 1652
5100 3230
5100 4526
5101 851
5101 2868
5101 3803
5101 2381
5101 3951
5102 4876
5102 3532
5104 2165
5104 713
5104 3519
5105 185
5105 347
5105 2031
5107 3492
5107 2676
5107 3334
5107 3368
5107 4904
5108 1889
5108 3589
5108 101
5108 970
5108 2237
5109 864
5109 1344
5109 2579
5109 4500
5109 4876
5109 2335
5110 240
5110 2612
5110 3813
5110 1989
5111 1217
5111 500
5111 4453
5111 1482
5112 1936
5112 1553
5113 837
5113 1435
5113 27
5114 2740
5114 4906
5114 413
5116 400
5116 352
5116 2115
5116 2116
5116 3048
5116 4654
5117 2913
5117 1045
5117 2709
5118 4470
5118 4344
5118 4907
5119 3655
5119 4414
5120 1461
5120 4151
5120 281
5120 764
5121 4721
5121 2097
5121 583
5121 4808
5121 2889
5122 1776
5122 4481
5122 4354
5122 3364
5122 3390
5122 4350
5123 3430
5123 4743
5123 2761
5123 4091
5123 3628
5123 3199
5125 817
5125 2020
5125 1402
5125 427
5125 1995
5125 2830
5126 2320
5126 4832
5126 1128
5126 3564
5126 2430
5127 1604
5127 3159
5127 2040
5128 1816
5128 1690
5129 3314
5129 1354
5129 701
5130 3942
5130 4168
5131 2086
5131 3912
5131 2604
5131 2285
5132 3591
5132 954
5132 1099
5132 2860
5132 1645
5132 2639
5133 4603
5133 1775
5134 2675
5134 291
5134 404
5135 2835
5135 3785
5136 3440
5136 321
5136 394
5136 188
5137 4795
5137 2733
5137 4333
5137 4799
5138 1353
5138 2041
5138 3530
5139 3952
5139 388
5139 2100
5139 2532
5139 1085
5139 4686
5140 3233
5140 1059
5140 3557
5140 3493
5140 3062
5140 2247
5141 2866
5141 3269
5142 369
5142 977
5142 2162
5142 1939
5143 4642
5143 4999
5143 3255
5143 4489
5143 233
5143 234
5144 2770
5144 373
5144 2166
5144 1786
5144 3775
5145 1829
5145 3468
5145 303
5145 2559
5147 4420
5147 174
5147 1662
5148 418
5148 1639
5148 2716
5148 1742
5148 687
5149 441
5149 3806
5149 4030
5150 3732
5150 2725
5150 1546
5150 2252
5151 624
5151 4481
5151 4852
5151 2759
5152 2800
5152 990
5153 2055
5153 989
5153 1229
5154 2017
5154 467
5154 1091
5154 4340
5154 1450
5154 2143
5156 450
5156 2867
5156 2935
5156 1864
5156 4552
5157 2482
5157 4548
5157 4772
5157 2069
5157 4203
5158 3595
5158 1373
5159 2432
5159 4625
5159 1505
5160 1171
5160 287
5161 4491
5161 4126
5162 4608
5162 3456
5162 681
5162 3983
5163 3250
5163 4547
5163 426
5163 3309
5163 3150
5164 4803
5164 2501
5164 1141
5164 1413
5164 4325
5164 4473
5165 161
5165 1603
5165 3398
5165 3658
5165 4702
5166 3606
5166 4391
5166 395
5166 2397
5166 1183
5167 454
5167 2794
5167 2891
5168 2208
5168 4597
5168 4904
5168 3290
5168 332
5170 4769
5170 543
5171 4113
5171 2036
5171 1678
5172 1992
5172 4413
5173 3363
5173 244
5173 3485
5173 3421
5174 1936
5174 1472
5174 1874
5174 4277
5174 357
5174 4550
5175 3427
5175 488
5175 4808
5175 1069
5176 2521
5176 3483
5177 1307
5177 2667
5177 159
5178 4644
5178 1444
5178 1381
5178 234
5178 285
5178 4383
5179 3957
5179 3804
5180 4341
5180 2710
5180 3085
5181 3217
5181 1862
5181 4190
5182 2880
5182 3216
5182 2945
5182 4645
5183 1842
5183 280
5184 3217
5184 1076
5184 1174
5184 4714
5184 1435
5184 3855
5187 1210
5187 1341
5188 721
5188 2266
5188 2762
5188 4362
5189 2834
5189 195
5189 3719
5189 3911
5189 3240
5190 4611
5190 3238
5190 586
5191 358
5191 4056
5191 186
5192 3074
5192 1150
5193 192
5193 786
5193 4757
5193 3589
5193 1470
5194 2529
5194 3877
5194 1145
5194 2846
5194 814
5195 1312
5195 4386
5195 1858
5195 3141
5195 967
5196 1184
5196 2276
5196 3238
5196 2207
5196 1919
5197 2818
5197 2390
5197 1558
5197 138
5197 2219
5199 3857
5199 2307
5199 453
5199 518
5199 1177
5199 3676
5200 224
5200 2711
5200 4269
5200 3773
5201 1618
5201 4276
5201 3669
5201 3386
5202 5075
5202 3159
5202 105
5202 1068
5202 2285
5202 4494
5203 1121
5203 595
5203 2260
5203 4214
5203 267
5203 2412
5204 4417
5204 4439
5204 1128
5204 1340
5206 4689
5206 1267
5206 3271
5206 2330
5206 302
5207 1555
5207 2756
5207 3109
5207 1927
5207 1928
5207 4552
5208 375
5208 4554
5208 2237
5209 3820
5209 4301
5209 4686
5210 1671
5210 4923
5211 3509
5211 858
5211 3724
5211 4573
5211 2094
5212 4161
5212 1761
5212 1063
5213 4341
5213 3754
5213 4286
5214 969
5214 2060
5214 1612
5214 4605
5214 366
5214 2270
5215 4009
5215 220
5215 2014
5216 3713
5216 3237
5216 3525
5216 2233
5216 522
5216 1756
5217 2790
5217 3127
5217 3048
5217 2844
5217 1263
5218 161
5218 4920
5218 4169
5218 1291
5218 4830
5219 1617
5219 2051
5219 1620
5219 2076
5219 301
5219 4415
5220 742
5220 3415
5220 1374
5221 3188
5221 4199
5221 2584
5221 3385
5222 2320
5222 977
5222 2297
5222 3450
5223 4673
5223 4183
5223 3405
5223 447
5224 2113
5224 769
5224 564
5224 2888
5224 4046
5225 5152
5225 2644
5225 3495
5225 3113
5225 2701
5225 63
5226 1126
5226 1478
5226 2283
5227 5024
5227 1607
5227 2894
5228 1826
5228 533
5228 1429
5229 1749
5229 1929
5229 4730
5229 4555
5229 511
5230 2601
5230 4201
5230 3563
5230 1902
5231 3161
5231 779
5232 2176
5232 3907
5232 1238
5232 809
5232 1180
5233 4816
5233 1187
5233 1031
5233 1566
5233 703
5234 3929
5234 1548
5235 2016
5235 2018
5235 1990
5235 3964
5236 1411
5236 2730
5236 4476
5237 146
5237 4902
5237 1674
5237 4078
5237 1151
5238 3683
5238 3491
5239 4073
5239 3980
5240 3632
5240 4049
5240 3155
5240 4923
5240 4716
5244 2562
5244 3347
5244 3862
5244 4298
5244 618
5244 3420
5245 2389
5245 3333
5245 62
5246 3101
5246 4558
5247 514
5247 3476
5247 4538
5247 861
5247 2893
5247 1631
5248 1146
5248 3086
5248 735
5249 996
5249 395
5249 830
5250 3952
5250 4074
5251 5138
5251 4809
5252 322
5252 147
5252 67
5252 1301
5252 2347
5253 3120
5253 2065
5253 5138
5253 391
5253 3863
5253 4152
5254 2928
5254 2423
5254 3785
5254 4158
5255 5155
5255 3235
5256 518
5256 936
5256 4830
5257 3556
5257 3685
5257 1607
5257 697
5257 2013
5257 4543
5258 1346
5258 3064
5258 1421
5259 2723
5259 5053
5260 2018
5260 4439
5260 2777
5261 336
5261 2225
5261 1220
5261 4520
5261 1435
5262 1458
5262 677
5262 1653
5262 5194
5263 3446
5263 508
5263 3999
5264 2930
5264 951
5264 1149
5264 3135
5265 1107
5265 677
5265 3638
5265 4952
5265 3661
5266 1714
5266 2314
5266 1245
5267 1497
5267 4458
5269 4711
5269 3063
5269 1356
5269 813
5269 3870
5270 2450
5270 1769
5270 2717
5270 2335
5272 4960
5272 2193
5272 2065
5272 1123
5272 1668
5272 1188
5273 3153
5273 4021
5273 2569
5273 2828
5273 3678
5274 5057
5274 4934
5274 3598
5275 3218
5275 3347
5275 3925
5275 4134
5275 39
5275 3033
5276 5072
5276 1969
5276 3284
5276 2662
5276 2840
5277 1760
5277 2241
5277 1793
5277 4054
5277 4126
5278 4841
5278 2362
5278 2348
5279 2373
5279 3255
5279 1038
5280 4882
5280 1334
5280 3496
5280 1262
5281 2134
5281 5055
5282 3892
5282 2372
5282 3399
5282 2904
5283 1379
5283 365
5283 1309
5283 2366
5283 2207
5283 63
5284 1616
5284 1490
5284 1912
5285 3984
5285 386
5285 4194
5285 1390
5285 1439
5286 1158
5286 3943
5287 2977
5287 1697
5287 2596
5287 4072
5287 4955
5287 78
5288 1152
5288 2784
5288 1121
5289 2194
5289 1268
5289 1751
5289 1466
5289 5115
5289 1566
5290 2257
5290 1410
5290 4572
5291 4122
5291 4763
5291 3805
5291 3533
5293 3109
5293 5098
5293 4748
5294 4243
5294 2442
5296 710
5296 2732
5296 2669
5297 1169
5297 3887
5298 258
5298 4517
5298 1433
5298 5049
5298 1374
5299 5092
5299 4886
5300 0
5300 3410
5300 4290
5301 2882
5301 3813
5301 3926
5301 2695
5301 4092
5302 5137
5302 2147
5302 2934
5302 1593
5302 2313
5302 1790
5303 3146
5303 732
5305 2241
5305 1186
5305 4
5305 2439
5305 2525
5306 1851
5306 1580
5308 4151
5308 2551
5309 368
5309 2229
5309 938
5309 3758
5310 897
5310 562
5310 4054
5310 2953
5310 4829
5312 4648
5312 443
5312 2271
5312 4527
5313 1413
5313 4431
5314 2757
5314 4294
5314 1720
5314 157
5315 5121
5315 1105
5315 3141
5315 4525
5316 1586
5316 4067
5316 1880
5316 4892
5318 773
5318 2233
5318 3069
5318 3838
5319 884
5319 1864
5319 4202
5319 2394
5319 1309
5319 2829
5321 1971
5321 1160
5321 1515
5321 3773
5321 2191
5323 945
5323 23
5323 2648
5323 1256
5323 3772
5325 1040
5325 535
5325 2411
5326 2114
5326 4035
5326 3814
5326 2680
5327 3011
5327 2693
5327 3958
5327 2616
5327 3244
5327 3646
5328 4294
5328 3398
5328 4663
5328 3338
5328 2652
5329 2938
5329 2876
5330 4706
5330 499
5330 2870
5330 1705
5330 1723
5330 2877
5331 2688
5331 585
5331 4026
5331 172
5331 2988
5332 3090
5332 4179
5332 4404
5332 3199
5333 3650
5333 4328
5333 1467
5334 3697
5334 5154
5334 2277
5334 2939
5334 2012
5334 2543
5335 1376
5335 3238
5335 1801
5335 4926
5336 4486
5336 3942
5336 3206
5336 782
5336 159
5337 4352
5337 1222
5338 3777
5338 1539
5338 5124
5338 678
5338 140
5339 780
5339 4637
5339 3757
5340 1272
5340 1496
5340 1548
5340 300
5341 3235
5341 1366
5341 4056
5341 378
5341 4523
5341 3519
5342 385
5342 1507
5344 2184
5344 4507
5345 128
5345 4308
5345 1862
5345 294
5346 3072
5346 2020
5346 1142
5346 2968
5346 3374
5347 306
5347 546
5347 2548
5348 2980
5348 3447
5348 3753
5348 1083
5349 3376
5349 533
5349 3829
5349 3749
5349 4428
5349 2590
5350 4689
5350 227
5350 2420
5350 1720
5350 1018
5351 1852
5351 5021
5351 3935
5352 2370
5352 4231
5352 605
5352 1790
5353 2501
5353 2427
5353 414
5353 2878
5353 3023
5354 1857
5354 744
5355 1513
5355 4906
5355 5005
5356 2470
5356 569
5357 3136
5357 3739
5357 1534
5359 736
5359 3764
5359 1081
5359 170
5359 731
5359 4652
5361 3770
5361 732
5362 1168
5362 4741
5363 3799
5363 956
5363 5068
5363 3036
5364 3558
5364 2774
5364 3275
5365 114
5365 3203
5365 1803
5365 827
5365 2271
5365 2303
5366 2744
5366 4266
5366 4014
5367 1044
5367 4167
5367 3293
5368 2880
5368 581
5368 1301
5368 4342
5368 2205
5369 913
5369 1539
5369 3366
5369 1119
5370 339
5370 280
5370 1593
5370 779
5371 2739
5371 3475
5371 744
5371 1466
5371 3818
5371 1791
5372 3696
5372 3912
5372 3914
5372 1306
5372 4365
5373 3249
5373 2805
5373 2839
5373 4408
5373 4362
5373 2958
5374 3264
5374 819
5374 3144
5374 893
5374 782
5374 431
5375 785
5375 5143
5375 89
5375 1339
5375 1551
5377 18
5377 4706
5377 3701
5377 1593
5377 2830
5377 4446
5378 633
5378 4987
5378 3581
5378 2046
5379 2336
5379 2881
5379 3181
5379 2398
5379 4958
5382 1424
5382 4209
5382 1239
5382 1150
5383 3253
5383 2549
5384 4032
5384 4608
5384 2449
5384 1033
5386 1288
5386 3004
5387 666
5387 4014
5388 3137
5388 4452
5388 4949
5388 1463
5388 2600
5388 1247
5389 1218
5389 534
5389 2119
5389 4841
5389 3211
5390 5043
5390 3047
5390 2904
5390 2057
5390 2716
5391 2408
5391 4730
5392 4704
5392 3426
5392 3811
5392 1704
5392 1305
5392 4458
5393 1649
5393 547
5393 1226
5393 2750
5394 3748
5394 3047
5394 4775
5394 3447
5394 1274
5394 2511
5396 4193
5396 3237
5396 1544
5396 4716
5397 4211
5397 2525
5398 4
5398 3575
5398 2330
5399 3137
5399 1961
5399 2475
5399 3419
5399 3580
5400 4311
5400 4266
5401 4010
5401 5210
5401 1147
5402 2997
5402 1321
5402 479
5403 4661
5403 4985
5403 5230
5404 3219
5404 1672
5406 2146
5406 1907
5406 3444
5406 2918
5406 5291
5406 4364
5407 3280
5407 1860
5407 999
5407 4379
5407 3022
5408 3843
5408 2341
5408 4199
5408 1692
5408 1052
5408 4412
5409 3553
5409 5255
5409 1224
5409 3198
5410 1539
5410 2166
5410 3741
5410 3759
5411 2739
5411 1675
5412 3491
5412 3779
5412 3301
5412 1933
5413 1408
5413 5160
5414 4128
5414 1522
5414 4679
5414 1945
5414 1930
5414 3599
5415 922
5415 5261
5416 2562
5416 3369
5416 4285
5417 2112
5417 2865
5417 1734
5417 1596
5417 62
5418 1430
5418 1279
5419 2418
5419 3660
5419 509
5419 4590
5420 1030
5420 103
5420 4586
5421 96
5421 2992
5421 2801
5421 4682
5421 4955
5421 3084
5422 1056
5422 3627
5422 446
5423 450
5423 371
5423 3141
5425 3142
5425 4551
5425 891
5425 3211
5425 4558
5426 5158
5426 1404
5426 3230
5427 2832
5427 3685
5427 5051
5427 4335
5428 2817
5428 86
5428 1880
5429 1534
5429 1470
5430 897
5430 220
5430 5196
5430 2222
5431 4577
5431 979
5431 4087
5431 712
5431 2728
5432 1460
5432 1061
5432 1317
5432 2428
5433 2881
5433 773
5433 5078
5433 3480
5433 4878
5433 222
5434 4501
5434 4438
5434 5145
5434 3613
5434 5118
5434 2367
5435 2600
5435 4058
5436 3475
5436 2214
5436 3831
5436 3274
5436 239
5436 415
5437 2006
5437 1479
5437 3641
5437 3501
5437 2527
5438 225
5438 1006
5438 2047
5439 215
5439 3181
5442 4964
5442 922
5443 2128
5443 3465
5443 74
5443 1724
5443 5389
5444 3872
5444 4477
5444 2477
5444 893
5445 1376
5445 2010
5446 3318
5446 188
5447 4560
5447 1574
5447 103
5447 43
5447 4700
5448 3525
5448 4861
5449 4021
5449 389
5449 4406
5450 2483
5450 2259
5450 1080
5451 3136
5451 294
5451 1915
5452 3123
5452 2582
5453 5140
5453 1065
5453 31
5454 4098
5454 4837
5454 4230
5454 4314
5454 3226
5455 2561
5455 454
5456 2967
5456 1543
5456 5292
5457 1344
5457 3827
5457 3545
5458 4721
5458 3541
5458 2005
5458 1384
5458 1784
5460 3207
5460 2345
5460 861
5460 3998
5461 897
5461 3083
5461 5068
5462 4897
5462 4402
5462 2693
5462 3958
5462 4457
5462 173
5463 4929
5463 4775
5463 728
5463 1643
5463 1326
5464 2848
5464 65
5464 2021
5464 5050
5464 5228
5464 4783
5465 787
5465 1619
5466 273
5466 2705
5466 5076
5466 1066
5467 3795
5467 2356
5467 3948
5467 1420
5467 1423
5468 2865
5468 4130
5468 3139
5468 4505
5468 2188
5469 3184
5469 3335
5469 1037
5469 2415
5469 4191
5470 1671
5470 3230
5471 2048
5471 2129
5471 5349
5471 2333
5471 1118
5471 2031
5472 58
5472 1995
5473 4529
5473 435
5473 4900
5473 536
5474 913
5474 202
5474 1514
5474 285
5474 5278
5475 2369
5475 5010
5476 3762
5476 709
5476 698
5477 4880
5477 4675
5477 4852
5477 3258
5477 413
5477 4045
5478 4630
5478 2041
5478 1707
5478 3628
5478 2590
5478 4959
5480 402
5480 4411
5480 1022
5482 2998
5482 967
5482 2824
5482 1486
5483 2549
5483 1336
5483 826
5483 1181
5483 5167
5485 4993
5485 2578
5485 4963
5485 283
5486 1332
5486 3140
5486 2597
5487 2712
5487 361
5487 4765
5487 4238
5487 1567
5488 1712
5488 1592
5488 1725
5488 4495
5489 608
5489 2006
5489 951
5489 1992
5489 906
5489 2812
5492 2066
5492 2974
5492 2078
5494 4596
5494 198
5495 1906
5495 2410
5496 4483
5496 1143
5496 1738
5496 1726
5498 4258
5498 630
5498 4889
5498 2974
5499 2641
5499 2451
5499 5127
5499 3821
5499 5327
5500 5104
5500 136
5500 4968
5501 1313
5501 2706
5501 1092
5501 53
5501 3484
5501 13
5502 3233
5502 597
5502 1735
5502 3181
5503 3989
5503 2646
5504 3595
5504 719
5505 1010
5505 1971
5505 1667
5505 1787
5505 2028
5506 2740
5506 3989
5506 3145
5506 2393
5506 2586
5506 110
5507 3008
5507 2883
5507 3843
5508 871
5508 3321
5508 1166
5509 326
5509 1320
5509 4073
5509 4761
5509 4890
5509 1485
5510 1764
5510 252
5511 3130
5511 3870
5511 5279
5512 4228
5512 4475
5513 2432
5513 1897
5513 2393
5513 220
5514 1923
5514 2676
5514 1605
5514 3304
5514 1769
5515 2608
5515 65
5515 1319
5515 1546
5515 5339
5515 253
5516 1473
5516 4980
5516 1928
5516 1257
5516 3531
5516 5180
5517 2320
5517 3350
5517 2905
5518 1856
5518 5105
5518 3256
5518 1896
5518 1114
5520 1914
5520 5069
5520 1661
5520 2174
5521 3248
5521 787
5521 5255
5521 4265
5521 3229
5522 4707
5522 438
5522 2237
5522 4207
5523 3638
5523 4614
5523 1627
5524 3906
5524 4901
5524 3020
5526 805
5526 3325
5527 3570
5527 3263
5528 2992
5528 2466
5528 4102
5528 5260
5528 2974
5529 3560
5529 2143
5530 914
5530 2994
5530 3076
5530 5159
5531 4107
5531 1277
5532 4450
5532 4195
5532 1284
5532 1401
5532 1917
5533 4641
5533 1598
5534 4289
5534 4549
5534 5290
5534 3146
5535 1750
5535 647
5535 3292
5535 2447
5536 5252
5536 2620
5536 478
5536 1214
5536 1423
5537 1376
5537 3553
5537 3737
5537 3374
5537 4447
5538 2564
5538 4293
5538 3031
5538 3162
5538 331
5538 3004
5539 2849
5539 3311
5540 1526
5540 1978
5540 5055
5540 1551
5541 5252
5541 5128
5541 5288
5541 4858
5541 3854
5542 2996
5542 1429
5542 5112
5542 5097
5542 3885
5543 4547
5543 3861
5543 1484
5544 2429
5544 111
5545 1223
5545 476
5545 989
5545 1533
5545 4782
5545 351
5546 2435
5546 3685
5546 2379
5547 3696
5547 1619
5548 1299
5548 3494
5548 3703
5548 538
5549 3392
5549 2864
5549 2055
5549 1019
5550 1604
5550 2198
5550 3848
5550 1693
5550 4303
5551 290
5551 5365
5551 3486
5552 1607
5552 23
5552 5273
5553 2784
5553 2768
5553 2930
5553 3154
5553 3886
5553 4751
5554 929
5554 916
5554 1734
5554 3981
5555 4726
5555 1707
5555 1550
5556 4467
5556 5
5556 1209
5556 4954
5556 2142
5556 734
5557 3974
5557 522
5557 2779
5557 5165
5557 94
5559 4132
5559 1049
5559 207
5560 400
5560 784
5560 2144
5560 4205
5561 1664
5561 4852
5561 2997
5561 2954
5561 4463
5562 1825
5562 2131
5562 3357
5562 1759
5564 1600
5564 4968
5565 149
5565 3205
5565 2822
5565 1304
5565 122
5565 3103
5566 4560
5566 1651
5566 1403
5566 414
5567 5088
5567 5048
5568 1105
5568 2388
5569 1969
5569 1906
5569 2550
5569 4520
5569 4702
5570 4754
5570 4739
5570 518
5570 2376
5570 2700
5570 2606
5571 1476
5571 4628
5571 1898
5571 1261
5572 3061
5572 85
5572 3942
5572 1143
5572 4072
5572 761
5573 3345
5573 4833
5573 4247
5573 3608
5573 749
5574 2160
5574 4771
5574 1477
5574 2422
5574 1863
5574 2599
5575 1844
5575 1734
5575 506
5576 4547
5576 4020
5577 4603
5577 1310
5577 4222
5577 5327
5578 1734
5578 2598
5578 631
5578 3805
5579 2180
5579 24
5579 4717
5579 1998
5579 94
5580 2609
5580 2980
5580 5285
5580 1589
5580 2702
5581 3120
5581 516
5581 2678
5581 761
5582 4627
5582 3051
5582 2908
5582 366
5582 1199
5583 4884
5583 4564
5583 308
5583 2954
5583 3597
5583 1423
5585 4226
5585 1975
5585 4168
5585 379
5586 2688
5586 1378
5586 2180
5586 4731
5586 3532
5587 4976
5587 465
5588 3008
5588 5142
5588 4503
5588 2392
5588 282
5588 4190
5589 2129
5589 4308
5589 1080
5589 396
5590 2742
5590 3639
5590 3723
5590 2539
5590 4445
5591 113
5591 278
5591 4071
5591 3767
5591 4505
5591 1582
5592 3697
5592 873
5592 3964
5593 4466
5593 219
5593 3022
5594 1136
5594 358
5594 120
5594 1706
5594 4655
5595 308
5595 2583
5595 839
5596 2706
5596 2226
5596 3909
5596 165
5596 4246
5597 882
5597 921
5597 2781
5598 1712
5598 2076
5598 319
5599 1619
5599 4020
5599 4069
5600 727
5600 5322
5600 1850
5601 4519
5601 4685
5603 3265
5603 4195
5603 4650
5604 258
5604 246
5604 2870
5604 2811
5607 1280
5607 1657
5607 5004
5607 4012
5607 3740
5608 3136
5608 361
5608 524
5609 825
5609 286
5610 4528
5610 4305
5610 4101
5610 2822
5610 328
5611 5060
5611 5077
5612 5168
5612 2593
5612 391
5612 1847
5612 5515
5613 3416
5613 5321
5613 410
5613 314
5613 266
5613 2254
5614 5233
5614 931
5614 1588
5614 5542
5614 4909
5615 3573
5615 5416
5615 5128
5615 1323
5615 5325
5616 1827
5616 1171
5616 4055
5616 2104
5616 1194
5616 879
5617 738
5617 1638
5617 950
5617 3064
5618 3708
5618 2559
5619 340
5619 72
5619 4893
5619 77
5619 3855
5620 2360
5620 606
5621 1013
5621 2986
5621 174
5621 1855
5621 2543
5622 403
5622 4854
5622 4008
5622 4877
5622 4174
5623 1089
5623 3895
5624 4400
5624 5505
5624 5170
5624 3708
5624 3101
5624 5487
5625 2676
5625 3303
5625 2985
5625 3705
5625 157
5625 2478
5626 2260
5626 756
5626 3846
5626 4762
5628 3360
5628 1877
5628 3161
5628 2927
5628 4895
5629 5275
5629 2237
5630 355
5630 4693
5630 694
5630 1724
5630 3614
5631 2273
5631 4082
5631 3988
5631 5332
5631 557
5631 4813
5632 4742
5632 219
5632 5068
5633 1075
5633 4291
5633 4580
5633 4215
5633 5099
5633 1259
5634 981
5634 3093
5634 3495
5634 2680
5634 4445
5635 5011
5635 3224
5636 807
5636 2874
5636 2250
5636 4396
5636 3934
5637 2803
5637 4572
5637 751
5638 3813
5638 1070
5638 687
5638 2959
5639 2736
5639 1633
5640 308
5640 4359
5640 4329
5640 3481
5641 5175
5641 4862
5642 3392
5642 3889
5643 4451
5643 2485
5643 2661
5643 3479
5643 3352
5643 2538
5644 687
5644 2159
5645 5304
5645 665
5647 2544
5647 2385
5647 529
5647 338
5647 4371
5647 5353
5648 3104
5648 1344
5648 2322
5648 3207
5648 2283
5648 862
5650 721
5650 498
5650 2155
5651 2097
5651 148
5651 2872
5651 1515
5651 684
5652 4283
5652 5099
5653 4416
5653 3058
5653 1989
5653 6
5653 4972
5654 3056
5654 1319
5654 749
5655 2304
5655 1658
5655 2491
5655 2891
5656 579
5656 3044
5656 5332
5656 2348
5656 4046
5657 673
5657 4598
5658 5138
5658 229
5658 805
5658 3206
5658 2010
5658 3247
5659 2872
5659 971
5659 2382
5660 5554
5660 4564
5660 821
5660 3030
5660 1324
5660 4797
5661 2742
5661 487
5662 242
5662 3324
5663 1632
5663 813
5664 1156
5664 5572
5664 4853
5664 3002
5665 1699
5665 3797
5665 5435
5666 3858
5666 4195
5666 4228
5666 40
5666 347
5666 5103
5667 1553
5667 1973
5667 2822
5667 2856
5667 696
5667 5324
5668 3058
5668 5527
5669 4404
5669 4885
5669 181
5670 3106
5670 3267
5670 3515
5671 1747
5671 4179
5671 1145
5672 5329
5672 1777
5672 1332
5672 1509
5672 2070
5672 2303
5673 5040
5673 4242
5673 2722
5673 4260
5674 2432
5674 4505
5675 4593
5675 148
5675 1270
5677 880
5677 1098
5677 2284
5677 1644
5678 1233
5678 2354
5678 2806
5678 4828
5679 5459
5679 2715
5680 1889
5680 2502
5680 5078
5680 695
5680 1004
5681 1457
5681 1207
5681 2649
5681 4094
5682 4625
5682 2194
5682 2852
5682 2199
5682 4474
5682 254
5683 5396
5683 197
5683 2853
5683 1766
5683 3769
5683 2447
5684 34
5684 2403
5684 4921
5684 1468
5685 392
5685 3625
5685 3018
5685 5260
5685 671
5686 5303
5686 745
5686 2828
5686 4620
5686 2525
5687 5137
5687 788
5687 3016
5687 4782
5687 5583
5688 1863
5688 4137
5688 14
5689 195
5689 229
5689 3947
5689 1997
5689 639
5690 629
5690 3253
5690 297
5690 2509
5690 5517
5690 414
5691 5457
5691 1315
5691 1958
5691 2664
5691 3517
5691 559
5692 328
5692 2204
5695 790
5695 3047
5695 2104
5695 4188
5696 5572
5696 136
5696 1371
5696 4268
5698 993
5698 1780
5698 884
5698 3573
5698 3080
5698 830
5699 2554
5699 4591
5700 5587
5700 5004
5700 3679
5701 2423
5701 3736
5701 2412
5701 5565
5701 3839
5702 4659
5702 634
5702 4622
5702 1966
5703 3234
5703 323
5703 4903
5703 3784
5705 2289
5705 291
5705 4980
5705 5015
5705 5098
5706 3441
5706 2662
5706 3310
5707 1089
5707 1140
5707 2127
5708 3892
5708 1961
5708 4233
5708 3034
5708 316
5709 2594
5709 582
5709 1448
5710 5296
5710 5173
5710 2822
5710 3789
5710 1246
5711 4244
5711 677
5711 5164
5712 1025
5712 310
5712 393
5712 1405
5712 2413
5713 3654
5713 3484
5714 192
5714 3585
5714 2836
5714 2612
5714 5414
5716 97
5716 2167
5716 5115
5716 5292
5716 3246
5716 5502
5717 2609
5717 994
5717 1974
5717 4505
5718 1954
5718 967
5718 1774
5718 3375
5718 239
5719 2578
5719 3203
5719 2436
5719 2390
5719 4124
5719 1759
5720 2704
5720 4421
5721 4037
5721 2855
5721 2746
5721 1020
5721 1292
5721 3022
5722 435
5722 2925
5722 4333
5722 2717
5723 3960
5723 1162
5725 3980
5725 4765
5726 4824
5726 2329
5726 414
5727 694
5727 1383
5727 4153
5727 2570
5727 3978
5727 4923
5728 5360
5728 560
5728 833
5728 4946
5728 3940
5729 953
5729 2156
5729 238
5729 654
5730 228
5730 3430
5730 751
5731 578
5731 4676
5732 4257
5732 918
5732 920
5732 2459
5732 4252
5733 4867
5733 3908
5733 599
5733 476
5733 2924
5733 2733
5734 2192
5734 1960
5734 1132
5734 2604
5734 3389
5735 4179
5735 723
5735 1972
5735 1049
5735 2410
5735 1819
5736 1878
5736 743
5736 2029
5736 1102
5737 3346
5737 5188
5737 5051
5737 2046
5738 2297
5738 3417
5738 5436
5738 2924
5738 431
5739 4641
5739 2500
5739 4612
5739 3609
5739 1913
5739 2687
5740 1457
5740 1481
5740 5373
5740 2719
5741 3365
5741 4903
5741 4247
5741 4604
5741 1486
5742 49
5742 4098
5742 3730
5742 1795
5742 3427
5742 5191
5743 2705
5743 3057
5743 1878
5743 4087
5743 2635
5743 1839
5744 5328
5744 3126
5744 5579
5744 3117
5744 1613
5744 4958
5745 98
5745 4723
5746 2993
5746 3190
5746 4137
5746 2619
5746 4332
5747 3505
5747 4386
5747 279
5747 1447
5747 1896
5747 1101
5748 3924
5748 2007
5748 1160
5749 4085
5749 5465
5749 4185
5750 4912
5750 50
5750 932
5750 2620
5750 2285
5751 97
5751 3559
5752 269
5752 3166
5753 5575
5753 2094
5754 2720
5754 1571
5754 2822
5754 3337
5754 3130
5754 4026
5755 4513
5755 3267
5755 5366
5755 487
5755 493
5756 2304
5756 3670
5756 376
5756 3663
5757 4034
5757 4907
5757 91
5757 2460
5757 2478
5758 2369
5758 947
5758 2451
5758 457
5759 3461
5759 1003
5759 1947
5760 5030
5760 3847
5761 2961
5761 116
5761 3463
5761 5130
5761 4267
5761 415
5762 3688
5762 4457
5763 5328
5763 1810
5763 3321
5763 3997
5763 1070
5765 5512
5765 4154
5765 2238
5765 2958
5765 1679
5766 2196
5766 3957
5766 5047
5766 4407
5766 1929
5766 3769
5767 5233
5767 4227
5767 4044
5767 3740
5767 4828
5767 2286
5769 2498
5769 35
5769 1556
5769 1476
5769 63
5770 4978
5770 114
5770 3382
5770 3129
5770 5391
5771 1056
5771 3740
5772 4491
5772 4988
5772 1885
5774 2128
5774 4692
5774 1430
5774 3766
5774 1607
5774 5114
5775 4643
5775 1061
5775 4890
5776 2584
5776 2088
5776 5368
5776 3977
5776 2635
5777 1586
5777 1554
5777 1807
5778 677
5778 3478
5779 5202
5779 3037
5779 1469
5779 3439
5781 1204
5781 1158
5781 5019
5781 3596
5782 3088
5782 2667
5782 2444
5782 1438
5783 2928
5783 3648
5783 36
5783 2871
5783 4990
5784 3698
5784 2663
5784 135
5784 3627
5785 1665
5785 737
5785 4325
5785 181
5785 3718
5786 5458
5786 437
5786 4647
5787 5092
5787 4998
5788 1441
5788 947
5788 1878
5788 1884
5789 307
5789 282
5789 3131
5790 3152
5790 4816
5790 1492
5790 2341
5790 3388
5790 990
5791 2468
5791 3543
5792 3527
5792 2315
5794 3702
5794 823
5795 1412
5795 5046
5795 1241
5795 4602
5796 3632
5796 3555
5796 3399
5796 1770
5796 1419
5798 1655
5798 5039
5799 1937
5799 3170
5799 3700
5799 5336
5799 413
5801 643
5801 5750
5801 4089
5801 4554
5802 3457
5802 5482
5802 4524
5802 3197
5803 1409
5803 1202
5803 2854
5803 3191
5803 988
5803 2415
5805 1986
5805 4915
5805 2131
5805 4387
5806 1489
5806 2858
5806 4604
5806 2445
5807 864
5807 5650
5807 3640
5808 3785
5808 4620
5810 3096
5810 285
5810 3517
5811 4448
5811 4337
5811 2380
5811 4189
5812 5296
5812 1475
5812 2472
5812 4588
5812 2669
5812 3213
5813 1299
5813 4589
5814 5091
5814 3160
5815 704
5815 3506
5815 4171
5815 4988
5816 1264
5816 407
5816 570
5816 4014
5817 481
5817 2538
5817 5534
5818 185
5818 1243
5819 5364
5819 117
5819 1896
5819 3496
5819 2846
5820 3393
5820 5300
5820 4328
5820 2826
5820 2267
5821 1264
5821 2065
5821 5670
5821 5606
5822 3826
5822 2466
5822 1460
5822 1956
5822 1803
5822 3758
5823 604
5823 3949
5824 1681
5824 5570
5824 3272
5824 632
5825 2049
5825 2132
5825 3294
5826 4642
5826 3272
5826 1624
5826 4062
5826 2814
5826 2831
5827 3585
5827 5638
5827 2105
5827 890
5827 1951
5827 5375
5829 864
5829 3217
5829 4867
5829 72
5829 2154
5830 3952
5830 1728
5830 2689
5830 2919
5830 5063
5831 5379
5831 2262
5832 705
5832 5595
5833 5120
5833 1043
5833 211
5833 1162
5833 5532
5833 1999
5834 3522
5834 1380
5834 2629
5834 4086
5835 3888
5835 4373
5835 1320
5835 1996
5835 5279
5836 4646
5836 503
5836 5610
5837 5426
5837 4485
5837 4157
5837 2975
5838 1322
5838 3547
5839 5328
5839 2009
5839 1418
5839 94
5839 2991
5840 3366
5840 3591
5840 297
5840 2825
5840 1162
5840 4669
5841 3377
5841 386
5841 1475
5841 2040
5841 4526
5842 1061
5842 3013
5842 342
5842 4687
5843 4400
5843 754
5843 5094
5844 5243
5844 2700
5845 833
5845 5304
5845 2410
5845 779
5845 1885
5846 4506
5846 2842
5846 2716
5846 4558
5847 2546
5847 3077
5848 5601
5848 4946
5848 1468
5848 1901
5848 3469
5849 802
5849 329
5850 2981
5850 4934
5850 88
5850 2763
5850 2671
5850 511
5851 2512
5851 4944
5851 1352
5851 5308
5851 3709
5851 1967
5852 1363
5852 4967
5852 3463
5852 1628
5852 5149
5853 5408
5853 3362
5853 995
5853 3866
5854 4176
5854 2393
5854 5196
5854 812
5854 2397
5855 1505
5855 1859
5855 1382
5855 2234
5855 142
5857 1348
5857 4388
5857 1796
5857 2420
5857 2821
5858 3425
5858 4051
5858 5401
5858 4877
5858 4653
5858 798
5859 4864
5859 960
5859 2897
5859 5778
5859 4958
5859 910
5860 530
5860 3252
5860 5432
5860 4938
5860 4029
5860 1198
5861 369
5861 4068
5861 4309
5861 2199
5861 2959
5862 3300
5862 871
5864 3556
5864 4549
5864 5082
5866 401
5866 2278
5868 1986
5868 679
5868 4984
5868 4765
5869 4532
5869 4341
5869 5381
5869 4102
5869 5113
5869 2079
5870 1841
5870 1862
5870 3254
5870 3804
5870 1261
5871 3488
5871 4593
5871 1138
5871 820
5871 1093
5871 4166
5872 4320
5872 1941
5872 4023
5873 1080
5873 314
5873 1626
5873 3740
5873 2286
5873 1791
5874 4978
5874 3011
5874 5788
5874 1757
5875 5569
5875 2769
5875 2243
5875 2821
5875 70
5875 1019
5876 503
5876 5593
5876 4126
5876 3343
5877 2377
5877 2319
5878 4228
5878 2374
5878 140
5878 5790
5879 2114
5879 3779
5880 2826
5880 2878
5881 5776
5881 1201
5881 3701
5881 4023
5881 5608
5882 2836
5882 1327
5883 4662
5883 5544
5883 4297
5883 1786
5883 4111
5884 1024
5884 2947
5884 4584
5884 5644
5885 578
5885 2035
5885 406
5885 2201
5885 4508
5885 2301
5886 2704
5886 2305
5886 274
5886 1686
5886 5162
5886 4525
5887 2855
5887 2392
5887 5066
5887 2170
5888 1776
5888 2018
5888 2647
5888 4472
5888 1048
5888 2058
5889 2864
5889 3554
5889 5340
5890 3937
5890 243
5890 4227
5890 6
5890 5579
5891 409
5891 2045
5891 3197
5892 5344
5892 4752
5892 2897
5892 4515
5892 1944
5892 74
5893 259
5893 5574
5893 3847
5893 1415
5894 4929
5894 2466
5894 1225
5894 4282
5894 2090
5896 2919
5896 2620
5896 3437
5896 1758
5897 2714
5897 4895
5899 744
5899 5549
5900 3824
5900 4322
5901 5400
5901 1534
5902 4065
5902 4597
5902 2840
5902 3627
5902 556
5902 3821
5903 3703
5903 3752
5904 3411
5904 1433
5905 5328
5905 5445
5905 2167
5905 3423
5906 1497
5906 1561
5906 5162
5906 1931
5906 2527
5907 2528
5907 3285
5907 411
5908 724
5908 3622
5908 4967
5908 2489
5908 253
5909 499
5909 2325
5909 1738
5910 2852
5910 4325
5911 3424
5911 2183
5911 5644
5911 5484
5911 4093
5911 2062
5912 1328
5912 5110
5912 5225
5912 2730
5912 5406
5912 3199
5913 3920
5913 288
5913 3253
5913 2711
5913 5678
5914 1475
5914 1293
5915 2021
5915 4742
5915 2734
5916 3299
5916 3358
5917 2560
5917 625
5917 1363
5917 1751
5917 4809
5918 5749
5918 5320
5918 4731
5919 4656
5919 1541
5919 3655
5919 602
5919 1228
5920 5776
5920 1462
5920 3544
5920 3976
5920 5774
5921 4704
5921 353
5921 4358
5921 40
5921 5244
5922 786
5922 994
5922 3108
5922 2086
5922 2311
5922 413
5924 3169
5924 5324
5924 5375
5924 1775
5925 1760
5925 691
5925 4439
5925 3851
5926 3393
5926 1496
5926 4763
5926 3295
5927 1986
5927 4018
5927 2627
5927 4317
5927 1965
5927 2030
5928 3792
5928 4197
5928 1174
5928 888
5928 1209
5928 2796
5929 3601
5929 4068
5929 3017
5929 3756
5929 3823
5930 977
5930 3017
5930 5067
5930 1934
5931 1057
5931 2437
5931 4730
5931 1340
5931 4508
5931 2141
5932 1249
5932 646
5933 4130
5933 98
5933 4904
5934 2530
5934 5558
5934 4299
5935 4828
5935 2686
5935 4638
5936 724
5936 2458
5937 55
5937 1434
5938 4705
5938 5601
5938 2323
5938 165
5938 2294
5939 3970
5939 34
5939 1930
5941 2897
5941 4565
5941 3736
5943 596
5943 2356
5944 4626
5944 4573
5945 2081
5945 4787
5945 3847
5946 5013
5946 3767
5946 5096
5946 5067
5947 1216
5947 785
5947 677
5947 2936
5947 745
5948 4452
5948 1991
5948 4588
5948 957
5948 2494
5949 1030
5949 2346
5950 3671
5950 3578
5950 1214
5951 1249
5951 277
5951 5145
5951 394
5951 3628
5952 3577
5952 2397
5953 1025
5953 964
5953 952
5953 4237
5954 2578
5954 2498
5954 1334
5954 3399
5954 3501
5955 3921
5955 115
5955 5087
5956 4483
5956 5590
5957 4786
5957 115
5957 2739
5957 3844
5957 1412
5957 590
5958 2339
5958 3805
5958 703
5959 2660
5959 4391
5959 4888
5959 1034
5959 5562
5959 2943
5960 2208
5960 3614
5960 4975
5961 3328
5961 2995
5961 3307
5961 5519
5962 4835
5962 21
5962 826
5962 3179
5962 5630
5963 2913
5963 5204
5963 1447
5963 4155
5964 4046
5964 3742
5965 3207
5965 4632
5965 2010
5965 4635
5966 4688
5966 3194
5967 5538
5967 1858
5967 4582
5967 2105
5967 4155
5968 822
5968 934
5968 666
5968 2525
5968 4079
5968 4831
5969 5476
5969 3576
5969 3451
5969 2398
5970 1665
5970 601
5970 5418
5970 3243
5970 4287
5973 3628
5973 5676
5973 1647
5974 528
5974 4465
5974 4997
5974 4589
5975 4768
5975 1867
5975 3950
5975 446
5976 1922
5976 2375
5976 4043
5976 4059
5976 829
5977 560
5977 994
5977 755
5978 5057
5978 1298
5979 1942
5979 2601
5979 2812
5979 4063
5981 2755
5981 5624
5981 557
5981 4286
5981 958
5982 4930
5982 2330
5982 604
5982 3084
5982 2942
5983 5377
5983 50
5983 4910
5984 886
5984 3303
5984 1194
5984 3645
5984 1007
5985 3716
5985 1783
5986 5253
5986 2982
5986 5451
5986 2092
5986 3005
5987 1234
5987 1188
5987 3767
5987 3080
5987 3948
5988 2096
5988 3176
5989 2371
5989 2551
5989 729
5989 589
5989 2429
5989 814
5990 3920
5990 4134
5990 1547
5990 2700
5990 1180
5990 1485
5992 1315
5992 2870
5992 5799
5992 1627
5992 1965
5992 2541
5994 3558
5994 1354
5994 2717
5994 1647
5996 2563
5996 2646
5996 791
5996 1767
5996 1961
5996 1055
5998 1434
5998 3244
5999 4676
5999 4837
5999 4733
6000 4035
6000 5972
6000 820
6000 1782
6000 5574
6000 4283
6001 3537
6001 4740
6001 5221
6001 1863
6001 1335
6002 323
6002 5289
6002 1211
6003 289
6003 2037
6003 3611
6003 2173
6004 5402
6004 3099
6004 3340
6005 2042
6005 732
6006 1462
6006 4408
6006 5019
6006 2780
6006 3741
6007 1378
6007 2088
6007 3996
6008 5650
6008 1063
6008 40
6008 5021
6009 3092
6009 5767
6009 1419
6010 5282
6010 4772
6010 2859
6010 2429
6010 2014
6011 3155
6011 1972
6011 3927
6011 1965
6012 4342
6012 3112
6012 719
6013 3904
6013 692
6013 4539
6014 4614
6014 3223
6015 884
6015 5882
6017 1349
6017 2773
6017 984
6018 5218
6018 2994
6020 832
6020 1585
6020 2291
6020 516
6020 2011
6020 5741
6021 3366
6021 1690
6021 1756
6022 1013
6022 4919
6022 5609
6022 1085
6023 801
6023 5497
6024 2032
6024 3249
6024 1542
6024 794
6024 1486
6024 2815
6025 50
6025 4228
6025 3478
6025 5336
6025 5322
6025 3342
6026 4114
6026 1141
6026 2679
6026 2952
6026 622
6027 2545
6027 3553
6027 5619
6027 778
6027 2174
6027 735
6028 2395
6028 5564
6028 4910
6029 5432
6029 3096
6029 3641
6029 5533
6030 2979
6030 4686
6030 4974
6031 1531
6031 333
6032 2945
6032 4376
6032 1289
6032 1852
6032 1853
6032 638
6033 1666
6033 108
6035 3986
6035 1429
6035 5032
6035 5804
6035 2318
6035 4734
6036 1170
6036 4599
6036 5656
6036 4633
6036 938
6037 2243
6037 550
6037 343
6037 4143
6038 4548
6038 2038
6038 3223
6038 5127
6038 5527
6038 2349
6039 4720
6039 3569
6039 2804
6039 5192
6039 1546
6039 2414
6040 2146
6040 3701
6040 3319
6040 302
6041 2018
6041 1685
6041 3511
6041 297
6041 1885
6041 5902
6042 2859
6042 5983
6043 4896
6043 1777
6043 2594
6043 4854
6043 4941
6044 171
6044 477
6045 2706
6045 1108
6045 3829
6045 4343
6045 1319
6045 1835
6046 3930
6046 3674
6046 5103
6048 4993
6048 2873
6048 5194
6048 429
6048 3695
6049 2944
6049 5910
6049 1110
6050 1451
6050 925
6051 3137
6051 245
6051 5390
6052 5026
6052 861
6053 3734
6053 4253
6054 5604
6054 2518
6054 4367
6055 2532
6055 2021
6055 2647
6055 2712
6055 3582
6056 3752
6056 4639
6057 3536
6057 521
6057 4203
6057 3611
6057 1967
6058 5458
6058 2451
6058 2805
6058 5704
6058 3193
6058 5438
6059 5876
6059 1414
6059 5207
6059 2156
6060 4018
6060 4406
6060 4872
6060 4028
6060 1903
6061 2912
6061 444
6062 5332
6062 996
6062 3208
6062 2874
6063 5509
6063 3884
6063 4972
6064 1776
6064 4866
6064 5942
6064 2523
6064 1548
6065 1136
6065 1928
6065 5145
6065 3230
6065 2191
6066 853
6066 2055
6066 5051
6067 2050
6067 5956
6067 1572
6067 5914
6068 3122
6068 4099
6068 1108
6068 1076
6068 5086
6068 3087
6069 1875
6069 1622
6069 3179
6069 2299
6069 1582
6069 5374
6070 373
6070 2425
6070 1100
6070 5645
6070 3374
6071 336
6071 32
6071 2072
6071 1033
6071 1145
6072 226
6072 1191
6072 5767
6072 4825
6072 61
6073 915
6073 3668
6073 5705
6073 2607
6075 3702
6075 3254
6075 5691
6075 1436
6075 2669
6075 1838
6076 1572
6076 3176
6076 3515
6076 877
6077 4691
6077 5829
6077 2569
6077 2716
6078 5860
6078 2231
6078 3751
6078 2633
6078 3707
6078 2255
6079 2978
6079 4612
6079 1480
6079 2938
6079 2701
6079 1503
6080 1977
6080 442
6080 1373
6081 3079
6081 3450
6082 4562
6082 3986
6082 2106
6082 4810
6083 3746
6083 2580
6083 4277
6085 1602
6085 4404
6085 1717
6085 5290
6085 5706
6085 957
6086 4407
6086 4814
6088 3157
6088 904
6088 941
6089 4401
6089 466
6089 1444
6089 1141
6089 3275
6090 613
6090 1483
6090 2396
6091 2305
6091 3139
6091 535
6092 4259
6092 710
6092 1798
6092 4200
6092 1263
6093 1140
6093 603
6093 1276
6093 4637
6093 2511
6094 1890
6094 3926
6094 5415
6094 2121
6094 4698
6094 78
6095 1250
6095 4890
6095 1259
6095 4892
6095 5021
6096 5942
6096 5911
6096 552
6096 3898
6096 5149
6097 216
6097 1806
6097 5807
6098 5974
6098 3055
6099 1346
6099 3666
6099 5705
6099 654
6100 2486
6100 3526
6100 567
6101 2033
6101 1333
6101 58
6101 44
6101 1663
6101 5791
6102 3213
6102 3167
6102 1887
6103 2402
6103 3604
6103 2230
6103 1070
6103 4334
6104 3106
6104 3543
6105 4539
6105 3884
6105 1293
6105 3102
6106 4884
6106 2134
6106 550
6106 60
6106 3374
6107 1536
6107 2704
6107 2532
6107 2071
6107 1481
6107 1739
6108 434
6108 1271
6108 3129
6108 3210
6108 2346
6109 3264
6109 114
6109 3608
6109 1610
6109 266
6109 5167
6110 4248
6110 2282
6110 4955
6110 5899
6111 1848
6111 2968
6111 457
6111 5113
6111 830
6112 3669
6112 3594
6113 2600
6113 3657
6114 512
6114 3921
6114 3557
6114 4383
6115 5986
6115 5782
6115 5850
6115 2559
6116 611
6116 4008
6116 5944
6117 2512
6117 781
6117 2621
6118 4996
6118 1639
6118 3434
6120 1124
6120 4552
6120 1016
6120 4713
6121 1892
6121 4326
6121 5190
6121 1623
6122 2771
6122 5829
6122 2885
6122 1759
6123 82
6123 3975
6123 4072
6123 5657
6123 4459
6123 4555
6124 2448
6124 5024
6124 4337
6124 18
6124 1326
6125 483
6125 413
6126 1973
6126 1976
6126 3741
6126 4030
6127 4738
6127 4555
6127 3787
6128 2069
6128 4102
6128 2841
6128 3852
6128 269
6129 4321
6129 1794
6129 284
6129 108
6129 4558
6129 351
6130 594
6130 3107
6130 1879
6130 5303
6131 4384
6131 5972
6131 2126
6132 68
6132 3946
6133 304
6133 1221
6133 3017
6133 1898
6134 4885
6134 2427
6134 3471
6135 784
6135 2656
6135 5859
6135 5797
6135 3675
6135 670
6136 4754
6136 5976
6136 1657
6136 4890
6136 1051
6136 5517
6137 1392
6137 5653
6137 1750
6137 4841
6137 2860
6137 2302
6138 1893
6138 3737
6138 5438
6139 4707
6139 5091
6139 279
6139 2459
6140 4022
6140 410
6140 5086
6141 2085
6141 5269
6141 1865
6142 4149
6142 5643
6142 5916
6142 383
6143 3860
6143 3269
6143 4726
6143 1883
6143 3358
6144 4595
6144 805
6144 3605
6144 4390
6144 72
6145 3072
6145 3102
6146 2071
6146 4251
6146 557
6146 3966
6147 3955
6147 5243
6148 592
6148 440
6148 1933
6149 866
6149 2692
6149 2697
6149 5674
6149 2924
6149 175
6150 1168
6150 1833
6150 3051
6150 333
6151 4518
6151 1708
6151 3933
6151 4030
6152 5440
6152 4545
6152 4723
6152 3675
6152 3869
6153 3184
6153 1011
6153 2485
6153 3158
6153 2743
6153 4043
6155 2290
6155 2565
6155 4975
6156 2739
6156 70
6156 5239
6156 3310
6156 1855
6157 1696
6157 421
6157 3447
6157 3113
6157 364
6158 2609
6158 3074
6158 4788
6159 5280
6159 1229
6160 5326
6160 4670
6161 3861
6161 4805
6161 2871
6161 5081
6161 1769
6162 372
6162 4148
6162 3288
6163 5428
6163 3210
6164 5219
6164 4531
6164 4457
6164 1577
6164 445
6165 3972
6165 5509
6165 200
6165 1897
6165 1547
6165 2943
6166 5252
6166 1933
6167 5968
6167 3215
6168 2144
6168 506
6168 1052
6168 815
6169 690
6169 4583
6170 5056
6170 928
6170 5005
6171 5392
6171 2756
6171 4485
6171 1817
6171 2986
6172 1483
6172 3372
6173 1395
6173 5604
6173 1850
6174 225
6174 2553
6174 4604
6174 5677
6174 974
6175 2628
6175 4762
6175 1099
6175 1214
6175 590
6176 5152
6176 2738
6176 3587
6176 4042
6177 129
6177 1521
6177 3655
6178 82
6178 5836
6178 3134
6179 4658
6179 786
6179 3110
6179 5455
6181 3954
6181 2423
6182 642
6182 2149
6182 569
6183 5315
6183 3430
6184 832
6184 2983
6184 4122
6184 5803
6184 4303
6186 1856
6186 99
6186 1029
6186 710
6186 2680
6186 571
6187 5284
6187 1957
6187 4053
6187 3001
6187 1033
6187 1438
6188 4560
6188 3232
6188 790
6188 1996
6188 5183
6190 5219
6190 5188
6190 4028
6191 1240
6191 3034
6191 4975
6192 4102
6192 4360
6192 4701
6192 1534
6192 2414
6192 2799
6194 1728
6194 1174
6194 3177
6195 5383
6195 3487
6196 5536
6196 482
6196 808
6196 4958
6196 1726
6197 3878
6197 5466
6198 3056
6198 2887
6198 4009
6198 2015
6199 660
6199 4311
6199 3981
6200 5186
6200 274
6200 2195
6200 1059
6200 218
6201 2320
6201 689
6201 2119
6201 4668
6201 1437
6201 3871
6202 1648
6202 3251
6202 1416
6202 6093
6203 34
6203 5991
6203 1245
6203 4093
6204 437
6204 5258
6205 2437
6205 2597
6205 1079
6205 1656
6205 5321
6206 1136
6206 5707
6206 3067
6206 2300
6206 5629
6206 4957
6208 4115
6208 2569
6208 1837
6209 5232
6209 852
6209 5749
6209 4567
6210 192
6210 2801
6210 5239
6210 4283
6210 397
6210 1631
6211 1041
6211 1170
6211 1267
6211 2070
6211 6028
6212 448
6212 5072
6212 3365
6212 4422
6212 3462
6212 859
6213 5296
6213 1605
6213 5510
6213 857
6213 5198
6214 5680
6214 3336
6214 1850
6215 5187
6215 5459
6215 2036
6215 5706
6215 3180
6215 2893
6216 997
6216 533
6216 1576
6216 4858
6216 1615
6217 4674
6217 194
6218 1912
6218 4702
6219 6152
6219 1930
6220 4203
6220 3437
6221 640
6221 3914
6222 5409
6222 4033
6222 1539
6222 4676
6222 149
6222 4377
6223 2228
6223 2165
6223 4247
6224 5975
6224 6079
6225 2817
6225 6118
6225 2680
6225 3933
6227 5184
6227 5684
6227 967
6227 4183
6227 1950
6228 4739
6228 2742
6228 4847
6229 224
6229 4243
6229 3493
6229 2838
6229 636
6229 5774
6230 4626
6230 723
6230 165
6230 5726
6230 4734
6230 3135
6231 5747
6231 5591
6231 4088
6231 4858
6231 6062
6232 4177
6232 5955
6232 2598
6232 2006
6232 2152
6232 2424
6233 1301
6233 2327
6233 6183
6234 5058
6234 5861
6234 6137
6234 3228
6234 4700
6235 1397
6235 5609
6235 991
6236 546
6236 2725
6236 5579
6237 4288
6237 403
6237 2895
6238 3729
6238 2497
6238 1347
6238 3779
6238 407
6239 1360
6239 3813
6239 391
6240 2400
6240 2817
6240 1729
6240 6152
6240 2250
6241 3681
6241 1209
6241 1482
6241 5965
6242 4100
6242 1719
6242 700
6243 1219
6243 5287
6243 6199
6243 5918
6244 5108
6244 3595
6244 1966
6246 2136
6246 2892
6246 5502
6246 527
6247 4566
6247 5638
6247 1126
6247 3437
6247 4525
6247 2653
6248 785
6248 3654
6248 2028
6248 1871
6249 231
6249 3896
6249 2730
6249 1740
6249 4750
6250 3542
6250 3148
6251 3763
6251 3196
6252 192
6252 69
6252 5189
6252 4136
6252 4201
6252 2490
6253 647
6253 2935
6253 4586
6253 5803
6254 4618
6254 5022
6255 128
6255 3638
6256 6193
6256 819
6256 4004
6256 2037
6256 3543
6256 1501
6257 2272
6257 2408
6258 3641
6258 4619
6259 5217
6259 2737
6259 3182
6259 5983
6260 90
6260 1132
6262 5666
6262 1317
6262 2855
6262 1880
6262 714
6262 5564
6263 256
6263 96
6263 2978
6263 5587
6263 4998
6263 5848
6264 2930
6264 29
6264 2319
6265 2384
6265 5382
6265 3608
6266 4435
6266 2566
6266 1336
6266 2442
6267 1801
6267 5212
6269 5320
6269 3033
6269 4379
6269 5548
6269 111
6271 5921
6271 3657
6272 1016
6272 2665
6272 2522
6272 2651
6273 915
6273 4662
6273 2489
6273 3135
6274 816
6274 2934
6274 3447
6274 4490
6275 4805
6275 907
6276 2705
6276 5217
6276 1269
6276 1973
6276 1446
6276 2733
6277 6130
6277 4675
6277 3877
6277 5510
6278 3300
6278 5749
6278 298
6278 4522
6278 543
6278 1455
6279 919
6279 4695
6279 1594
6280 704
6280 5541
6280 922
6281 2506
6281 2013
6283 4100
6283 5588
6283 1262
6283 3215
6284 4256
6284 3043
6284 375
6284 153
6284 4874
6284 1871
6285 5073
6285 5160
6285 3711
6285 3919
6286 965
6286 92
6286 878
6287 2642
6287 6084
6287 3689
6287 3418
6287 5356
6287 4382
6288 83
6288 2728
6288 649
6289 2422
6289 5546
6290 5696
6290 1717
6290 806
6290 554
6290 4253
6291 1699
6291 5811
6291 6003
6291 6020
6291 5917
6293 1061
6293 1494
6293 1707
6294 4785
6294 3828
6294 2860
6295 2144
6295 3312
6295 2865
6295 5638
6295 4585
6295 479
6296 4563
6296 6008
6297 5810
6297 2924
6297 909
6298 3445
6298 4300
6299 3712
6299 2514
6299 5986
6299 5310
6300 2288
6300 1713
6300 1316
6300 5001
6300 1995
6300 2877
6301 2439
6301 4667
6302 2849
6302 1767
6302 200
6303 854
6303 5398
6303 2746
6303 3419
6303 4460
6304 1760
6304 724
6304 5636
6304 4535
6304 121
6304 5322
6305 5443
6305 197
6305 5447
6305 2873
6305 765
6305 4367
6307 1281
6307 2850
6307 2133
6307 966
6307 4134
6308 1522
6308 5197
6309 112
6309 2322
6309 1379
6309 5673
6309 4601
6310 3874
6310 292
6310 1734
6310 1206
6310 1081
6310 1481
6311 1046
6311 3527
6312 998
6312 4070
6312 5145
6313 1364
6313 3237
6313 5534
6314 1684
6314 1274
6314 1997
6316 3682
6316 4179
6316 3416
6316 5272
6316 1128
6317 1659
6317 2782
6318 2326
6318 5435
6318 379
6318 3069
6318 6062
6319 67
6319 1270
6319 4023
6319 3609
6319 3598
6319 5486
6320 5331
6320 3300
6320 1596
6321 1716
6321 373
6321 1734
6321 2279
6321 5531
6321 1612
6322 2500
6322 5958
6322 1399
6323 4483
6323 3610
6324 5077
6324 6151
6324 2027
6326 3632
6326 2603
6327 2871
6327 3292
6328 35
6328 36
6328 1592
6328 553
6328 2667
6328 3885
6329 2387
6329 502
6329 3450
6329 2127
6330 2832
6330 2404
6330 4582
6331 2998
6331 4198
6331 5719
6331 4959
6332 4935
6332 2138
6332 5867
6332 1775
6333 2482
6333 1380
6333 4567
6334 3849
6334 3324
6335 582
6335 1351
6335 3242
6335 3948
6335 5341
6335 5981
6336 5825
6336 4601
6337 353
6337 3169
6337 3891
6337 3524
6337 1365
6337 636
6338 5937
6338 1181
6339 926
6339 14
6340 5319
6340 5367
6341 4387
6341 1132
6342 962
6342 6079
6343 6050
6343 1916
6344 4242
6344 2330
6345 5090
6345 5590
6345 4879
6346 4208
6346 5124
6346 2942
6347 801
6347 5602
6347 3653
6347 5436
6347 3133
6347 847
6349 1905
6349 2162
6349 3443
6349 4484
6349 3960
6349 2092
6351 1012
6351 540
6351 3982
6352 4471
6352 3403
6352 5885
6353 1573
6353 2837
6353 231
6353 5113
6353 4828
6353 2621
6354 3184
6354 5653
6354 668
6354 3997
6354 1501
6355 483
6355 167
6355 3581
6356 5656
6356 2456
6356 2057
6356 476
6356 4812
6356 5535
6357 2083
6357 4803
6358 4705
6358 1588
6358 1975
6361 5511
6361 1160
6361 2264
6361 1389
6362 338
6362 3727
6363 4944
6363 1283
6363 4681
6364 3702
6364 3080
6364 5694
6366 624
6366 5553
6366 1107
6366 3530
6367 3650
6367 2492
6367 428
6367 1436
6367 3773
6367 3135
6368 2294
6368 4892
6369 1444
6369 1526
6369 2711
6369 1543
6369 91
6371 1936
6371 1142
6372 6116
6372 3207
6372 1159
6373 3027
6373 5956
6373 5060
6373 1653
6373 4377
6373 1676
6374 3843
6374 788
6374 5830
6374 2246
6375 4771
6375 102
6375 4342
6375 3801
6375 2687
6376 3777
6376 3364
6378 2594
6378 2979
6378 3334
6378 2408
6378 1993
6378 4621
6379 5364
6379 5261
6379 4623
6380 3059
6380 2340
6380 676
6380 5734
6380 2383
6381 434
6381 325
6381 630
6381 615
6381 907
6382 5188
6382 2072
6382 1098
6382 2746
6382 4333
6382 2015
6383 6144
6383 835
6383 5339
6383 3903
6384 1440
6384 2625
6384 2958
6385 4422
6385 119
6385 3309
6387 4691
6387 5732
6387 6091
6387 2427
6387 2511
6388 2630
6388 1119
6389 967
6389 191
6390 5890
6390 5893
6390 2870
6390 1976
6390 1194
6390 5327
6391 1506
6391 4485
6391 3785
6392 1655
6392 5613
6393 5925
6393 1051
6394 954
6394 2379
6395 2411
6395 5647
6396 3699
6396 2268
6396 319
6397 5092
6397 5498
6398 2738
6398 2677
6398 2343
6398 1594
6399 4457
6399 3642
6399 156
6400 2465
6400 1412
6401 5419
6401 972
6402 6199
6402 2889
6403 2489
6403 106
6404 1443
6404 4839
6404 649
6404 2857
6405 3305
6405 4156
6405 2189
6407 176
6407 369
6407 4850
6407 421
6408 4928
6408 1697
6408 1717
6408 5702
6409 2258
6409 4647
6409 2043
6410 1329
6410 5461
6410 1957
6410 2725
6411 4112
6411 4581
6411 1258
6412 1908
6412 2806
6413 592
6413 5970
6413 4770
6413 3794
6414 2691
6414 196
6414 6182
6414 4247
6414 6152
6414 2331
6415 882
6415 2062
6416 1329
6416 1220
6417 3239
6417 2425
6418 6120
6418 489
6418 5833
6418 4079
6419 993
6419 5198
6419 5199
6419 5663
6420 3588
6420 1061
6420 4728
6420 2329
6420 3674
6420 5071
6421 5120
6421 2370
6421 998
6422 905
6422 922
6422 6110
6423 5648
6423 1861
6423 1303
6423 4424
6423 4780
6424 4722
6424 228
6424 389
6425 4784
6425 4241
6425 4724
6425 2709
6425 2348
6426 5155
6426 697
6426 2524
6426 2061
6427 5619
6427 6266
6427 4586
6427 3548
6427 2061
6427 5166
6429 1125
6429 1381
6429 3190
6429 3005
6429 6013
6430 1413
6430 1735
6430 3671
6430 4958
6430 4287
6432 3600
6432 2400
6432 6086
6432 5390
6433 4471
6433 2829
6435 1027
6435 780
6435 6365
6436 4692
6436 1519
6438 6292
6438 2396
6439 4917
6439 1705
6440 4802
6440 4233
6440 3198
6440 2879
6441 2308
6441 4805
6441 3429
6441 3799
6441 57
6442 4468
6442 3172
6442 4582
6442 1238
6442 3368
6442 1710
6443 1892
6443 4101
6443 2237
6444 3641
6444 3166
6446 5958
6446 908
6446 2542
6447 594
6447 132
6447 5430
6447 5063
6447 1240
6447 3229
6448 230
6448 2302
6449 4101
6449 1685
6449 697
6449 1994
6449 5563
6450 1941
6450 3386
6450 1548
6451 3223
6451 5596
6452 2976
6452 5605
6453 1600
6453 486
6453 1079
6453 4733
6454 1523
6454 2132
6454 2253
6455 370
6455 5002
6456 2979
6456 2520
6457 4492
6457 1759
6458 5297
6458 6019
6458 1716
6458 3252
6458 2869
6458 3692
6460 1127
6460 5532
6460 3772
6460 591
6460 5231
6461 4775
6461 332
6462 968
6462 5327
6463 432
6463 1985
6463 3203
6463 4775
6463 5561
6463 700
6464 6081
6464 1468
6464 3308
6465 2852
6465 2190
6466 1954
6466 708
6466 4871
6466 3048
6466 76
6468 2082
6468 1346
6468 2795
6469 357
6469 725
6469 5289
6469 3418
6469 6126
6470 3460
6470 5796
6470 3013
6470 3431
6470 3001
6471 4704
6471 2533
6471 4205
6471 5759
6471 95
6473 2503
6473 2040
6473 1452
6473 5725
6473 2879
6474 737
6474 2034
6474 2274
6474 1836
6474 4781
6474 3647
6476 2295
6476 2558
6477 82
6477 5557
6477 1561
6477 5005
6477 6031
6478 4528
6478 602
6478 5085
6478 5934
6478 4494
6479 1125
6479 6057
6479 5946
6479 3887
6480 5249
6480 3330
6480 1573
6480 5318
6480 680
6480 1084
6481 5959
6481 4763
6482 5074
6482 2631
6482 1290
6482 6075
6482 3036
6485 5697
6485 3571
6485 5113
6486 4512
6486 1798
6486 3275
6487 3185
6487 4194
6487 537
6487 5930
6487 4284
6488 3872
6488 1320
6488 8
6488 5773
6488 3455
6489 5444
6489 6166
6489 168
6489 2845
6490 3265
6490 276
6490 2602
6490 2173
6491 5253
6491 4654
6492 2930
6492 3653
6492 314
6492 939
6492 4251
6492 3071
6493 2609
6493 3779
6493 3299
6493 5428
6493 6137
6493 286
6495 3462
6495 4091
6495 3630
6496 3296
6496 4519
6496 4122
6496 3754
6497 2883
6497 999
6497 1178
6497 3247
6498 530
6498 6327
6498 1021
6498 5822
6499 6082
6499 898
6499 611
6499 4584
6500 5793
6500 3012
6500 1754
6500 2284
6501 1219
6501 531
6501 2310
6501 5319
6501 1595
6501 4157
6502 3217
6502 3669
6502 1127
6502 5503
6503 3059
6503 5603
6503 4473
6505 370
6505 883
6505 3381
6505 3048
6505 3339
6506 560
6506 3619
6506 4796
6506 5615
6507 5361
6507 4481
6507 4259
6507 4249
6507 74
6508 5537
6508 866
6508 2597
6508 1061
6508 2393
6508 3565
6509 17
6509 1009
6509 838
6509 5867
6509 1709
6509 5679
6510 5760
6510 1362
6510 588
6510 4252
6511 1040
6511 6306
6511 3555
6511 216
6511 5755
6511 5372
6512 2515
6512 5347
6512 5493
6512 5209
6512 250
6512 2814
6513 5754
6513 2477
6514 3859
6514 2414
6515 881
6515 4854
6516 608
6516 3559
6516 6076
6516 4477
6516 2653
6517 6027
6517 156
6517 125
6517 3501
6518 3114
6518 3999
6519 2610
6519 6339
6519 5061
6519 4409
6519 5420
6519 172
6520 4561
6520 242
6520 6146
6520 3261
6520 4766
6520 5359
6521 6337
6521 4467
6521 951
6521 1352
6521 6220
6523 3440
6523 3219
6523 363
6523 2927
6524 6160
6524 32
6525 5249
6525 2338
6525 2988
6525 2781
6525 3581
6526 4790
6526 2045
6526 878
6528 3572
6528 1494
6528 1451
6528 3197
6528 4319
6529 4272
6529 3271
6529 4808
6530 6243
6530 4504
6530 1385
6530 3529
6530 1628
6530 5647
6531 5371
6531 733
6532 2116
6532 5950
6532 4751
6532 5615
6533 6064
6533 771
6533 4937
6533 510
6533 1455
6534 1685
6534 4024
6535 2512
6535 5360
6535 5651
6535 1947
6536 1648
6536 226
6536 890
6536 1547
6536 5455
6538 3074
6538 738
6538 808
6538 5530
6539 4147
6539 4487
6540 2948
6540 1940
6540 997
6540 1671
6540 539
6540 5293
6541 244
6541 3192
6541 525
6541 5261
6541 5773
6542 2
6542 6387
6542 389
6543 3878
6543 4263
6543 3004
6543 5439
6544 467
6544 615
6544 984
6544 1884
6545 4951
6545 1275
6545 1611
6547 5696
6547 4905
6547 4922
6548 6210
6548 2498
6548 6149
6548 5847
6548 5659
6548 846
6551 1492
6551 4966
6551 5721
6551 13
6551 4094
6552 3250
6552 5075
6552 2550
6552 1654
6552 3494
6553 5827
6553 1686
6553 3210
6553 5292
6554 1776
6554 1319
6554 1287
6555 5777
6555 4129
6555 2535
6555 4477
6556 3137
6556 421
6557 2723
6557 1662
6557 3167
6558 596
6558 2824
6558 5289
6558 5995
6558 4924
6558 3437
6559 5217
6559 4089
6559 3614
6560 4914
6560 2356
6560 2886
6560 3527
6560 3800
6560 5659
6561 3729
6561 165
6561 309
6561 5351
6561 183
6561 5084
6562 4582
6562 1403
6562 61
6563 160
6563 2673
6563 6057
6563 4811
6563 2124
6564 4194
6564 3716
6564 2807
6564 4535
6564 5514
6564 6173
6565 1218
6565 2156
6565 1550
6566 20
6566 5238
6566 1455
6567 208
6567 1241
6567 3499
6568 4236
6568 1997
6569 4436
6569 1788
6569 3309
6570 497
6570 2229
6570 3781
6570 1563
6571 5712
6571 2711
6571 5210
6571 5482
6572 4640
6572 5490
6572 4601
6572 2798
6573 5891
6573 4010
6573 3421
6574 6337
6574 2853
6574 1624
6574 5177
6574 3886
6574 2351
6575 4313
6575 1420
6575 4318
6576 5110
6576 3800
6576 3997
6576 1215
6577 4936
6577 383
6578 5792
6578 1522
6579 4353
6579 5265
6579 3574
6579 2295
6580 1793
6580 3767
6580 1514
6580 4029
6580 2637
6580 4062
6583 5536
6583 4292
6583 4804
6583 1319
6583 28
6584 4336
6584 401
6584 5474
6584 4997
6584 5830
6584 1919
6585 221
6585 4831
6586 325
6586 5256
6586 1405
6586 749
6587 465
6587 1782
6587 3148
6587 4845
6588 5040
6588 4290
6588 2950
6588 4045
6589 4432
6589 2209
6589 275
6589 1672
6589 4844
6589 4973
6591 1904
6591 3584
6591 3811
6591 4419
6591 4329
6591 6381
6592 3442
6592 740
6592 3035
6592 2876
6592 3342
6592 5599
6593 1251
6593 887
6593 3677
6593 3854
6594 4213
6594 3097
6595 2690
6595 1187
6595 4393
6595 5354
6595 2347
6595 4655
6596 1186
6596 5566
6598 4976
6598 374
6599 489
6599 1689
6599 5738
6600 81
6600 2978
6600 2690
6600 1474
6600 6363
6600 5070
6601 3287
6601 3068
6601 1663
6602 5057
6602 2777
6602 6185
6602 4346
6603 3712
6603 144
6603 5814
6603 654
6603 5278
6603 334
6604 2860
6604 6047
6605 1922
6605 1909
6605 2935
6605 5802
6605 3835
6605 4701
6606 5493
6606 4840
6607 6289
6607 5473
6607 4708
6607 2134
6607 4541
6607 4111
6608 4289
6608 6582
6608 840
6608 2952
6608 5917
6609 5201
6609 1651
6609 4938
6609 5675
6609 207
6610 627
6610 708
6610 2900
6610 4184
6610 3356
6611 4914
6611 3444
6611 3688
6611 3977
6612 2017
6612 245
6612 1656
6612 3068
6612 1182
6613 6449
6613 2466
6613 2035
6613 5588
6613 4278
6614 1792
6614 5310
6615 2304
6615 5911
6615 2023
6615 5704
6615 1723
6615 3149
6616 3959
6616 5481
6616 4363
6616 4091
6616 4095
6617 3090
6617 919
6617 6073
6617 4655
6620 4273
6620 85
6620 677
6620 70
6620 5038
6621 1348
6621 853
6621 2664
6621 4168
6622 3651
6622 2022
6622 3543
6622 6441
6622 5481
6622 3772
6623 4369
6623 5941
6623 6120
6623 927
6625 4579
6625 1045
6625 2298
6625 5692
6625 29
6625 5630
6626 5426
6626 2966
6626 4967
6626 1016
6627 880
6627 1666
6627 1971
6627 3028
6627 3084
6628 165
6628 325
6628 999
6628 6475
6628 2827
6629 2129
6629 673
6629 5806
6630 658
6630 1554
6630 3896
6630 4906
6630 2827
6631 3299
6631 1283
6631 6051
6631 5556
6631 198
6632 3205
6632 2536
6632 2312
6632 6127
6632 3103
6633 849
6633 3026
6633 5397
6633 1606
6633 2185
6633 4155
6634 6176
6634 1410
6634 2230
6635 848
6635 5365
6635 4638
6636 294
6636 2023
6636 247
6636 6493
6636 5983
6638 3232
6638 546
6638 1987
6638 5992
6638 1529
6638 2957
6639 5168
6639 1096
6639 5770
6639 4575
6639 239
6641 4193
6641 4199
6641 540
6642 2448
6642 3363
6642 2820
6642 5050
6642 1371
6643 4248
6643 5657
6643 1147
6643 1423
6644 4693
6644 5989
6644 6455
6644 5917
6645 2294
6645 2231
6645 1513
6645 3039
6646 3511
6646 126
6646 1230
6648 1889
6648 4693
6648 1064
6648 5356
6648 2956
6649 2694
6649 1625
6649 6062
6650 4740
6650 4392
6650 1132
6650 4492
6651 2640
6651 1458
6651 153
6651 682
6651 91
6652 3184
6652 3459
6652 248
6652 2617
6652 1628
6652 847
6653 6354
6653 6180
6653 549
6653 454
6653 4889
6653 2395
6654 6528
6654 6564
6654 3962
6654 5563
6654 1020
6654 5631
6655 2261
6655 5046
6655 6150
6655 3769
6655 2891
6655 4701
6656 806
6656 6342
6656 1177
6656 859
6656 2367
6656 4799
6657 5059
6657 3733
6658 6432
6658 55
6658 5131
6658 2351
6659 881
6659 4243
6659 3369
6659 1551
6659 1823
6660 3346
6660 872
6661 2896
6661 283
6661 4589
6661 1663
6662 768
6662 2768
6662 1569
6662 3316
6662 526
6663 2562
6663 2791
6663 4007
6663 4120
6663 2123
6664 5527
6664 3464
6664 2507
6664 6143
6665 3122
6665 5941
6665 5928
6666 3284
6666 3685
6667 2946
6667 3683
6667 6310
6667 679
6667 3291
6667 6351
6668 5968
6668 439
6668 1435
6668 5580
6668 4157
6668 4527
6669 1328
6669 3448
6669 2539
6669 2588
6670 1473
6670 6131
6670 489
6670 1193
6670 731
6671 5840
6671 3030
6671 1591
6671 855
6671 5277
6671 5455
6672 4770
6672 131
6672 2949
6672 1238
6672 1517
6672 6349
6673 2992
6673 6292
6673 2747
6673 667
6673 3357
6674 626
6674 3612
6676 4722
6676 2312
6676 6361
6676 6076
6678 2518
6678 2154
6679 1232
6679 5825
6679 1683
6679 2212
6679 5381
6680 6579
6680 4262
6680 1151
6682 3589
6682 1143
6682 4919
6682 792
6682 6585
6682 4511
6684 5536
6684 3889
6684 4795
6684 4974
6684 3166
6685 3024
6685 3619
6685 6596
6685 3540
6685 4361
6685 4172
6687 1732
6687 4373
6687 6008
6687 6187
6687 1196
6687 1646
6688 3269
6688 1189
6688 1532
6688 2159
6690 70
6690 3896
6690 3640
6690 2043
6691 3168
6691 4755
6691 6357
6691 4970
6691 1405
6692 1636
6692 4262
6692 2566
6693 4803
6693 5350
6694 1205
6694 696
6696 4656
6696 6129
6696 5494
6696 5833
6696 124
6696 4221
6697 2917
6697 4533
6697 2510
6698 532
6698 6472
6698 15
6699 1714
6699 2562
6699 1559
6699 4087
6699 5017
6700 3202
6700 1738
6701 2632
6701 4265
6701 4940
6701 4236
6701 1037
6701 2942
6703 3636
6703 6148
6703 5989
6703 379
6703 5565
6704 402
6704 738
6704 2532
6704 3910
6704 2087
6704 4538
6705 3345
6705 3458
6705 898
6706 692
6706 2932
6706 4518
6706 1227
6708 1968
6708 2376
6708 266
6708 3243
6708 6029
6708 3469
6709 3762
6709 4891
6710 1353
6710 1545
6711 2118
6711 4022
6711 3672
6711 1498
6711 3053
6712 1681
6712 2156
6713 3652
6713 5773
6714 1779
6714 3797
6714 3975
6715 6032
6715 4643
6715 5814
6715 1206
6715 5180
6715 2828
6716 5168
6716 3427
6716 3652
6716 5321
6716 2522
6717 2531
6717 1144
6718 3249
6718 5396
6718 1149
6718 1565
6718 958
6719 5829
6719 4616
6719 3788
6719 5277
6720 2275
6720 4172
6721 5683
6721 1316
6721 2270
6721 2510
6721 5807
6721 2399
6722 579
6722 6456
6722 4872
6723 5296
6723 2461
6724 1589
6724 453
6724 3301
6724 2294
6724 5631
6726 180
6726 1556
6726 6153
6726 5085
6726 3375
6727 274
6727 5082
6727 4573
6727 2446
6728 5521
6728 501
6728 5260
6728 4781
6728 4031
6729 1120
6729 2850
6729 1177
6729 6170
6729 2283
6729 399
6730 5062
6730 1671
6730 3992
6730 2746
6730 3823
6732 1712
6732 4578
6732 4325
6732 731
6732 2396
6733 4322
6733 4108
6733 4927
6736 608
6736 4808
6737 3442
6737 3699
6737 1531
6737 1709
6737 926
6737 1839
6738 6370
6738 2006
6738 767
6739 2640
6739 3511
6739 3867
6740 3537
6740 1201
6740 4306
6740 615
6740 1754
6741 3212
6741 5022
6743 4455
6743 1758
6744 771
6744 5543
6744 1273
6744 1789
6745 1396
6745 3413
6746 3443
6746 6217
6746 3370
6746 5052
6746 1260
6746 4957
6747 6033
6747 3506
6747 2835
6747 1414
6747 3900
6748 2228
6748 3493
6750 1395
6750 2916
6750 2698
6752 19
6752 675
6752 455
6752 2330
6752 5599
6753 4208
6753 6317
6753 6591
6754 2210
6754 3852
6754 2175
6755 1650
6755 1174
6755 2506
6756 4112
6756 4944
6756 385
6756 5844
6756 5668
6757 2050
6757 1926
6757 5740
6757 4989
6758 6264
6758 1674
6758 4026
6758 4685
6758 1567
6759 5944
6759 4089
6759 6074
6760 3973
6760 5239
6760 3015
6760 2013
6760 1583
6761 919
6761 680
6761 5944
6761 1849
6762 4354
6762 2371
6762 5653
6762 3942
6762 4583
6762 5177
6765 628
6765 5163
6765 4220
6765 1901
6765 2670
6765 447
6766 2867
6766 548
6766 4119
6766 5207
6766 6011
6767 2402
6767 5655
6767 3775
6768 5172
6768 804
6768 1497
6769 2966
6769 4477
6770 1608
6770 5096
6770 5306
6770 1709
6770 367
6771 2114
6771 5433
6771 3549
6771 5181
6771 1229
6771 3935
6772 4753
6772 84
6772 4327
6772 6493
6773 6083
6773 4055
6773 3063
6773 4621
6774 3093
6774 3414
6774 2183
6774 4952
6774 6026
6774 1726
6775 5012
6775 2164
6775 4582
6775 1270
6775 5687
6775 2602
6776 6225
6776 3874
6776 5895
6776 4843
6776 4190
6776 6318
6777 3088
6777 5410
6777 5876
6777 4589
6777 1775
6777 527
6778 3862
6778 2311
6778 4058
6778 76
6778 2127
6780 2791
6780 2552
6780 3641
6781 6247
6781 1931
6782 4198
6782 5446
6782 2473
6782 4302
6783 980
6783 4791
6783 28
6783 5470
6784 4196
6784 5721
6784 5561
6784 2253
6784 477
6785 4772
6785 3146
6785 2155
6785 5259
6786 2994
6786 6068
6786 4997
6786 5576
6787 2723
6787 2709
6787 6550
6787 1323
6789 2539
6789 6252
6790 4644
6790 680
6790 2216
6790 5354
6791 322
6791 4856
6792 5232
6792 1532
6792 1789
6793 6561
6793 1063
6793 1112
6793 3192
6793 1610
6794 2242
6794 3906
6794 1380
6794 5865
6795 4608
6795 4211
6795 5052
6795 3870
6796 3889
6796 2873
6796 1023
6798 1904
6798 3137
6798 3091
6798 436
6798 1576
6798 4397
6799 373
6799 1975
6799 1703
6799 4296
6799 3610
6799 221
6800 4788
6800 212
6800 3942
6800 3836
6800 2910
6800 2990
6801 2262
6801 5015
6801 1898
6801 2490
6801 5006
6801 623
6802 3283
6802 1045
6802 4773
6802 3463
6802 4568
6802 6045
6803 1397
6803 5081
6803 4620
6803 1293
6803 5167
6804 1717
6804 3625
6804 363
6804 2237
6804 5038
6805 3106
6805 4038
6805 3804
6806 1904
6806 2705
6806 5787
6806 3659
6807 4275
6807 3607
6807 6698
6808 545
6808 227
6808 1945
6808 6187
6808 1311
6809 1331
6809 6404
6809 5624
6809 3899
6809 3196
6809 2413
6811 4454
6811 5372
6811 1212
6812 1059
6812 5517
6813 6145
6813 6257
6813 4054
6813 6154
6813 6172
6814 3091
6814 5142
6814 3032
6814 5293
6814 3789
6815 3153
6815 5035
6815 2173
6815 14
6816 5108
6816 6740
6816 2437
6816 4941
6817 4128
6817 6065
6817 2745
6817 5514
6817 3181
6819 3143
6819 3913
6820 2498
6820 4419
6820 6089
6820 4938
6820 5967
6822 3264
6822 2808
6822 233
6822 3309
6822 526
6823 4741
6823 4874
6824 6400
6824 898
6824 2478
6825 6583
6825 824
6825 441
6825 1839
6826 3985
6826 1858
6826 2195
6826 4707
6826 1788
6827 3044
6827 5178
6828 722
6828 514
6828 758
6828 6314
6828 2367
6829 3766
6829 3366
6829 441
6829 4187
6829 2060
6830 4373
6830 1850
6830 1452
6831 3350
6831 2585
6831 2650
6831 5119
6832 5449
6832 4234
6832 4651
6832 1163
6833 4787
6833 3702
6833 1304
6833 1211
6835 6227
6835 838
6835 5292
6835 4959
6836 4513
6836 1271
6836 1423
6837 4451
6837 900
6837 1389
6837 3150
6838 6452
6838 4489
6838 6251
6838 3836
6838 6206
6838 367
6839 3618
6839 1907
6839 3910
6839 3702
6839 6343
6840 5141
6840 2663
6840 3864
6840 5224
6840 3865
6840 1564
6841 3028
6841 2346
6842 6768
6842 5322
6842 6698
6842 6074
6843 4816
6843 386
6843 1173
6843 5030
6843 1496
6843 1912
6844 4114
6844 4979
6844 4948
6844 4006
6844 2552
6844 6505
6845 3684
6845 3445
6845 2102
6845 4297
6845 205
6845 3325
6846 6418
6846 5107
6846 6772
6846 5654
6846 6791
6846 2427
6847 3330
6847 707
6847 4020
6847 1221
6847 3846
6847 4924
6848 1011
6848 3624
6848 2573
6849 4696
6849 57
6849 4042
6849 4300
6850 3201
6850 1108
6850 1013
6850 1895
6850 5607
6850 5951
6851 2626
6851 6455
6851 4110
6851 1007
6852 5107
6852 3667
6852 279
6852 1466
6852 685
6853 1841
6853 6124
6853 4974
6854 2097
6854 4165
6854 3017
6855 6628
6855 6697
6856 1056
6856 3221
6856 390
6856 1303
6856 2458
6857 2057
6857 3134
6858 337
6858 5410
6858 4468
6858 6535
6859 1988
6859 5384
6859 2910
6860 5217
6860 2375
6860 26
6861 1941
6861 4506
6863 19
6863 6086
6863 614
6863 2294
6863 392
6863 2828
6866 2064
6866 6545
6866 2290
6866 6069
6866 3786
6867 5544
6867 2814
6868 6321
6868 6153
6868 2250
6868 4846
6869 1356
6869 2094
6870 5139
6870 6501
6870 1654
6870 1030
6870 1111
6870 3867
6871 615
6871 2312
6871 2265
6871 5742
6871 6271
6872 768
6872 533
6872 1147
6872 6620
6872 3566
6872 1439
6873 6342
6873 4219
6874 1650
6874 706
6874 5171
6874 5635
6874 393
6874 5054
6875 2664
6875 6139
6877 1250
6877 4386
6877 553
6877 2346
6877 351
6877 1279
6878 262
6878 5191
6878 2750
6879 391
6879 75
6879 255
6881 2689
6881 2513
6881 1587
6881 5830
6881 2446
6882 2851
6882 4491
6882 5916
6883 4000
6883 6345
6883 6393
6884 290
6884 3814
6885 1888
6885 4344
6885 4041
6886 4944
6886 4578
6887 135
6887 4507
6887 3147
6887 6108
6887 5342
6890 5036
6890 5678
6891 4240
6891 978
6892 2995
6892 4823
6893 323
6893 1988
6893 1103
6894 704
6894 4816
6894 5857
6894 1619
6894 4844
6895 274
6895 6611
6895 5319
6895 5624
6896 1744
6896 5622
6896 2729
6896 3231
6897 5421
6897 3887
6898 4513
6898 3003
6898 1101
6899 1760
6899 2769
6899 1394
6899 4938
6900 5746
6900 1829
6900 5214
6901 3239
6901 4427
6901 478
6902 1285
6902 4917
6903 1476
6903 5494
6903 4679
6903 5978
6903 6315
6904 576
6904 3539
6904 3907
6904 3699
6904 3323
6905 4464
6905 3507
6905 4675
6905 2410
6905 5210
6906 3507
6906 2308
6906 190
6907 5509
6907 3432
6908 999
6908 6025
6908 253
6909 6301
6909 318
6910 1696
6910 4272
6910 6480
6910 3768
6910 2200
6910 859
6911 2309
6911 6584
6911 3642
6913 99
6913 1801
6913 2013
6913 4398
6913 383
6914 6016
6914 2771
6914 4548
6914 2201
6914 1887
6915 545
6915 81
6917 6040
6917 3001
6917 5356
6917 3933
6918 4708
6918 3607
6918 6684
6918 3822
6918 5743
6919 5139
6919 6052
6919 5260
6919 5295
6920 1603
6920 2807
6920 6687
6922 4757
6922 5833
6922 6190
6922 5614
6923 6305
6923 4922
6923 3996
6924 800
6924 3431
6924 2765
6924 302
6924 542
6925 1543
6925 1213
6926 3296
6926 6737
6926 3727
6927 3184
6927 3472
6927 147
6927 203
6927 4028
6927 1966
6928 3578
6928 5804
6929 2739
6929 883
6929 6469
6930 1552
6930 5963
6930 5548
6930 2556
6931 406
6931 5175
6931 2680
6931 5370
6931 1898
6931 4365
6932 3315
6932 2340
6932 4139
6933 5313
6933 1299
6933 3476
6936 4064
6936 3161
6936 187
6936 334
6936 5087
6937 4554
6937 4027
6938 2585
6938 4030
6938 2766
6939 4674
6939 293
6939 2615
6939 6509
6940 6192
6940 3040
6940 6352
6940 4461
6941 3761
6941 3202
6941 6645
6942 1603
6942 5651
6942 1156
6942 2123
6942 2573
6943 3412
6943 2598
6944 775
6944 2780
6945 1603
6945 2868
6945 2949
6945 6398
6946 5587
6946 824
6946 2269
6948 324
6948 886
6948 2199
6948 5259
6948 59
6949 3761
6949 487
6949 3901
6949 3631
6950 6656
6950 4161
6950 3826
6950 6359
6950 3724
6950 494
6951 3859
6951 6164
6951 5817
6951 379
6952 4203
6952 5324
6952 4654
6953 4614
6953 2967
6953 3751
6953 2873
6954 3714
6954 1704
6955 914
6955 1674
6955 383
6956 5521
6956 3666
6957 4736
6957 490
6957 3434
6957 4751
6958 6112
6958 226
6958 4454
6958 2332
6959 1684
6959 2377
6960 1877
6960 25
6960 1258
6960 5069
6961 466
6961 2419
6961 5659
6961 942
6961 2334
6961 1743
6962 5985
6962 2306
6962 2043
6963 624
6963 1089
6963 4902
6963 5421
6963 2879
6964 1538
6964 4345
6964 2508
6965 1136
6965 1666
6965 1918
6966 977
6966 3505
6966 549
6966 1167
6967 98
6967 5684
6967 5447
6967 1257
6967 6063
6968 1681
6968 4852
6968 2007
6968 2889
6968 762
6968 15
6969 4848
6969 5489
6969 3727
6969 2015
6970 5112
6970 5371
6970 3835
6970 4606
6972 1123
6972 1227
6973 5281
6973 3970
6973 915
6974 2118
6974 1062
6974 569
6974 942
6976 6514
6976 2341
6977 6453
6977 2278
6977 1367
6977 2264
6977 5628
6978 5360
6978 4209
6978 1394
6978 1364
6978 3288
6980 4730
6980 4159
6981 5440
6981 4521
6981 4844
6981 3724
6981 2014
6982 1505
6982 6518
6982 566
6982 4733
6982 4095
6983 5363
6983 4132
6983 3685
6983 4986
6983 4463
6983 2207
6984 2918
6984 6761
6985 1277
6985 1358
6985 543
6985 863
6986 5779
6986 6772
6986 4102
6986 3020
6988 2080
6988 5849
6989 1379
6989 4052
6989 1588
6989 3750
6989 4285
6990 1063
6990 5081
6990 4395
6990 6620
6991 5651
6991 708
6991 5964
6991 158
6992 4352
6992 2101
6992 779
6993 4714
6993 2251
6993 1131
6993 4252
6993 3629
6993 5695
6994 822
6994 4249
6994 5789
6995 5648
6995 1543
6995 4664
6995 1020
6996 304
6996 6774
6996 4631
6996 6649
6997 817
6997 2866
6997 2438
6997 2426
6997 1820
6997 4605
6998 211
6998 1956
6998 4215
6998 666
6998 3628
6998 1055
6999 4594
6999 4451
6999 965
6999 1237
6999 5645
6999 1437
7001 3110
7001 6600
7001 1068
7001 2846
7001 2686
7002 2192
7002 2531
7002 4933
7002 5077
7002 5737
7002 3469
7003 2897
7003 5955
7003 6199
7003 2092
7003 3373
7003 5599
7004 4261
7004 2216
7004 105
7005 2352
7005 6241
7005 6244
7005 3288
7005 4426
7007 3809
7007 4291
7007 5350
7007 4430
7007 4479
7008 4176
7008 272
7009 5225
7009 4751
7010 258
7010 3730
7010 2547
7010 6006
7010 2781
7011 4597
7011 1014
7011 4218
7012 3109
7012 822
7012 4871
7012 1689
7012 2937
7012 3470
7014 5473
7014 2341
7014 3481
7015 5130
7015 6159
7016 101
7016 3861
7017 1313
7017 2250
7018 3973
7018 1558
7018 92
7019 5350
7019 3930
7019 4971
7019 3404
7020 2241
7020 5324
7020 1966
7020 6686
7020 1295
7021 408
7021 1144
7021 3898
7022 5371
7022 1053
7023 3152
7023 288
7023 436
7023 1948
7023 6223
7024 1432
7024 4745
7025 5700
7025 5471
7026 5361
7026 2806
7026 278
7026 2444
7027 6417
7027 33
7027 2776
7027 2811
7028 86
7028 790
7028 5223
7028 3770
7028 6923
7028 2700
7029 4592
7029 1332
7029 1046
7029 4775
7029 6941
7030 433
7030 1319
7030 4504
7030 75
7030 3340
7030 2462
7031 6433
7031 6193
7031 1206
7031 2262
7031 3786
7032 6528
7032 5602
7032 1685
7032 4572
7033 1736
7033 953
7034 6848
7034 836
7034 6297
7035 5139
7035 4039
7035 1995
7036 4839
7036 891
7036 92
7036 1407
7037 3265
7037 3464
7037 3384
7037 3370
7037 3899
7037 6924
7038 4882
7038 3139
7038 6564
7038 5604
7038 1926
7038 2429
7039 2400
7039 5057
7039 2213
7039 2471
7039 5868
7039 3676
7040 6054
7040 6233
7041 6720
7041 337
7041 1910
7041 6795
7041 446
7041 2910
7043 5398
7043 5370
7043 1354
7043 1469
7043 6461
7043 4414
7044 1362
7044 1108
7045 5378
7045 3090
7045 6982
7045 4039
7045 1417
7046 720
7046 5250
7046 1206
7046 4602
7046 1546
7047 4327
7047 5303
7047 6985
7047 4794
7047 1690
7047 3261
7048 1606
7048 5079
7048 2648
7048 6877
7049 4176
7049 470
7049 4329
7050 691
7050 922
7050 6220
7051 6565
7051 3646
7053 3169
7053 4130
7053 4965
7053 6986
7053 1055
7054 2454
7054 6326
7054 1710
7055 1265
7055 165
7055 4135
7055 4076
7056 3520
7056 944
7056 773
7056 4297
7056 812
7057 5440
7057 1193
7057 5324
7057 4174
7057 991
7058 6037
7058 1307
7058 4493
7058 1709
7059 177
7059 2597
7059 3405
7060 5205
7060 5320
7060 6110
7062 4100
7062 4007
7062 843
7063 4649
7063 154
7064 736
7064 3139
7064 5605
7064 2487
7064 5433
7064 763
7065 3248
7065 3875
7065 2519
7065 5098
7066 434
7066 5427
7066 4629
7066 6393
7066 3916
7066 5694
7067 683
7067 4574
7068 6514
7068 1528
7069 2240
7069 4804
7069 5656
7069 3497
7069 3485
7069 1727
7070 3289
7070 2377
7070 2958
7071 3010
7071 967
7071 1019
7071 318
7072 7
7072 1102
7073 4792
7073 5977
7073 2555
7073 3246
7074 6692
7074 3812
7074 6200
7074 15
7075 3520
7075 3666
7075 1789
7075 4383
7076 4809
7076 3593
7076 2572
7076 1533
7076 798
7077 1396
7077 6006
7079 3456
7079 5568
7079 3393
7079 770
7079 4660
7079 2980
7080 5476
7080 3767
7080 2110
7080 3566
7080 3599
7081 6594
7081 4515
7081 5732
7081 71
7081 1215
7082 4528
7082 1216
7082 4784
7082 1697
7082 3765
7082 2934
7083 6694
7083 6572
7083 3086
7084 4964
7084 2693
7084 6342
7084 25
7084 6443
7085 4832
7085 5923
7085 1829
7085 3213
7085 3085
7086 6230
7086 697
7086 1994
7086 527
7089 5952
7089 1185
7089 1764
7089 4057
7089 1547
7089 1292
7090 1825
7090 6243
7090 6888
7090 331
7090 315
7090 956
7092 389
7092 5797
7092 3190
7092 5257
7092 3515
7092 6302
7093 5152
7093 3112
7094 6448
7094 6212
7094 6294
7094 4055
7094 3467
7095 800
7095 6113
7095 5857
7095 1158
7095 2744
7095 2460
7096 6177
7096 659
7096 2803
7096 1687
7096 4039
7096 1992
7097 4737
7097 1980
7098 4581
7098 3163
7098 668
7098 364
7098 2525
7099 4914
7099 6406
7099 1142
7100 4419
7100 3367
7100 4505
7101 3475
7101 2154
7101 6493
7102 1619
7102 6327
7102 6395
7104 6165
7104 2925
7104 6782
7106 166
7106 4281
7106 3834
7107 4225
7107 4242
7107 6005
7107 3883
7108 2918
7108 6983
7108 2956
7108 5692
7108 1437
7109 4836
7109 2197
7109 3389
7110 6706
7110 1420
7110 5069
7111 1385
7111 825
7112 6897
7112 3634
7112 2132
7112 2661
7112 5318
7112 6326
7113 6660
7113 6597
7113 2277
7113 1370
7113 5326
7114 4669
7114 3198
7115 4387
7115 5814
7115 4919
7115 5399
7115 5930
7115 2523
7116 3120
7116 2412
7117 5698
7117 6487
7117 2631
7117 6439
7117 3465
7117 575
7118 5989
7118 103
7118 4234
7119 2388
7119 6046
7120 2148
7120 4967
7120 616
7122 4193
7122 6417
7122 4165
7122 1967
7123 4395
7123 5821
7124 1808
7124 6274
7124 6456
7124 6812
7126 355
7126 5734
7126 6935
7126 6632
7126 5161
7126 2349
7127 2113
7127 4308
7127 309
7127 999
7128 4013
7128 4878
7129 2865
7129 5851
7129 6875
7130 5490
7130 307
7130 486
7131 4629
7131 3114
7131 2651
7131 5709
7131 606
7132 5760
7132 5232
7132 3425
7132 5912
7132 2137
7132 3070
7133 3728
7133 3266
7133 1497
7133 3084
7133 5790
7133 1919
7134 2453
7134 391
7134 6733
7134 3357
7134 1230
7134 1919
7135 1393
7135 2629
7136 5831
7136 3080
7136 3416
7136 378
7136 5019
7137 5444
7137 2245
7137 2446
7138 5888
7138 3539
7138 3475
7138 5064
7138 1915
7138 6990
7139 3014
7139 3494
7139 424
7139 2217
7139 3195
7139 2732
7140 6451
7140 6506
7140 3359
7141 3969
7141 4998
7141 1095
7141 1259
7141 3309
7141 4093
7142 1600
7142 2139
7143 5473
7143 6183
7143 2809
7143 4716
7144 5517
7144 157
7145 610
7145 1811
7145 2155
7146 5836
7146 6318
7147 4818
7147 757
7147 6767
7147 1887
7148 2326
7148 2550
7148 5932
7149 1248
7149 1926
7149 1814
7149 4091
7149 1935
7150 3588
7150 4057
7151 1473
7151 5281
7151 1476
7151 762
7151 6987
7151 2699
7152 6514
7152 2243
7152 4183
7152 5816
7152 410
7152 4093
7153 436
7153 5174
7153 472
7154 3105
7154 4305
7154 4325
7154 3163
7154 1759
7155 5488
7155 2704
7155 4821
7155 4685
7155 973
7156 4708
7156 3414
7156 711
7156 3944
7157 1635
7157 3892
7157 4982
7157 5511
7157 6695
7157 744
7159 4776
7159 712
7159 5530
7159 6682
7159 6702
7160 6648
7160 6463
7161 5968
7161 4690
7161 1442
7161 4451
7161 232
7161 3048
7162 4912
7162 6692
7162 5343
7163 151
7163 6616
7163 442
7163 4284
7164 25
7164 4073
7165 1364
7165 516
7165 2535
7165 922
7165 5530
7165 605
7166 4402
7166 3943
7166 1674
7167 3139
7167 99
7168 4928
7168 5044
7168 3030
7169 6384
7169 2871
7169 4073
7170 3169
7170 1333
7170 6869
7170 3388
7170 5005
7171 4770
7171 5045
7171 5351
7171 2680
7171 1100
7172 672
7172 2757
7172 398
7175 240
7175 386
7175 4341
7175 822
7175 2395
7175 4095
7176 2784
7176 4541
7178 2192
7178 3603
7178 4068
7179 3606
7179 4812
7179 1118
7180 688
7180 1891
7180 4052
7180 2734
7180 5007
7180 303
7181 3189
7181 1237
7181 1275
7181 124
7182 5336
7182 1884
7183 1860
7183 5701
7183 506
7183 6525
7184 404
7184 1654
7184 5352
7184 3020
7184 2350
7184 3503
7185 3648
7185 6321
7185 6134
7185 4062
7186 1617
7186 4003
7186 4422
7186 5996
7186 269
7187 2576
7187 5602
7187 4866
7188 4608
7188 2577
7188 5974
7188 6119
7188 6874
7188 5005
7189 2628
7189 2485
7189 1065
7189 4348
7189 6860
7189 781
7190 5414
7190 6169
7191 119
7191 5208
7191 4328
7191 3498
7191 412
7191 2301
7192 5040
7192 5153
7193 5185
7193 6378
7193 492
7194 3411
7194 2086
7194 6376
7194 2489
7194 2106
7194 6187
7195 5873
7195 314
7196 1597
7196 5517
7197 6725
7197 6246
7197 3741
7197 527
7198 6772
7198 4310
7198 5627
7198 5884
7198 4749
7198 4942
7199 5745
7199 2785
7199 680
7199 6730
7200 5122
7200 4421
7200 3542
7200 4967
7200 3898
7200 6093
7201 2673
7201 5923
7201 3000
7201 6105
7201 4062
7202 992
7202 4179
7202 2019
7202 6142
7202 6367
7203 3939
7203 1078
7203 7143
7203 3116
7203 6780
7203 1598
7204 3568
7204 2900
7204 4925
7205 6721
7205 1989
7205 1051
7205 1806
7205 5902
7205 5711
7206 2821
7206 3070
7207 1744
7207 3776
7207 2560
7207 57
7207 893
7207 3487
7208 288
7208 2819
7208 2854
7208 2601
7209 1362
7209 7154
7209 6222
7209 7070
7209 3903
7210 5011
7210 7190
7211 1347
7211 1176
7211 1614
7212 4433
7212 3878
7212 5659
7212 1501
7213 1825
7213 4769
7213 5959
7213 4840
7213 6895
7214 1480
7214 379
7215 1041
7215 614
7215 3533
7216 1081
7216 1822
7218 1185
7218 2353
7218 161
7218 1176
7218 5999
7219 2754
7219 6245
7219 1126
7220 6210
7220 5042
7220 2741
7220 7033
7220 1050
7220 1214
7221 4240
7221 4722
7221 4826
7221 4510
7221 4255
7222 5521
7222 4934
7222 3768
7222 6440
7222 5562
7222 1629
7223 2006
7223 2059
7223 3675
7223 332
7223 3709
7223 4142
7224 2709
7224 4822
7226 5504
7226 3073
7226 1545
7226 2106
7226 1325
7227 1764
7227 2932
7227 5352
7227 6447
7228 5158
7228 318
7228 143
7229 2114
7229 893
7229 2702
7229 2575
7230 1058
7230 5718
7230 2696
7230 2924
7230 349
7230 3405
7231 4401
7231 4818
7231 2122
7232 6485
7232 2614
7232 183
7233 6084
7233 4312
7233 233
7233 4652
7233 1021
7233 3279
7235 1600
7235 3649
7235 6483
7235 1495
7235 536
7236 2641
7236 4260
7236 3270
7236 4603
7236 2124
7236 1614
7237 1779
7237 955
7238 6257
7238 1108
7238 4965
7238 150
7238 6730
7239 6864
7239 1377
7239 7185
7239 5924
7239 260
7239 2041
7240 3904
7240 148
7240 4174
7241 345
7241 795
7241 2285
7241 559
7242 4374
7242 3287
7242 1726
7243 2032
7243 6212
7243 2999
7243 5083
7244 6705
7244 6786
7244 2746
7244 3115
7244 6333
7244 1581
7245 4800
7245 1234
7245 4884
7245 4121
7245 3625
7246 4304
7246 4346
7246 267
7247 1362
7247 5397
7247 5370
7248 3058
7248 4294
7248 1542
7248 455
7248 6236
7248 254
7249 1624
7249 4206
7250 98
7250 1864
7250 5518
7251 1638
7251 5693
7251 3293
7252 2484
7252 5541
7252 3021
7252 3166
7252 6686
7253 3457
7253 5908
7253 1861
7255 1760
7255 5521
7255 1139
7255 5879
7256 209
7256 1619
7256 455
7256 747
7256 6077
7257 1203
7257 3508
7257 4070
7257 4487
7257 1913
7257 2413
7258 2096
7258 3472
7258 86
7258 5656
7258 2764
7260 7153
7260 2428
7261 2985
7261 3788
7262 4626
7262 6917
7262 1398
7262 4763
7262 7118
7263 4176
7263 5314
7263 1125
7263 2559
7263 2239
7264 4451
7264 6457
7264 5675
7264 3404
7264 3167
7266 657
7266 631
7266 2190
7267 848
7267 2913
7267 3882
7267 6028
7267 6254
7268 576
7268 5568
7268 4212
7268 4761
7269 6213
7269 3750
7269 5593
7269 4748
7269 1708
7269 238
7270 280
7270 1817
7270 2458
7270 3274
7270 3771
7271 5360
7271 945
7271 498
7271 1443
7271 3288
7272 3056
7272 6705
7272 6391
7272 519
7272 1452
7273 2420
7273 825
7273 810
7273 4603
7273 4142
7273 4846
7274 5728
7274 6513
7274 2755
7274 5845
7274 4188
7275 5977
7275 6844
7276 6379
7276 3821
7276 1215
7277 3034
7277 1295
7278 5476
7278 6843
7278 5164
7278 4749
7279 506
7279 3484
7280 4132
7280 7052
7280 3036
7280 236
7281 273
7281 696
7281 2761
7281 5755
7282 3473
7282 2468
7282 2037
7282 3320
7283 1332
7283 629
7283 6294
7284 4003
7284 2484
7284 1716
7284 460
7285 2496
7285 3872
7285 1363
7285 183
7285 1163
7285 4958
7286 1410
7286 3035
7286 2495
7287 3648
7287 7121
7287 2614
7287 3750
7287 4364
7288 1633
7288 3850
7288 317
7289 933
7289 966
7290 6773
7290 5240
7290 6298
7290 6234
7290 6813
7290 4174
7291 1506
7291 4329
7291 3931
7291 5932
7291 5548
7292 616
7292 3260
7292 6428
7292 4284
7292 3468
7293 1666
7293 4499
7293 2949
7293 1724
7293 6044
7293 47
7294 1202
7294 19
7294 6439
7294 6328
7295 1125
7295 3242
7297 1296
7297 3457
7297 6673
7297 5666
7297 1311
7298 225
7298 4103
7298 5772
7298 1471
7298 607
7299 6432
7299 4385
7299 2881
7299 3387
7299 6812
7300 2224
7300 2330
7301 2304
7301 1353
7302 823
7302 1303
7302 4760
7302 808
7302 2332
7302 591
7303 5218
7303 7065
7304 1137
7304 5955
7304 1739
7304 6317
7304 1789
7305 5956
7305 5767
7305 3946
7306 7152
7306 816
7306 4343
7306 2810
7306 1663
7307 4901
7307 2907
7308 5893
7308 6405
7308 2325
7308 699
7308 1694
7309 4007
7309 2055
7309 6441
7309 4505
7309 4602
7309 507
7310 2292
7310 6075
7310 1566
7311 4433
7311 2788
7311 6932
7311 6252
7311 4910
7312 5776
7312 178
7312 3915
7312 2877
7312 4606
7312 5566
7313 2082
7313 2770
7313 1112
7313 47
7313 5423
7314 3393
7314 213
7314 1238
7314 2218
7314 2955
7314 6971
7315 3026
7315 4867
7315 6730
7315 4447
7317 2768
7317 4309
7317 3278
7317 1631
7318 5652
7318 5062
7318 5911
7318 744
7318 6943
7319 3056
7319 3025
7319 2260
7319 805
7319 6789
7319 3562
7320 1314
7320 1332
7320 1291
7321 6275
7321 6839
7321 1849
7321 7049
7322 1377
7322 1652
7322 3833
7322 4266
7324 1121
7324 5507
7324 2649
7324 845
7324 4782
7325 6585
7325 4393
7325 5611
7325 6652
7326 6081
7326 4021
7326 4999
7326 317
7326 3807
7326 6175
7327 5456
7327 3671
7327 4733
7329 2548
7329 1092
7329 6564
7329 1077
7329 6665
7330 3397
7330 1609
7330 2873
7331 2331
7331 1423
7332 1968
7332 1284
7332 829
7333 4489
7333 4143
7334 1784
7334 3915
7334 4555
7334 541
7334 765
7334 3870
7335 3344
7335 1830
7335 1687
7335 6729
7335 3375
7336 73
7336 3311
7337 5052
7337 6989
7338 2469
7338 1295
7339 3508
7339 4069
7339 879
7341 2023
7341 5277
7342 6498
7342 4847
7343 950
7343 5464
7343 5483
7343 1019
7344 6865
7344 2435
7344 2403
7344 5573
7344 1710
7345 6867
7345 7000
7345 2650
7345 2014
7346 74
7346 239
7346 4575
7347 4977
7347 5938
7347 5029
7347 3883
7347 3357
7347 6301
7348 3464
7348 776
7349 1281
7349 67
7349 6518
7349 4999
7349 4779
7349 1421
7350 6480
7350 1286
7350 4361
7350 3550
7350 1759
7351 1334
7351 5514
7351 6763
7351 6271
7352 1568
7352 3409
7352 4484
7352 3318
7352 5227
7353 1569
7353 2055
7353 5287
7353 3529
7354 6741
7354 2747
7354 1787
7354 5996
7354 5534
7356 3288
7356 828
7357 2320
7357 2273
7357 3139
7357 7158
7357 3802
7357 3723
7358 3489
7358 6566
7358 2425
7358 1789
7358 2782
7358 1615
7359 4437
7359 4997
7359 2714
7360 4592
7360 1875
7360 2020
7360 7095
7360 4492
7360 5165
7361 1201
7361 5141
7361 4055
7361 27
7363 2193
7363 2949
7363 458
7364 2932
7364 5350
7364 4204
7364 5262
7364 3903
7365 5345
7365 4244
7365 4853
7365 5750
7365 5896
7365 3663
7366 5968
7366 4962
7366 4083
7366 1557
7366 874
7366 5900
7367 1408
7367 1
7368 3362
7368 3859
7368 4148
7368 311
7368 1773
7369 2708
7369 6964
7369 2636
7370 4337
7370 2871
7370 4346
7370 3468
7371 6920
7371 7050
7371 574
7372 4841
7372 25
7372 6508
7373 5251
7373 5979
7373 2635
7373 5180
7374 4788
7374 4747
7375 4304
7375 3187
7376 4676
7376 3674
7376 2634
7376 2315
7376 1998
7376 6959
7377 1476
7377 598
7377 1655
7378 5252
7378 2212
7378 359
7378 5529
7378 3725
7379 720
7379 3878
7380 5088
7380 4416
7380 3744
7380 2436
7380 2861
7381 5777
7381 1321
7381 5372
7382 7139
7382 5683
7382 6985
7382 2236
7382 4333
7383 1120
7383 87
7383 6925
7383 254
7384 900
7384 1147
7384 4461
7385 327
7385 4105
7385 6362
7385 4795
7385 638
7386 2057
7386 5118
7387 772
7387 4381
7387 5693
7388 4662
7388 3831
7388 4783
7389 6640
7389 5696
7389 5045
7391 5744
7391 6835
7391 2600
7391 154
7391 5116
7391 4270
7392 6097
7392 4210
7392 4787
7392 6526
7393 2051
7393 6697
7394 5091
7394 311
7394 1358
7395 7121
7395 6260
7395 3862
7395 457
7395 1899
7396 6475
7396 2508
7397 1734
7397 2246
7397 5064
7397 4553
7397 6970
7397 5263
7398 6672
7398 6133
7398 2143
7398 3839
7399 3728
7399 1858
7399 2073
7399 6605
7399 111
7400 6864
7400 4145
7400 4821
7400 4715
7400 1277
7401 2304
7401 4477
7402 1825
7402 7010
7403 5106
7403 4902
7403 1151
7404 1712
7404 2418
7404 2840
7405 979
7405 1645
7405 3566
7406 7186
7406 6644
7406 906
7406 3212
7406 6319
7407 5168
7407 6693
7407 2141
7408 4032
7408 705
7408 57
7409 560
7409 5776
7410 4049
7410 4412
7411 6722
7411 511
7412 3106
7412 4165
7412 1198
7413 3009
7413 2838
7413 4774
7413 3438
7414 6560
7414 852
7414 2583
7414 2959
7415 16
7415 6582
7415 140
7416 1320
7416 3116
7416 4814
7417 4641
7417 6094
7418 2465
7418 930
7418 2530
7418 2420
7418 741
7418 7045
7419 2528
7419 50
7419 1450
7420 4548
7420 317
7421 5987
7421 2516
7421 1898
7421 6189
7422 4977
7422 1816
7422 4972
7422 4477
7423 1056
7423 2753
7423 6819
7423 3459
7423 5398
7423 3805
7424 1841
7424 726
7424 2411
7424 1438
7425 7240
7425 4572
7427 3700
7427 7300
7427 1621
7428 2337
7428 903
7428 5127
7428 5626
7428 5516
7428 4317
7429 1527
7429 4538
7429 111
7430 2777
7430 1163
7430 3645
7430 5454
7431 1555
7431 981
7431 4493
7432 4962
7432 4484
7432 6791
7432 5561
7432 220
7433 1665
7433 1220
7433 6699
7433 4652
7434 1415
7434 411
7435 2210
7435 916
7435 6517
7435 6730
7435 6478
7436 1793
7436 6834
7436 6276
7436 5719
7436 5961
7436 5387
7437 2128
7437 4118
7437 4760
7437 6058
7438 5680
7438 2016
7438 3875
7438 6070
7438 6783
7439 7298
7439 7378
7439 996
7439 1493
7439 1497
7439 6635
7440 5988
7440 1370
7442 6178
7442 5637
7442 3079
7442 2732
7443 6804
7443 1159
7443 6136
7444 622
7444 1246
7445 7216
7445 1429
7445 949
7445 7063
7446 2326
7446 2106
7446 5611
7446 2973
7450 3569
7450 2087
7450 743
7450 1721
7450 3436
7451 5760
7451 6517
7451 1326
7451 2223
7452 490
7452 266
7452 5454
7453 5392
7453 7142
7453 4985
7453 3257
7453 3887
7454 5714
7454 692
7454 6677
7454 4837
7454 6826
7454 4460
7455 914
7455 418
7456 1458
7456 6658
7456 5525
7456 329
7456 858
7456 5790
7457 4165
7457 5733
7457 70
7457 4509
7457 2959
7458 5174
7458 7113
7458 2249
7459 5522
7459 242
7459 627
7459 2325
7459 7094
7459 5529
7460 4565
7460 4603
7460 124
7461 3896
7461 4602
7462 1860
7462 3814
7462 2167
7462 3641
7462 1757
7462 2942
7463 2496
7463 3988
7464 5379
7464 1907
7464 2420
7464 5704
7464 2507
7465 7042
7465 5493
7465 4094
7465 95
7466 2067
7466 1910
7466 5497
7466 6204
7466 2093
7467 1892
7467 1158
7467 3480
7467 650
7467 1643
7468 7267
7468 181
7468 936
7468 2090
7468 4554
7468 4156
7469 6931
7469 6270
7470 7345
7470 4583
7470 6667
7470 1339
7470 6623
7471 4515
7471 5871
7472 5686
7472 4295
7472 5692
7472 5214
7472 3790
7473 1904
7473 7072
7473 545
7473 5951
7474 6855
7474 1722
7475 5221
7475 3383
7475 4458
7475 4828
7475 1933
7476 4742
7476 366
7477 2663
7477 6296
7477 4792
7477 1774
7478 1921
7478 4033
7478 4294
7478 3532
7478 6509
7478 4990
7479 1747
7479 5334
7479 957
7479 5631
7480 68
7480 6747
7480 4877
7481 178
7481 6086
7481 6856
7481 3033
7481 4815
7482 2709
7482 4639
7484 3413
7484 7084
7485 984
7485 5880
7485 2089
7485 4779
7485 1823
7486 2256
7486 3524
7486 1525
7486 53
7486 1257
7486 1660
7487 4628
7487 5350
7487 4522
7487 6044
7487 6575
7488 3570
7488 6468
7488 5701
7489 3079
7489 1591
7489 6759
7489 6828
7490 3380
7490 3723
7490 7213
7491 704
7491 4898
7491 3716
7491 885
7491 4313
7491 4508
7492 7136
7492 6712
7492 6349
7492 2414
7492 5742
7493 1684
7493 618
7493 2332
7493 1599
7494 7122
7494 530
7494 1699
7494 3384
7494 10
7494 2651
7496 4898
7496 2276
7496 822
7497 7379
7497 91
7497 668
7497 2110
7497 7167
7498 5520
7498 6482
7498 5193
7498 4028
7498 2127
7499 818
7499 3722
7499 6685
7499 3326
7499 5167
7500 3537
7500 2929
7500 217
7500 1260
7500 5022
7500 63
7502 1520
7502 3312
7502 981
7502 1798
7502 5387
7502 1707
7503 6741
7503 1829
7503 3147
7504 5456
7504 5939
7504 4052
7505 6160
7505 7263
7506 6454
7506 3481
7506 2314
7507 6819
7507 7399
7507 4025
7507 5805
7507 2126
7508 2752
7508 2513
7508 2787
7508 4330
7508 3630
7508 2910
7509 625
7509 1798
7509 232
7509 4494
7510 6785
7510 2372
7510 5677
7511 1141
7511 2010
7511 6555
7511 4446
7511 6511
7512 5091
7512 345
7512 6073
7512 1274
7513 3505
7513 5689
7513 1290
7513 1516
7514 4530
7514 980
7514 5432
7514 1817
7514 2429
7514 7134
7515 481
7515 3889
7515 7366
7515 3736
7515 702
7515 3630
7516 597
7516 3514
7516 1434
7516 3453
7516 2894
7516 7263
7517 3671
7517 6540
7517 3948
7518 6563
7518 1716
7518 4008
7518 3899
7518 1694
7519 7089
7519 929
7519 1731
7519 5685
7519 6792
7519 6957
7520 4768
7520 178
7520 2984
7520 6057
7520 796
7520 5885
7521 1536
7521 6530
7521 5987
7521 3924
7521 7086
7521 1327
7522 6113
7522 1814
7522 5144
7522 2506
7522 42
7522 3404
7524 1297
7524 6818
7524 7348
7525 5315
7525 7397
7525 2550
7525 3256
7525 1947
7526 6390
7526 6232
7526 251
7526 4475
7526 4206
7526 5807
7529 2993
7529 3394
7529 1147
7529 2798
7530 841
7530 571
7530 1836
7531 3696
7531 2789
7531 5895
7531 3896
7531 2682
7532 5698
7532 612
7532 2661
7532 2713
7532 6586
7532 5279
7533 6353
7533 4170
7535 3250
7535 6806
7535 4984
7535 4589
7535 3949
7535 5678
7537 2952
7537 7166
7538 2610
7538 3315
7539 3328
7539 2209
7539 4871
7539 4253
7540 738
7540 4339
7540 3022
7541 3192
7541 4300
7542 4690
7542 4119
7542 6264
7542 1242
7543 6689
7543 3365
7543 6310
7543 6935
7543 6011
7543 3822
7544 1074
7544 3575
7544 687
7545 4289
7545 851
7545 6439
7545 151
7545 206
7546 2115
7546 5336
7546 6201
7546 4253
7547 2307
7547 3435
7547 6318
7548 6817
7548 1618
7548 3732
7548 3495
7548 1084
7548 7053
7549 929
7549 981
7550 5362
7550 1284
7550 2532
7550 6008
7550 5787
7550 5740
7553 4147
7553 58
7553 1531
7553 830
7553 1998
7554 6977
7554 3797
7554 3949
7554 7375
7554 1119
7556 3968
7556 160
7556 7289
7556 6669
7556 6541
7556 2109
7557 3616
7557 219
7557 7308
7557 6012
7558 2964
7558 1943
7558 3384
7558 7113
7558 4667
7560 6666
7560 1260
7560 654
7560 6702
7561 864
7561 1238
7561 3675
7561 5516
7561 6765
7561 7053
7562 4156
7562 4366
7563 5138
7563 6916
7563 1805
7564 1458
7564 7035
7564 1119
7565 4016
7565 4823
7565 1447
7565 1467
7566 3408
7566 3725
7566 3373
7566 670
7566 206
7567 1632
7567 4723
7567 5252
7567 1383
7567 1229
7568 2505
7568 6010
7568 5050
7569 353
7569 5666
7569 980
7569 1514
7570 5600
7570 1736
7571 2712
7571 4041
7571 2313
7571 2346
7572 2931
7572 3288
7572 2827
7572 2603
7573 7138
7573 7091
7573 1732
7573 6622
7574 3937
7574 3523
7574 3812
7575 1024
7575 7171
7575 6041
7576 5036
7576 4367
7576 895
7577 5522
7577 5863
7577 1721
7577 1403
7577 2510
7578 929
7578 4837
7578 4709
7578 6423
7578 7083
7579 2148
7579 1321
7580 6433
7580 6369
7580 6185
7581 1444
7581 2933
7581 6646
7581 2045
7583 5701
7583 742
7583 7158
7583 6217
7583 4938
7583 3151
7585 1272
7585 2109
7586 6679
7586 4955
7587 3155
7587 116
7587 1452
7588 4403
7588 3384
7588 4152
7588 1624
7588 3401
7588 1279
7589 5655
7589 569
7589 269
7589 1310
7589 3902
7590 772
7590 5624
7591 4817
7591 609
7591 3284
7591 3877
7591 5478
7591 6539
7593 3185
7593 977
7594 4330
7594 2747
7594 603
7594 235
7595 2160
7595 1072
7595 417
7595 5314
7595 3622
7595 7371
7597 4804
7597 1604
7597 5751
7597 6749
7597 7054
7597 5326
7598 976
7598 5795
7598 6058
7599 6052
7599 3689
7600 1827
7600 5592
7600 4344
7600 3436
7600 7516
7601 3264
7601 1281
7601 1113
7601 6411
7601 6941
7601 1455
7602 6132
7602 4149
7602 4230
7602 269
7603 7555
7603 5048
7603 7002
7603 2879
7604 193
7604 5766
7604 639
7605 6112
7605 4611
7605 390
7605 1546
7605 267
7605 796
7606 4288
7606 4464
7606 3921
7606 3159
7606 4092
7608 5072
7608 4497
7608 7362
7608 392
7608 750
7609 5805
7609 6527
7610 107
7610 5243
7610 206
7611 4178
7611 3571
7611 7142
7611 7499
7612 5792
7612 2278
7612 3534
7613 1988
7613 4887
7613 7198
7614 3936
7614 7088
7614 6811
7615 1923
7615 5447
7615 3723
7615 189
7616 389
7616 4874
7617 7240
7617 846
7617 2846
7617 6462
7618 5458
7618 443
7618 2796
7618 6831
7619 5939
7619 374
7619 5596
7619 6941
7619 7390
7620 6784
7620 1303
7620 7111
7621 5234
7621 5747
7621 7148
7621 5854
7622 2161
7622 1954
7622 5763
7622 1401
7622 4233
7623 1792
7623 5379
7623 7447
7623 523
7623 4876
7623 831
7624 4416
7624 4483
7624 5613
7625 1857
7625 5383
7625 3230
7626 3584
7626 7140
7626 6523
7626 1005
7627 6609
7627 1746
7627 1955
7627 4148
7627 1224
7628 3177
7628 7578
7628 6045
7628 493
7628 5198
7628 1951
7629 3793
7629 754
7629 3
7629 1082
7629 5595
7629 639
7630 3585
7630 1361
7630 5956
7630 3655
7630 6027
7630 7355
7631 7042
7631 1430
7631 5480
7632 1685
7632 4389
7632 6630
7633 4960
7633 7191
7633 5944
7633 4138
7633 300
7633 5245
7634 811
7634 907
7635 2241
7635 4948
7635 6430
7636 6530
7636 3748
7636 6998
7636 6526
7637 2160
7637 2901
7637 5193
7638 4497
7638 1129
7638 2009
7638 383
7639 6306
7639 6185
7639 7261
7639 4255
7640 3476
7640 333
7641 6928
7641 5170
7641 2375
7641 6574
7641 3551
7641 959
7642 6369
7642 5989
7642 7381
7642 6059
7642 6175
7643 6055
7643 6888
7643 3674
7643 1979
7643 4539
7643 3981
7644 2502
7644 3977
7644 6235
7644 6861
7644 6110
7644 4494
7645 6433
7645 1796
7645 5482
7645 1998
7647 4081
7647 4136
7648 6244
7648 1669
7648 2917
7648 1637
7648 1317
7650 5573
7650 4104
7650 5337
7650 3258
7650 2220
7651 2273
7651 5365
7652 657
7652 3634
7652 1611
7653 6385
7653 1193
7653 5756
7653 4909
7654 3248
7654 5473
7654 4177
7654 154
7654 863
7655 1619
7655 6181
7655 2919
7655 6407
7655 3383
7656 968
7656 7385
7656 282
7657 4625
7657 586
7657 7087
7658 405
7658 5271
7658 1515
7658 4828
7658 5821
7659 323
7659 3207
7659 6025
7659 2879
7660 3472
7660 1438
7660 5390
7661 3521
7661 580
7661 5656
7661 6252
7661 2349
7662 3797
7662 551
7662 6841
7662 2908
7663 7256
7663 4170
7664 4434
7664 3100
7665 560
7665 3726
7666 3232
7666 1217
7666 2660
7666 5797
7666 4006
7666 7069
7669 2057
7669 1402
7669 6538
7669 4572
7669 429
7670 4336
7670 3105
7670 1010
7670 6974
7670 5871
7671 5379
7671 764
7671 3084
7672 4448
7672 1634
7672 339
7672 3080
7672 651
7673 788
7673 2710
7673 7367
7673 1071
7674 2861
7674 3726
7674 4783
7676 5569
7676 727
7677 3173
7677 6538
7677 1018
7677 7421
7677 3951
7678 2119
7678 1657
7678 4698
7678 7133
7678 1341
7679 1697
7679 3315
7679 2581
7679 2090
7679 1483
7680 6673
7680 6545
7680 3074
7680 4182
7680 3147
7680 1294
7681 4978
7681 4574
7684 4150
7684 5450
7684 5708
7684 1965
7686 3361
7686 961
7686 3447
7686 2590
7686 1663
7687 7570
7687 3602
7687 1171
7687 6692
7687 4710
7687 2399
7688 978
7688 58
7688 2299
7688 1484
7689 7257
7689 4238
7690 3361
7690 4744
7692 7057
7692 3507
7692 5750
7692 2585
7692 3869
7693 3618
7693 2227
7694 273
7694 508
7694 3149
7695 756
7695 5094
7695 4872
7695 684
7695 6093
7697 7395
7697 3684
7697 6650
7697 4507
7698 7586
7698 5176
7698 3449
7699 230
7699 5351
7699 5591
7699 3687
7699 4686
7699 5743
7700 4034
7700 1075
7700 6489
7700 874
7700 2095
7701 4385
7701 5138
7701 4418
7701 1287
7701 362
7701 1743
7702 3424
7702 596
7702 3964
7702 2334
7703 6672
7703 3795
7703 1972
7703 3514
7703 5900
7705 3168
7705 7506
7705 7382
7705 246
7705 2763
7705 2653
7706 2146
7706 2075
7706 862
7707 6194
7707 5589
7707 6687
7708 7509
7708 5655
7708 7514
7708 5947
7708 6158
7708 6255
7709 208
7709 228
7709 2997
7709 6725
7709 1814
7709 635
7710 2786
7710 4004
7710 2597
7710 7590
7710 187
7711 1217
7711 5253
7712 980
7712 6308
7712 4167
7712 3212
7712 4109
7713 4071
7713 3992
7713 557
7714 6037
7714 524
7715 2834
7715 596
7715 2358
7715 2795
7715 5355
7716 1232
7716 2309
7716 4622
7716 1727
7717 1650
7717 1236
7717 7498
7717 3867
7718 920
7718 555
7719 7477
7719 2934
7719 7479
7719 2103
7719 2217
7719 1487
7720 966
7720 5431
7720 7543
7720 2648
7720 5772
7721 6246
7721 3485
7722 6944
7722 4225
7722 2488
7722 3227
7722 5887
7723 5875
7723 612
7723 6349
7723 6382
7725 7122
7725 5764
7725 6887
7725 3004
7725 6669
7726 4258
7726 5212
7726 5628
7727 6535
7727 1672
7727 3432
7727 4091
7728 2774
7728 6719
7730 5091
7730 887
7730 600
7730 2335
7731 5328
7731 6552
7731 4570
7732 4736
7732 4065
7732 1096
7732 575
7735 3089
7735 7554
7735 2308
7735 968
7735 2793
7735 4831
7736 6208
7736 1497
7736 2621
7736 4543
7737 4354
7737 50
7737 3174
7738 1201
7738 1684
7738 660
7739 356
7739 7480
7741 451
7741 229
7741 6392
7741 5355
7741 5326
7741 6590
7742 1572
7742 437
7742 1338
7742 5034
7742 4526
7743 4849
7743 634
7744 5158
7744 2472
7744 1881
7744 3274
7744 91
7744 7564
7745 3987
7745 3459
7745 2948
7745 3941
7745 6744
7745 6317
7747 5137
7747 4314
7748 4071
7748 5737
7750 4228
7750 1876
7750 1669
7750 1591
7750 4521
7750 747
7751 3526
7751 6279
7751 7431
7751 1452
7751 1180
7752 4818
7752 51
7752 1620
7752 1766
7752 4139
7752 5854
7753 757
7753 7050
7753 3899
7753 1053
7753 846
7755 1029
7755 6055
7755 775
7756 3264
7756 4643
7756 1501
7757 2341
7757 5255
7757 6023
7758 7065
7758 2283
7758 5293
7759 629
7759 332
7759 6380
7760 1265
7760 2442
7760 1886
7761 1512
7761 3193
7761 6922
7762 7266
7762 7571
7762 2586
7763 1284
7763 4566
7763 3399
7763 2617
7763 5455
7764 1393
7764 145
7764 4917
7764 7000
7764 3850
7765 4928
7765 6106
7765 5851
7765 2975
7767 1827
7767 313
7767 2267
7767 491
7768 385
7768 5205
7768 5144
7768 4699
7769 5584
7769 1014
7769 2360
7769 2635
7769 2780
7770 4101
7770 6248
7771 2061
7771 6831
7772 1937
7772 2738
7772 5830
7772 4123
7772 4876
7772 15
7773 5376
7773 6311
7773 5609
7773 154
7773 5675
7774 3024
7774 1102
7775 1488
7775 6377
7776 1524
7776 5590
7776 6393
7776 5467
7776 28
7776 2607
7777 6960
7777 3425
7777 3875
7777 5352
7777 7482
7778 1555
7778 5517
7779 5392
7779 3943
7779 6332
7779 1580
7780 5608
7780 1705
7781 291
7781 164
7781 1732
7781 4170
7781 4510
7782 5943
7782 1687
7782 6265
7783 1508
7783 3061
7783 4746
7783 3003
7783 3372
7784 5428
7784 1541
7784 1157
7784 2905
7784 5004
7784 287
7785 7312
7785 2976
7785 5896
7785 6603
7785 1086
7786 6487
7786 5289
7786 3741
7787 4800
7787 2100
7787 5416
7787 5275
7787 3053
7787 526
7788 2371
7788 2164
7788 3796
7788 7591
7788 1197
7790 5892
7790 5898
7790 2078
7790 2591
7791 1927
7791 6844
7793 914
7793 1269
7793 3477
7793 3851
7793 3886
7794 4325
7794 1543
7794 24
7794 6202
7794 3116
7794 4159
7795 1473
7795 6673
7795 1207
7795 3607
7795 2620
7795 941
7796 2295
7796 2266
7797 3924
7797 548
7798 6000
7798 1655
7798 1706
7798 4378
7799 5520
7799 2657
7799 3330
7799 3052
7800 2019
7800 4340
7800 1013
7800 3960
7800 1513
7801 7016
7801 3401
7801 2025
7801 5466
7801 4331
7801 3596
7802 4775
7802 7277
7802 6558
7803 5025
7803 417
7803 1239
7803 2823
7803 4460
7803 1022
7804 7136
7804 2102
7804 3928
7804 5305
7807 1157
7807 5147
7807 2895
7808 66
7808 3398
7808 7015
7808 184
7808 536
7810 4871
7810 6556
7811 5876
7811 937
7812 6770
7812 2181
7812 3337
7812 5355
7812 6861
7813 276
7813 3845
7813 6822
7813 3737
7813 5787
7814 727
7814 7595
7815 1669
7815 4827
7815 5053
7816 5522
7816 3913
7816 7276
7817 6466
7817 5366
7817 4631
7817 3479
7817 1068
7817 7679
7818 3799
7818 3160
7818 2316
7818 1838
7819 6880
7819 804
7819 648
7820 2114
7820 5796
7820 6166
7820 3930
7820 4187
7820 2077
7821 7331
7821 1189
7821 4966
7821 2294
7822 2917
7822 5355
7823 7637
7823 2454
7823 2489
7823 3801
7823 1178
7824 7082
7824 397
7825 4176
7825 2050
7825 7625
7825 2570
7826 3970
7826 7624
7827 1202
7827 4967
7827 5066
7828 5537
7828 7619
7828 6195
7828 423
7829 4544
7829 6673
7829 4274
7829 2407
7829 3096
7829 6332
7830 4064
7830 6787
7830 3348
7830 6760
7830 7433
7831 5715
7831 595
7831 2696
7831 6442
7831 7147
7832 449
7832 3368
7832 6808
7833 490
7833 2300
7834 7186
7834 1059
7834 6774
7834 2281
7834 3435
7834 1919
7835 16
7835 2852
7836 4968
7836 1737
7836 522
7836 973
7836 7487
7837 778
7837 6990
7838 3297
7838 1419
7838 5739
7838 6269
7838 351
7839 6850
7839 4290
7839 6259
7839 7773
7840 1667
7840 1126
7841 1922
7841 5732
7841 7064
7841 1016
7841 2748
7841 767
7842 2368
7842 2913
7842 4465
7842 4275
7842 72
7842 3148
7843 7137
7843 6835
7843 4773
7843 3478
7843 669
7844 7712
7844 3328
7844 1256
7844 3167
7845 3745
7845 1361
7845 6583
7845 1753
7845 1628
7845 1916
7846 7493
7846 6395
7847 6218
7847 1370
7847 2107
7847 2317
7847 6975
7848 137
7848 7676
7849 5190
7849 5147
7851 3169
7851 1778
7851 6179
7851 7560
7851 985
7851 222
7852 656
7852 1281
7852 2099
7852 5881
7852 6556
7852 5326
7853 2311
7853 6714
7853 3802
7853 4317
7853 3262
7855 966
7855 5068
7856 1809
7856 6595
7856 1128
7856 2988
7857 499
7857 1845
7857 6421
7857 3782
7859 2836
7859 7113
7859 4924
7859 2959
7860 1757
7860 5743
7860 7615
7861 531
7861 4198
7861 6506
7861 1179
7861 1467
7862 4327
7862 6942
7863 7632
7863 1300
7863 4781
7864 1042
7864 250
7864 7290
7864 1981
7864 1775
7865 3040
7865 4117
7865 5687
7865 2186
7866 7568
7866 151
7866 4808
7866 5834
7866 2845
7867 3681
7867 1684
7867 6202
7867 781
7868 3840
7868 2514
7868 5828
7868 2699
7868 1819
7868 1662
7870 4689
7870 7670
7870 954
7870 6859
7871 4081
7871 3190
7871 536
7871 5017
7871 653
7871 335
7872 1696
7872 7704
7872 824
7872 668
7872 3278
7872 6462
7873 4050
7873 3719
7873 6855
7873 6794
7873 3597
7875 368
7875 515
7875 6486
7875 1994
7875 3402
7875 4554
7876 98
7876 7779
7876 5203
7876 230
7876 3463
7876 7438
7877 419
7877 1348
7877 3797
7878 4146
7878 179
7878 1674
7878 5261
7879 2273
7879 1923
7879 2600
7879 7704
7880 1697
7880 1970
7880 5779
7880 1788
7880 7454
7881 197
7881 4119
7881 124
7881 5981
7882 2180
7882 1511
7882 3272
7882 3643
7882 5471
7883 5200
7883 3563
7883 6461
7883 6110
7884 4996
7884 4725
7884 7037
7884 3533
7885 7792
7885 2383
7885 5519
7886 2451
7886 2487
7886 247
7886 4252
7887 5511
7887 6007
7887 7608
7887 2410
7887 2716
7887 1678
7889 936
7889 2681
7889 3082
7889 6347
7889 1229
7890 4688
7890 1585
7890 7683
7890 616
7891 6704
7891 1251
7891 3385
7891 5340
7891 3741
7891 1822
7893 5760
7893 1825
7893 516
7893 4134
7893 5708
7893 2606
7894 3265
7894 4977
7894 6707
7894 3605
7894 7181
7895 1025
7895 2322
7895 2772
7895 6248
7895 7338
7895 5886
7896 6067
7896 1764
7896 7093
7896 7717
7897 3826
7897 1314
7897 5687
7897 2927
7898 2899
7898 360
7898 5337
7898 3833
7898 7134
7899 5572
7899 2517
7899 7758
7899 1903
7900 1585
7900 3283
7900 1852
7900 3390
7900 1887
7901 5671
7901 4216
7901 3324
7902 4581
7902 5625
7902 122
7902 3547
7902 2492
7902 1325
7903 5212
7903 543
7904 7204
7904 2472
7905 6120
7905 6106
7907 5768
7907 1880
7908 3174
7908 47
7909 6438
7909 5398
7909 4456
7909 6664
7909 3034
7909 4398
7910 3920
7910 5052
7912 7044
7912 4597
7912 2902
7912 7289
7913 4737
7913 1588
7913 998
7913 747
7914 3105
7914 3711
7915 3704
7915 5610
7916 6070
7916 4599
7916 2967
7916 1772
7916 3822
7917 1638
7917 2200
7919 352
7919 5680
7919 1703
7919 329
7919 4553
7919 6014
7920 3169
7920 7170
7920 5395
7920 5640
7920 3416
7922 4724
7922 2023
7922 4215
7922 3496
7922 4729
7922 5181
7923 4996
7923 7335
7923 5195
7923 6878
7924 6833
7924 6898
7924 4840
7924 7290
7925 3015
7925 4220
7925 3117
7926 7760
7926 5568
7926 5779
7926 6198
7926 4680
7926 5421
7927 6481
7927 1493
7927 1639
7927 5773
7928 33
7928 690
7928 2467
7928 4904
7928 2889
7928 7354
7929 5075
7929 6248
7930 3777
7930 2289
7930 2733
7931 1731
7931 1958
7933 1664
7933 3219
7933 2469
7933 1993
7933 6570
7933 4941
7934 5490
7934 5843
7934 7190
7934 3800
7934 1643
7934 908
7935 5554
7935 7278
7936 1539
7936 2900
7936 281
7936 3308
7936 1805
7938 4211
7938 3702
7939 4290
7939 5132
7939 6236
7939 5582
7940 3968
7940 704
7940 210
7940 7416
7940 5901
7941 2674
7941 2948
7941 4221
7941 2895
7942 3792
7942 7509
7944 693
7944 2117
7944 4011
7945 4003
7945 7157
7945 3381
7945 950
7945 1487
7946 6260
7946 3210
7946 4411
7947 448
7947 6249
7947 426
7947 5227
7947 989
7947 6221
7949 7732
7949 2648
7949 4904
7949 395
7950 7536
7950 7076
7950 3428
7951 4052
7951 7765
7951 6153
7951 7353
7952 1569
7952 1363
7952 6182
7953 5282
7953 1382
7953 2122
7954 7584
7954 1990
7954 3239
7954 3592
7954 7052
7955 4553
7955 6062
7956 963
7956 2692
7956 7271
7956 1643
7956 3357
7956 1150
7957 2626
7957 5812
7957 3369
7957 7355
7957 5951
7958 6656
7958 4819
7958 3748
7958 4277
7958 7291
7959 5202
7959 4936
7959 6314
7960 3201
7960 3095
7960 348
7960 3981
7961 7427
7961 6644
7962 5508
7962 5628
7962 6396
7962 6476
7963 6020
7963 1412
7963 1223
7963 6648
7963 188
7964 5304
7964 1420
7964 6814
7965 1847
7965 6254
7966 5504
7966 1186
7966 137
7966 606
7966 4654
7967 576
7967 1634
7967 6551
7967 5307
7968 3462
7968 2511
7969 7618
7969 3
7969 4053
7969 5286
7969 5992
7969 5934
7970 2194
7970 7684
7970 85
7970 3433
7970 6443
7970 7262
7971 2565
7971 1990
7971 7303
7971 2408
7971 5628
7972 4385
7972 5698
7972 5619
7972 1974
7972 7163
7972 2750
7973 3557
7973 3432
7973 4554
7973 7388
7973 7117
7973 526
7974 3618
7974 5215
7975 3456
7975 4328
7975 4810
7975 7626
7975 874
7975 7661
7976 2212
7976 190
7977 336
7977 6497
7977 7202
7977 3476
7977 44
7978 4033
7978 3268
7978 1606
7978 6921
7978 4457
7979 689
7979 6137
7979 7675
7979 5068
7979 4366
7980 7556
7980 5354
7982 736
7982 548
7982 3238
7982 6142
7982 6767
7983 4642
7983 6551
7983 5564
7983 4223
7983 127
7983 6127
7984 3793
7984 2642
7984 870
7984 620
7984 3549
7984 5518
7985 2240
7985 7478
7985 1406
7987 3015
7987 5707
7987 2236
7987 7437
7987 638
7988 5751
7988 4904
7988 6041
7989 4381
7989 3791
7990 4372
7990 4377
7990 3356
7990 4350
7990 1374
7991 4592
7991 3842
7991 7115
7991 4861
7991 3821
7991 5295
7992 4611
7992 5160
7992 458
7993 3746
7993 1460
7993 181
7993 3960
7993 217
7993 1290
7994 7632
7994 5316
7994 5079
7994 1035
7994 943
7995 1494
7995 6009
7995 3081
7995 5340
7995 3069
7995 621
7996 1265
7996 7492
7996 6884
7996 1038
7996 6655
7997 4485
7997 6213
7997 1340
7997 1036
7998 4259
7998 6199
7998 1609
7998 4586
7999 1233
7999 1491
7999 7252
7999 6964
8000 2756
8000 791
8000 7531
8001 5457
8001 4337
8001 5985
8001 1474
8001 4101
8001 5053
8002 4436
8002 1606
8002 6041
8003 898
8003 242
8003 6469
8003 2280
8003 5166
8003 2302
8004 2432
8004 833
8004 2978
8004 486
8005 4426
8005 5226
8007 6034
8007 3523
8007 3655
8007 1371
8007 6460
8008 1937
8008 7058
8008 760
8009 2016
8009 3650
8009 6900
8009 696
8009 953
8009 7227
8011 1766
8011 1513
8012 4825
8012 746
8012 842
8012 4060
8013 768
8013 1012
8013 2069
8013 2057
8013 5471
8014 468
8014 7253
8014 4055
8014 794
8014 28
8015 2308
8015 2677
8016 7714
8016 246
8016 6125
8016 7182
8017 2592
8017 660
8017 5086
8017 5502
8017 1102
8018 7713
8018 5986
8018 7251
8018 1861
8018 3098
8019 2371
8019 1092
8019 774
8019 4058
8019 2190
8020 2432
8020 2072
8020 798
8022 2737
8022 4243
8022 6938
8022 6989
8022 4462
8023 6683
8023 7116
8024 6017
8024 7250
8024 692
8024 6068
8024 142
8024 4686
8025 173
8025 7950
8025 4686
8026 2789
8026 6870
8026 1270
8026 5527
8026 5047
8026 4524
8027 5217
8027 2675
8027 1463
8028 544
8028 1206
8028 2264
8028 3194
8028 7868
8028 5631
8029 1274
8029 6924
8030 3641
8030 7615
8031 3969
8031 3333
8031 2632
8031 779
8031 6445
8032 7569
8032 6999
8032 1191
8032 1480
8032 200
8033 7626
8033 2603
8033 6350
8033 5646
8034 5953
8034 4956
8035 4002
8035 614
8035 7790
8037 1008
8037 4724
8037 2637
8038 4105
8038 3678
8038 1759
8038 1391
8039 6812
8039 2511
8040 2722
8040 4994
8040 4520
8040 6253
8040 3838
8041 1884
8041 2604
8041 5486
8041 4927
8042 5857
8042 6150
8042 3943
8042 1703
8042 7391
8043 6595
8043 6973
8044 6712
8044 4296
8045 4304
8045 3953
8045 2934
8045 4888
8045 463
8046 6785
8046 244
8046 6923
8046 4719
8046 5183
8048 3024
8048 6514
8048 5717
8048 3432
8048 1595
8048 5244
8049 7264
8049 7336
8049 7755
8049 5214
8050 70
8050 1181
8050 3183
8051 2261
8051 6778
8053 2034
8053 7476
8053 5573
8053 7510
8053 4511
8054 4160
8054 3744
8054 3571
8054 607
8055 819
8055 3479
8055 6743
8055 4092
8056 3696
8056 4051
8056 1573
8056 5509
8056 4296
8057 4848
8057 2114
8057 1108
8057 4389
8057 1020
8057 3756
8058 1682
8058 3346
8058 398
8058 1934
8059 2768
8059 1185
8059 7916
8059 4158
8060 4289
8060 3490
8060 6963
8061 5669
8061 5353
8062 1236
8062 2260
8062 1707
8062 4172
8062 2558
8062 2927
8063 6075
8063 413
8064 1616
8064 6340
8064 2794
8064 6587
8065 3447
8065 4296
8066 2040
8066 1519
8067 7376
8067 5937
8070 3348
8070 1323
8070 3535
8072 400
8072 1201
8072 1265
8072 4423
8072 215
8072 3423
8074 7220
8074 4470
8074 1518
8074 2559
8074 5071
8075 1697
8075 7573
8075 88
8076 608
8076 1446
8076 3175
8077 4273
8077 6483
8077 5368
8077 5848
8077 7689
8078 5264
8078 2349
8078 6143
8079 6881
8079 4738
8079 7383
8080 3077
8080 1336
8081 2048
8081 7191
8081 6616
8081 1469
8082 7810
8082 4
8082 1195
8082 7723
8082 7339
8082 797
8083 5360
8083 3011
8084 7173
8084 5400
8084 3752
8084 5162
8084 4779
8085 6420
8085 6997
8085 1751
8085 3582
8085 7694
8086 1621
8086 3637
8086 7802
8086 2077
8086 1997
8086 6878
8087 2113
8087 626
8087 7570
8087 6519
8088 2036
8088 7796
8088 6375
8089 1939
8089 4277
8089 4873
8090 7010
8090 3892
8092 1860
8092 1454
8094 4866
8094 3815
8094 4057
8094 7100
8095 1970
8095 7835
8095 5837
8095 4302
8095 1423
8097 7841
8097 993
8097 2898
8097 4985
8097 2410
8098 7832
8098 3934
8099 1409
8099 7857
8099 709
8099 507
8099 6974
8100 4306
8100 6057
8100 319
8101 4961
8101 643
8101 3315
8101 1540
8101 4232
8102 2194
8102 2947
8102 4292
8102 6871
8102 3465
8103 7441
8103 2674
8103 5635
8103 7796
8103 3387
8103 2285
8104 3904
8104 3522
8104 5300
8104 7159
8106 3072
8106 3573
8106 1768
8106 5625
8106 2810
8106 4447
8107 6847
8107 7007
8108 7786
8108 1900
8109 1542
8109 4456
8109 184
8109 5466
8109 6206
8110 644
8110 1797
8110 438
8110 746
8110 4251
8110 28
8111 4258
8111 6454
8111 5004
8111 1693
8111 2589
8112 609
8112 3842
8113 3377
8113 4070
8113 2492
8113 5470
8114 417
8114 450
8114 4643
8114 3191
8114 2503
8114 135
8115 3186
8115 7445
8115 1914
8115 750
8115 2319
8115 223
8116 5344
8116 5686
8116 7542
8116 5822
8117 6368
8117 2215
8118 6149
8118 3590
8118 5832
8118 7354
8119 3220
8119 2949
8119 646
8119 3078
8119 6232
8119 4858
8120 2790
8120 4220
8120 862
8120 831
8121 6290
8121 2276
8121 7318
8121 7622
8121 4731
8121 3423
8122 3767
8122 3036
8122 1565
8122 6542
8122 143
8123 3458
8123 677
8125 390
8125 6646
8125 6823
8125 7081
8126 2595
8126 4282
8126 2379
8126 3884
8127 7360
8127 3810
8127 5187
8127 1756
8128 6752
8128 6323
8128 5061
8128 5181
8129 7635
8129 248
8129 3003
8129 7228
8130 320
8130 4709
8130 5822
8131 4065
8131 3092
8131 3495
8131 3144
8131 2255
8132 6338
8132 1266
8132 2267
8132 7534
8133 6833
8133 3234
8133 7017
8133 2878
8133 5695
8134 1824
8134 5125
8134 1654
8134 4249
8134 6809
8134 7596
8135 3553
8135 2244
8135 3995
8135 670
8136 3203
8136 3333
8136 1846
8136 2204
8136 2879
8137 2816
8137 5874
8137 5367
8137 1023
8138 3128
8138 778
8139 2594
8139 6274
8139 964
8139 6708
8139 1286
8139 1981
8140 7209
8140 2185
8140 7097
8141 1675
8141 4397
8142 1824
8142 4764
8143 4404
8143 4550
8143 7788
8143 4461
8143 5262
8143 5614
8145 5350
8145 135
8145 3785
8145 3483
8145 3982
8145 4639
8146 3412
8146 3733
8146 2759
8146 2487
8146 3740
8147 5584
8147 625
8147 6963
8147 7116
8147 6989
8147 1438
8148 7073
8148 2706
8148 1698
8148 4451
8148 526
8148 5422
8149 5040
8149 4498
8149 121
8149 1995
8149 46
8149 5647
8150 2880
8150 705
8150 2052
8150 5627
8150 3164
8151 1985
8151 6006
8151 3320
8151 1211
8152 4483
8152 1284
8152 7829
8152 7349
8152 5339
8152 4877
8153 2146
8153 966
8155 4352
8155 6657
8155 2499
8155 5319
8155 412
8155 4143
8156 5881
8156 4571
8157 2823
8157 7751
8158 5873
8158 5830
8158 4393
8158 4586
8159 1589
8159 5198
8160 7593
8160 4510
8161 4262
8161 6953
8162 4588
8162 2269
8163 7239
8163 3559
8163 4552
8163 7417
8163 6207
8164 6596
8164 2566
8164 4009
8164 4890
8164 1770
8164 4399
8165 3730
8165 6534
8165 6798
8165 399
8167 4577
8167 4954
8167 5470
8168 5360
8168 6344
8168 3118
8168 2734
8168 6767
8169 5153
8169 3317
8169 5943
8169 313
8169 5469
8170 3575
8170 3130
8170 4587
8170 7004
8170 1549
8170 6303
8171 2635
8171 7612
8172 7237
8172 3303
8172 6311
8172 1496
8172 1289
8173 6048
8173 811
8174 7793
8174 2977
8174 5572
8174 5253
8175 490
8175 5293
8175 6975
8175 3055
8176 6248
8176 650
8176 4778
8176 3517
8177 2021
8177 7943
8177 424
8178 2562
8178 38
8178 3240
8179 4385
8179 5974
8179 5191
8180 7170
8180 1113
8180 1578
8181 4136
8181 2667
8182 4058
8182 3423
8183 6260
8183 6491
8183 2475
8183 7423
8184 5890
8184 2404
8184 7527
8184 5784
8185 6641
8185 1970
8185 5154
8185 1748
8185 6885
8186 5456
8186 5778
8186 3011
8186 4247
8186 1592
8186 3661
8187 5265
8187 5797
8187 887
8187 4796
8187 6477
8188 2784
8188 4912
8188 2117
8188 5564
8188 1132
8189 4418
8189 6291
8189 2312
8189 2842
8189 3855
8189 4847
8190 3940
8190 1813
8190 5752
8191 7046
8191 3960
8191 4159
8192 6882
8192 6051
8192 4436
8192 5852
8192 4623
8193 770
8193 4271
8194 3520
8194 5687
8194 5419
8194 492
8195 1460
8195 2630
8196 6961
8196 7989
8196 6694
8196 1802
8196 460
8196 2623
8197 7541
8197 4888
8198 720
8198 7921
8198 7831
8198 4969
8198 1452
8199 4802
8199 2204
8200 1984
8200 4114
8200 280
8200 6443
8200 2860
8200 6974
8201 2400
8201 2030
8201 6831
8202 4069
8202 5527
8202 6937
8203 4514
8203 4632
8203 4073
8203 314
8204 7605
8204 2552
8204 8092
8204 7839
8205 177
8205 5827
8205 2227
8205 134
8205 3436
8205 4494
8206 6552
8206 1948
8206 6191
8208 148
8208 7833
8208 6091
8208 3454
8208 2975
8209 1018
8209 668
8209 543
8210 738
8210 1666
8210 547
8210 6084
8210 3208
8210 2793
8211 6640
8211 5378
8211 499
8211 6173
8213 722
8213 51
8213 5814
8213 5689
8213 590
8213 1167
8214 3904
8214 1728
8214 5170
8215 5740
8215 8092
8215 3132
8215 1262
8216 2195
8216 6659
8216 2260
8216 8102
8216 4910
8218 833
8218 3733
8218 2246
8218 1799
8218 1084
8219 2970
8219 2251
8220 5636
8220 1125
8220 474
8220 8139
8221 6728
8221 4235
8223 3904
8223 3914
8223 1755
8223 7470
8224 3584
8224 4389
8224 2582
8224 1564
8226 7666
8226 7620
8226 1623
8227 1728
8227 7560
8227 5787
8228 1892
8228 6933
8228 5895
8228 2871
8228 3498
8228 1228
8230 1088
8230 48
8230 743
8231 5040
8231 7665
8231 886
8231 7767
8231 6503
8231 4696
8232 6482
8232 2443
8232 6605
8233 4113
8233 7746
8233 4181
8233 5118
8233 3247
8234 2162
8234 6828
8235 6149
8235 4427
8235 957
8236 4896
8236 3361
8236 6499
8236 2841
8236 7947
8237 1810
8237 202
8237 7372
8237 4990
8237 495
8238 2100
8238 760
8238 1050
8239 7376
8239 3778
8239 4233
8239 1323
8239 2126
8239 7582
8240 4473
8240 4685
8241 17
8241 4034
8241 8164
8241 7989
8241 7737
8242 1712
8242 2545
8242 1226
8243 2354
8243 7122
8243 5290
8243 2669
8243 621
8243 8014
8244 5441
8244 6081
8244 1299
8244 1449
8244 1437
8244 2223
8245 6243
8245 5866
8245 1962
8245 1371
8246 3780
8246 253
8246 3247
8247 3973
8247 1239
8247 2844
8247 46
8247 7327
8248 7137
8248 7256
8249 7730
8249 1170
8249 7043
8249 2438
8249 4793
8249 4444
8250 5575
8250 591
8252 1857
8252 3757
8253 1328
8253 7377
8253 4156
8254 1457
8254 1973
8254 730
8254 1198
8254 3647
8255 6370
8255 5026
8256 6529
8256 6147
8256 6586
8258 5347
8258 1254
8258 4647
8259 2819
8259 1182
8260 1379
8260 6228
8261 4693
8261 398
8262 3969
8262 2661
8263 3313
8263 5251
8263 5300
8263 5957
8263 2232
8263 5644
8264 6440
8264 2681
8264 458
8264 4092
8265 4464
8265 5864
8265 2895
8266 7173
8266 2887
8266 7
8266 4063
8267 3264
8267 6346
8267 6413
8267 5471
8268 5233
8268 3860
8268 3684
8268 7191
8269 2068
8269 3847
8269 7935
8270 290
8270 1209
8270 5162
8271 2224
8271 1328
8271 4773
8271 1177
8271 3148
8271 5215
8272 7747
8272 6813
8272 2013
8272 1470
8272 7246
8272 4927
8274 3493
8274 1301
8274 4295
8274 5321
8274 1885
8275 5664
8275 5912
8276 6147
8276 6004
8276 4232
8276 874
8276 3050
8277 3139
8277 6484
8277 377
8277 7130
8278 4576
8278 4209
8278 3444
8278 6571
8279 1056
8279 1633
8279 2490
8279 442
8279 4205
8279 1919
8280 7157
8280 7752
8281 3826
8281 1677
8282 7344
8282 6898
8282 6999
8282 2493
8283 6693
8283 3446
8284 7361
8284 5634
8284 732
8285 5120
8285 1967
8285 5919
8285 4511
8286 1440
8286 3361
8286 370
8286 6211
8286 2532
8286 6793
8287 2385
8287 2894
8288 754
8288 1332
8288 7430
8288 7528
8288 7418
8289 2368
8289 2191
8290 7895
8290 5820
8290 4703
8291 6593
8291 1261
8293 5108
8293 7269
8293 6382
8293 6542
8293 7375
8293 655
8294 2
8294 6883
8294 7381
8294 4136
8294 6974
8295 7712
8295 3348
8295 3783
8295 7965
8295 1839
8296 5392
8296 3314
8296 3507
8296 7563
8296 8111
8297 418
8297 7030
8297 2183
8297 7147
8297 7468
8298 3984
8298 8024
8298 4585
8298 7642
8298 255
8299 3217
8299 7126
8299 3769
8300 2020
8300 7832
8301 3027
8301 5652
8301 6122
8301 1645
8302 4149
8302 3942
8302 6282
8302 6541
8302 7374
8303 7127
8303 5901
8303 4479
8304 7184
8304 4456
8304 5740
8304 590
8304 1566
8304 639
8305 8112
8305 3250
8305 3282
8305 6347
8305 5117
8305 7263
8306 4919
8306 391
8306 3479
8306 5612
8306 6367
8307 4608
8307 5996
8308 6529
8308 7087
8308 1071
8309 3890
8309 4101
8309 4406
8309 4538
8310 209
8310 6930
8310 3317
8310 3094
8310 4776
8311 6528
8311 4497
8311 4633
8311 2652
8311 5453
8312 2018
8312 4359
8312 2765
8312 7759
8313 3142
8313 3465
8313 8027
8313 4781
8314 7712
8314 3121
8314 5059
8314 4500
8314 965
8314 3128
8315 6
8315 7449
8316 7700
8316 506
8316 6522
8316 47
8317 2726
8317 1339
8317 3229
8317 238
8317 4062
8318 3399
8318 7850
8318 4380
8319 1033
8319 2633
8319 8027
8320 1443
8320 2676
8322 3953
8322 1494
8322 3497
8322 2939
8322 5421
8323 4952
8323 1160
8323 2828
8323 3213
8324 5093
8324 949
8324 6118
8325 3510
8325 8142
8326 1142
8326 4622
8327 1059
8327 6052
8327 20
8327 6393
8327 5068
8328 3824
8328 4187
8329 5812
8329 2504
8330 5873
8330 6503
8330 2270
8330 1839
8330 3231
8330 4943
8331 5057
8331 8004
8331 5047
8331 8042
8332 1073
8332 1323
8332 5295
8333 6210
8333 3491
8333 2694
8333 4391
8333 351
8334 1522
8334 579
8334 6071
8334 5576
8334 121
8334 2651
8335 3284
8335 455
8335 5209
8335 6250
8335 3036
8335 7405
8336 1872
8336 790
8336 2268
8336 2781
8338 8084
8338 7917
8339 5843
8339 3384
8339 3177
8339 2461
8339 5071
8340 128
8340 1158
8340 2106
8340 637
8340 5165
8341 1138
8341 6826
8341 2300
8342 4690
8342 6467
8342 5685
8342 5030
8342 3374
8344 593
8344 6725
8344 4935
8344 362
8344 427
8344 2781
8345 4896
8345 3747
8345 6935
8345 4136
8345 6475
8345 1628
8346 5667
8346 394
8346 5995
8349 177
8349 7981
8349 6606
8349 5150
8350 7333
8350 2742
8350 5880
8350 4397
8350 573
8350 1998
8351 8004
8351 6553
8351 4526
8352 1651
8352 3464
8352 1259
8352 6093
8352 6383
8353 1888
8353 37
8353 3882
8353 299
8354 4452
8354 3563
8354 4270
8355 5619
8355 2933
8355 5576
8355 3676
8356 1760
8356 6051
8356 3143
8357 5569
8357 1154
8357 2420
8357 8151
8357 4713
8357 7934
8358 6929
8358 5826
8358 2522
8358 5469
8358 6063
8360 3761
8360 1866
8361 4261
8361 1093
8361 2154
8361 2542
8361 494
8362 331
8362 4972
8363 4517
8363 3435
8363 1150
8364 2037
8364 2155
8364 6508
8364 652
8364 3228
8365 5344
8365 4802
8365 1684
8365 7061
8365 3530
8366 1302
8366 7287
8366 5260
8367 7987
8367 7235
8367 5881
8367 7516
8367 6302
8367 7535
8368 822
8368 5207
8368 2140
8369 1424
8369 6673
8369 1051
8369 1999
8369 2751
8370 5860
8370 2453
8370 1621
8370 6535
8371 5073
8371 3009
8371 4658
8371 6041
8371 1614
8372 7154
8372 7890
8372 4323
8372 2937
8373 768
8373 6251
8373 703
8374 2582
8374 3000
8375 4357
8375 6025
8376 2565
8376 187
8376 1951
8377 769
8377 2581
8377 4380
8377 941
8378 1681
8378 8005
8378 7414
8378 1198
8378 207
8380 6916
8380 7832
8380 7544
8380 2075
8380 5998
8381 3961
8381 655
8382 3137
8382 5926
8382 7880
8382 479
8382 7711
8383 2440
8383 2093
8384 8144
8384 2341
8384 5991
8384 6588
8385 7010
8385 7634
8385 7691
8386 2163
8386 4899
8386 4330
8387 4182
8387 7979
8387 6605
8387 6253
8387 4525
8388 4212
8388 7975
8388 5017
8388 2379
8388 1820
8389 7088
8389 4065
8389 4275
8389 2365
8389 1358
8390 344
8390 3737
8390 2763
8390 3307
8391 3316
8391 7540
8391 13
8391 2431
8392 6496
8392 5185
8392 6212
8392 3573
8392 2715
8393 901
8393 6791
8393 2171
8394 6033
8394 410
8395 7860
8395 8074
8395 239
8396 5586
8396 1556
8396 1669
8396 645
8396 7192
8396 3150
8397 67
8397 726
8397 7127
8397 3919
8398 8128
8398 6129
8399 4912
8399 7878
8399 5976
8399 4605
8400 2581
8400 2874
8400 3628
8400 8126
8400 1279
8401 2613
8401 3095
8401 3623
8401 4268
8402 611
8402 1049
8402 763
8402 2843
8403 1522
8403 6452
8403 2216
8403 8079
8404 2273
8404 6153
8404 3675
8404 4923
8404 1133
8404 6606
8405 5201
8405 533
8405 5469
8406 1316
8406 4070
8406 1387
8406 7932
8407 4393
8407 4827
8407 1502
8408 7889
8408 903
8408 893
8408 1663
8409 5970
8409 6727
8409 6376
8409 5576
8409 2237
8410 704
8410 2050
8410 3653
8410 652
8410 7276
8411 5940
8411 4436
8411 6540
8412 739
8412 8372
8412 3815
8412 3034
8412 3741
8413 8114
8413 4754
8413 5893
8414 5554
8414 8230
8414 4663
8414 154
8414 1981
8415 118
8415 3561
8415 921
8415 4250
8416 6481
8416 438
8416 1688
8416 3180
8417 2257
8417 5930
8417 2267
8417 3948
8418 2465
8418 1553
8418 7690
8418 6555
8418 3596
8418 6109
8419 148
8419 2327
8419 2841
8419 3438
8420 7248
8420 1504
8420 2177
8420 2069
8420 1847
8420 7240
8421 6496
8421 2238
8422 8146
8422 4239
8423 2291
8423 3626
8423 4510
8423 2238
8423 7471
8424 2801
8424 5518
8424 4926
8425 722
8425 7939
8425 6077
8425 2301
8425 6639
8426 1794
8426 5061
8426 710
8426 5160
8426 3438
8427 0
8427 880
8427 897
8427 6523
8427 7915
8429 4816
8429 1781
8429 3973
8429 6103
8429 7961
8430 1681
8430 6626
8430 4826
8430 5437
8430 7135
8431 2428
8431 3773
8432 2276
8432 1236
8432 91
8432 4731
8434 4338
8434 4356
8435 5873
8435 274
8435 356
8435 7541
8435 5928
8435 6958
8436 5249
8436 5860
8436 8126
8437 353
8437 7172
8437 1962
8437 2428
8437 5277
8437 2573
8438 1761
8438 673
8438 4883
8438 5029
8439 6832
8439 726
8439 102
8439 4553
8439 3276
8439 332
8440 1507
8440 6180
8440 853
8440 2380
8440 4604
8440 622
8441 4048
8441 7016
8441 3565
8441 1485
8442 507
8442 7708
8443 3872
8443 6210
8443 2631
8443 3992
8443 189
8443 5535
8444 6352
8444 4256
8444 6691
8444 2839
8444 3868
8444 733
8445 8018
8445 3603
8445 6328
8445 94
8446 7040
8446 2713
8446 189
8446 1166
8449 2099
8449 3780
8449 6245
8449 6325
8449 2407
8449 2647
8450 5136
8450 2225
8450 5939
8450 5064
8450 3995
8450 3662
8451 6275
8451 7621
8451 6536
8451 7502
8451 6799
8452 53
8452 6089
8454 99
8454 8053
8454 1564
8456 3316
8456 4763
8457 1848
8457 8123
8458 7841
8458 2098
8458 7015
8458 3911
8458 4892
8458 3551
8459 3588
8459 283
8460 7594
8460 6524
8460 2814
8460 1342
8461 2277
8461 7238
8461 5849
8461 3705
8461 3370
8461 5037
8462 6501
8462 5944
8462 5226
8464 4889
8464 7917
8465 1811
8465 1237
8465 3462
8465 4906
8465 5006
8467 5570
8467 7861
8468 7729
8468 7654
8468 3880
8468 5304
8468 7871
8469 2272
8469 8229
8469 4201
8469 7295
8470 3875
8470 6005
8470 5925
8470 8136
8471 4819
8471 5670
8471 2264
8471 7853
8472 611
8472 6852
8472 1897
8472 4925
8473 6545
8473 3273
8473 6911
8475 4193
8475 7607
8476 6593
8476 7846
8476 5676
8476 5391
8477 7378
8477 7252
8477 5829
8477 7199
8479 6560
8479 1242
8479 6893
8480 196
8480 5108
8480 1253
8481 7856
8481 580
8481 7812
8481 7893
8481 3065
8482 2955
8482 2047
8483 5904
8483 2
8483 7492
8483 2101
8484 2273
8484 3365
8484 1368
8486 6144
8486 6357
8486 5846
8486 6489
8487 7556
8487 245
8487 7431
8487 1754
8487 4954
8488 614
8488 4984
8488 968
8488 639
8489 7058
8489 5097
8489 7180
8490 4777
8490 554
8491 4177
8491 4758
8491 1335
8491 2200
8491 682
8491 2395
8492 822
8492 4202
8493 4480
8493 7793
8493 7875
8493 5829
8494 67
8494 150
8494 858
8494 3741
8495 830
8495 1342
8496 5141
8496 3289
8497 7506
8497 5411
8497 7972
8497 4552
8497 2633
8498 7250
8498 2658
8498 6101
8498 4775
8498 636
8498 6701
8499 226
8499 8324
8499 3144
8499 653
8500 5440
8500 2295
8500 8009
8500 6300
8501 8196
8501 5900
8501 5437
8502 4480
8502 6727
8503 3409
8503 1909
8503 7528
8503 4429
8503 3711
8504 3604
8504 86
8504 3863
8504 7772
8504 6236
8504 6349
8506 898
8506 2628
8506 6884
8507 149
8507 3945
8507 490
8507 3292
8508 5479
8508 1399
8508 3032
8508 1645
8511 7
8511 1978
8513 6690
8513 7874
8513 6968
8513 8136
8513 7390
8513 7199
8514 4240
8514 3089
8514 6322
8514 7579
8514 6735
8515 5636
8515 4473
8515 476
8515 2319
8516 8160
8516 323
8516 717
8516 5310
8516 5886
8517 679
8517 2314
8518 6017
8518 2899
8518 907
8518 7390
8518 1119
8518 4335
8519 1220
8519 2949
8519 6374
8519 1258
8519 6526
8519 2862
8520 3226
8520 107
8520 5292
8520 3453
8520 3085
8520 6175
8522 6545
8522 7745
8522 6548
8522 1221
8522 3051
8524 7636
8524 3006
8525 3824
8525 2643
8525 440
8525 6392
8525 5197
8525 6863
8526 434
8526 3718
8526 7687
8526 6137
8526 3195
8527 4726
8527 186
8527 1725
8527 7629
8528 405
8528 2558
8529 3187
8529 7987
8529 1094
8529 4473
8529 6585
8529 4428
8530 4122
8530 6667
8530 6653
8530 3838
8531 994
8531 3702
8531 5991
8531 7995
8531 5582
8532 4771
8532 3465
8532 5018
8532 3018
8533 5488
8533 1968
8533 1425
8533 835
8533 8164
8533 1773
8534 1744
8534 3041
8534 2612
8534 4280
8534 2846
8534 3999
8535 7015
8535 4575
8536 3344
8536 1424
8536 1189
8536 1894
8536 1786
8537 5521
8537 5954
8537 4418
8537 1239
8537 6137
8537 7194
8538 611
8538 596
8538 7129
8538 2029
8538 6575
8539 3730
8539 4407
8539 7242
8539 6907
8540 6803
8540 6933
8541 1617
8541 6660
8541 4008
8541 3880
8541 7882
8541 6426
8542 464
8542 1360
8542 5155
8542 7225
8542 3583
8543 563
8543 4067
8543 5551
8544 6001
8544 3079
8544 2607
8546 161
8546 2418
8546 532
8546 6678
8546 4392
8547 3328
8547 7809
8547 4823
8547 6535
8548 2677
8548 7263
8550 5764
8550 4868
8550 1741
8551 6032
8551 486
8551 2039
8552 4772
8552 6164
8552 2773
8552 4245
8552 589
8553 6784
8553 3557
8553 1686
8553 1197
8553 5070
8554 4098
8554 7094
8554 7704
8554 1578
8554 6699
8554 1309
8555 8098
8555 2340
8555 6909
8557 6563
8557 3235
8557 2387
8557 8166
8557 5533
8557 7071
8558 1847
8558 4459
8559 6724
8559 2070
8559 6664
8560 4000
8560 4577
8560 7682
8560 2754
8560 2230
8560 7053
8561 2656
8561 1632
8561 2055
8561 3017
8561 2908
8561 8205
8562 3414
8562 2679
8562 7784
8562 3112
8562 5934
8563 2442
8563 3855
8564 7710
8564 6782
8564 3439
8565 7130
8565 476
8565 175
8567 2579
8567 6582
8567 2046
8568 1576
8568 8382
8569 1600
8569 1587
8569 4404
8569 344
8570 6288
8570 6884
8570 4533
8570 2103
8570 8265
8571 4832
8571 7857
8571 7514
8572 1202
8572 5507
8572 5526
8572 2423
8572 4046
8572 62
8573 4192
8573 7153
8573 6868
8573 8175
8574 1552
8574 4372
8574 7999
8575 4146
8575 2484
8575 1525
8575 7342
8576 3664
8576 8050
8576 4194
8576 8038
8576 4105
8576 2492
8577 4375
8577 3643
8578 4320
8578 3250
8578 2340
8579 4277
8579 3222
8580 3650
8580 7893
8580 8283
8580 429
8580 1247
8581 3042
8581 227
8584 6388
8584 5821
8584 4174
8585 7905
8585 2228
8585 7032
8585 7497
8585 7934
8586 5408
8586 1685
8586 1769
8587 8321
8587 8345
8587 4444
8587 351
8588 2995
8588 6725
8588 5917
8589 4866
8589 7428
8589 3676
8589 5565
8589 6063
8590 4466
8590 7379
8590 6484
8590 54
8590 5863
8590 3607
8591 3509
8591 3014
8591 7631
8592 3175
8592 1273
8592 3306
8593 1858
8593 500
8593 3012
8593 7063
8593 2570
8593 6364
8595 2048
8595 6785
8595 6035
8595 2469
8595 7131
8595 958
8596 4242
8596 2552
8596 3083
8597 3680
8597 3042
8597 1842
8597 5138
8597 2447
8598 4865
8598 4978
8598 8073
8598 3387
8598 236
8599 7282
8599 4312
8599 7000
8599 4719
8600 6512
8600 6422
8600 5432
8600 4776
8601 8304
8601 7766
8601 7367
8601 4553
8601 6202
8601 5663
8602 4560
8602 3218
8602 4967
8602 5432
8602 5196
8602 239
8603 5477
8603 1176
8604 121
8604 7774
8605 8403
8605 663
8605 2313
8607 34
8607 5046
8607 455
8607 5624
8607 1052
8608 6902
8608 2089
8608 2988
8608 637
8609 7233
8609 3443
8609 6822
8609 7944
8610 6929
8610 867
8610 5427
8610 5241
8611 1568
8611 7477
8611 246
8611 1741
8612 728
8612 6235
8612 2652
8612 7406
8613 5816
8613 1948
8614 4720
8614 8321
8614 3297
8614 4474
8614 349
8614 1710
8615 3827
8615 8534
8616 8369
8616 6450
8616 8117
8616 3605
8616 5214
8617 8050
8617 2115
8617 2556
8618 5568
8618 7514
8619 4865
8619 3649
8619 3387
8619 923
8619 3821
8620 1091
8620 5061
8620 5353
8621 6224
8621 3862
8622 6913
8622 7970
8622 5897
8622 4540
8622 974
8623 1696
8623 8145
8624 8457
8624 987
8624 4383
8625 7491
8625 4741
8625 5719
8626 7802
8626 2414
8627 7714
8627 1465
8627 2954
8627 7005
8627 1662
8628 2577
8628 4593
8628 4486
8628 5183
8629 6130
8629 4692
8629 6006
8630 163
8630 1429
8630 5534
8631 5974
8631 7160
8631 3453
8632 6918
8632 8281
8632 538
8632 2923
8632 7246
8633 3392
8633 8530
8633 2722
8633 3731
8633 5242
8633 7483
8634 5776
8634 4198
8634 6470
8634 1499
8634 1116
8635 3728
8635 8050
8635 3957
8635 4028
8635 5101
8635 6622
8636 1520
8636 1746
8636 2423
8636 3069
8636 3309
8637 880
8637 6768
8637 6691
8637 6982
8637 1688
8637 121
8638 6034
8638 886
8638 5146
8638 1051
8638 748
8638 540
8639 384
8639 5275
8641 7138
8641 6130
8641 8312
8641 3945
8641 8509
8641 8047
8642 80
8642 2663
8642 7464
8642 6859
8642 2750
8644 8310
8644 8073
8644 1835
8644 2460
8644 2861
8645 2664
8645 3198
8645 2462
8646 4704
8646 293
8646 5278
8646 1471
8647 1860
8647 7417
8647 5052
8648 576
8648 6006
8648 7656
8648 7353
8649 7409
8649 49
8649 6805
8649 1350
8649 7930
8649 6591
8650 3255
8650 6639
8651 5330
8651 6263
8651 8121
8651 143
8651 3039
8652 7746
8652 547
8652 4932
8652 4711
8652 4989
8653 2880
8653 5873
8653 3875
8653 1316
8653 5004
8654 7165
8654 5374
8655 7749
8655 5226
8655 3005
8656 8369
8656 3688
8656 5803
8656 6030
8656 2686
8657 7601
8657 3858
8657 4243
8657 7268
8657 8283
8658 6881
8658 5282
8658 4806
8658 7463
8659 6481
8659 2225
8659 5450
8659 6396
8659 4540
8660 5325
8660 5838
8661 785
8661 4290
8661 6040
8661 3032
8661 3401
8661 3900
8662 8401
8662 6954
8662 1723
8662 5004
8662 1423
8665 2083
8665 1319
8666 5536
8666 5577
8668 5409
8668 6066
8668 4891
8668 3295
8669 6560
8669 536
8669 6617
8669 1261
8669 6749
8669 1917
8670 8007
8670 2923
8670 3755
8670 4861
8670 4557
8671 6123
8671 4655
8671 255
8672 112
8672 2756
8672 4090
8672 6971
8672 4094
8672 2414
8673 17
8673 8213
8673 4985
8674 5731
8674 7062
8675 3081
8675 316
8676 8117
8676 3771
8676 6987
8676 4668
8676 4063
8677 3189
8677 3911
8677 3432
8677 1211
8677 5551
8678 1509
8678 7359
8679 1280
8679 3890
8679 7463
8679 824
8679 703
8680 1719
8680 61
8681 0
8681 3472
8681 5494
8681 5671
8681 8248
8683 6464
8683 6449
8683 7282
8683 5290
8683 2938
8683 4573
8686 5725
8686 1758
8687 7728
8687 5377
8687 6257
8687 6980
8687 1705
8688 4146
8688 1011
8688 1652
8688 4010
8689 2160
8689 1804
8689 6047
8691 3120
8691 1367
8691 967
8691 3271
8691 4233
8692 2707
8692 5754
8692 2878
8693 4871
8693 8046
8694 563
8694 7881
8694 5421
8695 7940
8695 4664
8695 5689
8695 6956
8695 1551
8695 5871
8696 6857
8696 5003
8697 6790
8697 4502
8697 871
8697 3994
8697 7022
8698 6324
8698 1144
8698 314
8698 6620
8698 5709
8699 7030
8699 2985
8699 5353
8700 2560
8700 6803
8700 1717
8700 921
8700 5182
8701 1504
8701 166
8701 4262
8701 7834
8701 1452
8701 1918
8702 4929
8702 579
8702 8035
8702 8292
8702 3000
8702 1721
8703 1040
8703 6642
8703 1150
8703 6143
8704 1364
8704 502
8704 5770
8704 3451
8704 5469
8705 2546
8705 5571
8705 8136
8705 5770
8705 8442
8705 5647
8706 6593
8706 5586
8706 3005
8707 7122
8707 2997
8707 3077
8708 3971
8708 1756
8709 1542
8709 1439
8710 5483
8710 7709
8711 6736
8711 544
8711 401
8711 5060
8711 438
8711 953
8712 7284
8712 1916
8713 7682
8713 6308
8713 3100
8713 8076
8714 6035
8714 4931
8714 5524
8714 774
8714 4969
8714 843
8715 656
8715 1370
8715 8332
8715 751
8716 8155
8716 8331
8717 1105
8717 1041
8717 3683
8717 5176
8717 3049
8717 6862
8718 2035
8718 1965
8718 7870
8719 6976
8719 7634
8719 5557
8719 422
8719 1306
8719 6797
8720 3652
8720 1165
8720 7422
8721 7762
8721 2755
8721 2214
8721 6935
8721 8187
8721 1566
8722 770
8722 4853
8722 8026
8722 7019
8722 2475
8722 7534
8723 5010
8723 259
8723 3978
8723 4106
8723 6412
8723 6941
8724 305
8724 8290
8724 7704
8724 4410
8725 3418
8725 8173
8726 4769
8726 1823
8727 5457
8727 2755
8727 2500
8727 6296
8727 5019
8727 2207
8728 7757
8728 2127
8729 1664
8729 5680
8729 6754
8729 6147
8729 5236
8729 5142
8730 7764
8730 5013
8730 5799
8730 4665
8730 250
8730 6959
8731 6656
8731 7192
8731 1550
8732 2275
8732 6613
8732 2471
8732 1373
8734 6245
8734 7337
8734 476
8735 7847
8735 6911
8736 8516
8736 5908
8736 523
8736 7390
8736 2863
8737 4512
8737 2566
8737 1096
8738 1985
8738 369
8738 6394
8738 2186
8740 7556
8740 5855
8741 216
8741 1944
8741 1948
8742 2659
8742 2613
8742 5557
8742 4397
8743 247
8743 760
8744 7184
8744 1961
8744 1102
8746 1937
8746 3577
8746 2795
8747 1560
8747 7097
8747 4604
8748 1392
8748 241
8748 1657
8748 2330
8748 2315
8749 3904
8749 4788
8749 6344
8749 460
8749 2524
8749 1199
8750 1426
8750 3445
8750 6806
8750 3608
8750 5359
8752 4241
8752 8145
8752 414
8752 2271
8753 5362
8753 6355
8753 6084
8753 7691
8753 4252
8753 8367
8754 5670
8754 3532
8755 8401
8755 3654
8755 3865
8755 1006
8756 7040
8756 2200
8756 4648
8756 1116
8756 4415
8757 3628
8757 5471
8758 8433
8758 6548
8758 5620
8758 8133
8758 2421
8760 5733
8760 2363
8761 7266
8761 7618
8761 979
8761 8084
8761 2155
8761 4940
8763 8289
8763 6631
8763 522
8763 1724
8763 6477
8763 6702
8764 2512
8764 4819
8764 579
8764 330
8764 4143
8765 8465
8765 733
8766 2963
8766 8422
8766 3337
8767 2931
8767 7891
8767 1348
8767 7767
8767 3802
8767 8206
8769 6577
8769 3787
8770 2197
8770 4022
8770 455
8770 5113
8770 8346
8771 1987
8771 5814
8771 8023
8771 6987
8771 332
8771 6574
8772 3841
8772 855
8772 5176
8772 4383
8772 1455
8774 179
8774 7253
8774 3545
8774 5833
8774 2682
8775 320
8775 2500
8775 2439
8777 7506
8777 3707
8778 7666
8778 7255
8778 5018
8778 5707
8778 3391
8779 6448
8779 2818
8779 4292
8779 581
8779 6824
8779 8157
8780 2672
8780 4889
8780 1466
8781 692
8781 6308
8781 581
8781 744
8781 7884
8782 5984
8782 7971
8782 2261
8782 7510
8783 6627
8783 4523
8783 1004
8784 1554
8784 2774
8784 4278
8784 5259
8785 7104
8785 4634
8785 5274
8785 7162
8785 7740
8785 1165
8786 8035
8786 6580
8786 1239
8786 5737
8787 6386
8787 7786
8787 4844
8788 3026
8788 3495
8788 1607
8789 8262
8789 5175
8789 3355
8789 3787
8789 3293
8790 5970
8790 1475
8791 1761
8791 3714
8791 2421
8791 3451
8791 7055
8792 4183
8792 4863
8793 1329
8793 5797
8793 5560
8793 6557
8794 4353
8794 1249
8794 2737
8794 1505
8794 2068
8794 1871
8795 6259
8795 2852
8795 1126
8795 651
8795 445
8795 303
8796 7972
8796 2953
8796 3755
8796 2302
8796 6527
8797 7532
8797 7916
8798 4834
8798 8277
8798 8101
8798 6790
8799 374
8799 7097
8800 7815
8800 4168
8800 3596
8801 144
8801 595
8801 3285
8801 5102
8803 4327
8803 4238
8804 1363
8804 2308
8807 5552
8807 1570
8807 4680
8807 1912
8807 5322
8807 1661
8809 1779
8809 8345
8809 649
8809 2172
8809 4878
8809 2079
8810 6288
8810 1734
8810 873
8810 1931
8812 80
8812 1570
8812 3446
8812 8375
8812 9
8813 4576
8813 3217
8813 1493
8813 968
8813 8170
8813 1755
8814 7554
8814 710
8816 2020
8816 4681
8817 1283
8817 6964
8817 7620
8817 840
8817 7418
8817 1006
8818 1635
8818 4761
8818 6781
8820 7185
8820 2643
8820 5731
8820 1845
8820 1094
8820 5864
8821 7027
8821 871
8821 4073
8821 4797
8821 2334
8822 3281
8822 585
8822 494
8823 6900
8823 2237
8823 6109
8824 6225
8824 3798
8824 1671
8824 2441
8824 4042
8825 3537
8825 1683
8825 6680
8825 2699
8825 7855
8826 3852
8826 4093
8826 6845
8826 685
8826 6559
8827 3283
8827 1080
8827 3405
8828 4642
8828 3090
8828 3561
8828 8636
8831 6211
8831 4677
8831 5608
8831 345
8831 3722
8831 1450
8832 4122
8832 2669
8833 2530
8833 147
8833 4262
8833 5528
8833 3560
8833 2317
8834 4417
8834 8116
8834 3029
8834 3335
8834 4713
8834 8683
8835 1616
8835 2979
8835 3701
8835 5623
8835 8266
8835 8319
8836 8162
8836 5443
8836 1619
8836 6277
8837 1252
8837 2661
8838 4251
8838 3198
8838 2943
8839 3586
8839 2035
8839 488
8839 7497
8839 217
8840 6305
8840 2916
8840 88
8840 3359
8841 5953
8841 7154
8841 8626
8841 8114
8841 4427
8841 3807
8842 2343
8842 8233
8842 4622
8843 656
8843 72
8843 1465
8843 7866
8843 2938
8843 6795
8844 8770
8844 3945
8844 6735
8845 4709
8845 486
8845 4735
8846 8321
8846 5573
8846 7466
8846 2299
8846 7181
8847 8560
8847 3704
8847 4408
8848 2100
8848 7092
8849 2756
8849 4836
8849 7317
8849 4555
8849 5547
8849 7340
8850 7792
8850 2321
8850 6228
8850 6750
8850 3215
8851 7392
8851 8005
8851 743
8851 6652
8852 7588
8852 1574
8853 8321
8853 5176
8853 777
8854 2224
8854 7686
8854 4183
8855 1813
8855 6168
8855 1672
8855 7114
8855 6396
8855 892
8857 1348
8857 3513
8858 5236
8858 5734
8858 3607
8858 5032
8858 3912
8858 777
8859 3590
8859 3980
8860 5090
8860 8099
8860 5620
8860 7022
8861 582
8861 3992
8861 2890
8861 4090
8862 1683
8862 5091
8862 628
8862 5065
8862 157
8863 5608
8863 5179
8863 3596
8863 4286
8864 4870
8864 2189
8865 5956
8865 1380
8865 3481
8865 7276
8865 7807
8866 4755
8866 1317
8866 1062
8866 1591
8866 267
8866 2603
8867 1952
8867 7139
8867 916
8867 6171
8867 750
8869 1553
8869 4978
8869 1882
8870 2528
8870 7858
8870 5147
8870 1099
8870 2028
8870 3807
8871 3779
8871 2167
8871 1144
8871 7822
8872 2584
8872 4585
8872 6602
8873 789
8873 8283
8873 13
8873 78
8874 7121
8874 8580
8874 5205
8874 5945
8874 4970
8874 6942
8875 2362
8875 2335
8876 6290
8876 505
8876 2315
8876 2987
8876 5341
8877 4071
8877 2392
8877 6797
8877 4173
8878 8343
8878 5967
8879 3392
8879 4312
8879 3866
8879 5277
8879 6701
8879 4063
8880 7491
8880 2233
8880 8409
8880 109
8880 3293
8881 2004
8881 2281
8881 746
8881 6109
8881 2765
8882 7657
8882 8554
8883 7091
8883 8323
8883 4793
8883 2730
8883 3596
8884 816
8884 3841
8884 4595
8884 1765
8884 6918
8885 1345
8885 6266
8885 5710
8886 6643
8886 1795
8886 2564
8886 1733
8886 5253
8886 5240
8887 6480
8887 4226
8887 6533
8887 6233
8887 1769
8887 1596
8888 3393
8888 2296
8889 7522
8889 6276
8889 313
8891 2723
8891 4183
8891 4793
8891 3162
8891 8141
8891 6909
8892 6513
8892 5457
8892 2738
8892 4746
8892 4029
8893 1013
8893 3176
8893 5006
8894 2241
8894 8660
8894 5543
8895 5875
8895 3830
8895 4553
8895 2266
8896 3300
8896 5816
8896 3901
8897 3668
8897 2324
8897 8742
8897 5607
8897 1308
8897 6957
8898 6948
8898 4981
8898 1484
8898 5934
8898 5599
8899 6502
8899 6698
8899 1626
8900 2761
8900 3275
8901 6516
8901 2295
8901 8296
8901 7433
8902 2272
8902 3008
8902 993
8902 6121
8902 1583
8904 3264
8904 3778
8904 2870
8904 8439
8904 269
8905 8488
8905 700
8905 2046
8906 2452
8906 7860
8906 7526
8906 8503
8906 7259
8906 4494
8907 2114
8907 6058
8908 4647
8908 8666
8908 8511
8908 3727
8910 403
8910 2204
8910 5871
8911 8038
8911 7192
8911 3006
8911 2399
8912 417
8912 5202
8912 2803
8912 7061
8914 3936
8914 4003
8914 744
8914 5851
8914 5823
8915 3362
8915 3460
8916 2449
8916 7910
8916 6903
8917 7846
8917 5899
8918 1201
8918 4307
8918 5143
8918 2968
8918 8093
8918 1710
8919 753
8919 3745
8919 4905
8919 1963
8919 172
8919 6364
8921 1073
8921 2661
8921 5303
8921 3400
8921 3565
8921 2446
8922 8421
8922 8230
8922 8743
8922 1767
8922 1480
8922 6027
8923 2758
8923 537
8923 4811
8923 6699
8925 7426
8925 5810
8925 533
8925 7817
8925 61
8925 8061
8927 8753
8927 8625
8927 6997
8927 4681
8928 5588
8928 8725
8928 8491
8928 925
8928 734
8929 5780
8929 6149
8929 3926
8929 550
8929 3486
8929 7262
8930 8500
8930 2297
8930 635
8930 7339
8930 2539
8930 1757
8932 3936
8932 2081
8932 5250
8932 4047
8933 5492
8933 603
8933 5901
8935 4520
8935 74
8937 4213
8937 1126
8937 1404
8937 6142
8938 8438
8938 4520
8938 6956
8938 6351
8939 264
8939 2571
8940 65
8940 2297
8940 4249
8940 2778
8940 5903
8941 154
8941 4780
8942 402
8942 5099
8942 6332
8943 81
8943 3611
8943 574
8944 2177
8944 1490
8944 2093
8944 4574
8945 2761
8945 1194
8945 443
8945 5405
8946 2825
8946 4140
8946 2766
8947 8230
8947 3788
8947 3999
8947 2479
8948 2880
8948 3588
8948 119
8948 809
8948 4030
8949 754
8949 1444
8949 3446
8949 4600
8949 5723
8949 7999
8950 3539
8950 5349
8950 4858
8950 4300
8950 2124
8950 7277
8951 3286
8951 5485
8951 1310
8952 8737
8952 1302
8952 120
8953 4241
8953 4434
8953 423
8953 6200
8953 1900
8954 4416
8954 5218
8954 6662
8954 1002
8954 8508
8954 4766
8955 131
8955 5223
8955 4153
8955 6394
8955 8427
8955 8717
8956 4480
8956 3891
8956 4735
8956 5471
8958 6482
8958 7460
8958 4201
8958 4921
8958 4222
8958 5183
8960 5491
8960 4661
8960 5781
8960 7416
8960 1161
8961 6306
8961 1798
8961 7079
8961 6456
8961 5833
8962 7043
8962 6277
8962 4222
8963 6725
8963 4968
8963 623
8964 1026
8964 42
8964 3183
8965 8040
8965 7514
8965 8174
8965 3519
8965 6623
8966 5408
8966 6192
8966 4422
8966 6123
8966 11
8966 541
8967 1875
8967 7483
8967 5405
8967 8142
8967 3471
8967 8127
8968 6400
8968 6405
8969 7091
8969 8084
8969 7304
8970 2549
8970 4110
8971 3378
8971 7970
8971 5924
8971 5173
8971 1405
8973 4450
8973 452
8973 1093
8973 8710
8973 462
8974 1393
8974 401
8974 5443
8974 932
8974 8168
8974 2383
8975 1488
8975 4752
8975 3656
8975 281
8976 131
8976 6020
8976 4122
8977 1648
8977 1041
8979 7105
8979 8290
8979 8787
8979 2663
8979 7385
8980 6673
8980 8613
8981 8144
8981 6073
8981 5257
8981 8525
8981 5678
8981 5998
8983 1490
8983 1786
8983 7855
8984 7378
8984 2531
8984 149
8984 4392
8984 491
8985 4993
8985 389
8985 8214
8985 3882
8985 4286
8986 3062
8986 6519
8986 4702
8988 3409
8988 2100
8988 7865
8988 7466
8988 4507
8990 7376
8990 8370
8990 4745
8990 6394
8990 6463
8991 7841
8991 3186
8991 8131
8991 5898
8991 6493
8991 2575
8992 2195
8992 1851
8993 4019
8993 5496
8993 8156
8994 1763
8994 3495
8994 2039
8995 1653
8995 7814
8995 6251
8995 1163
8995 1838
8996 8144
8996 7232
8996 6466
8996 5090
8996 7799
8996 4463
8997 2802
8997 6984
8998 7858
8998 5546
8998 187
8999 1168
8999 6401
8999 5686
8999 94
9000 7968
9000 2082
9000 2171
9000 3659
9001 2513
9001 8442
9001 3580
9002 7105
9002 1256
9002 313
9002 7739
9002 4108
9003 896
9003 5299
9003 4295
9003 6905
9003 7609
9004 5415
9004 3831
9004 1003
9004 5052
9005 8387
9005 3014
9005 296
9007 8642
9007 2323
9007 4183
9007 7416
9008 6387
9008 3703
9008 1518
9011 8131
9011 5765
9011 7269
9011 2142
9011 7263
9013 2692
9013 1486
9015 293
9015 3062
9015 42
9016 6996
9016 1077
9016 7032
9016 7544
9017 434
9017 3947
9017 1628
9017 4573
9017 6285
9017 1743
9018 2416
9018 7383
9018 7180
9018 462
9019 4785
9019 7252
9019 7160
9020 1481
9020 3117
9021 657
9021 5847
9021 7239
9021 4091
9021 3883
9021 8125
9022 6833
9022 2627
9022 3205
9022 4710
9022 1833
9022 4415
9023 5305
9023 8222
9024 2961
9024 4994
9024 186
9024 7467
9024 5019
9024 8159
9026 306
9026 1718
9026 3341
9027 816
9027 137
9027 7834
9027 4811
9027 7852
9027 94
9028 6326
9028 4839
9028 5976
9029 3329
9029 7053
9031 8624
9031 5055
9032 8309
9032 7558
9033 750
9033 3919
9034 6690
9034 2981
9034 107
9034 5484
9034 5117
9035 8698
9035 4618
9035 5115
9035 6892
9036 7536
9036 8035
9036 6259
9036 1852
9037 8348
9037 415
9038 1909
9038 2075
9038 8365
9039 3346
9039 8021
9039 7559
9039 1244
9039 7933
9039 6893
9040 7441
9040 4610
9040 4293
9040 3541
9040 4909
9041 2019
9041 5978
9041 8125
9041 7934
9041 6271
9042 1667
9042 8106
9042 1791
9043 6480
9043 610
9043 1890
9043 3382
9043 7562
9043 7774
9044 8695
9044 2186
9045 4665
9045 5052
9045 8366
9045 5327
9046 1763
9046 8340
9046 391
9046 5481
9046 2380
9047 279
9047 5687
9047 6393
9047 58
9047 6575
9047 7119
9048 8611
9048 1558
9048 7146
9048 6591
9049 1073
9049 2517
9049 3640
9049 6476
9049 1021
9049 4351
9050 240
9050 2994
9050 7078
9050 5558
9050 1206
9050 2652
9051 4740
9051 8040
9051 3624
9051 5900
9051 8093
9052 6518
9052 3738
9052 986
9052 5581
9052 1182
9053 3056
9053 1761
9053 8034
9053 5786
9053 6618
9053 5019
9054 8087
9054 459
9054 7966
9054 3183
9055 7258
9055 1275
9055 6971
9055 572
9055 1996
9056 2486
9056 2202
9056 2010
9056 3261
9058 6867
9058 655
9059 6737
9059 6899
9059 4105
9059 606
9060 4417
9060 2613
9060 4121
9060 7115
9061 7556
9061 840
9061 7002
9061 8794
9061 8698
9061 1887
9062 2886
9062 7367
9062 7415
9063 2953
9063 5340
9063 1421
9063 6717
9064 6133
9064 7592
9066 566
9066 828
9066 1629
9066 8893
9067 6005
9067 4120
9067 1353
9067 4943
9068 7605
9068 2218
9068 5820
9069 7920
9069 7557
9069 3302
9069 3337
9069 1259
9069 975
9070 5602
9070 3315
9070 7652
9070 717
9070 3358
9071 3184
9071 4081
9071 6205
9071 7421
9071 3710
9072 3299
9072 6292
9072 5833
9072 3916
9075 1130
9075 7979
9075 1871
9076 5927
9076 2647
9077 385
9077 5765
9077 6629
9077 614
9077 4967
9077 5675
9078 8529
9078 317
9079 784
9079 3409
9079 8390
9079 7991
9079 2366
9080 1827
9080 36
9082 7792
9082 2944
9082 4385
9082 6807
9082 7223
9082 7576
9083 8115
9083 7188
9083 8854
9083 8887
9083 4666
9084 1120
9084 6308
9084 395
9084 5053
9084 8701
9087 2272
9087 4212
9087 2006
9087 1036
9088 899
9088 7418
9088 6203
9090 1104
9090 3815
9090 5625
9090 7835
9090 1486
9090 3870
9091 3683
9091 7814
9091 2424
9091 4443
9092 4676
9092 6596
9092 6669
9093 8000
9093 3924
9093 6151
9093 1127
9093 5432
9093 2076
9095 4416
9095 2896
9095 6162
9095 5443
9095 2116
9096 6192
9096 2769
9096 8234
9096 5947
9096 7595
9097 7491
9097 1879
9097 939
9097 556
9097 5743
9098 755
9098 6938
9098 4860
9098 3517
9099 40
9099 7946
9099 2602
9099 5259
9100 6233
9100 3038
9101 6417
9101 2056
9101 4713
9102 6211
9102 8435
9102 970
9104 4278
9104 156
9105 789
9105 8493
9106 883
9106 2381
9107 3472
9107 7944
9108 4504
9108 2927
9109 8209
9109 41
9110 8557
9110 8653
9111 5048
9111 3311
9112 3841
9112 3596
9113 6230
9113 5704
9113 2618
9113 2430
9114 5475
9114 499
9114 6820
9114 4268
9114 140
9115 8512
9115 2023
9115 1739
9115 7919
9116 5713
9116 6450
9116 5289
9116 3340
9117 3555
9117 8775
9117 331
9117 6285
9117 718
9117 271
9118 6258
9118 3716
9118 8501
9119 8353
9119 1618
9119 563
9119 6876
9119 831
9120 4283
9120 6990
9120 3455
9121 7181
9121 3807
9122 6880
9122 1475
9122 3878
9122 1070
9123 5282
9123 1204
9123 3061
9123 2986
9123 6427
9124 3248
9124 8643
9124 822
9124 503
9124 4590
9125 1953
9125 7236
9125 1767
9125 7079
9125 6013
9126 3186
9126 5477
9126 2903
9128 4403
9128 1828
9128 3562
9128 7021
9128 7982
9129 3353
9129 3069
9131 2994
9131 4567
9131 8504
9131 426
9131 5354
9132 6321
9132 6376
9132 4249
9132 6444
9133 1462
9133 3786
9134 6385
9134 4578
9134 5571
9134 3683
9134 485
9134 639
9135 3651
9135 7572
9135 3894
9135 1514
9135 4511
9136 4881
9136 1603
9136 6457
9137 2947
9137 4116
9137 6728
9138 3504
9138 7073
9138 3426
9138 88
9138 2831
9139 8024
9139 3962
9139 5276
9139 4735
9140 6310
9140 6184
9140 3534
9141 3810
9141 803
9141 3496
9142 49
9142 5876
9142 4261
9142 5334
9142 7096
9142 1528
9143 7154
9143 6419
9143 6499
9143 2038
9143 7885
9143 5215
9145 5904
9145 3364
9145 7367
9145 5592
9145 7979
9145 6974
9146 7577
9146 6619
9147 8306
9147 6341
9147 5894
9147 4759
9147 6425
9147 5022
9148 1764
9148 3544
9148 4010
9149 2274
9149 8679
9149 2007
9149 5367
9149 5323
9149 8379
9150 3985
9150 2634
9150 6639
9151 1730
9151 5449
9151 3674
9151 3118
9152 7248
9152 2007
9152 2216
9152 7325
9152 2078
9153 8978
9153 6771
9153 6426
9153 7870
9153 7214
9156 1106
9156 2306
9157 5152
9157 8233
9157 4365
9157 1149
9157 5423
9158 1777
9158 2951
9158 3834
9158 6283
9158 8237
9158 1965
9159 6464
9159 1232
9159 1523
9159 8808
9160 3154
9160 3909
9160 1110
9160 2439
9160 1063
9160 3673
9161 4806
9161 4442
9161 4987
9161 6141
9161 5709
9162 8993
9162 617
9162 6569
9162 4475
9162 4204
9163 6528
9163 6515
9163 2390
9163 5885
9164 1456
9164 2196
9164 5412
9164 953
9164 6682
9164 1691
9165 7939
9165 3078
9165 8778
9165 4383
9166 8049
9166 6051
9166 8186
9166 5341
9166 5358
9167 6675
9167 5107
9167 2940
9167 7100
9168 2275
9168 5189
9168 1214
9169 8293
9169 838
9169 2201
9170 449
9170 4898
9170 7045
9170 7430
9170 8694
9170 3134
9171 5763
9171 1800
9171 939
9172 3882
9172 7951
9173 5976
9173 1835
9174 6112
9174 3409
9174 8550
9174 7003
9174 1677
9175 339
9175 4198
9176 1866
9176 3964
9177 4102
9177 2951
9177 5498
9177 4459
9177 2013
9177 6877
9178 3426
9178 2166
9178 7801
9178 4316
9179 6128
9179 6705
9180 5744
9180 6707
9180 7030
9181 8000
9181 4305
9181 5846
9181 3991
9181 6045
9182 88
9182 7848
9182 7707
9182 3629
9183 5410
9183 8053
9183 1484
9184 8355
9184 2794
9184 5615
9185 8432
9185 4930
9186 6417
9186 4241
9186 1314
9186 7396
9186 1676
9186 6414
9187 2448
9187 2609
9187 8802
9187 1532
9187 2494
9188 2688
9188 4628
9188 4894
9189 1456
9189 4801
9189 3249
9189 4164
9189 3883
9189 5263
9190 2880
9190 4050
9190 6374
9190 7931
9190 3964
9190 6237
9192 4672
9192 7490
9192 2247
9194 2320
9194 6996
9194 8808
9194 3389
9194 6462
9194 7598
9195 7012
9195 3801
9195 3006
9196 5649
9196 673
9196 6515
9196 5459
9196 4568
9196 4105
9197 4531
9197 200
9197 6058
9197 2171
9198 2485
9198 3834
9198 765
9198 7502
9199 656
9199 6352
9200 5160
9200 4490
9200 2506
9200 6171
9200 2974
9200 1103
9201 9120
9201 4016
9201 2438
9202 1811
9202 1388
9203 7320
9203 5261
9204 3265
9204 1426
9204 138
9205 8342
9205 7131
9205 4604
9205 5981
9205 669
9205 3839
9206 7584
9206 6083
9206 4461
9207 1347
9207 4169
9207 7167
9208 885
9208 1509
9209 3746
9209 4131
9209 4841
9211 2680
9211 926
9212 6848
9212 5137
9212 7815
9212 7611
9212 206
9212 5311
9213 240
9213 3826
9213 216
9213 6875
9213 7709
9213 2606
9214 5441
9214 69
9214 7269
9214 2171
9215 6529
9215 7303
9215 5691
9216 7506
9216 1863
9216 7257
9216 2219
9216 7659
9217 4661
9217 1606
9217 455
9217 7932
9217 5598
9218 8008
9218 5482
9218 5487
9218 6175
9219 5768
9219 1482
9220 4438
9220 4520
9220 7816
9220 6894
9221 7152
9221 6166
9221 4358
9221 1147
9222 2899
9222 8788
9222 24
9222 5177
9222 4157
9222 606
9223 3222
9223 3914
9224 4659
9224 1188
9225 4672
9225 6736
9225 5747
9225 372
9225 4036
9225 6598
9226 4849
9226 5972
9226 4100
9226 1598
9227 3287
9227 5485
9228 2400
9228 2642
9228 5845
9228 7832
9229 5410
9229 2676
9229 3381
9229 1515
9229 7307
9229 3886
9231 8983
9231 6347
9232 6611
9232 4163
9232 3716
9232 1833
9232 5706
9232 3051
9233 1123
9233 5493
9233 2136
9233 6776
9233 2650
9233 1037
9234 8132
9234 887
9235 2896
9235 6273
9235 7025
9235 5508
9235 6887
9235 3309
9237 2129
9237 1155
9237 4535
9239 6935
9239 7095
9239 6972
9239 8222
9239 8623
9239 7519
9240 4865
9240 9023
9241 6823
9241 2807
9242 704
9242 6937
9242 6426
9243 5936
9243 3236
9243 4680
9243 1401
9243 7964
9244 1555
9244 7654
9245 7929
9245 79
9246 7507
9246 931
9246 2214
9246 8908
9247 6403
9247 4326
9247 2268
9247 6461
9248 6333
9248 4621
9249 832
9249 8304
9249 6298
9249 8558
9250 4241
9250 83
9250 4042
9253 6789
9253 2119
9253 3720
9253 1896
9253 1677
9253 910
9254 566
9254 8842
9254 8154
9254 125
9255 2770
9255 4282
9255 7418
9255 5851
9255 1342
9255 3438
9256 2193
9256 1814
9256 1161
9256 7034
9256 7612
9257 5842
9257 2342
9257 269
9258 9056
9258 1273
9258 2525
9259 2474
9259 2923
9259 411
9259 4094
9259 8670
9259 7807
9260 1617
9260 8164
9260 6888
9260 8010
9260 7226
9260 7727
9261 5306
9261 4011
9261 4765
9262 4663
9262 8312
9262 6857
9262 8409
9262 7053
9263 3089
9263 5329
9263 3570
9263 5464
9263 7256
9263 5323
9264 6098
9264 774
9264 4616
9264 7785
9264 5135
9265 1656
9265 3258
9267 1266
9267 930
9267 5559
9267 3351
9267 5339
9267 2975
9268 8272
9268 8245
9268 3193
9268 6554
9268 2382
9268 8495
9269 7195
9269 2029
9270 1171
9270 67
9271 8145
9271 715
9271 8477
9271 910
9272 5250
9272 4914
9272 3268
9272 5736
9272 2782
9272 3551
9273 1522
9273 6903
9273 5131
9273 4030
9274 3633
9274 9121
9274 3493
9274 8824
9275 7793
9275 5928
9275 7528
9276 7891
9276 2500
9276 1519
9277 5716
9277 4869
9277 2952
9277 2378
9278 8627
9278 789
9278 4597
9278 6679
9278 985
9278 3065
9279 4149
9279 4119
9279 6046
9280 2163
9280 527
9281 528
9281 6933
9282 2049
9282 4163
9282 7992
9282 8142
9283 3041
9283 3380
9283 2901
9283 6665
9283 2334
9284 65
9284 8799
9285 3105
9285 2690
9285 293
9285 4166
9285 3117
9285 8126
9286 2176
9286 1730
9286 6855
9286 8108
9286 2109
9286 4142
9287 3122
9287 4851
9287 1941
9287 6965
9287 2825
9287 8875
9288 1792
9288 5908
9288 780
9289 2512
9289 4979
9289 3093
9289 1386
9289 8190
9290 7762
9290 3687
9290 424
9290 8059
9290 1165
9290 7165
9292 6160
9292 5905
9292 8770
9292 3260
9293 2608
9293 6758
9293 2634
9294 6033
9294 6901
9294 6679
9294 5209
9294 2123
9294 3247
9295 2049
9295 114
9295 1542
9295 4093
9295 687
9296 2419
9296 1493
9296 6294
9296 966
9296 4859
9297 7061
9297 8309
9297 4085
9297 1847
9297 5354
9297 6923
9298 8964
9298 2132
9298 4165
9299 3234
9299 2439
9299 3309
9299 1407
9300 2176
9300 6325
9300 8535
9300 7431
9300 72
9300 6026
9301 4112
9301 4370
9301 3911
9301 2797
9302 8259
9302 1915
9302 174
9303 6791
9303 4716
9303 5645
9303 9119
9303 5903
9303 4591
9304 5206
9304 1702
9304 8697
9304 6025
9305 4354
9305 8056
9305 1006
9305 942
9305 3294
9306 6817
9306 6389
9306 4297
9306 891
9306 5229
9306 4319
9307 1328
9307 6502
9307 6839
9307 1835
9308 1795
9308 1845
9308 5832
9309 4273
9309 6041
9309 7707
9309 5933
9309 6654
9309 126
9310 701
9310 2574
9310 7071
9310 5967
9311 6100
9311 5989
9311 3014
9311 2075
9312 3636
9312 6999
9313 3523
9313 7865
9313 5897
9313 2395
9314 5729
9314 7460
9314 6597
9314 8489
9315 6865
9315 4995
9315 6885
9315 3240
9315 4139
9315 7804
9316 2832
9316 2835
9316 4712
9316 5101
9316 2733
9316 2973
9317 7856
9317 5345
9317 4899
9317 3607
9317 2920
9317 9131
9318 8449
9318 2532
9318 7934
9319 7907
9319 4484
9319 1302
9319 4824
9319 8954
9319 8571
9321 5942
9321 826
9321 7356
9322 5844
9322 469
9323 1216
9323 1105
9323 3894
9323 8172
9323 7965
9324 8993
9324 868
9324 5496
9324 5884
9324 1646
9324 7535
9326 7792
9326 2913
9326 5848
9326 4185
9328 7190
9328 7544
9330 23
9330 3913
9330 5610
9330 3563
9330 1180
9330 5597
9331 5895
9331 2295
9331 4584
9331 6777
9331 5020
9332 98
9332 8787
9332 9043
9332 9083
9332 219
9332 957
9333 5108
9333 2133
9333 1799
9333 3080
9333 3210
9334 464
9334 7208
9334 8172
9335 2944
9335 7714
9335 452
9336 8005
9336 969
9336 890
9337 8169
9337 6106
9337 9051
9337 5901
9338 1906
9338 548
9338 4839
9338 4664
9338 8236
9338 7293
9339 3857
9339 6450
9339 5242
9340 2385
9340 646
9340 5196
9341 576
9341 8055
9341 7463
9341 5785
9341 1309
9342 8341
9342 1182
9344 7089
9344 4194
9344 4469
9344 8667
9344 8653
9344 3325
9345 7397
9345 2748
9346 0
9346 7733
9346 2919
9346 8840
9346 74
9346 5519
9347 6631
9347 7319
9347 4440
9347 219
9348 9089
9348 9193
9349 3957
9349 1782
9350 1765
9350 7355
9350 8109
9350 4510
9352 6030
9352 8783
9353 1683
9353 4856
9353 7102
9354 1488
9354 1090
9354 20
9354 1335
9354 1401
9354 5709
9356 3984
9356 6179
9356 2456
9357 208
9357 2596
9357 6295
9357 8791
9357 4415
9358 4259
9358 7847
9358 7323
9358 6541
9359 5506
9359 889
9359 794
9359 5306
9359 2254
9359 5087
9360 4547
9360 6984
9361 2434
9361 2456
9361 3291
9361 1084
9361 7532
9362 4928
9362 4499
9362 5563
9362 5662
9363 5524
9363 4984
9363 6346
9364 5953
9364 4345
9364 779
9364 8764
9364 5295
9365 7012
9365 7210
9366 7236
9366 2828
9367 5584
9367 2401
9367 7079
9367 9177
9367 3149
9368 4320
9368 7652
9368 5174
9368 616
9369 1664
9369 645
9369 101
9369 5767
9369 2799
9370 7770
9370 3564
9371 4898
9371 5
9371 182
9371 9134
9371 7727
9372 1314
9372 1225
9372 7019
9372 3083
9372 8251
9372 542
9373 3776
9373 6241
9373 3313
9373 4401
9373 429
9373 5919
9374 2247
9374 2552
9374 8842
9375 6080
9375 7636
9375 3304
9375 1434
9375 5404
9375 7071
9377 920
9377 5438
9377 2703
9377 2095
9378 2432
9378 8146
9378 1235
9378 3111
9378 2575
9379 5795
9379 1204
9379 7575
9379 3354
9379 6107
9379 5215
9380 5458
9380 4306
9380 7607
9380 3337
9380 316
9380 574
9381 2331
9381 3643
9382 9025
9382 1810
9382 4314
9385 5816
9385 8873
9385 2445
9386 2439
9386 7626
9386 1693
9386 6206
9386 7327
9387 3192
9387 7485
9388 1859
9388 2883
9389 3970
9389 3395
9389 8634
9389 7948
9391 4802
9391 1047
9392 177
9392 1281
9392 4058
9392 5933
9394 3942
9394 170
9394 7515
9395 3348
9395 8966
9395 8311
9395 2491
9395 7487
9396 5586
9396 5975
9396 5855
9396 3743
9397 7634
9397 9187
9397 4647
9397 8362
9397 1662
9398 2866
9398 3206
9398 3750
9398 4342
9398 4478
9399 5875
9399 5223
9399 3499
9399 1455
9400 2320
9400 3491
9400 5798
9400 1420
9400 5100
9401 6116
9401 8527
9402 4944
9402 3828
9402 774
9402 9277
9402 8143
9403 2640
9403 1697
9403 4214
9403 4076
9403 1100
9404 4656
9404 7153
9404 9238
9404 6023
9404 6219
9405 2628
9405 1012
9405 7093
9405 6599
9406 5873
9406 8036
9406 5477
9406 4300
9406 2863
9406 831
9407 4497
9407 33
9407 8083
9407 1276
9408 5346
9408 2255
9408 7183
9409 2291
9409 1887
9410 765
9410 1102
9411 4928
9411 7568
9411 5588
9411 1638
9411 463
9412 7990
9412 3514
9412 9101
9413 1282
9413 5474
9413 8102
9413 7098
9413 111
9414 5300
9414 877
9415 51
9415 7032
9415 5243
9416 272
9416 1324
9416 7599
9417 611
9417 3299
9417 1654
9418 9361
9418 182
9419 6914
9419 6265
9419 2333
9419 3389
9419 1102
9419 2639
9420 513
9420 389
9420 3416
9421 5716
9421 711
9421 7161
9422 5268
9422 4907
9423 4624
9423 532
9423 7048
9423 4392
9424 7074
9424 5778
9424 147
9424 3429
9424 9304
9424 1036
9425 8742
9425 8583
9425 4119
9426 9362
9426 2643
9426 6839
9426 8296
9426 8187
9426 6334
9427 8034
9427 9126
9427 4957
9428 6864
9428 1463
9428 6793
9429 6253
9429 9277
9429 7966
9430 625
9430 949
9430 2057
9432 2674
9432 770
9432 8036
9432 7367
9432 7098
9432 5597
9433 5345
9433 3044
9433 8550
9433 7448
9434 1936
9434 7382
9434 3259
9435 135
9435 6856
9435 3678
9436 5955
9436 7556
9436 1364
9436 8200
9436 5743
9437 7446
9437 5944
9437 5724
9437 5357
9437 4510
9437 4335
9438 7256
9438 4313
9438 9066
9438 7996
9439 8817
9439 2723
9439 8932
9439 4375
9439 2314
9439 8780
9441 3442
9441 914
9441 5218
9441 6234
9441 3996
9442 6906
9442 1851
9443 6037
9443 5886
9444 9056
9444 8898
9444 5412
9444 5461
9444 6728
9445 1025
9445 4453
9445 8796
9446 6720
9446 3046
9446 218
9446 3374
9446 8814
9447 1395
9447 5816
9447 8843
9447 1005
9448 3557
9448 4399
9449 7157
9449 6565
9449 6695
9450 3424
9450 210
9450 3204
9451 2194
9451 2585
9451 2415
9452 4704
9452 8148
9452 7333
9452 8335
9453 5532
9453 156
9454 4482
9454 4745
9454 5163
9455 2385
9455 338
9455 9161
9455 3292
9455 3005
9455 1614
9456 4753
9456 6050
9456 1362
9456 519
9456 2971
9456 8205
9457 4033
9457 7077
9457 1336
9457 1435
9457 8748
9457 6157
9458 2224
9458 5521
9458 6018
9458 5926
9458 393
9458 3069
9459 5062
9459 582
9459 4378
9459 8445
9460 5189
9460 2285
9461 1779
9461 2152
9461 8185
9461 3417
9461 6042
9461 1277
9462 4438
9462 3899
9462 7932
9462 4237
9463 2832
9463 6019
9463 2474
9463 5979
9463 3263
9463 4095
9466 2922
9466 6555
9467 4705
9467 897
9467 868
9467 4550
9467 6698
9467 2586
9468 8482
9468 308
9468 1671
9468 167
9468 6940
9468 4894
9469 817
9469 6548
9469 2421
9469 2551
9469 2168
9469 667
9470 2834
9470 1843
9470 5091
9470 3220
9470 1515
9472 4500
9472 188
9473 5298
9473 956
9474 5810
9474 8134
9474 2967
9474 7208
9474 1867
9474 5199
9475 6998
9475 8604
9475 8415
9476 7537
9476 5091
9476 5257
9476 3994
9477 5682
9477 4210
9477 6518
9477 4556
9477 4430
9478 208
9478 3777
9478 9298
9478 722
9478 1892
9478 5215
9479 1299
9479 6902
9479 5304
9479 6381
9479 2719
9480 6741
9480 1145
9481 8819
9481 7221
9481 3222
9481 3196
9481 8908
9481 6831
9482 7744
9482 910
9483 612
9483 559
9484 5351
9484 8727
9484 4638
9485 433
9485 3314
9485 8131
9485 3800
9485 5032
9485 6140
9486 6792
9486 394
9486 7372
9486 8478
9487 7538
9487 5562
9488 2468
9488 1261
9489 4000
9489 4136
9489 2634
9489 8364
9489 7644
9489 5054
9490 1777
9490 6852
9490 390
9492 1989
9492 5850
9493 8645
9493 4197
9493 5014
9493 840
9493 7850
9493 2830
9494 7984
9494 9394
9494 8439
9494 333
9496 1002
9496 3007
9499 4257
9499 3859
9500 2742
9500 6186
9502 4787
9502 4473
9503 4690
9503 6371
9503 2010
9503 4620
9504 8880
9504 4577
9504 6897
9504 6373
9504 1606
9505 9076
9505 6777
9506 1472
9506 5059
9506 1719
9506 5672
9507 816
9507 949
9507 7480
9507 345
9507 5247
9507 5023
9508 4864
9508 5034
9509 6246
9509 1790
9510 1313
9510 9234
9510 4409
9510 5371
9511 3990
9511 3542
9511 4156
9511 8877
9512 611
9512 4970
9513 6432
9513 1814
9514 7458
9514 202
9514 3403
9515 4034
9515 6146
9515 485
9515 4618
9515 2540
9515 2878
9516 9122
9516 659
9516 3540
9517 3042
9517 2379
9518 1906
9518 5354
9519 9185
9519 2007
9519 1977
9519 8985
9521 4546
9521 4371
9521 6506
9521 4303
9522 1573
9522 2293
9522 8455
9522 4728
9523 8323
9523 8599
9523 2618
9523 5055
9524 4419
9524 4342
9524 1479
9525 3450
9525 7435
9525 1375
9527 6227
9527 7688
9527 8920
9527 3258
9527 4575
9528 4647
9528 1207
9528 1547
9528 9020
9528 8383
9529 3536
9529 2936
9529 7945
9529 4955
9529 1214
9530 1634
9530 7834
9530 412
9531 6788
9531 3142
9531 4294
9531 8634
9532 4947
9532 4213
9532 5559
9532 6232
9532 9339
9532 3149
9533 6769
9533 8580
9533 6715
9533 7676
9534 8698
9534 6911
9535 6920
9535 665
9535 9007
9535 927
9536 5697
9536 1623
9536 7615
9536 2159
9537 5986
9537 6004
9537 6457
9537 237
9537 9198
9538 7970
9538 6333
9539 6336
9539 3186
9539 2422
9539 2248
9539 3752
9539 3871
9540 2049
9540 3330
9540 8518
9540 2013
9540 6637
9541 656
9541 1023
9543 8832
9543 2753
9543 6386
9543 6095
9543 8655
9544 8570
9544 2091
9545 9091
9545 7846
9545 4183
9545 9144
9545 5321
9546 2279
9546 8345
9546 3260
9546 4236
9546 6844
9547 9268
9547 1197
9547 4191
9548 3090
9548 1523
9548 8819
9548 2551
9548 2572
9549 2437
9549 1831
9549 4041
9549 921
9549 3182
9550 7041
9550 8386
9550 2053
9551 2520
9551 3049
9552 1185
9552 5378
9552 5027
9552 612
9552 8135
9552 4839
9553 2924
9553 3486
9554 4253
9554 5357
9554 3166
9556 6674
9556 8470
9556 4999
9556 4892
9556 8525
9556 4863
9557 1136
9557 2370
9557 675
9557 8362
9558 8017
9558 8585
9558 7550
9559 4609
9559 5683
9559 3099
9559 4287
9560 1954
9560 5522
9560 5651
9560 2740
9560 7510
9561 2865
9561 884
9561 229
9561 3705
9561 3133
9562 161
9562 6647
9564 8688
9564 4758
9565 8233
9565 1994
9565 4362
9565 1359
9566 8913
9566 2638
9566 1182
9566 4511
9567 6244
9567 447
9568 6202
9568 5130
9569 2248
9569 7035
9569 1340
9569 2429
9569 8926
9569 6271
9570 8758
9570 7067
9572 5075
9572 2717
9572 4110
9573 9171
9573 2137
9573 7855
9574 5914
9574 7611
9575 9122
9575 771
9575 585
9575 7791
9576 7588
9576 4037
9576 1018
9578 1396
9578 2603
9579 6820
9579 1748
9579 7126
9579 4838
9579 346
9579 5951
9580 8768
9580 7545
9580 5711
9581 5036
9581 4909
9582 405
9582 7016
9582 5224
9582 5962
9582 3388
9582 4142
9583 6197
9583 3719
9583 7915
9583 2300
9583 5246
9583 9311
9584 994
9584 6789
9584 9078
9584 7926
9584 3740
9586 3827
9586 3973
9586 8390
9586 6233
9586 765
9587 4962
9587 8230
9587 6089
9587 6047
9588 3536
9588 6976
9588 3337
9588 188
9588 4700
9588 8719
9589 3696
9589 8613
9589 8310
9590 3827
9590 1703
9590 2232
9590 6281
9590 4910
9591 1154
9591 6773
9591 8774
9591 8358
9592 1111
9592 5432
9592 6191
9593 2963
9593 467
9593 6405
9594 6514
9594 7815
9594 4344
9594 732
9595 7593
9595 5247
9596 135
9596 2712
9596 5597
9597 2089
9597 3005
9598 4945
9598 7940
9599 450
9599 6250
9599 730
9599 5789
9600 8032
9600 7314
9600 8083
9600 1851
9600 6860
9600 1805
9601 3795
9601 634
9601 1966
9602 8258
9602 328
9602 922
9602 6299
9602 4557
9602 5327
9603 2993
9603 6065
9603 808
9603 6651
9603 2028
9603 4063
9604 3699
9604 9573
9604 5128
9604 1098
9604 5997
9604 223
9606 7780
9606 52
9606 5254
9607 4528
9607 6778
9607 7983
9608 4112
9608 6114
9608 2136
9608 8570
9608 5867
9608 1099
9609 6848
9609 993
9609 1271
9609 4711
9610 1665
9610 7892
9610 3799
9610 6808
9610 3006
9611 6514
9611 9542
9611 3880
9611 2427
9611 8973
9612 496
9612 5861
9612 4364
9613 8261
9613 3468
9614 8086
9614 3663
9615 6913
9615 5267
9615 7677
9616 8545
9616 981
9616 3335
9617 6529
9617 4388
9617 3668
9617 7
9617 7578
9618 3585
9618 1218
9618 375
9619 193
9619 2674
9619 2804
9619 3894
9619 8214
9620 3698
9620 4604
9621 769
9621 2609
9621 9576
9621 6073
9621 9486
9622 6491
9622 1163
9623 3808
9623 1460
9623 4853
9623 3975
9623 9386
9624 4918
9624 6443
9625 6178
9625 4411
9625 5454
9625 7231
9625 5151
9626 8116
9626 4901
9626 7751
9628 6318
9628 3598
9629 1604
9629 3796
9629 5380
9629 5848
9629 970
9629 1870
9630 7426
9630 7077
9630 6779
9630 957
9630 7437
9630 8623
9631 9457
9631 6386
9631 9528
9631 6697
9631 6717
9632 6624
9632 5169
9632 1274
9633 4993
9633 4642
9633 4660
9633 9414
9633 9095
9634 5201
9634 499
9634 7832
9634 9464
9634 6587
9635 6192
9635 1798
9635 2346
9635 1230
9635 5935
9636 3714
9636 5799
9636 8986
9636 4285
9636 3262
9637 5091
9637 3342
9638 8497
9638 8422
9638 4998
9638 4440
9638 9583
9640 4661
9640 3178
9640 7339
9640 9388
9640 9484
9640 14
9641 3568
9641 17
9641 871
9641 6814
9641 9583
9642 5989
9642 6267
9642 8638
9643 5203
9643 5131
9643 9133
9643 2766
9644 5752
9644 1226
9644 5900
9645 8101
9645 8365
9646 3009
9646 218
9646 2125
9646 1837
9646 1070
9647 7939
9647 6359
9647 1655
9648 8708
9648 1093
9648 8597
9648 6038
9649 5319
9649 6713
9649 875
9650 1037
9650 2063
9651 5682
9651 6531
9651 1430
9651 6524
9651 6125
9651 2367
9652 4744
9652 4941
9653 6353
9653 7769
9653 1434
9653 1742
9654 4641
9654 4290
9654 2868
9654 167
9655 9172
9655 392
9655 8841
9657 7796
9657 8553
9657 3306
9659 3362
9659 7973
9659 2693
9659 1877
9659 7502
9662 593
9662 2564
9662 2196
9662 9592
9662 1771
9663 1219
9663 6663
9664 9313
9664 5367
9664 8030
9664 1983
9665 3314
9665 5748
9666 3600
9666 1584
9666 8262
9666 860
9667 8720
9667 9045
9668 1524
9668 3879
9668 4199
9668 2922
9668 3086
9668 2910
9669 8596
9669 7366
9669 3258
9670 8179
9670 1464
9670 2587
9672 6642
9672 7924
9672 7163
9672 1774
9673 8933
9673 6087
9673 1687
9673 4361
9673 2364
9675 551
9675 5513
9676 5876
9676 2597
9676 5717
9676 9240
9676 4408
9677 3456
9677 3157
9678 6211
9678 968
9678 7322
9680 9303
9680 937
9680 1818
9681 1008
9681 3346
9681 3654
9681 9180
9681 6476
9681 3022
9682 6680
9682 9352
9682 5707
9682 8591
9684 737
9684 5142
9684 8198
9684 9531
9685 5957
9685 5274
9685 3243
9686 5315
9686 4090
9686 5245
9687 5072
9687 1232
9687 9077
9687 1788
9687 574
9687 927
9688 5155
9688 5797
9688 3270
9688 2971
9689 9585
9689 7675
9690 3433
9690 7646
9691 5672
9691 2121
9691 7322
9692 7697
9692 8817
9692 6229
9693 1346
9693 8888
9693 4843
9694 4499
9694 4984
9694 1498
9695 993
9695 6851
9695 8313
9696 5424
9696 7685
9696 3528
9696 6426
9696 4062
9698 7536
9698 5192
9699 8660
9699 6748
9700 4872
9700 4297
9701 6002
9701 7045
9701 3909
9701 5735
9701 5960
9701 2879
9702 2576
9702 3297
9702 5209
9702 2777
9702 1628
9703 4082
9703 4164
9703 8825
9703 3614
9704 610
9704 3179
9704 3003
9704 3773
9705 8292
9705 5653
9705 213
9705 2376
9705 1529
9705 1097
9707 5360
9707 5520
9707 6840
9707 5947
9708 593
9708 3938
9708 42
9708 4139
9708 7021
9708 2927
9709 4128
9709 1056
9709 2386
9709 1924
9709 6796
9709 812
9710 3415
9710 1546
9711 5072
9711 3394
9711 8953
9711 6362
9711 8635
9711 8749
9712 3122
9712 2371
9712 4793
9712 5566
9713 9346
9713 2466
9713 3398
9713 6023
9713 6074
9713 9374
9714 6211
9714 7689
9715 7905
9715 2515
9715 1955
9715 6038
9716 2673
9716 259
9716 9194
9716 7787
9716 444
9717 930
9717 8709
9717 9399
9717 1530
9717 2702
9718 423
9718 8700
9718 6622
9719 8241
9719 3495
9719 3883
9720 6257
9720 7779
9720 5032
9720 3720
9720 937
9720 1212
9721 8736
9721 2627
9721 8052
9721 4697
9721 267
9721 3437
9722 3168
9722 1622
9722 7975
9722 392
9722 2041
9724 7768
9724 4123
9724 5292
9725 7299
9725 2195
9725 4793
9725 5625
9726 2898
9726 9176
9727 1478
9727 8973
9727 6462
9727 494
9727 8478
9728 5200
9728 4261
9728 6087
9728 5336
9728 1146
9728 3055
9729 2337
9729 5418
9729 4282
9729 1434
9729 2958
9730 9508
9730 2087
9730 8380
9730 4399
9731 9346
9731 3117
9732 9360
9732 5557
9733 9137
9733 1333
9733 5933
9733 2174
9735 5862
9735 767
9736 9157
9736 287
9737 3985
9737 5345
9737 3891
9737 501
9737 7710
9737 335
9738 8512
9738 6226
9738 121
9738 4766
9740 3042
9740 3174
9740 969
9740 59
9740 5518
9741 9443
9741 3940
9741 7206
9741 1978
9741 3359
9742 1504
9742 4170
9742 2844
9744 7522
9744 6261
9744 9399
9744 9353
9744 554
9744 8556
9745 1363
9745 7622
9745 170
9745 7709
9746 6352
9746 1802
9747 2368
9747 3394
9747 8362
9747 7595
9748 2896
9748 5725
9749 5504
9749 2695
9749 217
9749 555
9749 5867
9749 4863
9750 3331
9750 3604
9750 2437
9750 2026
9751 4576
9751 2630
9752 5362
9752 1682
9752 5762
9753 470
9753 6285
9753 7854
9753 4462
9754 6496
9754 327
9754 2280
9755 8217
9755 2637
9756 6964
9756 6343
9756 5033
9756 2474
9757 1686
9757 1881
9757 2493
9757 8254
9758 6177
9758 7771
9758 3903
9759 6083
9759 3948
9761 3206
9761 6183
9761 5596
9761 2382
9762 7089
9762 9555
9762 7525
9762 7149
9763 3424
9763 5649
9763 691
9763 676
9763 4586
9763 3260
9764 7072
9764 6294
9764 2536
9764 3116
9765 2369
9765 4993
9765 8034
9765 2442
9765 4490
9765 8843
9767 929
9767 642
9767 2457
9767 2601
9767 8795
9767 9564
9768 1635
9768 4585
9769 8896
9769 5281
9769 5778
9770 7469
9770 7646
9770 3199
9771 1666
9771 5766
9772 5667
9772 6292
9772 3956
9772 9497
9773 4982
9773 5530
9773 2811
9773 1471
9774 2968
9774 377
9774 363
9774 2556
9775 3160
9775 3850
9775 6043
9776 9569
9776 2276
9776 1621
9776 5287
9777 8961
9777 8548
9777 7372
9778 7881
9778 8874
9778 7951
9779 4241
9779 6452
9779 3464
9779 7881
9779 7307
9779 2427
9780 7992
9780 8265
9780 7530
9781 7200
9781 3026
9781 3381
9781 1535
9782 6378
9782 4938
9782 539
9783 2470
9783 7703
9783 3144
9783 6970
9783 7804
9784 642
9784 8549
9784 1482
9785 3362
9785 4102
9785 6375
9785 6807
9787 5588
9787 2366
9787 3567
9788 5136
9788 5232
9788 8081
9788 8817
9788 1846
9788 2350
9789 7617
9789 7912
9789 8029
9789 2110
9791 8609
9791 4788
9791 6148
9791 1035
9791 1071
9792 276
9792 1127
9792 3947
9793 3074
9793 4119
9795 8914
9795 1860
9797 8532
9797 454
9798 2377
9798 8910
9799 6292
9799 1847
9799 3098
9799 1834
9799 8893
9801 6960
9801 8756
9803 2130
9803 6390
9803 7497
9803 3274
9803 7323
9803 6270
9804 7472
9804 2976
9804 2436
9804 6267
9804 7982
9804 7039
9805 8338
9805 6575
9806 776
9806 4106
9806 2587
9807 485
9807 2873
9808 2213
9808 7865
9808 8092
9809 3621
9809 9014
9809 9564
9810 6608
9810 9049
9810 7263
9812 8497
9812 7014
9812 95
9813 9696
9813 1042
9813 2935
9813 8410
9813 4365
9813 8415
9814 628
9814 1334
9814 3084
9814 1695
9815 3697
9815 7155
9816 1698
9816 1732
9816 3644
9817 1826
9817 7735
9817 5244
9817 2348
9817 158
9818 1712
9818 6466
9818 2531
9818 2260
9818 9208
9818 9115
9819 6214
9819 7182
9819 4782
9819 4463
9820 1954
9820 646
9820 3401
9820 1467
9820 7887
9821 4741
9821 8470
9822 8928
9822 7605
9822 5999
9823 7193
9823 5886
9823 6383
9824 6017
9824 1732
9825 5777
9825 6999
9825 5353
9825 8298
9825 28
9825 254
9826 3649
9826 5825
9826 4514
9826 4035
9826 6476
9826 2942
9827 2689
9827 4517
9827 998
9829 1074
9829 3460
9829 8759
9829 5673
9829 6010
9829 9578
9830 1456
9830 9184
9830 9572
9830 186
9830 6718
9831 6034
9831 8231
9831 9449
9831 2492
9831 2572
9833 9650
9833 6802
9833 518
9833 7932
9834 4982
9834 9014
9834 1292
9835 1617
9835 8099
9835 1428
9836 3376
9836 6193
9836 9681
9836 3096
9836 8029
9837 6512
9837 8323
9837 2485
9837 5782
9837 3038
9838 9477
9838 6310
9838 7799
9838 2217
9838 1497
9838 457
9839 8019
9839 474
9839 6987
9839 7915
9839 380
9840 4214
9840 5369
9841 3635
9841 2343
9841 1673
9841 6076
9842 9661
9842 1565
9843 2632
9843 5692
9843 7004
9843 1356
9846 6674
9846 7939
9846 3802
9847 7474
9847 4514
9847 5780
9847 1254
9848 9536
9848 7642
9849 2608
9849 9165
9850 706
9850 8308
9850 9738
9850 7101
9851 6867
9851 8789
9851 278
9851 6217
9851 779
9851 2747
9852 131
9852 2106
9852 106
9852 8269
9853 2944
9853 2513
9853 7569
9853 8195
9853 9015
9853 5947
9854 8969
9854 5386
9855 3565
9855 3710
9855 5246
9857 9313
9857 7458
9858 1153
9858 9697
9858 472
9859 5859
9859 2101
9859 7717
9859 8332
9859 9468
9859 8911
9861 1953
9861 4053
9862 5684
9862 3604
9862 9796
9862 5479
9862 1449
9863 4370
9863 4280
9863 7384
9865 6390
9865 5053
9866 8368
9866 4754
9867 6632
9867 1082
9868 9601
9868 7503
9869 3955
9869 9493
9869 8101
9869 1095
9869 7100
9871 9655
9871 3690
9871 299
9871 6412
9871 8540
9871 9454
9872 766
9872 9790
9873 2609
9873 8596
9873 3208
9873 905
9873 5977
9873 8266
9874 774
9874 8314
9875 6624
9875 4770
9875 7479
9875 702
9876 7968
9876 3761
9876 4498
9876 7066
9876 3436
9877 144
9877 9174
9877 7183
9878 2068
9878 5849
9878 5561
9879 8681
9879 6703
9880 6324
9880 7883
9881 9056
9881 9568
9881 2625
9881 1048
9881 571
9881 7998
9883 6053
9883 4661
9883 183
9883 8649
9883 5387
9883 4044
9884 1616
9884 471
9884 8731
9884 8783
9885 2626
9885 3798
9885 4590
9885 6431
9886 2858
9886 1645
9886 7181
9886 5999
9887 1299
9887 9033
9887 5419
9888 7843
9888 7475
9888 6442
9888 5050
9889 5683
9889 9270
9889 3886
9889 2558
9890 704
9890 8704
9890 2288
9890 8675
9890 3973
9890 2857
9891 4799
9891 8031
9892 5953
9892 7009
9892 2787
9892 1781
9892 8380
9892 9407
9893 1201
9893 260
9893 3774
9894 1971
9894 7628
9895 2434
9895 1027
9895 9036
9896 4514
9896 8051
9896 681
9896 6750
9896 4095
9897 6128
9897 8384
9897 7441
9897 658
9897 9397
9898 9606
9898 1294
9898 6223
9899 7325
9899 5247
9900 1449
9900 3661
9901 448
9901 193
9901 8808
9901 4366
9902 6128
9902 4358
9902 5801
9902 4029
9903 4954
9903 6762
9904 5712
9904 2531
9904 805
9904 9421
9904 2047
9905 3041
9905 1234
9905 2404
9905 1686
9905 1528
9905 8381
9907 4101
9907 2775
9907 9642
9907 1804
9908 1792
9908 9737
9908 8747
9908 3886
9908 1326
9909 5105
9909 5139
9909 4053
9909 2182
9909 6188
9909 7886
9910 1795
9910 8197
9910 3480
9910 9471
9912 5072
9912 1489
9912 295
9912 1561
9913 4727
9913 8456
9913 4794
9914 6052
9914 4077
9915 9077
9915 8038
9915 8506
9915 1180
9915 574
9916 545
9916 4291
9916 874
9916 9581
9918 8512
9918 5556
9918 341
9918 8366
9918 9391
9919 9111
9919 206
9920 8724
9920 1892
9920 8692
9920 4085
9920 9626
9921 4896
9921 3169
9921 6713
9923 6948
9923 8876
9924 1506
9924 4004
9924 4309
9924 2379
9925 2339
9925 1461
9925 4599
9925 2888
9925 2665
9926 9649
9926 2529
9926 9093
9926 4840
9926 4091
9927 6049
9927 834
9927 7478
9927 4694
9928 7335
9928 1116
9928 7277
9928 8974
9929 2006
9929 6105
9929 7068
9929 8813
9929 2511
9930 2962
9930 4823
9930 8056
9930 2968
9930 8395
9930 1052
9931 8485
9931 3030
9931 1162
9931 3387
9932 3555
9932 7478
9932 2038
9932 5051
9932 6492
9932 3677
9933 2037
9933 7735
9933 9736
9933 5772
9934 9651
9934 4036
9934 1512
9935 1169
9935 3781
9936 3670
9936 6968
9936 4296
9936 3643
9936 5739
9937 9027
9937 6102
9937 3339
9938 3347
9938 8760
9938 9595
9939 1815
9939 7146
9939 828
9939 2253
9939 2445
9939 3661
9940 9760
9940 144
9940 424
9940 4169
9940 5629
9940 8878
9942 6336
9942 35
9942 8692
9942 2136
9942 5436
9942 4142
9943 4464
9943 5636
9943 1525
9943 5032
9943 8233
9944 3235
9944 4699
9944 7547
9944 9646
9945 2353
9945 5473
9945 4914
9945 151
9945 2268
9945 5132
9946 514
9946 1190
9946 1723
9948 3554
9948 1555
9948 7381
9948 6732
9949 5542
9949 5564
9950 3874
9950 8296
9950 2830
9952 1714
9952 8296
9952 2073
9952 5164
9952 6893
9952 1215
9953 2131
9953 3366
9953 5737
9954 3521
9954 610
9954 2355
9954 6164
9954 5691
9955 770
9955 3667
9955 2743
9955 4648
9955 1067
9955 2971
9957 5281
9957 3859
9957 7964
9958 3680
9958 7354
9959 2577
9959 522
9959 7564
9959 5215
9960 6292
9960 9742
9960 7679
9961 2900
9961 8010
9961 812
9961 1679
9962 2545
9962 8118
9962 2759
9962 6636
9962 3550
9963 631
9963 4857
9965 8212
9965 1390
9966 178
9966 659
9966 5619
9966 9205
9966 2277
9966 767
9968 2848
9968 9477
9968 8662
9968 1229
9968 4509
9969 9233
9969 9394
9969 6483
9969 7268
9969 3207
9969 398
9970 6231
9970 6584
9971 9170
9971 6932
9971 5941
9971 8615
9971 5193
9971 302
9974 5328
9974 7138
9974 2598
9974 8350
9974 4959
9975 2714
9975 9500
9975 7903
9975 927
9976 5760
9976 8328
9978 1481
9978 2889
9978 3289
9978 4843
9979 6944
9979 9655
9979 682
9979 3100
9979 8383
9979 8159
9980 7880
9980 1224
9980 1674
9980 123
9980 1804
9981 6513
9981 4919
9981 1192
9981 5917
9981 6141
9982 289
9982 3923
9982 5319
9982 3769
9982 3964
9983 7394
9983 439
9983 8616
9983 190
9983 1023
9984 5490
9984 5331
9984 8280
9984 987
9985 9426
9985 984
9985 729
9985 4540
9985 9375
9986 9778
9986 9367
9986 1919
9987 2192
9987 4738
9987 6596
9987 4314
9987 9355
9988 9681
9988 4314
9988 5099
9988 6765
9988 7645
9989 8698
9989 1085
9989 7855
9989 1951
9990 771
9990 6739
9990 1972
9990 71
9990 5849
9991 5169
9991 1741
9991 4541
9991 7437
9992 6491
9992 4379
9992 3805
9992 3695
9993 6595
9993 1310
9993 2158
9994 6611
9994 6867
9994 646
9994 1065
9994 286
9995 1734
9995 1583
9996 8739
9996 4979
9996 9716
9996 7307
9996 5759
9997 5509
9997 9381
9997 8773
9997 326
9997 4427
9997 654
9998 3504
9998 6601
9999 5568
9999 523
9999 1580
